<?xml version="1.0"?>
<features:sdk_features xmlns:features="http://swtools.freescale.net/XSD/features/1.0" xmlns:xsi="http://www.w3.org/2001/XMLSchema-instance" xsi:schemaLocation="http://swtools.freescale.net/XSD/features/1.0 http://swtools.freescale.net/XSD/features/1.0/features.xsd" prefix="FSL_FEATURE_">
  <soc_specific id="SOC">
    <feature name="SOC_ADC_COUNT" value="2" description="ADC availability on the SoC."/>
    <feature name="SOC_AIPSTZ_COUNT" value="4" description="AIPSTZ availability on the SoC."/>
    <feature name="SOC_AOI_COUNT" value="1" description="AOI availability on the SoC."/>
    <feature name="SOC_CCM_COUNT" value="1" description="CCM availability on the SoC."/>
    <feature name="SOC_CCM_ANALOG_COUNT" value="1" description="CCM_ANALOG availability on the SoC."/>
    <feature name="SOC_CMP_COUNT" value="4" description="CMP availability on the SoC."/>
    <feature name="SOC_DCDC_COUNT" value="1" description="DCDC availability on the SoC."/>
    <feature name="SOC_DCP_COUNT" value="1" description="DCP availability on the SoC."/>
    <feature name="SOC_DMAMUX_COUNT" value="1" description="DMAMUX availability on the SoC."/>
    <feature name="SOC_EDMA_COUNT" value="1" description="EDMA availability on the SoC."/>
    <feature name="SOC_ENC_COUNT" value="2" description="ENC availability on the SoC."/>
    <feature name="SOC_ENET_COUNT" value="1" description="ENET availability on the SoC."/>
    <feature name="SOC_EWM_COUNT" value="1" description="EWM availability on the SoC."/>
    <feature name="SOC_FLEXCAN_COUNT" value="2" description="FLEXCAN availability on the SoC."/>
    <feature name="SOC_FLEXIO_COUNT" value="1" description="FLEXIO availability on the SoC."/>
    <feature name="SOC_FLEXRAM_COUNT" value="1" description="FLEXRAM availability on the SoC."/>
    <feature name="SOC_FLEXSPI_COUNT" value="1" description="FLEXSPI availability on the SoC."/>
    <feature name="SOC_GPC_COUNT" value="1" description="GPC availability on the SoC."/>
    <feature name="SOC_GPT_COUNT" value="2" description="GPT availability on the SoC."/>
    <feature name="SOC_I2S_COUNT" value="3" description="I2S availability on the SoC."/>
    <feature name="SOC_IGPIO_COUNT" value="4" description="IGPIO availability on the SoC."/>
    <feature name="SOC_IOMUXC_COUNT" value="1" description="IOMUXC availability on the SoC."/>
    <feature name="SOC_IOMUXC_GPR_COUNT" value="1" description="IOMUXC_GPR availability on the SoC."/>
    <feature name="SOC_IOMUXC_SNVS_COUNT" value="1" description="IOMUXC_SNVS availability on the SoC."/>
    <feature name="SOC_KPP_COUNT" value="1" description="KPP availability on the SoC."/>
    <feature name="SOC_LPI2C_COUNT" value="4" description="LPI2C availability on the SoC."/>
    <feature name="SOC_LPSPI_COUNT" value="4" description="LPSPI availability on the SoC."/>
    <feature name="SOC_LPUART_COUNT" value="8" description="LPUART availability on the SoC."/>
    <feature name="SOC_OCOTP_COUNT" value="1" description="OCOTP availability on the SoC."/>
    <feature name="SOC_PIT_COUNT" value="1" description="PIT availability on the SoC."/>
    <feature name="SOC_PMU_COUNT" value="1" description="PMU availability on the SoC."/>
    <feature name="SOC_PWM_COUNT" value="2" description="PWM availability on the SoC."/>
    <feature name="SOC_SEMC_COUNT" value="1" description="SEMC availability on the SoC."/>
    <feature name="SOC_SNVS_COUNT" value="1" description="SNVS availability on the SoC."/>
    <feature name="SOC_SPDIF_COUNT" value="1" description="SPDIF availability on the SoC."/>
    <feature name="SOC_SRC_COUNT" value="1" description="SRC availability on the SoC."/>
    <feature name="SOC_TEMPMON_COUNT" value="1" description="TEMPMON availability on the SoC."/>
    <feature name="SOC_TMR_COUNT" value="2" description="TMR availability on the SoC."/>
    <feature name="SOC_TRNG_COUNT" value="1" description="TRNG availability on the SoC."/>
    <feature name="SOC_USBHS_COUNT" value="1" description="USBHS availability on the SoC."/>
    <feature name="SOC_USBNC_COUNT" value="1" description="USBNC availability on the SoC."/>
    <feature name="SOC_USBPHY_COUNT" value="1" description="USBPHY availability on the SoC."/>
    <feature name="SOC_USB_ANALOG_COUNT" value="1" description="USB_ANALOG availability on the SoC."/>
    <feature name="SOC_USDHC_COUNT" value="2" description="USDHC availability on the SoC."/>
    <feature name="SOC_WDOG_COUNT" value="2" description="WDOG availability on the SoC."/>
    <feature name="SOC_XBARA_COUNT" value="1" description="XBARA availability on the SoC."/>
    <feature name="SOC_XBARB_COUNT" value="1" description="XBARB availability on the SoC."/>
    <feature name="SOC_XTALOSC24M_COUNT" value="1" description="XTALOSC24M availability on the SoC."/>
    <feature name="BOOT_ROM_HAS_ROMAPI" value="1" description="ROM API Availability"/>
  </soc_specific>
  <module_specific id="ADC">
    <feature name="ADC_SUPPORT_HARDWARE_TRIGGER_REMOVE" value="0" description="Remove Hardware Trigger feature."/>
    <feature name="ADC_SUPPORT_ALTCLK_REMOVE" value="1" description="Remove ALT Clock selection feature."/>
    <feature name="ADC_CONVERSION_CONTROL_COUNT" value="8" description="Conversion control count (related to number of registers HCn and Rn)."/>
  </module_specific>
  <module_specific id="ADC_ETC">
    <feature name="ADC_ETC_HAS_CTRL_DMA_MODE_SEL" value="1" description="Has DMA model control(bit field CTRL[DMA_MODE_SEL])."/>
    <feature name="ADC_ETC_HAS_TRIGm_CHAIN_a_b_IEn_EN" value="0" description="Has TRIGm_CHAIN_a_b IEn_EN."/>
    <feature name="ADC_ETC_HAS_NO_TSC0_TRIG" value="0" description="Has no TSC0 trigger related bitfields (bit field CTRL[EXT0_TRIG_ENABLE], CTRL[EXT0_TRIG_PRIORITY])."/>
    <feature name="ADC_ETC_HAS_NO_TSC1_TRIG" value="0" description="Has no TSC1 trigger related bitfields (bit field CTRL[EXT1_TRIG_ENABLE], CTRL[EXT1_TRIG_PRIORITY])."/>
  </module_specific>
  <module_specific id="AOI">
    <feature name="AOI_MODULE_INPUTS" value="4" description="Maximum value of input mux."/>
    <feature name="AOI_EVENT_COUNT" value="4" description="Number of events related to number of registers AOIx_BFCRT01n/AOIx_BFCRT23n."/>
  </module_specific>
  <module_specific id="FLEXCAN">
    <feature name="FLEXCAN_HAS_MESSAGE_BUFFER_MAX_NUMBER" value="64" description="Message buffer size"/>
    <feature name="FLEXCAN_HAS_DOZE_MODE_SUPPORT" value="0" description="Has doze mode support (register bit field MCR[DOZE])."/>
    <feature name="FLEXCAN_INSTANCE_HAS_DOZE_MODE_SUPPORT" value="0" description="Insatnce has doze mode support (register bit field MCR[DOZE])."/>
    <feature name="FLEXCAN_HAS_GLITCH_FILTER" value="1" description="Has a glitch filter on the receive pin (register bit field MCR[WAKSRC])."/>
    <feature name="FLEXCAN_HAS_EXTENDED_FLAG_REGISTER" value="1" description="Has extended interrupt mask and flag register (register IMASK2, IFLAG2)."/>
    <feature name="FLEXCAN_INSTANCE_HAS_EXTENDED_TIMING_REGISTER" value="0" description="Instance has extended bit timing register (register CBT)."/>
    <feature name="FLEXCAN_HAS_RX_FIFO_DMA" value="0" description="Has a receive FIFO DMA feature (register bit field MCR[DMA])."/>
    <feature name="FLEXCAN_INSTANCE_HAS_RX_FIFO_DMA" value="0" description="Instance has a receive FIFO DMA feature (register bit field MCR[DMA])."/>
    <feature name="FLEXCAN_SUPPORT_ENGINE_CLK_SEL_REMOVE" value="1" description="Remove CAN Engine Clock Source Selection from unsupported part."/>
    <feature name="FLEXCAN_INSTANCE_SUPPORT_ENGINE_CLK_SEL_REMOVE" value="1" description="Instance remove CAN Engine Clock Source Selection from unsupported part."/>
    <feature name="FLEXCAN_HAS_ERRATA_5641" value="0" description="Is affected by errata with ID 5641 (Module does not transmit a message that is enabled to be transmitted at a specific moment during the arbitration process)."/>
    <feature name="FLEXCAN_HAS_ERRATA_5829" value="1" description="Is affected by errata with ID 5829 (FlexCAN: FlexCAN does not transmit a message that is enabled to be transmitted in a specific moment during the arbitration process)."/>
    <feature name="FLEXCAN_HAS_ERRATA_6032" value="1" description="Is affected by errata with ID 6032 (FlexCAN: A frame with wrong ID or payload is transmitted into the CAN bus when the Message Buffer under transmission is either aborted or deactivated while the CAN bus is in the Bus Idle state)."/>
    <feature name="FLEXCAN_HAS_ERRATA_9595" value="1" description="Is affected by errata with ID 9595 (FlexCAN: Corrupt frame possible if the Freeze Mode or the Low-Power Mode are entered during a Bus-Off state)."/>
    <feature name="FLEXCAN_HAS_FLEXIBLE_DATA_RATE" value="0" description="Has CAN with Flexible Data rate (CAN FD) protocol."/>
    <feature name="FLEXCAN_INSTANCE_HAS_FLEXIBLE_DATA_RATE" value="0" description="CAN instance support Flexible Data rate (CAN FD) protocol."/>
    <feature name="FLEXCAN_HAS_EXTRA_MB_INT" value="1" description="Has extra MB interrupt or common one."/>
    <feature name="FLEXCAN_HAS_MEMORY_ERROR_CONTROL" value="0" description="Has memory error control (register MECR)."/>
  </module_specific>
  <module_specific id="CCM">
    <feature name="CCM_HAS_ERRATA_50235" value="1" description="Is affected by errata with ID 50235 (Incorrect clock setting for CAN affects by LPUART clock gate)."/>
  </module_specific>
  <module_specific id="CMP">
    <feature name="CMP_HAS_TRIGGER_MODE" value="0" description="Has Trigger mode in CMP (register bit field CR1[TRIGM])."/>
    <feature name="CMP_HAS_WINDOW_MODE" value="1" description="Has Window mode in CMP (register bit field CR1[WE])."/>
    <feature name="CMP_HAS_EXTERNAL_SAMPLE_SUPPORT" value="1" description="Has External sample supported in CMP (register bit field CR1[SE])."/>
    <feature name="CMP_HAS_DMA" value="1" description="Has DMA support in CMP (register bit field SCR[DMAEN])."/>
    <feature name="CMP_HAS_PASS_THROUGH_MODE" value="0" description="Has Pass Through mode in CMP (register bit field MUXCR[PSTM])."/>
    <feature name="CMP_HAS_DAC_TEST" value="0" description="Has DAC Test function in CMP (register DACTEST)."/>
    <feature name="CMP_HAS_COWZ_BIT_FIELD" value="0" description="Has COUTA out of window is zero enable."/>
    <feature name="CMP_USE_16BIT_REG" value="0" description="Use 16 bit registers."/>
  </module_specific>
  <module_specific id="DCDC">
    <feature name="DCDC_HAS_CTRL_REG" value="0" description="Has CTRL register (register CTRL0/1)."/>
    <feature name="DCDC_VDD_OUTPUT_COUNT" value="1" description="DCDC VDD output count."/>
    <feature name="DCDC_HAS_NO_CURRENT_ALERT_FUNC" value="0" description="Has no current alert function (register bit field REG0[CURRENT_ALERT_RESET])."/>
    <feature name="DCDC_HAS_SWITCHING_CONVERTER_DIFFERENTIAL_MODE" value="0" description="Has switching converter differential mode (register bit field REG1[LOOPCTRL_EN_DF_HYST])."/>
    <feature name="DCDC_HAS_REG0_DCDC_IN_DET" value="0" description="Has register bit field REG0[REG_DCDC_IN_DET]."/>
    <feature name="DCDC_HAS_NO_REG0_EN_LP_OVERLOAD_SNS" value="0" description="Has no register bit field REG0[EN_LP_OVERLOAD_SNS]."/>
    <feature name="DCDC_HAS_REG3_FBK_SEL" value="0" description="Has register bit field REG3[REG_FBK_SEL])."/>
  </module_specific>
  <module_specific id="EDMA">
    <feature name="EDMA_MODULE_CHANNEL" value="32" description="Number of DMA channels (related to number of registers TCD, DCHPRI, bit fields ERQ[ERQn], EEI[EEIn], INT[INTn], ERR[ERRn], HRS[HRSn] and bit field widths ES[ERRCHN], CEEI[CEEI], SEEI[SEEI], CERQ[CERQ], SERQ[SERQ], CDNE[CDNE], SSRT[SSRT], CERR[CERR], CINT[CINT], TCDn_CITER_ELINKYES[LINKCH], TCDn_CSR[MAJORLINKCH], TCDn_BITER_ELINKYES[LINKCH]). (Valid only for eDMA modules.)"/>
    <feature name="EDMA_DMAMUX_CHANNELS" value="32" description="Total number of DMA channels on all modules."/>
    <feature name="EDMA_CHANNEL_GROUP_COUNT" value="1" description="Number of DMA channel groups (register bit fields CR[ERGA], CR[GRPnPRI], ES[GPE], DCHPRIn[GRPPRI]). (Valid only for eDMA modules.)"/>
    <feature name="EDMA_HAS_ERROR_IRQ" value="1" description="Has DMA_Error interrupt vector."/>
    <feature name="EDMA_ASYNCHRO_REQUEST_CHANNEL_COUNT" value="32" description="Number of DMA channels with asynchronous request capability (register EARS). (Valid only for eDMA modules.)"/>
    <feature name="EDMA_MODULE_CHANNEL_IRQ_ENTRY_SHARED_OFFSET" value="16" description="Channel IRQ entry shared offset."/>
    <feature name="EDMA_SUPPORT_8_BYTES_TRANSFER" value="1" description="If 8 bytes transfer supported."/>
    <feature name="EDMA_SUPPORT_16_BYTES_TRANSFER" value="0" description="If 16 bytes transfer supported."/>
    <feature name="EDMA_SUPPORT_32_BYTES_TRANSFER" value="1" description="If 32 bytes transfer supported."/>
  </module_specific>
  <module_specific id="DMAMUX">
    <feature name="DMAMUX_MODULE_CHANNEL" value="32" description="Number of DMA channels (related to number of register CHCFGn)."/>
    <feature name="DMAMUX_DMAMUX_CHANNELS" value="32" description="Total number of DMA channels on all modules."/>
    <feature name="DMAMUX_HAS_TRIG" value="1" description="Has the periodic trigger capability for the triggered DMA channel (register bit CHCFG0[TRIG])."/>
    <feature name="DMAMUX_HAS_A_ON" value="1" description="Has DMA Channel Always ON function (register bit CHCFG0[A_ON])."/>
    <feature name="DMAMUX_CHCFG_REGISTER_WIDTH" value="32" description="Register CHCFGn width."/>
  </module_specific>
  <module_specific id="ENET">
    <feature name="ENET_HAS_INTERRUPT_COALESCE" value="1" description="Support Interrupt Coalesce"/>
    <feature name="ENET_QUEUE" value="1" description="Queue Size."/>
    <feature name="ENET_HAS_AVB" value="0" description="Has AVB Support."/>
    <feature name="ENET_HAS_TIMER_PWCONTROL" value="1" description="Has Timer Pulse Width control."/>
    <feature name="ENET_HAS_EXTEND_MDIO" value="1" description="Has Extend MDIO Support."/>
    <feature name="ENET_HAS_ADD_1588_TIMER_CHN_INT" value="0" description="Has Additional 1588 Timer Channel Interrupt."/>
    <feature name="ENET_INSTANCE_HAS_INTERRUPT_COALESCE" value="1" description="Support Interrupt Coalesce for each instance"/>
    <feature name="ENET_INSTANCE_QUEUE" value="1" description="Queue Size for each instance."/>
    <feature name="ENET_INSTANCE_HAS_AVB" value="0" description="Has AVB Support for each instance."/>
    <feature name="ENET_INSTANCE_HAS_TIMER_PWCONTROL" value="1" description="Has Timer Pulse Width control for each instance."/>
    <feature name="ENET_INSTANCE_HAS_EXTEND_MDIO" value="1" description="Has Extend MDIO Support for each instance."/>
    <feature name="ENET_INSTANCE_HAS_ADD_1588_TIMER_CHN_INT" value="0" description="Has Additional 1588 Timer Channel Interrupt for each instance."/>
    <feature name="ENET_HAS_RECEIVE_STATUS_THRESHOLD" value="1" description="Has threshold for the number of frames in the receive FIFO (register bit field RSEM[STAT_SECTION_EMPTY])."/>
    <feature name="ENET_HAS_RGMII_TXC_DELAY" value="0" description="Has trasfer clock delay (register bit field ECR[TXC_DLY])."/>
    <feature name="ENET_HAS_RGMII_RXC_DELAY" value="0" description="Has receive clock delay (register bit field ECR[RXC_DLY])."/>
  </module_specific>
  <module_specific id="EWM">
    <feature name="EWM_HAS_CLOCK_SELECT" value="1" description="Has clock select (register CLKCTRL)."/>
    <feature name="EWM_HAS_PRESCALER" value="1" description="Has clock prescaler (register CLKPRESCALER)."/>
  </module_specific>
  <module_specific id="FLEXIO">
    <feature name="FLEXIO_HAS_SHIFTER_STATUS" value="1" description="Has Shifter Status Register (FLEXIO_SHIFTSTAT)"/>
    <feature name="FLEXIO_HAS_PIN_STATUS" value="1" description="Has Pin Data Input Register (FLEXIO_PIN)"/>
    <feature name="FLEXIO_HAS_SHFT_BUFFER_NIBBLE_BYTE_SWAP" value="1" description="Has Shifter Buffer N Nibble Byte Swapped Register (FLEXIO_SHIFTBUFNBSn)"/>
    <feature name="FLEXIO_HAS_SHFT_BUFFER_HALF_WORD_SWAP" value="1" description="Has Shifter Buffer N Half Word Swapped Register (FLEXIO_SHIFTBUFHWSn)"/>
    <feature name="FLEXIO_HAS_SHFT_BUFFER_NIBBLE_SWAP" value="1" description="Has Shifter Buffer N Nibble Swapped Register (FLEXIO_SHIFTBUFNISn)"/>
    <feature name="FLEXIO_HAS_STATE_MODE" value="1" description="Supports Shifter State Mode (FLEXIO_SHIFTCTLn[SMOD])"/>
    <feature name="FLEXIO_HAS_LOGIC_MODE" value="1" description="Supports Shifter Logic Mode (FLEXIO_SHIFTCTLn[SMOD])"/>
    <feature name="FLEXIO_HAS_PARALLEL_WIDTH" value="1" description="Supports paralle width (FLEXIO_SHIFTCFGn[PWIDTH])"/>
    <feature name="FLEXIO_VERID_RESET_VALUE" value="0x1010001" description="Reset value of the FLEXIO_VERID register"/>
    <feature name="FLEXIO_PARAM_RESET_VALUE" value="0x2200808" description="Reset value of the FLEXIO_PARAM register"/>
    <feature name="FLEXIO_DMA_REQUEST_BASE_CHANNEL" value="0" description="Flexio DMA request base channel"/>
  </module_specific>
  <module_specific id="FLEXRAM">
    <feature name="FLEXRAM_INTERNAL_RAM_BANK_SIZE" value="32768" description="Bank size"/>
    <feature name="FLEXRAM_INTERNAL_RAM_TOTAL_BANK_NUMBERS" value="8" description="Total Bank numbers"/>
    <feature name="FLEXRAM_HAS_MAGIC_ADDR" value="0" description="Has FLEXRAM_MAGIC_ADDR."/>
    <feature name="FLEXRAM_HAS_ECC" value="0" description="If FLEXRAM has ECC function."/>
  </module_specific>
  <module_specific id="FLEXSPI">
    <feature name="FLEXSPI_AHB_BUFFER_COUNT" value="4" description="FlexSPI AHB buffer count"/>
    <feature name="FLEXSPI_HAS_NO_DATA_LEARN" value="1" description="FlexSPI has no data learn."/>
    <feature name="FLEXSPI_HAS_INTEN_AHBBUSERROREN" value="0" description="There is AHBBUSERROREN bit in INTEN register."/>
    <feature name="FLEXSPI_HAS_AHBCR_CLRAHBTX_RXBUF" value="0" description="There is CLRAHBTX_RXBUF bit in AHBCR register."/>
  </module_specific>
  <module_specific id="GPC">
    <feature name="GPC_HAS_CNTR_DVFS0CR" value="0" description="Has DVFS0 Change Request."/>
    <feature name="GPC_HAS_CNTR_GPCIRQM" value="0" description="Has GPC interrupt/event masking."/>
    <feature name="GPC_HAS_CNTR_L2PGE" value="0" description="Has L2 cache power control."/>
    <feature name="GPC_HAS_CNTR_PDRAM0PGE" value="1" description="Has FLEXRAM PDRAM0(bank1-7) power control."/>
    <feature name="GPC_HAS_CNTR_VADC" value="0" description="Has VADC power control."/>
    <feature name="GPC_HAS_CNTR_DISPLAY" value="0" description="Has Display power control."/>
    <feature name="GPC_HAS_IRQ_0_31" value="1" description="Supports IRQ 0-31."/>
  </module_specific>
  <module_specific id="IGPIO">
    <feature name="IGPIO_HAS_DR_SET" value="1" description="Has data register set DR_SET."/>
    <feature name="IGPIO_HAS_DR_CLEAR" value="1" description="Has data register clear DR_CLEAR."/>
    <feature name="IGPIO_HAS_DR_TOGGLE" value="1" description="Has data register toggle DR_TOGGLE."/>
  </module_specific>
  <module_specific id="LPI2C">
    <feature name="LPI2C_HAS_SEPARATE_DMA_RX_TX_REQ" value="0" description="Has separate DMA RX and TX requests."/>
    <feature name="LPI2C_FIFO_SIZE" value="4" description="Capacity (number of entries) of the transmit/receive FIFO (or zero if no FIFO is available)."/>
  </module_specific>
  <module_specific id="LPSPI">
    <feature name="LPSPI_FIFO_SIZE" value="16" description="Capacity (number of entries) of the transmit/receive FIFO (or zero if no FIFO is available)."/>
    <feature name="LPSPI_HAS_SEPARATE_DMA_RX_TX_REQ" value="1" description="Has separate DMA RX and TX requests."/>
  </module_specific>
  <module_specific id="LPUART">
    <feature name="LPUART_HAS_IRQ_EXTENDED_FUNCTIONS" value="0" description="Has receive FIFO overflow detection (bit field CFIFO[RXOFE])."/>
    <feature name="LPUART_HAS_LOW_POWER_UART_SUPPORT" value="1" description="Has low power features (can be enabled in wait mode via register bit C1[DOZEEN] or CTRL[DOZEEN] if the registers are 32-bit wide)."/>
    <feature name="LPUART_HAS_EXTENDED_DATA_REGISTER_FLAGS" value="1" description="Has extended data register ED (or extra flags in the DATA register if the registers are 32-bit wide)."/>
    <feature name="LPUART_HAS_FIFO" value="1" description="Capacity (number of entries) of the transmit/receive FIFO (or zero if no FIFO is available)."/>
    <feature name="LPUART_HAS_MODIR" value="1" description="Has 32-bit register MODIR"/>
    <feature name="LPUART_HAS_MODEM_SUPPORT" value="1" description="Hardware flow control (RTS, CTS) is supported."/>
    <feature name="LPUART_HAS_IR_SUPPORT" value="1" description="Infrared (modulation) is supported."/>
    <feature name="LPUART_HAS_STOP_BIT_CONFIG_SUPPORT" value="1" description="2 bits long stop bit is available."/>
    <feature name="LPUART_HAS_10BIT_DATA_SUPPORT" value="1" description="If 10-bit mode is supported."/>
    <feature name="LPUART_HAS_7BIT_DATA_SUPPORT" value="1" description="If 7-bit mode is supported."/>
    <feature name="LPUART_HAS_BAUD_RATE_FINE_ADJUST_SUPPORT" value="0" description="Baud rate fine adjustment is available."/>
    <feature name="LPUART_HAS_BAUD_RATE_OVER_SAMPLING_SUPPORT" value="1" description="Baud rate oversampling is available (has bit fields C4[OSR], C5[BOTHEDGE], C5[RESYNCDIS] or BAUD[OSR], BAUD[BOTHEDGE], BAUD[RESYNCDIS] if the registers are 32-bit wide)."/>
    <feature name="LPUART_HAS_RX_RESYNC_SUPPORT" value="1" description="Baud rate oversampling is available."/>
    <feature name="LPUART_HAS_BOTH_EDGE_SAMPLING_SUPPORT" value="1" description="Baud rate oversampling is available."/>
    <feature name="LPUART_IS_SCI" value="1" description="Peripheral type."/>
    <feature name="LPUART_FIFO_SIZE" value="4" description="Capacity (number of entries) of the transmit/receive FIFO (or zero if no FIFO is available)."/>
    <feature name="LPUART_HAS_ADDRESS_MATCHING" value="1" description="Supports two match addresses to filter incoming frames."/>
    <feature name="LPUART_HAS_DMA_ENABLE" value="1" description="Has transmitter/receiver DMA enable bits C5[TDMAE]/C5[RDMAE] (or BAUD[TDMAE]/BAUD[RDMAE] if the registers are 32-bit wide)."/>
    <feature name="LPUART_HAS_DMA_SELECT" value="0" description="Has transmitter/receiver DMA select bits C4[TDMAS]/C4[RDMAS], resp. C5[TDMAS]/C5[RDMAS] if IS_SCI = 0."/>
    <feature name="LPUART_HAS_BIT_ORDER_SELECT" value="1" description="Data character bit order selection is supported (bit field S2[MSBF] or STAT[MSBF] if the registers are 32-bit wide)."/>
    <feature name="LPUART_HAS_SMART_CARD_SUPPORT" value="0" description="Has smart card (ISO7816 protocol) support and no improved smart card support."/>
    <feature name="LPUART_HAS_IMPROVED_SMART_CARD_SUPPORT" value="0" description="Has improved smart card (ISO7816 protocol) support."/>
    <feature name="LPUART_HAS_LOCAL_OPERATION_NETWORK_SUPPORT" value="0" description="Has local operation network (CEA709.1-B protocol) support."/>
    <feature name="LPUART_HAS_32BIT_REGISTERS" value="1" description="Has 32-bit registers (BAUD, STAT, CTRL, DATA, MATCH, MODIR) instead of 8-bit (BDH, BDL, C1, S1, D, etc.)."/>
    <feature name="LPUART_HAS_LIN_BREAK_DETECT" value="1" description="Lin break detect available (has bit BAUD[LBKDIE])."/>
    <feature name="LPUART_HAS_WAIT_MODE_OPERATION" value="0" description="UART stops in Wait mode available (has bit C1[UARTSWAI])."/>
    <feature name="LPUART_HAS_SEPARATE_DMA_RX_TX_REQ" value="1" description="Has separate DMA RX and TX requests."/>
    <feature name="LPUART_HAS_SEPARATE_RX_TX_IRQ" value="0" description="Has separate RX and TX interrupts."/>
    <feature name="LPUART_HAS_PARAM" value="1" description="Has LPAURT_PARAM."/>
    <feature name="LPUART_HAS_VERID" value="1" description="Has LPUART_VERID."/>
    <feature name="LPUART_HAS_GLOBAL" value="1" description="Has LPUART_GLOBAL."/>
    <feature name="LPUART_HAS_PINCFG" value="1" description="Has LPUART_PINCFG."/>
  </module_specific>
  <module_specific id="interrupt">
    <feature name="INTERRUPT_IRQ_MIN" value="-14" description="Lowest interrupt request number."/>
    <feature name="INTERRUPT_IRQ_MAX" value="141" description="Highest interrupt request number."/>
  </module_specific>
  <module_specific id="OCOTP">
    <feature name="OCOTP_HAS_TIMING_CTRL" value="1" description="Has timing control, (register TIMING)."/>
    <feature name="OCOTP_HAS_WORDLOCK" value="0" description="Support lock eFuse word write lock, (CTRL[WORDLOCK])."/>
  </module_specific>
  <module_specific id="PIT">
    <feature name="PIT_TIMER_COUNT" value="4" description="Number of channels (related to number of registers LDVALn, CVALn, TCTRLn, TFLGn)."/>
    <feature name="PIT_HAS_LIFETIME_TIMER" value="1" description="Has lifetime timer (related to existence of registers LTMR64L and LTMR64H)."/>
    <feature name="PIT_HAS_CHAIN_MODE" value="1" description="Has chain mode (related to existence of register bit field TCTRLn[CHN])."/>
    <feature name="PIT_HAS_SHARED_IRQ_HANDLER" value="1" description="Has shared interrupt handler (has not individual interrupt handler for each channel)."/>
    <feature name="PIT_HAS_MDIS" value="1" description="Has timer enable control."/>
  </module_specific>
  <module_specific id="PWM">
    <feature name="PWM_HAS_CHANNELA" value="1" description="If (e)FlexPWM has module A channels (outputs)."/>
    <feature name="PWM_HAS_CHANNELB" value="1" description="If (e)FlexPWM has module B channels (outputs)."/>
    <feature name="PWM_HAS_CHANNELX" value="1" description="If (e)FlexPWM has module X channels (outputs)."/>
    <feature name="PWM_HAS_FRACTIONAL" value="1" description="If (e)FlexPWM has fractional feature."/>
    <feature name="PWM_HAS_MUX_TRIGGER_SOURCE_SEL" value="1" description="If (e)FlexPWM has mux trigger source select bit field."/>
    <feature name="PWM_SUBMODULE_COUNT" value="4U" description="Number of submodules in each (e)FlexPWM module."/>
    <feature name="PWM_FAULT_CH_COUNT" value="1" description="Number of fault channel in each (e)FlexPWM module."/>
  </module_specific>
  <module_specific id="RTWDOG">
    <feature name="RTWDOG_HAS_WATCHDOG" value="1" description="Watchdog is available."/>
    <feature name="RTWDOG_HAS_32BIT_ACCESS" value="1" description="RTWDOG_CNT can be 32-bit written."/>
  </module_specific>
  <module_specific id="SAI">
    <feature name="SAI_FIFO_COUNT" value="32" description="Receive/transmit FIFO size in item count (register bit fields TCSR[FRDE], TCSR[FRIE], TCSR[FRF], TCR1[TFW], RCSR[FRDE], RCSR[FRIE], RCSR[FRF], RCR1[RFW], registers TFRn, RFRn)."/>
    <peripheral_specific peripherals="SAI1">
      <feature name="SAI_CHANNEL_COUNT" value="4" description="Receive/transmit channel number (register bit fields TCR3[TCE], RCR3[RCE], registers TDRn and RDRn)."/>
    </peripheral_specific>
    <peripheral_specific peripherals="SAI2 SAI3">
      <feature name="SAI_CHANNEL_COUNT" value="1" description="Receive/transmit channel number (register bit fields TCR3[TCE], RCR3[RCE], registers TDRn and RDRn)."/>
    </peripheral_specific>
    <feature name="SAI_MAX_WORDS_PER_FRAME" value="32" description="Maximum words per frame (register bit fields TCR3[WDFL], TCR4[FRSZ], TMR[TWM], RCR3[WDFL], RCR4[FRSZ], RMR[RWM])."/>
    <peripheral_specific peripherals="SAI1">
      <feature name="SAI_HAS_FIFO_COMBINE_MODE" value="1" description="Has support of combining multiple data channel FIFOs into single channel FIFO (register bit fields TCR3[CFR], TCR4[FCOMB], TFR0[WCP], TFR1[WCP], RCR3[CFR], RCR4[FCOMB], RFR0[RCP], RFR1[RCP])."/>
    </peripheral_specific>
    <peripheral_specific peripherals="SAI2 SAI3">
      <feature name="SAI_HAS_FIFO_COMBINE_MODE" value="0" description="Has support of combining multiple data channel FIFOs into single channel FIFO (register bit fields TCR3[CFR], TCR4[FCOMB], TFR0[WCP], TFR1[WCP], RCR3[CFR], RCR4[FCOMB], RFR0[RCP], RFR1[RCP])."/>
    </peripheral_specific>
    <feature name="SAI_HAS_FIFO_PACKING" value="1" description="Has packing of 8-bit and 16-bit data into each 32-bit FIFO word (register bit fields TCR4[FPACK], RCR4[FPACK])."/>
    <feature name="SAI_HAS_FIFO_FUNCTION_AFTER_ERROR" value="1" description="Configures when the SAI will continue transmitting after a FIFO error has been detected (register bit fields TCR4[FCONT], RCR4[FCONT])."/>
    <feature name="SAI_HAS_ON_DEMAND_MODE" value="1" description="Configures if the frame sync is generated internally, a frame sync is only generated when the FIFO warning flag is clear or continuously (register bit fields TCR4[ONDEM], RCR4[ONDEM])."/>
    <feature name="SAI_HAS_CLOCKING_MODE" value="0" description="Simplified bit clock source and asynchronous/synchronous mode selection (register bit fields TCR2[CLKMODE], RCR2[CLKMODE]), in comparison with the exclusively implemented TCR2[SYNC,BCS,BCI,MSEL], RCR2[SYNC,BCS,BCI,MSEL]."/>
    <feature name="SAI_HAS_MCLKDIV_REGISTER" value="0" description="Has register for configuration of the MCLK divide ratio (register bit fields MDR[FRACT], MDR[DIVIDE])."/>
    <peripheral_specific peripherals="SAI1 SAI2">
      <feature name="SAI_INT_SOURCE_NUM" value="1" description="Interrupt source number"/>
    </peripheral_specific>
    <peripheral_specific peripherals="SAI3">
      <feature name="SAI_INT_SOURCE_NUM" value="2" description="Interrupt source number"/>
    </peripheral_specific>
    <feature name="SAI_HAS_MCR" value="0" description="Has register of MCR."/>
    <feature name="SAI_HAS_NO_MCR_MICS" value="1" description="Has bit field MICS of the MCR register."/>
    <feature name="SAI_HAS_MDR" value="0" description="Has register of MDR"/>
    <feature name="SAI_HAS_BCLK_BYPASS" value="0" description="Has support the BCLK bypass mode when BCLK = MCLK."/>
    <feature name="SAI_HAS_MCR_MCLK_POST_DIV" value="0" description="Has DIV bit fields of MCR register (register bit fields MCR[DIV]."/>
    <feature name="SAI_HAS_CHANNEL_MODE" value="1" description="Support Channel Mode (register bit fields TCR4[CHMOD])."/>
  </module_specific>
  <module_specific id="SEMC">
    <feature name="SEMC_HAS_NOR_WDH_TIME" value="0" description="Has WDH time in NOR controller (register bit field NORCR2[WDH])."/>
    <feature name="SEMC_HAS_NOR_WDS_TIME" value="0" description="Has WDS time in NOR controller (register bit field NORCR2[WDS])."/>
    <feature name="SEMC_SUPPORT_SRAM_COUNT" value="1" description="SRAM count SEMC can support (register BRx)."/>
    <feature name="SEMC_HAS_DELAY_CHAIN_CONTROL" value="0" description="If SEMC support delay chain control (register DCCR)."/>
    <feature name="SEMC_HAS_SRAM_RDH_TIME" value="0" description="Has read hold time feature (register bit field SRAMCR6[RDH])."/>
    <feature name="SEMC_SUPPORT_SDRAM_PS_BITWIDTH" value="1" description="Width of SDRAMCR0[PS] bitfields."/>
    <feature name="SEMC_ERRATA_050577" value="1" description="If SEMC has errata 050577."/>
    <feature name="SEMC_SDRAM_SUPPORT_COLUMN_ADDRESS_8BIT" value="0" description="If sdram support column address 8 bit (register bit field SRAMCR0[CLO8])."/>
    <feature name="SEMC_HAS_DBICR2" value="0" description="If SEMC has register DBICR2 (register DBICR2)."/>
  </module_specific>
  <module_specific id="SNVS">
    <feature name="SNVS_HAS_SRTC" value="1" description="Has Secure Real Time Counter Enabled and Valid (bit field LPCR[SRTC_ENV])."/>
    <feature name="SNVS_HAS_NO_SV3" value="0" description="Has No SV3 (bit field HPSICR[SV3_EN])."/>
    <feature name="SNVS_HAS_MULTIPLE_TAMPER" value="1" description="Number of TAMPER."/>
  </module_specific>
  <module_specific id="SRC">
    <feature name="SRC_HAS_SCR_MASK_WDOG3_RST" value="1" description="There is MASK_WDOG3_RST bit in SCR register."/>
    <feature name="SRC_HAS_SCR_MIX_RST_STRCH" value="0" description="There is MIX_RST_STRCH bit in SCR register."/>
    <feature name="SRC_HAS_SCR_DBG_RST_MSK_PG" value="1" description="There is DBG_RST_MSK_PG bit in SCR register."/>
    <feature name="SRC_HAS_SCR_WDOG3_RST_OPTN" value="0" description="There is WDOG3_RST_OPTN bit in SCR register."/>
    <feature name="SRC_HAS_SCR_CORES_DBG_RST" value="0" description="There is CORES_DBG_RST bit in SCR register."/>
    <feature name="SRC_HAS_SCR_MTSR" value="0" description="There is MTSR bit in SCR register."/>
    <feature name="SRC_HAS_SCR_CORE0_DBG_RST" value="1" description="There is CORE0_DBG_RST bit in SCR register."/>
    <feature name="SRC_HAS_SCR_CORE0_RST" value="1" description="There is CORE0_RST bit in SCR register."/>
    <feature name="SRC_HAS_SCR_LOCKUP_RST" value="1" description="There is LOCKUP_RST bit in SCR register."/>
    <feature name="SRC_HAS_SCR_SWRC" value="0" description="There is SWRC bit in SCR register."/>
    <feature name="SRC_HAS_SCR_EIM_RST" value="0" description="There is EIM_RST bit in SCR register."/>
    <feature name="SRC_HAS_SCR_LUEN" value="0" description="There is LUEN bit in SCR register."/>
    <feature name="SRC_HAS_NO_SCR_WRBC" value="1" description="There is no WRBC bit in SCR register."/>
    <feature name="SRC_HAS_NO_SCR_WRE" value="1" description="There is no WRE bit in SCR register."/>
    <feature name="SRC_HAS_SISR" value="0" description="There is SISR register."/>
    <feature name="SRC_HAS_SRSR_RESET_OUT" value="0" description="There is RESET_OUT bit in SRSR register."/>
    <feature name="SRC_HAS_SRSR_WDOG3_RST_B" value="1" description="There is WDOG3_RST_B bit in SRSR register."/>
    <feature name="SRC_HAS_SRSR_JTAG_SW_RST" value="1" description="There is JTAG_SW_RST bit in SRSR register."/>
    <feature name="SRC_HAS_SRSR_SW" value="0" description="There is SW bit in SRSR register."/>
    <feature name="SRC_HAS_SRSR_IPP_USER_RESET_B" value="1" description="There is IPP_USER_RESET_B bit in SRSR register."/>
    <feature name="SRC_HAS_SRSR_SNVS" value="0" description="There is SNVS bit in SRSR register."/>
    <feature name="SRC_HAS_SRSR_CSU_RESET_B" value="1" description="There is CSU_RESET_B bit in SRSR register."/>
    <feature name="SRC_HAS_SRSR_LOCKUP" value="1" description="There is LOCKUP bit in SRSR register."/>
    <feature name="SRC_HAS_SRSR_LOCKUP_SYSRESETREQ" value="0" description="There is LOCKUP_SYSRESETREQ bit in SRSR register."/>
    <feature name="SRC_HAS_SRSR_POR" value="0" description="There is POR bit in SRSR register."/>
    <feature name="SRC_HAS_SRSR_IPP_RESET_B" value="1" description="There is IPP_RESET_B bit in SRSR register."/>
    <feature name="SRC_HAS_NO_SRSR_WBI" value="1" description="There is no WBI bit in SCR register."/>
  </module_specific>
  <module_specific id="SCB">
    <feature name="L1ICACHE_LINESIZE_BYTE" value="32" description="L1 ICACHE line size in byte."/>
    <feature name="L1DCACHE_LINESIZE_BYTE" value="32" description="L1 DCACHE line size in byte."/>
  </module_specific>
  <module_specific id="TRNG">
    <feature name="TRNG_HAS_NO_TRNG_ACC" value="0" description="TRNG has no TRNG_ACC bitfield."/>
  </module_specific>
  <module_specific id="USBHS">
    <feature name="USBHS_EHCI_COUNT" value="1" description="EHCI module instance count"/>
    <feature name="USBHS_ENDPT_COUNT" value="8" description="Number of endpoints supported"/>
  </module_specific>
  <module_specific id="USBPHY">
    <feature name="USBPHY_HAS_DCD_ANALOG" value="0" description="USBPHY contain DCD analog module"/>
    <feature name="USBPHY_HAS_TRIM_OVERRIDE_EN" value="0" description="USBPHY has register TRIM_OVERRIDE_EN"/>
    <feature name="USBPHY_28FDSOI" value="0" description="USBPHY is 28FDSOI"/>
  </module_specific>
  <module_specific id="USDHC">
    <feature name="USDHC_HAS_EXT_DMA" value="0" description="Has external DMA support (VEND_SPEC[EXT_DMA_EN])"/>
    <feature name="USDHC_HAS_HS400_MODE" value="0" description="Has HS400 mode (MIX_CTRL[HS400_MODE])"/>
    <feature name="USDHC_HAS_SDR50_MODE" value="1" description="Has SDR50 support (HOST_CTRL_CAP[SDR50_SUPPORT])"/>
    <feature name="USDHC_HAS_SDR104_MODE" value="1" description="Has SDR104 support (HOST_CTRL_CAP[SDR104_SUPPORT])"/>
    <feature name="USDHC_HAS_RESET" value="0" description="USDHC has reset control"/>
    <feature name="USDHC_HAS_NO_RW_BURST_LEN" value="0" description="USDHC has no bitfield WTMK_LVL[WR_BRST_LEN] and WTMK_LVL[RD_BRST_LEN]"/>
    <peripheral_specific peripherals="USDHC1">
      <feature name="USDHC_INSTANCE_SUPPORT_8_BIT_WIDTH" value="0" description="If USDHC instance support 8 bit width"/>
    </peripheral_specific>
    <peripheral_specific peripherals="USDHC2">
      <feature name="USDHC_INSTANCE_SUPPORT_8_BIT_WIDTH" value="1" description="If USDHC instance support 8 bit width"/>
    </peripheral_specific>
    <feature name="USDHC_INSTANCE_SUPPORT_HS400_MODE" value="0" description="If USDHC instance support HS400 mode"/>
    <peripheral_specific peripherals="USDHC1">
      <feature name="USDHC_INSTANCE_SUPPORT_1V8_SIGNAL" value="1" description="If USDHC instance support 1v8 signal"/>
    </peripheral_specific>
    <peripheral_specific peripherals="USDHC2">
      <feature name="USDHC_INSTANCE_SUPPORT_1V8_SIGNAL" value="0" description="If USDHC instance support 1v8 signal"/>
    </peripheral_specific>
    <feature name="USDHC_REGISTER_HOST_CTRL_CAP_HAS_NO_RETUNING_TIME_COUNTER" value="0" description="Has no retuning time counter (HOST_CTRL_CAP[TIME_COUNT_RETURNING])"/>
  </module_specific>
  <module_specific id="XBARA">
    <feature name="XBARA_INTERRUPT_COUNT" value="4" description="Number of interrupt requests."/>
  </module_specific>
</features:sdk_features>