<?xml version="1.0" encoding= "UTF-8" ?>
<dcd:dcd_config xsi:schemaLocation="http://swtools.freescale.net/XSD/dcd/2.0 http://swtools.freescale.net/XSD/dcd/2.0/dcd.xsd" xmlns:dcd="http://swtools.freescale.net/XSD/dcd/2.0" xmlns:xsi="http://www.w3.org/2001/XMLSchema-instance">
  <dcd_source_templates>
    <c_file>dcd_c.template</c_file>
    <h_file>dcd_h.template</h_file>
  </dcd_source_templates>
  <dcd_header size="4" offset="0">
    <tag size="1" value="0xD2" start_position="0"/>
    <length size="2" max_length="1768" start_position="1"/>
    <version size="1" value="0x41" start_position="3"/>
  </dcd_header>
  <allowed_address_ranges>
    <address_range name="CCM registers" lower_boundary="0x400FC000" upper_boundary="0x400FC08C"/>
    <address_range name="CCM_ANALOG registers" lower_boundary="0x400D8000" upper_boundary="0x400D8180"/>
    <address_range name="IOMUXC registers" lower_boundary="0x401F8000" upper_boundary="0x401F84C4"/>
    <address_range name="IOMUXC_GPR registers" lower_boundary="0x400AC000" upper_boundary="0x400AC068"/>
    <address_range name="IOMUXC_SNVS registers" lower_boundary="0x400A8000" upper_boundary="0x400A8024"/>
    <address_range name="IOMUXC_SNVS_GPR registers" lower_boundary="0x400A4000" upper_boundary="0x400A4010"/>
    <address_range name="SEMC registers" lower_boundary="0x402F0000" upper_boundary="0x402F0100"/>
  </allowed_address_ranges>
  <commands offset="4">
    <write_command>
      <header size="4">
        <tag size="1" value="0xCC" start_position="0"/>
        <length size="2" start_position="1"/>
        <parameters size="1" start_position="3">
          <target_width offset="0" default="width_4">
            <item id="width_1" name="1" value="0b001"/>
            <item id="width_2" name="2" value="0b010"/>
            <item id="width_4" name="4" value="0b100"/>
          </target_width>
          <action offset="3" default="value">
            <item id="value" name="value" value="0b00"/> <!-- both 0b00 and 0b10 are allowed; current SDK lagacy code uses 0b00 -->
            <item id="clear_bits" name="clear bits" value="0b01"/>
            <item id="set_bits" name="set bits" value="0b11"/>
          </action>
        </parameters>
      </header>
      <write_register>
        <address size="4"/>
        <mask size="4"/>
      </write_register>
    </write_command>
    <check_command>
      <header size="4">
        <tag size="1" value="0xCF" start_position="0"/>
        <length size="2" start_position="1"/>
        <parameters size="1" start_position="3">
          <target_width offset="0" default="width_4">
            <item id="width_1" name="1" value="0b001"/>
            <item id="width_2" name="2" value="0b010"/>
            <item id="width_4" name="4" value="0b100"/>
          </target_width>
          <action offset="3" default="all_bits_clear">
            <item id="all_bits_clear" name="all bits clear" value="0b00"/>
            <item id="all_bits_set" name="all bits set" value="0b10"/>
            <item id="any_bit_clear" name="any bit clear" value="0b01"/>
            <item id="any_bit_set" name="any bit set" value="0b11"/>
          </action>
        </parameters>
      </header>
      <check_register>
        <address size="4"/>
        <mask size="4"/>
        <count size="4"/>
      </check_register>
    </check_command>
    <nop_command>
      <header size="4">
        <tag size="1" value="0xC0" start_position="0"/>
        <length size="2" start_position="1"/>
      </header>
    </nop_command>
  </commands>
</dcd:dcd_config>
