<?xml version="1.0"?>
<clocks:component xmlns:clocks="http://apif.freescale.net/schemas/clocks/1.1" xmlns:xsi="http://www.w3.org/2001/XMLSchema-instance" xsi:schemaLocation="http://apif.freescale.net/schemas/clocks/1.1 http://apif.freescale.net/schemas/clocks/1.1/clocks.xsd" id="module_clocks">
  <interface>
    <input_clock_signal id="AHB_CLK_ROOT" name="AHB_CLK_ROOT" group="system" description="AHB (Advanced High-performance Bus) root clock"/>
    <input_clock_signal id="CAN_CLK_ROOT" name="CAN_CLK_ROOT" group="peripheral" description="CAN (Controller Area Network) root clock"/>
    <input_clock_signal id="CKIL_SYNC_CLK_ROOT" name="CKIL_SYNC_CLK_ROOT" group="peripheral" description="CKIL (External Low Frequency Clock) root clock"/>
    <input_clock_signal id="CLKO1_CLK" name="CLKO1_CLK" group="output" description="Clock output 1"/>
    <input_clock_signal id="CLKO2_CLK" name="CLKO2_CLK" group="output" description="Clock output 2"/>
    <input_clock_signal id="CLK_1M" name="Clock 1M output" group="peripheral" description=""/>
    <input_clock_signal id="CLK_24M" name="Clock 24MHz output" group="peripheral" description=""/>
    <input_clock_signal id="ENET1_TX_CLK" name="ENET_TX_CLK" group="peripheral" description="ENET transmitter reference clock"/>
    <input_clock_signal id="ENET_125M_CLK" name="ENET_125M_CLK" group="peripheral" description="ENET 125MHz output clock (25/50/100/125 MHz)."/>
    <input_clock_signal id="ENET_25M_REF_CLK" name="ENET_25M_REF_CLK" group="peripheral" description="ENET 25MHz reference output clock."/>
    <input_clock_signal id="ENET_500M_REF_CLK" name="ENET_500M_CLK" group="peripheral" description="ENET 500MHz reference output clock."/>
    <input_clock_signal id="FLEXIO1_CLK_ROOT" name="FLEXIO1_CLK_ROOT" group="peripheral" description="FlexIO1 (Flexible Input/Output) root clock"/>
    <input_clock_signal id="FLEXSPI_CLK_ROOT" name="FLEXSPI_CLK_ROOT" group="peripheral" description="FlexSPI (Flexible SPI) root clock"/>
    <input_clock_signal id="GPT1_ipg_clk_highfreq" name="GPT1 high frequency clock" group="peripheral" description="GPT1 high frequency reference clock"/>
    <input_clock_signal id="GPT2_ipg_clk_highfreq" name="GPT2 high frequency clock" group="peripheral" description="GPT2 high frequency reference clock"/>
    <input_clock_signal id="IPG_CLK_ROOT" name="IPG_CLK_ROOT" group="system" description="IPG (IP Global) root clock"/>
    <input_clock_signal id="LPI2C_CLK_ROOT" name="LPI2C_CLK_ROOT" group="peripheral" description="LPI2C (Low Power Inter-Integrated Circuit) root clock"/>
    <input_clock_signal id="LPSPI_CLK_ROOT" name="LPSPI_CLK_ROOT" group="peripheral" description="LPSPI (Low Power Serial Peripheral Interface) root clock"/>
    <input_clock_signal id="MQS_MCLK" name="MQS MCLK" group="peripheral" description="MQS master clock"/>
    <input_clock_signal id="PERCLK_CLK_ROOT" name="PERCLK_CLK_ROOT" group="peripheral" description="Peripheral root clock"/>
    <input_clock_signal id="SAI1_CLK_ROOT" name="SAI1_CLK_ROOT" group="peripheral" description="SAI1 (Synchronous Audio Interface) root clock"/>
    <input_clock_signal id="SAI1_MCLK1" name="SAI1 MCLK 1" group="peripheral" description="SAI1 master clock 1"/>
    <input_clock_signal id="SAI1_MCLK2" name="SAI1 MCLK 2" group="peripheral" description="SAI1 master clock 2"/>
    <input_clock_signal id="SAI1_MCLK3" name="SAI1 MCLK 3" group="peripheral" description="SAI1 master clock 3"/>
    <input_clock_signal id="SAI2_CLK_ROOT" name="SAI2_CLK_ROOT" group="peripheral" description="SAI2 (Synchronous Audio Interface) root clock"/>
    <input_clock_signal id="SAI2_MCLK1" name="SAI2 MCLK 1" group="peripheral" description="SAI2 master clock 1"/>
    <input_clock_signal id="SAI2_MCLK2" name="SAI2 MCLK 2" group="peripheral" description="SAI2 master clock 2"/>
    <input_clock_signal id="SAI2_MCLK3" name="SAI2 MCLK 3" group="peripheral" description="SAI2 master clock 3"/>
    <input_clock_signal id="SAI3_CLK_ROOT" name="SAI3_CLK_ROOT" group="peripheral" description="SAI3 (Synchronous Audio Interface) root clock"/>
    <input_clock_signal id="SAI3_MCLK1" name="SAI3 MCLK 1" group="peripheral" description="SAI3 master clock 1"/>
    <input_clock_signal id="SAI3_MCLK2" name="SAI3 MCLK 2" group="peripheral" description="SAI3 master clock 2"/>
    <input_clock_signal id="SAI3_MCLK3" name="SAI3 MCLK 3" group="peripheral" description="SAI3 master clock 3"/>
    <input_clock_signal id="SEMC_CLK_ROOT" name="SEMC_CLK_ROOT" group="peripheral" description="SEMC (Smart External Memory Controller) root clock"/>
    <input_clock_signal id="SPDIF0_CLK_ROOT" name="SPDIF0_CLK_ROOT" group="peripheral" description="SPDIF0 (Sony/Philips Digital Interface) root clock"/>
    <input_clock_signal id="SPDIF0_EXTCLK_OUT" name="SPDIF0_EXTCLK" group="peripheral" description="SPDIF0 external clock output"/>
    <input_clock_signal id="TRACE_CLK_ROOT" name="TRACE_CLK_ROOT" group="peripheral" description="TRACE (Trace port interface) root clock"/>
    <input_clock_signal id="UART_CLK_ROOT" name="UART_CLK_ROOT" group="peripheral" description="UART (Universal Asynchronous Receiver/Transmitter) root clock"/>
    <input_clock_signal id="USBPHY1_CLK" name="USBPHY1 PLL clock" group="peripheral" description="USBPHY1 output clocks 480MHz."/>
    <input_clock_signal id="USDHC1_CLK_ROOT" name="USDHC1_CLK_ROOT" group="peripheral" description="USDHC1 (Ultra Secured Digital Host Controller) root clock"/>
    <input_clock_signal id="USDHC2_CLK_ROOT" name="USDHC2_CLK_ROOT" group="peripheral" description="USDHC2 (Ultra Secured Digital Host Controller) root clock"/>
  </interface>
  <implementation>
    <peripheral_component id="ADC1" component="ADC" name="ADC1">
      <input_signal id="BusInterfaceClock_b00" signal="IPG_CLK_ROOT" description="Bus Interface Clock"/>
      <peripheral_signal id="AlternateClock2_b01" description="Bus Clock divided by 2"/>
      <no_signal id="AlternateClock_b10" description="Alternate Clock"/>
      <peripheral_signal id="ADACK_b11" description="Asynchronous Clock"/>
    </peripheral_component>
    <peripheral_component id="ADC2" component="ADC" name="ADC2">
      <input_signal id="BusInterfaceClock_b00" signal="IPG_CLK_ROOT" description="Bus Interface Clock"/>
      <peripheral_signal id="AlternateClock2_b01" description="Bus Clock divided by 2"/>
      <no_signal id="AlternateClock_b10" description="Alternate Clock"/>
      <peripheral_signal id="ADACK_b11" description="Asynchronous Clock"/>
    </peripheral_component>
    <peripheral_component id="ADC_ETC" component="ADC_ETC" name="ADC_ETC">
      <input_signal id="BusInterfaceClock" signal="IPG_CLK_ROOT" description="Bus Interface Clock"/>
    </peripheral_component>
    <peripheral_component id="AIPSTZ1" component="AIPSTZ" name="AIPSTZ1">
      <input_signal id="BusInterfaceClock" signal="AHB_CLK_ROOT" description="Bus Interface Clock"/>
    </peripheral_component>
    <peripheral_component id="AIPSTZ2" component="AIPSTZ" name="AIPSTZ2">
      <input_signal id="BusInterfaceClock" signal="AHB_CLK_ROOT" description="Bus Interface Clock"/>
    </peripheral_component>
    <peripheral_component id="AIPSTZ3" component="AIPSTZ" name="AIPSTZ3">
      <input_signal id="BusInterfaceClock" signal="AHB_CLK_ROOT" description="Bus Interface Clock"/>
    </peripheral_component>
    <peripheral_component id="AIPSTZ4" component="AIPSTZ" name="AIPSTZ4">
      <input_signal id="BusInterfaceClock" signal="AHB_CLK_ROOT" description="Bus Interface Clock"/>
    </peripheral_component>
    <peripheral_component id="AOI" component="AOI" name="AOI">
      <input_signal id="BusInterfaceClock" signal="IPG_CLK_ROOT" description="Bus Interface Clock"/>
    </peripheral_component>
    <peripheral_component id="ARM" component="ARM" name="ARM">
      <input_signal id="BusInterfaceClock" signal="AHB_CLK_ROOT" description="Bus Interface Clock"/>
      <input_signal id="TraceClock" signal="TRACE_CLK_ROOT" description="Trace Clock"/>
    </peripheral_component>
    <peripheral_component id="BEE" component="BEE" name="BEE">
      <input_signal id="BusInterfaceClock" signal="IPG_CLK_ROOT" description="Bus Interface Clock"/>
    </peripheral_component>
    <peripheral_component id="CAN1" component="FLEXCAN" name="CAN1">
      <input_signal id="BusInterfaceClock" signal="IPG_CLK_ROOT" description="Bus Interface Clock"/>
      <input_signal id="OscillatorClock" signal="CAN_CLK_ROOT" description="FlexCAN Functional Clock"/>
    </peripheral_component>
    <peripheral_component id="CAN2" component="FLEXCAN" name="CAN2">
      <input_signal id="BusInterfaceClock" signal="IPG_CLK_ROOT" description="Bus Interface Clock"/>
      <input_signal id="OscillatorClock" signal="CAN_CLK_ROOT" description="FlexCAN Functional Clock"/>
    </peripheral_component>
    <peripheral_component id="CCM" component="CCM" name="CCM">
      <input_signal id="BusInterfaceClock" signal="IPG_CLK_ROOT" description="Bus Interface Clock"/>
    </peripheral_component>
    <peripheral_component id="CMP1" component="CMP" name="CMP1">
      <input_signal id="BusInterfaceClock" signal="IPG_CLK_ROOT" description="Bus Interface Clock"/>
    </peripheral_component>
    <peripheral_component id="CMP2" component="CMP" name="CMP2">
      <input_signal id="BusInterfaceClock" signal="IPG_CLK_ROOT" description="Bus Interface Clock"/>
    </peripheral_component>
    <peripheral_component id="CMP3" component="CMP" name="CMP3">
      <input_signal id="BusInterfaceClock" signal="IPG_CLK_ROOT" description="Bus Interface Clock"/>
    </peripheral_component>
    <peripheral_component id="CMP4" component="CMP" name="CMP4">
      <input_signal id="BusInterfaceClock" signal="IPG_CLK_ROOT" description="Bus Interface Clock"/>
    </peripheral_component>
    <peripheral_component id="CSU" component="CSU" name="CSU">
      <input_signal id="BusInterfaceClock" signal="IPG_CLK_ROOT" description="Bus Interface Clock"/>
      <input_signal id="FunctionClock" signal="CKIL_SYNC_CLK_ROOT" description="Function Clock"/>
    </peripheral_component>
    <peripheral_component id="DCDC" component="DCDC" name="DCDC">
      <input_signal id="BusInterfaceClock" signal="IPG_CLK_ROOT" description="Bus Interface Clock"/>
    </peripheral_component>
    <peripheral_component id="DCP" component="DCP" name="DCP">
      <input_signal id="BusInterfaceClock" signal="IPG_CLK_ROOT" description="Bus Interface Clock"/>
    </peripheral_component>
    <peripheral_component id="DMA0" component="EDMA" name="DMA0">
      <input_signal id="BusInterfaceClock" signal="IPG_CLK_ROOT" description="Bus Interface Clock"/>
    </peripheral_component>
    <peripheral_component id="DMAMUX" component="DMAMUX" name="DMAMUX">
      <input_signal id="BusInterfaceClock" signal="IPG_CLK_ROOT" description="Bus Interface Clock"/>
    </peripheral_component>
    <peripheral_component id="ENC1" component="ENC" name="ENC1">
      <input_signal id="BusInterfaceClock" signal="IPG_CLK_ROOT" description="Bus Interface Clock"/>
    </peripheral_component>
    <peripheral_component id="ENC2" component="ENC" name="ENC2">
      <input_signal id="BusInterfaceClock" signal="IPG_CLK_ROOT" description="Bus Interface Clock"/>
    </peripheral_component>
    <peripheral_component id="ENET" component="ENET" name="ENET">
      <input_signal id="BusInterfaceClock" signal="IPG_CLK_ROOT" description="Bus Interface Clock"/>
      <input_signal id="RMIIClock" signal="ENET_25M_REF_CLK" description="Enet 25 MHz Reference Clock"/>
      <input_signal id="IEEE1588Clock" signal="ENET_125M_CLK" description="ENET 125 MHz Clock"/>
      <input_signal id="EnetTxClock" signal="ENET1_TX_CLK" description="ENET Tx reference clock"/>
    </peripheral_component>
    <peripheral_component id="EWM" component="EWM" name="EWM">
      <input_signal id="BusInterfaceClock" signal="IPG_CLK_ROOT" description="Bus Interface Clock"/>
      <input_signal id="LPO" signal="CKIL_SYNC_CLK_ROOT" description="LPO Clock"/>
      <input_signal id="LPO1" signal="CLK_1M" description="LPO 1 Clock"/>
      <no_signal id="LPO2" description="LPO 2 Clock"/>
      <no_signal id="LPO3" description="LPO 3 Clock"/>
    </peripheral_component>
    <peripheral_component id="FLEXIO1" component="FLEXIO" name="FLEXIO1">
      <input_signal id="BusInterfaceClock" signal="IPG_CLK_ROOT" description="Bus Interface Clock"/>
      <input_signal id="FlexIoClock" signal="FLEXIO1_CLK_ROOT" description="FlexIO Clock"/>
    </peripheral_component>
    <peripheral_component id="FLEXRAM" component="FLEXRAM" name="FLEXRAM">
      <input_signal id="BusInterfaceClock" signal="IPG_CLK_ROOT" description="Bus Interface Clock"/>
      <input_signal id="AxiClock" signal="IPG_CLK_ROOT" description="AXI Bus Clock"/>
      <input_signal id="CoreClock" signal="AHB_CLK_ROOT" description="Core Clock"/>
    </peripheral_component>
    <peripheral_component id="FLEXSPI" component="FLEXSPI" name="FLEXSPI">
      <input_signal id="BusInterfaceClock" signal="IPG_CLK_ROOT" description="Bus Interface Clock"/>
      <input_signal id="FlexSpiClock" signal="FLEXSPI_CLK_ROOT" description="FlexSPI Clock"/>
      <input_signal id="AHBClock" signal="AHB_CLK_ROOT" description="AHB Clock"/>
    </peripheral_component>
    <peripheral_component id="GPC" component="GPC" name="GPC">
      <input_signal id="BusInterfaceClock" signal="IPG_CLK_ROOT" description="Bus Interface Clock"/>
    </peripheral_component>
    <peripheral_component id="GPIO1" component="IGPIO" name="GPIO1">
      <input_signal id="BusInterfaceClock" signal="IPG_CLK_ROOT" description="Bus Interface Clock"/>
    </peripheral_component>
    <peripheral_component id="GPIO2" component="IGPIO" name="GPIO2">
      <input_signal id="BusInterfaceClock" signal="IPG_CLK_ROOT" description="Bus Interface Clock"/>
    </peripheral_component>
    <peripheral_component id="GPIO3" component="IGPIO" name="GPIO3">
      <input_signal id="BusInterfaceClock" signal="IPG_CLK_ROOT" description="Bus Interface Clock"/>
    </peripheral_component>
    <peripheral_component id="GPIO5" component="IGPIO" name="GPIO5">
      <input_signal id="BusInterfaceClock" signal="IPG_CLK_ROOT" description="Bus Interface Clock"/>
    </peripheral_component>
    <peripheral_component id="GPT1" component="GPT" name="GPT1">
      <input_signal id="BusInterfaceClock" signal="PERCLK_CLK_ROOT" description="Bus Interface Clock"/>
      <input_signal id="HighFreqClock" signal="GPT1_ipg_clk_highfreq" description="High-frequency Reference Clock"/>
      <pin_signal id="ExternalClock" signal="gpt_clk" description="External Clock">
        <pins_tool_ref signal_id="CLK" signal_unified_id="gpt_clk" description="CLK"/>
      </pin_signal>
      <input_signal id="LowFreqClock" signal="CKIL_SYNC_CLK_ROOT" description="Low-frequency Reference Clock"/>
      <input_signal id="CrystalOscClock" signal="CLK_24M" description="Crystal Oscillator Clock"/>
    </peripheral_component>
    <peripheral_component id="GPT2" component="GPT" name="GPT2">
      <input_signal id="BusInterfaceClock" signal="PERCLK_CLK_ROOT" description="Bus Interface Clock"/>
      <input_signal id="HighFreqClock" signal="GPT2_ipg_clk_highfreq" description="High-frequency Reference Clock"/>
      <pin_signal id="ExternalClock" signal="gpt_clk" description="External Clock">
        <pins_tool_ref signal_id="CLK" signal_unified_id="gpt_clk" description="CLK"/>
      </pin_signal>
      <input_signal id="LowFreqClock" signal="CKIL_SYNC_CLK_ROOT" description="Low-frequency Reference Clock"/>
      <input_signal id="CrystalOscClock" signal="CLK_24M" description="Crystal Oscillator Clock"/>
    </peripheral_component>
    <peripheral_component id="IOMUXC" component="IOMUXC" name="IOMUXC">
      <input_signal id="BusInterfaceClock" signal="IPG_CLK_ROOT" description="Bus Interface Clock"/>
    </peripheral_component>
    <peripheral_component id="KPP" component="KPP" name="KPP">
      <input_signal id="BusInterfaceClock" signal="IPG_CLK_ROOT" description="Bus Interface Clock"/>
      <input_signal id="LowFreqClock" signal="CKIL_SYNC_CLK_ROOT" description="Low-frequency Reference Clock"/>
    </peripheral_component>
    <peripheral_component id="LPI2C1" component="LPI2C" name="LPI2C1">
      <input_signal id="BusInterfaceClock" signal="IPG_CLK_ROOT" description="Bus Interface Clock"/>
      <input_signal id="Lpi2cClock" signal="LPI2C_CLK_ROOT" description="LPI2C Clock"/>
    </peripheral_component>
    <peripheral_component id="LPI2C2" component="LPI2C" name="LPI2C2">
      <input_signal id="BusInterfaceClock" signal="IPG_CLK_ROOT" description="Bus Interface Clock"/>
      <input_signal id="Lpi2cClock" signal="LPI2C_CLK_ROOT" description="LPI2C Clock"/>
    </peripheral_component>
    <peripheral_component id="LPI2C3" component="LPI2C" name="LPI2C3">
      <input_signal id="BusInterfaceClock" signal="IPG_CLK_ROOT" description="Bus Interface Clock"/>
      <input_signal id="Lpi2cClock" signal="LPI2C_CLK_ROOT" description="LPI2C Clock"/>
    </peripheral_component>
    <peripheral_component id="LPI2C4" component="LPI2C" name="LPI2C4">
      <input_signal id="BusInterfaceClock" signal="IPG_CLK_ROOT" description="Bus Interface Clock"/>
      <input_signal id="Lpi2cClock" signal="LPI2C_CLK_ROOT" description="LPI2C Clock"/>
    </peripheral_component>
    <peripheral_component id="LPSPI1" component="LPSPI" name="LPSPI1">
      <input_signal id="BusInterfaceClock" signal="IPG_CLK_ROOT" description="Bus Interface Clock"/>
      <input_signal id="LpspiClock" signal="LPSPI_CLK_ROOT" description="LPSPI Clock"/>
    </peripheral_component>
    <peripheral_component id="LPSPI2" component="LPSPI" name="LPSPI2">
      <input_signal id="BusInterfaceClock" signal="IPG_CLK_ROOT" description="Bus Interface Clock"/>
      <input_signal id="LpspiClock" signal="LPSPI_CLK_ROOT" description="LPSPI Clock"/>
    </peripheral_component>
    <peripheral_component id="LPSPI3" component="LPSPI" name="LPSPI3">
      <input_signal id="BusInterfaceClock" signal="IPG_CLK_ROOT" description="Bus Interface Clock"/>
      <input_signal id="LpspiClock" signal="LPSPI_CLK_ROOT" description="LPSPI Clock"/>
    </peripheral_component>
    <peripheral_component id="LPSPI4" component="LPSPI" name="LPSPI4">
      <input_signal id="BusInterfaceClock" signal="IPG_CLK_ROOT" description="Bus Interface Clock"/>
      <input_signal id="LpspiClock" signal="LPSPI_CLK_ROOT" description="LPSPI Clock"/>
    </peripheral_component>
    <peripheral_component id="LPUART1" component="LPUART" name="LPUART1">
      <input_signal id="BusInterfaceClock" signal="IPG_CLK_ROOT" description="Bus Interface Clock"/>
      <input_signal id="LpuartClock" signal="UART_CLK_ROOT" description="LPUART Clock"/>
    </peripheral_component>
    <peripheral_component id="LPUART2" component="LPUART" name="LPUART2">
      <input_signal id="BusInterfaceClock" signal="IPG_CLK_ROOT" description="Bus Interface Clock"/>
      <input_signal id="LpuartClock" signal="UART_CLK_ROOT" description="LPUART Clock"/>
    </peripheral_component>
    <peripheral_component id="LPUART3" component="LPUART" name="LPUART3">
      <input_signal id="BusInterfaceClock" signal="IPG_CLK_ROOT" description="Bus Interface Clock"/>
      <input_signal id="LpuartClock" signal="UART_CLK_ROOT" description="LPUART Clock"/>
    </peripheral_component>
    <peripheral_component id="LPUART4" component="LPUART" name="LPUART4">
      <input_signal id="BusInterfaceClock" signal="IPG_CLK_ROOT" description="Bus Interface Clock"/>
      <input_signal id="LpuartClock" signal="UART_CLK_ROOT" description="LPUART Clock"/>
    </peripheral_component>
    <peripheral_component id="LPUART5" component="LPUART" name="LPUART5">
      <input_signal id="BusInterfaceClock" signal="IPG_CLK_ROOT" description="Bus Interface Clock"/>
      <input_signal id="LpuartClock" signal="UART_CLK_ROOT" description="LPUART Clock"/>
    </peripheral_component>
    <peripheral_component id="LPUART6" component="LPUART" name="LPUART6">
      <input_signal id="BusInterfaceClock" signal="IPG_CLK_ROOT" description="Bus Interface Clock"/>
      <input_signal id="LpuartClock" signal="UART_CLK_ROOT" description="LPUART Clock"/>
    </peripheral_component>
    <peripheral_component id="LPUART7" component="LPUART" name="LPUART7">
      <input_signal id="BusInterfaceClock" signal="IPG_CLK_ROOT" description="Bus Interface Clock"/>
      <input_signal id="LpuartClock" signal="UART_CLK_ROOT" description="LPUART Clock"/>
    </peripheral_component>
    <peripheral_component id="LPUART8" component="LPUART" name="LPUART8">
      <input_signal id="BusInterfaceClock" signal="IPG_CLK_ROOT" description="Bus Interface Clock"/>
      <input_signal id="LpuartClock" signal="UART_CLK_ROOT" description="LPUART Clock"/>
    </peripheral_component>
    <peripheral_component id="NVIC" component="interrupt" name="NVIC">
      <input_signal id="BusInterfaceClock" signal="IPG_CLK_ROOT" description="Bus Interface Clock"/>
    </peripheral_component>
    <peripheral_component id="OCOTP" component="OCOTP" name="OCOTP">
      <input_signal id="BusInterfaceClock" signal="IPG_CLK_ROOT" description="Bus Interface Clock"/>
    </peripheral_component>
    <peripheral_component id="PIT" component="PIT" name="PIT">
      <input_signal id="BusInterfaceClock" signal="PERCLK_CLK_ROOT" description="Bus Interface Clock"/>
      <input_signal id="LowFreqClock" signal="CKIL_SYNC_CLK_ROOT" description="Low-frequency Clock"/>
    </peripheral_component>
    <peripheral_component id="PWM1" component="PWM" name="PWM1">
      <input_signal id="BusInterfaceClock_b00" signal="IPG_CLK_ROOT" description="Bus Interface Clock"/>
      <pin_signal id="ExternalClock_b01" signal="pwm_ext_clk" description="External Clock">
        <pins_tool_ref signal_id="EXT_CLK" signal_unified_id="pwm_ext_clk" description="External clock input"/>
      </pin_signal>
      <peripheral_signal id="AUXClock_b10" description="AUX Clock (from submodule 0)"/>
    </peripheral_component>
    <peripheral_component id="PWM2" component="PWM" name="PWM2">
      <input_signal id="BusInterfaceClock_b00" signal="IPG_CLK_ROOT" description="Bus Interface Clock"/>
      <pin_signal id="ExternalClock_b01" signal="pwm_ext_clk" description="External Clock">
        <pins_tool_ref signal_id="EXT_CLK" signal_unified_id="pwm_ext_clk" description="External clock input"/>
      </pin_signal>
      <peripheral_signal id="AUXClock_b10" description="AUX Clock (from submodule 0)"/>
    </peripheral_component>
    <peripheral_component id="RTWDOG" component="RTWDOG" name="RTWDOG">
      <input_signal id="BusInterfaceClock" signal="IPG_CLK_ROOT" description="Bus Interface Clock"/>
      <input_signal id="InternalClock" signal="CKIL_SYNC_CLK_ROOT" description="Internal Oscillator Clock"/>
      <input_signal id="ExternalClock" signal="CLK_1M" description="External Clock"/>
      <input_signal id="LPO" signal="CKIL_SYNC_CLK_ROOT" description="Low Power Oscillator"/>
    </peripheral_component>
    <peripheral_component id="SAI1" component="SAI" name="SAI1">
      <input_signal id="BusInterfaceClock" signal="IPG_CLK_ROOT" description="Bus Interface Clock"/>
      <no_signal id="MCLK_input_0" description="Master Clock Input 0"/>
      <no_signal id="MCLK_input_1" description="Master Clock Input 1"/>
      <no_signal id="MCLK_input_2" description="Master Clock Input 2"/>
      <no_signal id="MCLK_input_3" description="Master Clock Input 3"/>
      <input_signal id="MCLK0" signal="IPG_CLK_ROOT" description="Master Clock 0"/>
      <input_signal id="MCLK1" signal="SAI1_MCLK1" description="Master Clock 1"/>
      <input_signal id="MCLK2" signal="SAI1_MCLK2" description="Master Clock 2"/>
      <input_signal id="MCLK3" signal="SAI1_MCLK3" description="Master Clock 3"/>
    </peripheral_component>
    <peripheral_component id="SAI2" component="SAI" name="SAI2">
      <input_signal id="BusInterfaceClock" signal="IPG_CLK_ROOT" description="Bus Interface Clock"/>
      <no_signal id="MCLK_input_0" description="Master Clock Input 0"/>
      <no_signal id="MCLK_input_1" description="Master Clock Input 1"/>
      <no_signal id="MCLK_input_2" description="Master Clock Input 2"/>
      <no_signal id="MCLK_input_3" description="Master Clock Input 3"/>
      <input_signal id="MCLK0" signal="IPG_CLK_ROOT" description="Master Clock 0"/>
      <input_signal id="MCLK1" signal="SAI2_MCLK1" description="Master Clock 1"/>
      <input_signal id="MCLK2" signal="SAI2_MCLK2" description="Master Clock 2"/>
      <input_signal id="MCLK3" signal="SAI2_MCLK3" description="Master Clock 3"/>
    </peripheral_component>
    <peripheral_component id="SAI3" component="SAI" name="SAI3">
      <input_signal id="BusInterfaceClock" signal="IPG_CLK_ROOT" description="Bus Interface Clock"/>
      <no_signal id="MCLK_input_0" description="Master Clock Input 0"/>
      <no_signal id="MCLK_input_1" description="Master Clock Input 1"/>
      <no_signal id="MCLK_input_2" description="Master Clock Input 2"/>
      <no_signal id="MCLK_input_3" description="Master Clock Input 3"/>
      <input_signal id="MCLK0" signal="IPG_CLK_ROOT" description="Master Clock 0"/>
      <input_signal id="MCLK1" signal="SAI3_MCLK1" description="Master Clock 1"/>
      <input_signal id="MCLK2" signal="SAI3_MCLK2" description="Master Clock 2"/>
      <input_signal id="MCLK3" signal="SAI3_MCLK3" description="Master Clock 3"/>
    </peripheral_component>
    <peripheral_component id="SEMC" component="SEMC" name="SEMC">
      <input_signal id="BusInterfaceClock" signal="SEMC_CLK_ROOT" description="Bus Interface Clock"/>
    </peripheral_component>
    <peripheral_component id="SNVS" component="SNVS" name="SNVS">
      <input_signal id="BusInterfaceClock" signal="IPG_CLK_ROOT" description="Bus Interface Clock"/>
      <input_signal id="LowFreqClock" signal="CKIL_SYNC_CLK_ROOT" description="Low-frequency Clock"/>
    </peripheral_component>
    <peripheral_component id="SPDIF" component="SPDIF" name="SPDIF">
      <input_signal id="BusInterfaceClock" signal="IPG_CLK_ROOT" description="Bus Interface Clock"/>
      <input_signal id="SpdifClock" signal="SPDIF0_CLK_ROOT" description="SPDIF Clock"/>
      <input_signal id="ExternalClock" signal="SPDIF0_EXTCLK_OUT" description="External Tx Clock"/>
      <input_signal id="LowFreqClock" signal="CKIL_SYNC_CLK_ROOT" description="Low-frequency Reference Clock"/>
    </peripheral_component>
    <peripheral_component id="SRC" component="SRC" name="SRC">
      <input_signal id="BusInterfaceClock" signal="IPG_CLK_ROOT" description="Bus Interface Clock"/>
    </peripheral_component>
    <peripheral_component id="TEMPMON" component="TEMPMON" name="TEMPMON">
      <input_signal id="BusInterfaceClock" signal="IPG_CLK_ROOT" description="Bus Interface Clock"/>
      <input_signal id="FunctionClock" signal="USBPHY1_CLK" description="USB 1 PLL Clock"/>
      <input_signal id="LowFreqClock" signal="CKIL_SYNC_CLK_ROOT" description="Low-frequency Clock"/>
    </peripheral_component>
    <peripheral_component id="TMR1" component="TMR" name="TMR1">
      <input_signal id="BusInterfaceClock" signal="IPG_CLK_ROOT" description="Bus Interface Clock"/>
    </peripheral_component>
    <peripheral_component id="TMR2" component="TMR" name="TMR2">
      <input_signal id="BusInterfaceClock" signal="IPG_CLK_ROOT" description="Bus Interface Clock"/>
    </peripheral_component>
    <peripheral_component id="TRNG" component="TRNG" name="TRNG">
      <input_signal id="BusInterfaceClock" signal="IPG_CLK_ROOT" description="Bus Interface Clock"/>
    </peripheral_component>
    <peripheral_component id="USB" component="USBHS" name="USB">
      <input_signal id="BusInterfaceClock" signal="IPG_CLK_ROOT" description="Bus Interface Clock"/>
      <input_signal id="FunctionClock" signal="USBPHY1_CLK" description="USB Function Clock"/>
      <input_signal id="LowFreqClock" signal="CKIL_SYNC_CLK_ROOT" description="Low-frequency Clock"/>
    </peripheral_component>
    <peripheral_component id="USDHC1" component="USDHC" name="USDHC1">
      <input_signal id="BusInterfaceClock" signal="IPG_CLK_ROOT" description="Bus Interface Clock"/>
      <input_signal id="UsdhcClock" signal="USDHC1_CLK_ROOT" description="uSDHC Clock"/>
    </peripheral_component>
    <peripheral_component id="USDHC2" component="USDHC" name="USDHC2">
      <input_signal id="BusInterfaceClock" signal="IPG_CLK_ROOT" description="Bus Interface Clock"/>
      <input_signal id="UsdhcClock" signal="USDHC2_CLK_ROOT" description="uSDHC Clock"/>
    </peripheral_component>
    <peripheral_component id="WDOG1" component="WDOG" name="WDOG1">
      <input_signal id="BusInterfaceClock" signal="IPG_CLK_ROOT" description="Bus Interface Clock"/>
      <input_signal id="LowFreqClock" signal="CKIL_SYNC_CLK_ROOT" description="Low-frequency Reference Clock"/>
    </peripheral_component>
    <peripheral_component id="WDOG2" component="WDOG" name="WDOG2">
      <input_signal id="BusInterfaceClock" signal="IPG_CLK_ROOT" description="Bus Interface Clock"/>
      <input_signal id="LowFreqClock" signal="CKIL_SYNC_CLK_ROOT" description="Low-frequency Reference Clock"/>
    </peripheral_component>
    <peripheral_component id="XBARA" component="XBARA" name="XBARA">
      <input_signal id="BusInterfaceClock" signal="IPG_CLK_ROOT" description="Bus Interface Clock"/>
    </peripheral_component>
    <peripheral_component id="XBARB" component="XBARB" name="XBARB">
      <input_signal id="BusInterfaceClock" signal="IPG_CLK_ROOT" description="Bus Interface Clock"/>
    </peripheral_component>
  </implementation>
</clocks:component>