<?xml version="1.0"?>
<peripheralModelInfo:peripherals_model_info xsi:schemaLocation="http://swtools.freescale.net/Pins/PeripheralsModelInfo.xsd http://swtools.freescale.net/XSD/pinsModel/5.0/PeripheralsModelInfo.xsd" xmlns:peripheralModelInfo="http://swtools.freescale.net/Pins/PeripheralsModelInfo.xsd" xmlns:xsi="http://www.w3.org/2001/XMLSchema-instance">
  <configuration_sequence>
    <configuration_step id="init_DMAMUX" peripheral="DMAMUX"/>
    <configuration_step id="init_GPIO1" peripheral="GPIO1"/>
    <configuration_step id="init_GPIO2" peripheral="GPIO2"/>
    <configuration_step id="init_GPIO3" peripheral="GPIO3"/>
    <configuration_step id="init_GPIO5" peripheral="GPIO5"/>
    <configuration_step id="init_IOMUXC" peripheral="IOMUXC"/>
    <configuration_step id="init_IOMUXC_GPR" peripheral="IOMUXC_GPR"/>
    <configuration_step id="init_IOMUXC_SNVS" peripheral="IOMUXC_SNVS"/>
    <configuration_step id="init_XBARA" peripheral="XBARA"/>
    <configuration_step id="init_XBARB" peripheral="XBARB"/>
  </configuration_sequence>
</peripheralModelInfo:peripherals_model_info>