<?xml version="1.0"?>
<regs:peripheral xmlns:regs="http://swtools.freescale.net/XSD/registers/4.0/regsPeripheral.xsd" xmlns:xsi="http://www.w3.org/2001/XMLSchema-instance" xsi:schemaLocation="http://swtools.freescale.net/XSD/registers/4.0/regsPeripheral.xsd http://swtools.freescale.net/XSD/registers/4.0/regsPeripheral.xsd">
  <register offset="0" width="32" name="HC0" description="Control register for hardware triggers">
    <alias type="CMSIS" value="HC[0]"/>
    <bit_field offset="0" width="5" name="ADCH" access="RW" reset_value="0x1F" description="Input Channel Select">
      <alias type="CMSIS" value="ADC_HC_ADCH(x)"/>
      <bit_field_value name="HC_ADCH_0b10000" value="0b10000" description="External channel selection from ADC_ETC"/>
      <bit_field_value name="HC_ADCH_0b11000" value="0b11000" description="Reserved."/>
      <bit_field_value name="HC_ADCH_0b11001" value="0b11001" description="VREFSH = internal channel, for ADC self-test, hard connected to VRH internally"/>
      <bit_field_value name="HC_ADCH_0b11010" value="0b11010" description="Reserved."/>
      <bit_field_value name="HC_ADCH_0b11011" value="0b11011" description="Reserved."/>
      <bit_field_value name="HC_ADCH_0b11111" value="0b11111" description="Conversion Disabled. Hardware Triggers will not initiate any conversion."/>
    </bit_field>
    <reserved_bit_field offset="5" width="2" reset_value="0"/>
    <bit_field offset="7" width="1" name="AIEN" access="RW" reset_value="0" description="Conversion Complete Interrupt Enable/Disable Control">
      <alias type="CMSIS" value="ADC_HC_AIEN(x)"/>
      <bit_field_value name="HC_AIEN_0b0" value="0b0" description="Conversion complete interrupt disabled"/>
      <bit_field_value name="HC_AIEN_0b1" value="0b1" description="Conversion complete interrupt enabled"/>
    </bit_field>
    <reserved_bit_field offset="8" width="24" reset_value="0"/>
  </register>
  <register offset="0x4" width="32" name="HC1" description="Control register for hardware triggers">
    <alias type="CMSIS" value="HC[1]"/>
    <bit_field offset="0" width="5" name="ADCH" access="RW" reset_value="0x1F" description="Input Channel Select">
      <alias type="CMSIS" value="ADC_HC_ADCH(x)"/>
      <bit_field_value name="HC_ADCH_0b10000" value="0b10000" description="External channel selection from ADC_ETC"/>
      <bit_field_value name="HC_ADCH_0b11000" value="0b11000" description="Reserved."/>
      <bit_field_value name="HC_ADCH_0b11001" value="0b11001" description="VREFSH = internal channel, for ADC self-test, hard connected to VRH internally"/>
      <bit_field_value name="HC_ADCH_0b11010" value="0b11010" description="Reserved."/>
      <bit_field_value name="HC_ADCH_0b11011" value="0b11011" description="Reserved."/>
      <bit_field_value name="HC_ADCH_0b11111" value="0b11111" description="Conversion Disabled. Hardware Triggers will not initiate any conversion."/>
    </bit_field>
    <reserved_bit_field offset="5" width="2" reset_value="0"/>
    <bit_field offset="7" width="1" name="AIEN" access="RW" reset_value="0" description="Conversion Complete Interrupt Enable/Disable Control">
      <alias type="CMSIS" value="ADC_HC_AIEN(x)"/>
      <bit_field_value name="HC_AIEN_0b0" value="0b0" description="Conversion complete interrupt disabled"/>
      <bit_field_value name="HC_AIEN_0b1" value="0b1" description="Conversion complete interrupt enabled"/>
    </bit_field>
    <reserved_bit_field offset="8" width="24" reset_value="0"/>
  </register>
  <register offset="0x8" width="32" name="HC2" description="Control register for hardware triggers">
    <alias type="CMSIS" value="HC[2]"/>
    <bit_field offset="0" width="5" name="ADCH" access="RW" reset_value="0x1F" description="Input Channel Select">
      <alias type="CMSIS" value="ADC_HC_ADCH(x)"/>
      <bit_field_value name="HC_ADCH_0b10000" value="0b10000" description="External channel selection from ADC_ETC"/>
      <bit_field_value name="HC_ADCH_0b11000" value="0b11000" description="Reserved."/>
      <bit_field_value name="HC_ADCH_0b11001" value="0b11001" description="VREFSH = internal channel, for ADC self-test, hard connected to VRH internally"/>
      <bit_field_value name="HC_ADCH_0b11010" value="0b11010" description="Reserved."/>
      <bit_field_value name="HC_ADCH_0b11011" value="0b11011" description="Reserved."/>
      <bit_field_value name="HC_ADCH_0b11111" value="0b11111" description="Conversion Disabled. Hardware Triggers will not initiate any conversion."/>
    </bit_field>
    <reserved_bit_field offset="5" width="2" reset_value="0"/>
    <bit_field offset="7" width="1" name="AIEN" access="RW" reset_value="0" description="Conversion Complete Interrupt Enable/Disable Control">
      <alias type="CMSIS" value="ADC_HC_AIEN(x)"/>
      <bit_field_value name="HC_AIEN_0b0" value="0b0" description="Conversion complete interrupt disabled"/>
      <bit_field_value name="HC_AIEN_0b1" value="0b1" description="Conversion complete interrupt enabled"/>
    </bit_field>
    <reserved_bit_field offset="8" width="24" reset_value="0"/>
  </register>
  <register offset="0xC" width="32" name="HC3" description="Control register for hardware triggers">
    <alias type="CMSIS" value="HC[3]"/>
    <bit_field offset="0" width="5" name="ADCH" access="RW" reset_value="0x1F" description="Input Channel Select">
      <alias type="CMSIS" value="ADC_HC_ADCH(x)"/>
      <bit_field_value name="HC_ADCH_0b10000" value="0b10000" description="External channel selection from ADC_ETC"/>
      <bit_field_value name="HC_ADCH_0b11000" value="0b11000" description="Reserved."/>
      <bit_field_value name="HC_ADCH_0b11001" value="0b11001" description="VREFSH = internal channel, for ADC self-test, hard connected to VRH internally"/>
      <bit_field_value name="HC_ADCH_0b11010" value="0b11010" description="Reserved."/>
      <bit_field_value name="HC_ADCH_0b11011" value="0b11011" description="Reserved."/>
      <bit_field_value name="HC_ADCH_0b11111" value="0b11111" description="Conversion Disabled. Hardware Triggers will not initiate any conversion."/>
    </bit_field>
    <reserved_bit_field offset="5" width="2" reset_value="0"/>
    <bit_field offset="7" width="1" name="AIEN" access="RW" reset_value="0" description="Conversion Complete Interrupt Enable/Disable Control">
      <alias type="CMSIS" value="ADC_HC_AIEN(x)"/>
      <bit_field_value name="HC_AIEN_0b0" value="0b0" description="Conversion complete interrupt disabled"/>
      <bit_field_value name="HC_AIEN_0b1" value="0b1" description="Conversion complete interrupt enabled"/>
    </bit_field>
    <reserved_bit_field offset="8" width="24" reset_value="0"/>
  </register>
  <register offset="0x10" width="32" name="HC4" description="Control register for hardware triggers">
    <alias type="CMSIS" value="HC[4]"/>
    <bit_field offset="0" width="5" name="ADCH" access="RW" reset_value="0x1F" description="Input Channel Select">
      <alias type="CMSIS" value="ADC_HC_ADCH(x)"/>
      <bit_field_value name="HC_ADCH_0b10000" value="0b10000" description="External channel selection from ADC_ETC"/>
      <bit_field_value name="HC_ADCH_0b11000" value="0b11000" description="Reserved."/>
      <bit_field_value name="HC_ADCH_0b11001" value="0b11001" description="VREFSH = internal channel, for ADC self-test, hard connected to VRH internally"/>
      <bit_field_value name="HC_ADCH_0b11010" value="0b11010" description="Reserved."/>
      <bit_field_value name="HC_ADCH_0b11011" value="0b11011" description="Reserved."/>
      <bit_field_value name="HC_ADCH_0b11111" value="0b11111" description="Conversion Disabled. Hardware Triggers will not initiate any conversion."/>
    </bit_field>
    <reserved_bit_field offset="5" width="2" reset_value="0"/>
    <bit_field offset="7" width="1" name="AIEN" access="RW" reset_value="0" description="Conversion Complete Interrupt Enable/Disable Control">
      <alias type="CMSIS" value="ADC_HC_AIEN(x)"/>
      <bit_field_value name="HC_AIEN_0b0" value="0b0" description="Conversion complete interrupt disabled"/>
      <bit_field_value name="HC_AIEN_0b1" value="0b1" description="Conversion complete interrupt enabled"/>
    </bit_field>
    <reserved_bit_field offset="8" width="24" reset_value="0"/>
  </register>
  <register offset="0x14" width="32" name="HC5" description="Control register for hardware triggers">
    <alias type="CMSIS" value="HC[5]"/>
    <bit_field offset="0" width="5" name="ADCH" access="RW" reset_value="0x1F" description="Input Channel Select">
      <alias type="CMSIS" value="ADC_HC_ADCH(x)"/>
      <bit_field_value name="HC_ADCH_0b10000" value="0b10000" description="External channel selection from ADC_ETC"/>
      <bit_field_value name="HC_ADCH_0b11000" value="0b11000" description="Reserved."/>
      <bit_field_value name="HC_ADCH_0b11001" value="0b11001" description="VREFSH = internal channel, for ADC self-test, hard connected to VRH internally"/>
      <bit_field_value name="HC_ADCH_0b11010" value="0b11010" description="Reserved."/>
      <bit_field_value name="HC_ADCH_0b11011" value="0b11011" description="Reserved."/>
      <bit_field_value name="HC_ADCH_0b11111" value="0b11111" description="Conversion Disabled. Hardware Triggers will not initiate any conversion."/>
    </bit_field>
    <reserved_bit_field offset="5" width="2" reset_value="0"/>
    <bit_field offset="7" width="1" name="AIEN" access="RW" reset_value="0" description="Conversion Complete Interrupt Enable/Disable Control">
      <alias type="CMSIS" value="ADC_HC_AIEN(x)"/>
      <bit_field_value name="HC_AIEN_0b0" value="0b0" description="Conversion complete interrupt disabled"/>
      <bit_field_value name="HC_AIEN_0b1" value="0b1" description="Conversion complete interrupt enabled"/>
    </bit_field>
    <reserved_bit_field offset="8" width="24" reset_value="0"/>
  </register>
  <register offset="0x18" width="32" name="HC6" description="Control register for hardware triggers">
    <alias type="CMSIS" value="HC[6]"/>
    <bit_field offset="0" width="5" name="ADCH" access="RW" reset_value="0x1F" description="Input Channel Select">
      <alias type="CMSIS" value="ADC_HC_ADCH(x)"/>
      <bit_field_value name="HC_ADCH_0b10000" value="0b10000" description="External channel selection from ADC_ETC"/>
      <bit_field_value name="HC_ADCH_0b11000" value="0b11000" description="Reserved."/>
      <bit_field_value name="HC_ADCH_0b11001" value="0b11001" description="VREFSH = internal channel, for ADC self-test, hard connected to VRH internally"/>
      <bit_field_value name="HC_ADCH_0b11010" value="0b11010" description="Reserved."/>
      <bit_field_value name="HC_ADCH_0b11011" value="0b11011" description="Reserved."/>
      <bit_field_value name="HC_ADCH_0b11111" value="0b11111" description="Conversion Disabled. Hardware Triggers will not initiate any conversion."/>
    </bit_field>
    <reserved_bit_field offset="5" width="2" reset_value="0"/>
    <bit_field offset="7" width="1" name="AIEN" access="RW" reset_value="0" description="Conversion Complete Interrupt Enable/Disable Control">
      <alias type="CMSIS" value="ADC_HC_AIEN(x)"/>
      <bit_field_value name="HC_AIEN_0b0" value="0b0" description="Conversion complete interrupt disabled"/>
      <bit_field_value name="HC_AIEN_0b1" value="0b1" description="Conversion complete interrupt enabled"/>
    </bit_field>
    <reserved_bit_field offset="8" width="24" reset_value="0"/>
  </register>
  <register offset="0x1C" width="32" name="HC7" description="Control register for hardware triggers">
    <alias type="CMSIS" value="HC[7]"/>
    <bit_field offset="0" width="5" name="ADCH" access="RW" reset_value="0x1F" description="Input Channel Select">
      <alias type="CMSIS" value="ADC_HC_ADCH(x)"/>
      <bit_field_value name="HC_ADCH_0b10000" value="0b10000" description="External channel selection from ADC_ETC"/>
      <bit_field_value name="HC_ADCH_0b11000" value="0b11000" description="Reserved."/>
      <bit_field_value name="HC_ADCH_0b11001" value="0b11001" description="VREFSH = internal channel, for ADC self-test, hard connected to VRH internally"/>
      <bit_field_value name="HC_ADCH_0b11010" value="0b11010" description="Reserved."/>
      <bit_field_value name="HC_ADCH_0b11011" value="0b11011" description="Reserved."/>
      <bit_field_value name="HC_ADCH_0b11111" value="0b11111" description="Conversion Disabled. Hardware Triggers will not initiate any conversion."/>
    </bit_field>
    <reserved_bit_field offset="5" width="2" reset_value="0"/>
    <bit_field offset="7" width="1" name="AIEN" access="RW" reset_value="0" description="Conversion Complete Interrupt Enable/Disable Control">
      <alias type="CMSIS" value="ADC_HC_AIEN(x)"/>
      <bit_field_value name="HC_AIEN_0b0" value="0b0" description="Conversion complete interrupt disabled"/>
      <bit_field_value name="HC_AIEN_0b1" value="0b1" description="Conversion complete interrupt enabled"/>
    </bit_field>
    <reserved_bit_field offset="8" width="24" reset_value="0"/>
  </register>
  <register offset="0x20" width="32" name="HS" description="Status register for HW triggers">
    <alias type="CMSIS" value="HS"/>
    <bit_field offset="0" width="1" name="COCO0" access="RO" reset_value="0" description="Conversion Complete Flag">
      <alias type="CMSIS" value="ADC_HS_COCO0(x)"/>
    </bit_field>
    <bit_field offset="1" width="1" name="COCO1" access="RO" reset_value="0" description="Conversion Complete Flag">
      <alias type="CMSIS" value="ADC_HS_COCO1(x)"/>
    </bit_field>
    <bit_field offset="2" width="1" name="COCO2" access="RO" reset_value="0" description="See description for COCO1.">
      <alias type="CMSIS" value="ADC_HS_COCO2(x)"/>
    </bit_field>
    <bit_field offset="3" width="1" name="COCO3" access="RO" reset_value="0" description="See description for COCO1.">
      <alias type="CMSIS" value="ADC_HS_COCO3(x)"/>
    </bit_field>
    <bit_field offset="4" width="1" name="COCO4" access="RO" reset_value="0" description="See description for COCO1.">
      <alias type="CMSIS" value="ADC_HS_COCO4(x)"/>
    </bit_field>
    <bit_field offset="5" width="1" name="COCO5" access="RO" reset_value="0" description="See description for COCO1.">
      <alias type="CMSIS" value="ADC_HS_COCO5(x)"/>
    </bit_field>
    <bit_field offset="6" width="1" name="COCO6" access="RO" reset_value="0" description="See description for COCO1.">
      <alias type="CMSIS" value="ADC_HS_COCO6(x)"/>
    </bit_field>
    <bit_field offset="7" width="1" name="COCO7" access="RO" reset_value="0" description="See description for COCO1.">
      <alias type="CMSIS" value="ADC_HS_COCO7(x)"/>
    </bit_field>
    <reserved_bit_field offset="8" width="24" reset_value="0"/>
  </register>
  <register offset="0x24" width="32" name="R0" description="Data result register for HW triggers">
    <alias type="CMSIS" value="R[0]"/>
    <bit_field offset="0" width="12" name="CDATA" access="RO" reset_value="0" description="Data (result of an ADC conversion)">
      <alias type="CMSIS" value="ADC_R_CDATA(x)"/>
    </bit_field>
    <reserved_bit_field offset="12" width="20" reset_value="0"/>
  </register>
  <register offset="0x28" width="32" name="R1" description="Data result register for HW triggers">
    <alias type="CMSIS" value="R[1]"/>
    <bit_field offset="0" width="12" name="CDATA" access="RO" reset_value="0" description="Data (result of an ADC conversion)">
      <alias type="CMSIS" value="ADC_R_CDATA(x)"/>
    </bit_field>
    <reserved_bit_field offset="12" width="20" reset_value="0"/>
  </register>
  <register offset="0x2C" width="32" name="R2" description="Data result register for HW triggers">
    <alias type="CMSIS" value="R[2]"/>
    <bit_field offset="0" width="12" name="CDATA" access="RO" reset_value="0" description="Data (result of an ADC conversion)">
      <alias type="CMSIS" value="ADC_R_CDATA(x)"/>
    </bit_field>
    <reserved_bit_field offset="12" width="20" reset_value="0"/>
  </register>
  <register offset="0x30" width="32" name="R3" description="Data result register for HW triggers">
    <alias type="CMSIS" value="R[3]"/>
    <bit_field offset="0" width="12" name="CDATA" access="RO" reset_value="0" description="Data (result of an ADC conversion)">
      <alias type="CMSIS" value="ADC_R_CDATA(x)"/>
    </bit_field>
    <reserved_bit_field offset="12" width="20" reset_value="0"/>
  </register>
  <register offset="0x34" width="32" name="R4" description="Data result register for HW triggers">
    <alias type="CMSIS" value="R[4]"/>
    <bit_field offset="0" width="12" name="CDATA" access="RO" reset_value="0" description="Data (result of an ADC conversion)">
      <alias type="CMSIS" value="ADC_R_CDATA(x)"/>
    </bit_field>
    <reserved_bit_field offset="12" width="20" reset_value="0"/>
  </register>
  <register offset="0x38" width="32" name="R5" description="Data result register for HW triggers">
    <alias type="CMSIS" value="R[5]"/>
    <bit_field offset="0" width="12" name="CDATA" access="RO" reset_value="0" description="Data (result of an ADC conversion)">
      <alias type="CMSIS" value="ADC_R_CDATA(x)"/>
    </bit_field>
    <reserved_bit_field offset="12" width="20" reset_value="0"/>
  </register>
  <register offset="0x3C" width="32" name="R6" description="Data result register for HW triggers">
    <alias type="CMSIS" value="R[6]"/>
    <bit_field offset="0" width="12" name="CDATA" access="RO" reset_value="0" description="Data (result of an ADC conversion)">
      <alias type="CMSIS" value="ADC_R_CDATA(x)"/>
    </bit_field>
    <reserved_bit_field offset="12" width="20" reset_value="0"/>
  </register>
  <register offset="0x40" width="32" name="R7" description="Data result register for HW triggers">
    <alias type="CMSIS" value="R[7]"/>
    <bit_field offset="0" width="12" name="CDATA" access="RO" reset_value="0" description="Data (result of an ADC conversion)">
      <alias type="CMSIS" value="ADC_R_CDATA(x)"/>
    </bit_field>
    <reserved_bit_field offset="12" width="20" reset_value="0"/>
  </register>
  <register offset="0x44" width="32" name="CFG" description="Configuration register">
    <alias type="CMSIS" value="CFG"/>
    <bit_field offset="0" width="2" name="ADICLK" access="RW" reset_value="0" description="Input Clock Select">
      <alias type="CMSIS" value="ADC_CFG_ADICLK(x)"/>
      <bit_field_value name="CFG_ADICLK_0b00" value="0b00" description="IPG clock"/>
      <bit_field_value name="CFG_ADICLK_0b01" value="0b01" description="IPG clock divided by 2"/>
      <bit_field_value name="CFG_ADICLK_0b10" value="0b10" description="Reserved"/>
      <bit_field_value name="CFG_ADICLK_0b11" value="0b11" description="Asynchronous clock (ADACK)"/>
    </bit_field>
    <bit_field offset="2" width="2" name="MODE" access="RW" reset_value="0" description="Conversion Mode Selection">
      <alias type="CMSIS" value="ADC_CFG_MODE(x)"/>
      <bit_field_value name="CFG_MODE_0b00" value="0b00" description="8-bit conversion"/>
      <bit_field_value name="CFG_MODE_0b01" value="0b01" description="10-bit conversion"/>
      <bit_field_value name="CFG_MODE_0b10" value="0b10" description="12-bit conversion"/>
      <bit_field_value name="CFG_MODE_0b11" value="0b11" description="Reserved"/>
    </bit_field>
    <bit_field offset="4" width="1" name="ADLSMP" access="RW" reset_value="0" description="Long Sample Time Configuration">
      <alias type="CMSIS" value="ADC_CFG_ADLSMP(x)"/>
      <bit_field_value name="CFG_ADLSMP_0b0" value="0b0" description="Short sample mode."/>
      <bit_field_value name="CFG_ADLSMP_0b1" value="0b1" description="Long sample mode."/>
    </bit_field>
    <bit_field offset="5" width="2" name="ADIV" access="RW" reset_value="0" description="Clock Divide Select">
      <alias type="CMSIS" value="ADC_CFG_ADIV(x)"/>
      <bit_field_value name="CFG_ADIV_0b00" value="0b00" description="Input clock"/>
      <bit_field_value name="CFG_ADIV_0b01" value="0b01" description="Input clock / 2"/>
      <bit_field_value name="CFG_ADIV_0b10" value="0b10" description="Input clock / 4"/>
      <bit_field_value name="CFG_ADIV_0b11" value="0b11" description="Input clock / 8"/>
    </bit_field>
    <bit_field offset="7" width="1" name="ADLPC" access="RW" reset_value="0" description="Low-Power Configuration">
      <alias type="CMSIS" value="ADC_CFG_ADLPC(x)"/>
      <bit_field_value name="CFG_ADLPC_0b0" value="0b0" description="ADC hard block not in low power mode."/>
      <bit_field_value name="CFG_ADLPC_0b1" value="0b1" description="ADC hard block in low power mode."/>
    </bit_field>
    <bit_field offset="8" width="2" name="ADSTS" access="RW" reset_value="0x2" description="Defines the total sample time duration in number of full cycles. This has two modes, short and long. When long sample time is selected (ADLSMP=1) this works for long sample time otherwise this works for short sample. This allows higher impedance inputs to be accurately sampled or to maximize conversion speed for lower impedance inputs. Longer sample times can also be used to lower overall power consumption when continuous conversions are enabled if high conversion rates are not required. The actual sampling of capacitors happens 1/2 cycle less than the above values to prevent leakage of charge during switching from sample to conversion phase for better accuracy.">
      <alias type="CMSIS" value="ADC_CFG_ADSTS(x)"/>
      <bit_field_value name="CFG_ADSTS_0b00" value="0b00" description="Sample period (ADC clocks) = 3 if ADLSMP=0b Sample period (ADC clocks) = 13 if ADLSMP=1b"/>
      <bit_field_value name="CFG_ADSTS_0b01" value="0b01" description="Sample period (ADC clocks) = 5 if ADLSMP=0b Sample period (ADC clocks) = 17 if ADLSMP=1b"/>
      <bit_field_value name="CFG_ADSTS_0b10" value="0b10" description="Sample period (ADC clocks) = 7 if ADLSMP=0b Sample period (ADC clocks) = 21 if ADLSMP=1b"/>
      <bit_field_value name="CFG_ADSTS_0b11" value="0b11" description="Sample period (ADC clocks) = 9 if ADLSMP=0b Sample period (ADC clocks) = 25 if ADLSMP=1b"/>
    </bit_field>
    <bit_field offset="10" width="1" name="ADHSC" access="RW" reset_value="0" description="High Speed Configuration">
      <alias type="CMSIS" value="ADC_CFG_ADHSC(x)"/>
      <bit_field_value name="CFG_ADHSC_0b0" value="0b0" description="Normal conversion selected."/>
      <bit_field_value name="CFG_ADHSC_0b1" value="0b1" description="High speed conversion selected."/>
    </bit_field>
    <bit_field offset="11" width="2" name="REFSEL" access="RW" reset_value="0" description="Voltage Reference Selection">
      <alias type="CMSIS" value="ADC_CFG_REFSEL(x)"/>
      <bit_field_value name="CFG_REFSEL_0b00" value="0b00" description="Selects VREFH/VREFL as reference voltage."/>
      <bit_field_value name="CFG_REFSEL_0b01" value="0b01" description="Reserved"/>
      <bit_field_value name="CFG_REFSEL_0b10" value="0b10" description="Reserved"/>
      <bit_field_value name="CFG_REFSEL_0b11" value="0b11" description="Reserved"/>
    </bit_field>
    <bit_field offset="13" width="1" name="ADTRG" access="RW" reset_value="0" description="Conversion Trigger Select">
      <alias type="CMSIS" value="ADC_CFG_ADTRG(x)"/>
      <bit_field_value name="CFG_ADTRG_0b0" value="0b0" description="Software trigger selected"/>
      <bit_field_value name="CFG_ADTRG_0b1" value="0b1" description="Hardware trigger selected"/>
    </bit_field>
    <bit_field offset="14" width="2" name="AVGS" access="RW" reset_value="0" description="Hardware Average select">
      <alias type="CMSIS" value="ADC_CFG_AVGS(x)"/>
      <bit_field_value name="CFG_AVGS_0b00" value="0b00" description="4 samples averaged"/>
      <bit_field_value name="CFG_AVGS_0b01" value="0b01" description="8 samples averaged"/>
      <bit_field_value name="CFG_AVGS_0b10" value="0b10" description="16 samples averaged"/>
      <bit_field_value name="CFG_AVGS_0b11" value="0b11" description="32 samples averaged"/>
    </bit_field>
    <bit_field offset="16" width="1" name="OVWREN" access="RW" reset_value="0" description="Data Overwrite Enable">
      <alias type="CMSIS" value="ADC_CFG_OVWREN(x)"/>
      <bit_field_value name="CFG_OVWREN_0b0" value="0b0" description="Disable the overwriting. Existing Data in Data result register will not be overwritten by subsequent converted data."/>
      <bit_field_value name="CFG_OVWREN_0b1" value="0b1" description="Enable the overwriting."/>
    </bit_field>
    <reserved_bit_field offset="17" width="15" reset_value="0"/>
  </register>
  <register offset="0x48" width="32" name="GC" description="General control register">
    <alias type="CMSIS" value="GC"/>
    <bit_field offset="0" width="1" name="ADACKEN" access="RW" reset_value="0" description="Asynchronous clock output enable">
      <alias type="CMSIS" value="ADC_GC_ADACKEN(x)"/>
      <bit_field_value name="GC_ADACKEN_0b0" value="0b0" description="Asynchronous clock output disabled; Asynchronous clock only enabled if selected by ADICLK and a conversion is active."/>
      <bit_field_value name="GC_ADACKEN_0b1" value="0b1" description="Asynchronous clock and clock output enabled regardless of the state of the ADC"/>
    </bit_field>
    <bit_field offset="1" width="1" name="DMAEN" access="RW" reset_value="0" description="DMA Enable">
      <alias type="CMSIS" value="ADC_GC_DMAEN(x)"/>
      <bit_field_value name="GC_DMAEN_0b0" value="0b0" description="DMA disabled (default)"/>
      <bit_field_value name="GC_DMAEN_0b1" value="0b1" description="DMA enabled"/>
    </bit_field>
    <bit_field offset="2" width="1" name="ACREN" access="RW" reset_value="0" description="Compare Function Range Enable">
      <alias type="CMSIS" value="ADC_GC_ACREN(x)"/>
      <bit_field_value name="GC_ACREN_0b0" value="0b0" description="Range function disabled. Only the compare value 1 of ADC_CV register (CV1) is compared."/>
      <bit_field_value name="GC_ACREN_0b1" value="0b1" description="Range function enabled. Both compare values of ADC_CV registers (CV1 and CV2) are compared."/>
    </bit_field>
    <bit_field offset="3" width="1" name="ACFGT" access="RW" reset_value="0" description="Compare Function Greater Than Enable">
      <alias type="CMSIS" value="ADC_GC_ACFGT(x)"/>
      <bit_field_value name="GC_ACFGT_0b0" value="0b0" description="Configures &quot;Less Than Threshold, Outside Range Not Inclusive and Inside Range Not Inclusive&quot; functionality based on the values placed in the ADC_CV register."/>
      <bit_field_value name="GC_ACFGT_0b1" value="0b1" description="Configures &quot;Greater Than Or Equal To Threshold, Outside Range Inclusive and Inside Range Inclusive&quot; functionality based on the values placed in the ADC_CV registers."/>
    </bit_field>
    <bit_field offset="4" width="1" name="ACFE" access="RW" reset_value="0" description="Compare Function Enable">
      <alias type="CMSIS" value="ADC_GC_ACFE(x)"/>
      <bit_field_value name="GC_ACFE_0b0" value="0b0" description="Compare function disabled"/>
      <bit_field_value name="GC_ACFE_0b1" value="0b1" description="Compare function enabled"/>
    </bit_field>
    <bit_field offset="5" width="1" name="AVGE" access="RW" reset_value="0" description="Hardware average enable">
      <alias type="CMSIS" value="ADC_GC_AVGE(x)"/>
      <bit_field_value name="GC_AVGE_0b0" value="0b0" description="Hardware average function disabled"/>
      <bit_field_value name="GC_AVGE_0b1" value="0b1" description="Hardware average function enabled"/>
    </bit_field>
    <bit_field offset="6" width="1" name="ADCO" access="RW" reset_value="0" description="Continuous Conversion Enable">
      <alias type="CMSIS" value="ADC_GC_ADCO(x)"/>
      <bit_field_value name="GC_ADCO_0b0" value="0b0" description="One conversion or one set of conversions if the hardware average function is enabled (AVGE=1) after initiating a conversion."/>
      <bit_field_value name="GC_ADCO_0b1" value="0b1" description="Continuous conversions or sets of conversions if the hardware average function is enabled (AVGE=1) after initiating a conversion."/>
    </bit_field>
    <bit_field offset="7" width="1" name="CAL" access="RW" reset_value="0" description="Calibration">
      <alias type="CMSIS" value="ADC_GC_CAL(x)"/>
    </bit_field>
    <reserved_bit_field offset="8" width="24" reset_value="0"/>
  </register>
  <register offset="0x4C" width="32" name="GS" description="General status register">
    <alias type="CMSIS" value="GS"/>
    <bit_field offset="0" width="1" name="ADACT" access="RO" reset_value="0" description="Conversion Active">
      <alias type="CMSIS" value="ADC_GS_ADACT(x)"/>
      <bit_field_value name="GS_ADACT_0b0" value="0b0" description="Conversion not in progress."/>
      <bit_field_value name="GS_ADACT_0b1" value="0b1" description="Conversion in progress."/>
    </bit_field>
    <bit_field offset="1" width="1" name="CALF" access="W1C" reset_value="0" description="Calibration Failed Flag">
      <alias type="CMSIS" value="ADC_GS_CALF(x)"/>
      <bit_field_value name="GS_CALF_0b0" value="0b0" description="Calibration completed normally."/>
      <bit_field_value name="GS_CALF_0b1" value="0b1" description="Calibration failed. ADC accuracy specifications are not guaranteed."/>
    </bit_field>
    <bit_field offset="2" width="1" name="AWKST" access="W1C" reset_value="0" description="Asynchronous wakeup interrupt status">
      <alias type="CMSIS" value="ADC_GS_AWKST(x)"/>
      <bit_field_value name="GS_AWKST_0b0" value="0b0" description="No asynchronous interrupt."/>
      <bit_field_value name="GS_AWKST_0b1" value="0b1" description="Asynchronous wake up interrupt occurred in stop mode."/>
    </bit_field>
    <reserved_bit_field offset="3" width="29" reset_value="0"/>
  </register>
  <register offset="0x50" width="32" name="CV" description="Compare value register">
    <alias type="CMSIS" value="CV"/>
    <bit_field offset="0" width="12" name="CV1" access="RW" reset_value="0" description="Compare Value 1">
      <alias type="CMSIS" value="ADC_CV_CV1(x)"/>
    </bit_field>
    <reserved_bit_field offset="12" width="4" reset_value="0"/>
    <bit_field offset="16" width="12" name="CV2" access="RW" reset_value="0" description="Compare Value 2">
      <alias type="CMSIS" value="ADC_CV_CV2(x)"/>
    </bit_field>
    <reserved_bit_field offset="28" width="4" reset_value="0"/>
  </register>
  <register offset="0x54" width="32" name="OFS" description="Offset correction value register">
    <alias type="CMSIS" value="OFS"/>
    <bit_field offset="0" width="12" name="OFS" access="RW" reset_value="0" description="Offset value">
      <alias type="CMSIS" value="ADC_OFS_OFS(x)"/>
    </bit_field>
    <bit_field offset="12" width="1" name="SIGN" access="RW" reset_value="0" description="Sign bit">
      <alias type="CMSIS" value="ADC_OFS_SIGN(x)"/>
      <bit_field_value name="OFS_SIGN_0b0" value="0b0" description="The offset value is added with the raw result"/>
      <bit_field_value name="OFS_SIGN_0b1" value="0b1" description="The offset value is subtracted from the raw converted value"/>
    </bit_field>
    <reserved_bit_field offset="13" width="19" reset_value="0"/>
  </register>
  <register offset="0x58" width="32" name="CAL" description="Calibration value register">
    <alias type="CMSIS" value="CAL"/>
    <bit_field offset="0" width="4" name="CAL_CODE" access="RW" reset_value="0" description="Calibration Result Value">
      <alias type="CMSIS" value="ADC_CAL_CAL_CODE(x)"/>
    </bit_field>
    <reserved_bit_field offset="4" width="28" reset_value="0"/>
  </register>
</regs:peripheral>