<?xml version="1.0"?>
<regs:peripheral xmlns:regs="http://swtools.freescale.net/XSD/registers/4.0/regsPeripheral.xsd" xmlns:xsi="http://www.w3.org/2001/XMLSchema-instance" xsi:schemaLocation="http://swtools.freescale.net/XSD/registers/4.0/regsPeripheral.xsd http://swtools.freescale.net/XSD/registers/4.0/regsPeripheral.xsd">
  <register offset="0" width="32" name="MPR" description="Master Priviledge Registers">
    <alias type="CMSIS" value="MPR"/>
    <reserved_bit_field offset="0" width="16" reset_value="0"/>
    <bit_field offset="16" width="4" name="MPROT3" access="RW" reset_value="0" description="Master 3 Priviledge, Buffer, Read, Write Control.">
      <alias type="CMSIS" value="AIPSTZ_MPR_MPROT3(x)"/>
      <bit_field_value name="MPR_MPROT3_MBW1" value="0b1???" description="Write accesses from this master are allowed to be buffered"/>
      <bit_field_value name="MPR_MPROT3_MTR0" value="0b?0??" description="This master is not trusted for read accesses."/>
      <bit_field_value name="MPR_MPROT3_MTR1" value="0b?1??" description="This master is trusted for read accesses."/>
      <bit_field_value name="MPR_MPROT3_MTW0" value="0b??0?" description="This master is not trusted for write accesses."/>
      <bit_field_value name="MPR_MPROT3_MTW1" value="0b??1?" description="This master is trusted for write accesses."/>
      <bit_field_value name="MPR_MPROT3_MPL0" value="0b???0" description="Accesses from this master are forced to user-mode (ips_supervisor_access is forced to zero) regardless of the hprot[1] access attribute."/>
      <bit_field_value name="MPR_MPROT3_MPL1" value="0b???1" description="Accesses from this master are not forced to user-mode. The hprot[1] access attribute is used directly to determine ips_supervisor_access."/>
    </bit_field>
    <bit_field offset="20" width="4" name="MPROT2" access="RW" reset_value="0" description="Master 2 Priviledge, Buffer, Read, Write Control">
      <alias type="CMSIS" value="AIPSTZ_MPR_MPROT2(x)"/>
      <bit_field_value name="MPR_MPROT2_MBW1" value="0b1???" description="Write accesses from this master are allowed to be buffered"/>
      <bit_field_value name="MPR_MPROT2_MTR0" value="0b?0??" description="This master is not trusted for read accesses."/>
      <bit_field_value name="MPR_MPROT2_MTR1" value="0b?1??" description="This master is trusted for read accesses."/>
      <bit_field_value name="MPR_MPROT2_MTW0" value="0b??0?" description="This master is not trusted for write accesses."/>
      <bit_field_value name="MPR_MPROT2_MTW1" value="0b??1?" description="This master is trusted for write accesses."/>
      <bit_field_value name="MPR_MPROT2_MPL0" value="0b???0" description="Accesses from this master are forced to user-mode (ips_supervisor_access is forced to zero) regardless of the hprot[1] access attribute."/>
      <bit_field_value name="MPR_MPROT2_MPL1" value="0b???1" description="Accesses from this master are not forced to user-mode. The hprot[1] access attribute is used directly to determine ips_supervisor_access."/>
    </bit_field>
    <bit_field offset="24" width="4" name="MPROT1" access="RW" reset_value="0x7" description="Master 1 Priviledge, Buffer, Read, Write Control">
      <alias type="CMSIS" value="AIPSTZ_MPR_MPROT1(x)"/>
      <bit_field_value name="MPR_MPROT1_MBW1" value="0b1???" description="Write accesses from this master are allowed to be buffered"/>
      <bit_field_value name="MPR_MPROT1_MTR0" value="0b?0??" description="This master is not trusted for read accesses."/>
      <bit_field_value name="MPR_MPROT1_MTR1" value="0b?1??" description="This master is trusted for read accesses."/>
      <bit_field_value name="MPR_MPROT1_MTW0" value="0b??0?" description="This master is not trusted for write accesses."/>
      <bit_field_value name="MPR_MPROT1_MTW1" value="0b??1?" description="This master is trusted for write accesses."/>
      <bit_field_value name="MPR_MPROT1_MPL0" value="0b???0" description="Accesses from this master are forced to user-mode (ips_supervisor_access is forced to zero) regardless of the hprot[1] access attribute."/>
      <bit_field_value name="MPR_MPROT1_MPL1" value="0b???1" description="Accesses from this master are not forced to user-mode. The hprot[1] access attribute is used directly to determine ips_supervisor_access."/>
    </bit_field>
    <bit_field offset="28" width="4" name="MPROT0" access="RW" reset_value="0x7" description="Master 0 Priviledge, Buffer, Read, Write Control">
      <alias type="CMSIS" value="AIPSTZ_MPR_MPROT0(x)"/>
      <bit_field_value name="MPR_MPROT0_MBW1" value="0b1???" description="Write accesses from this master are allowed to be buffered"/>
      <bit_field_value name="MPR_MPROT0_MTR0" value="0b?0??" description="This master is not trusted for read accesses."/>
      <bit_field_value name="MPR_MPROT0_MTR1" value="0b?1??" description="This master is trusted for read accesses."/>
      <bit_field_value name="MPR_MPROT0_MTW0" value="0b??0?" description="This master is not trusted for write accesses."/>
      <bit_field_value name="MPR_MPROT0_MTW1" value="0b??1?" description="This master is trusted for write accesses."/>
      <bit_field_value name="MPR_MPROT0_MPL0" value="0b???0" description="Accesses from this master are forced to user-mode (ips_supervisor_access is forced to zero) regardless of the hprot[1] access attribute."/>
      <bit_field_value name="MPR_MPROT0_MPL1" value="0b???1" description="Accesses from this master are not forced to user-mode. The hprot[1] access attribute is used directly to determine ips_supervisor_access."/>
    </bit_field>
  </register>
  <register offset="0x40" width="32" name="OPACR" description="Off-Platform Peripheral Access Control Registers">
    <alias type="CMSIS" value="OPACR"/>
    <bit_field offset="0" width="4" name="OPAC7" access="RW" reset_value="0x4" description="Off-platform Peripheral Access Control 7">
      <alias type="CMSIS" value="AIPSTZ_OPACR_OPAC7(x)"/>
      <bit_field_value name="OPACR_OPAC7_BW1" value="0b1???" description="Write accesses to this peripheral are allowed to be buffered by the AIPSTZ."/>
      <bit_field_value name="OPACR_OPAC7_SP0" value="0b?0??" description="This peripheral does not require supervisor privilege level for accesses."/>
      <bit_field_value name="OPACR_OPAC7_SP1" value="0b?1??" description="This peripheral requires supervisor privilege level for accesses. The master privilege level must indicate supervisor via the hprot[1] access attribute, and the MPROTx[MPL] control bit for the master must be set. If not, the access is terminated with an error response and no peripheral access is initiated on the IPS bus."/>
      <bit_field_value name="OPACR_OPAC7_WP0" value="0b??0?" description="This peripheral allows write accesses."/>
      <bit_field_value name="OPACR_OPAC7_WP1" value="0b??1?" description="This peripheral is write protected. If a write access is attempted, the access is terminated with an error response and no peripheral access is initiated on the IPS bus."/>
      <bit_field_value name="OPACR_OPAC7_TP0" value="0b???0" description="Accesses from an untrusted master are allowed."/>
      <bit_field_value name="OPACR_OPAC7_TP1" value="0b???1" description="Accesses from an untrusted master are not allowed. If an access is attempted by an untrusted master, the access is terminated with an error response and no peripheral access is initiated on the IPS bus."/>
    </bit_field>
    <bit_field offset="4" width="4" name="OPAC6" access="RW" reset_value="0x4" description="Off-platform Peripheral Access Control 6">
      <alias type="CMSIS" value="AIPSTZ_OPACR_OPAC6(x)"/>
      <bit_field_value name="OPACR_OPAC6_BW1" value="0b1???" description="Write accesses to this peripheral are allowed to be buffered by the AIPSTZ."/>
      <bit_field_value name="OPACR_OPAC6_SP0" value="0b?0??" description="This peripheral does not require supervisor privilege level for accesses."/>
      <bit_field_value name="OPACR_OPAC6_SP1" value="0b?1??" description="This peripheral requires supervisor privilege level for accesses. The master privilege level must indicate supervisor via the hprot[1] access attribute, and the MPROTx[MPL] control bit for the master must be set. If not, the access is terminated with an error response and no peripheral access is initiated on the IPS bus."/>
      <bit_field_value name="OPACR_OPAC6_WP0" value="0b??0?" description="This peripheral allows write accesses."/>
      <bit_field_value name="OPACR_OPAC6_WP1" value="0b??1?" description="This peripheral is write protected. If a write access is attempted, the access is terminated with an error response and no peripheral access is initiated on the IPS bus."/>
      <bit_field_value name="OPACR_OPAC6_TP0" value="0b???0" description="Accesses from an untrusted master are allowed."/>
      <bit_field_value name="OPACR_OPAC6_TP1" value="0b???1" description="Accesses from an untrusted master are not allowed. If an access is attempted by an untrusted master, the access is terminated with an error response and no peripheral access is initiated on the IPS bus."/>
    </bit_field>
    <bit_field offset="8" width="4" name="OPAC5" access="RW" reset_value="0x4" description="Off-platform Peripheral Access Control 5">
      <alias type="CMSIS" value="AIPSTZ_OPACR_OPAC5(x)"/>
      <bit_field_value name="OPACR_OPAC5_BW1" value="0b1???" description="Write accesses to this peripheral are allowed to be buffered by the AIPSTZ."/>
      <bit_field_value name="OPACR_OPAC5_SP0" value="0b?0??" description="This peripheral does not require supervisor privilege level for accesses."/>
      <bit_field_value name="OPACR_OPAC5_SP1" value="0b?1??" description="This peripheral requires supervisor privilege level for accesses. The master privilege level must indicate supervisor via the hprot[1] access attribute, and the MPROTx[MPL] control bit for the master must be set. If not, the access is terminated with an error response and no peripheral access is initiated on the IPS bus."/>
      <bit_field_value name="OPACR_OPAC5_WP0" value="0b??0?" description="This peripheral allows write accesses."/>
      <bit_field_value name="OPACR_OPAC5_WP1" value="0b??1?" description="This peripheral is write protected. If a write access is attempted, the access is terminated with an error response and no peripheral access is initiated on the IPS bus."/>
      <bit_field_value name="OPACR_OPAC5_TP0" value="0b???0" description="Accesses from an untrusted master are allowed."/>
      <bit_field_value name="OPACR_OPAC5_TP1" value="0b???1" description="Accesses from an untrusted master are not allowed. If an access is attempted by an untrusted master, the access is terminated with an error response and no peripheral access is initiated on the IPS bus."/>
    </bit_field>
    <bit_field offset="12" width="4" name="OPAC4" access="RW" reset_value="0x4" description="Off-platform Peripheral Access Control 4">
      <alias type="CMSIS" value="AIPSTZ_OPACR_OPAC4(x)"/>
      <bit_field_value name="OPACR_OPAC4_BW1" value="0b1???" description="Write accesses to this peripheral are allowed to be buffered by the AIPSTZ."/>
      <bit_field_value name="OPACR_OPAC4_SP0" value="0b?0??" description="This peripheral does not require supervisor privilege level for accesses."/>
      <bit_field_value name="OPACR_OPAC4_SP1" value="0b?1??" description="This peripheral requires supervisor privilege level for accesses. The master privilege level must indicate supervisor via the hprot[1] access attribute, and the MPROTx[MPL] control bit for the master must be set. If not, the access is terminated with an error response and no peripheral access is initiated on the IPS bus."/>
      <bit_field_value name="OPACR_OPAC4_WP0" value="0b??0?" description="This peripheral allows write accesses."/>
      <bit_field_value name="OPACR_OPAC4_WP1" value="0b??1?" description="This peripheral is write protected. If a write access is attempted, the access is terminated with an error response and no peripheral access is initiated on the IPS bus."/>
      <bit_field_value name="OPACR_OPAC4_TP0" value="0b???0" description="Accesses from an untrusted master are allowed."/>
      <bit_field_value name="OPACR_OPAC4_TP1" value="0b???1" description="Accesses from an untrusted master are not allowed. If an access is attempted by an untrusted master, the access is terminated with an error response and no peripheral access is initiated on the IPS bus."/>
    </bit_field>
    <bit_field offset="16" width="4" name="OPAC3" access="RW" reset_value="0x4" description="Off-platform Peripheral Access Control 3">
      <alias type="CMSIS" value="AIPSTZ_OPACR_OPAC3(x)"/>
      <bit_field_value name="OPACR_OPAC3_BW1" value="0b1???" description="Write accesses to this peripheral are allowed to be buffered by the AIPSTZ."/>
      <bit_field_value name="OPACR_OPAC3_SP0" value="0b?0??" description="This peripheral does not require supervisor privilege level for accesses."/>
      <bit_field_value name="OPACR_OPAC3_SP1" value="0b?1??" description="This peripheral requires supervisor privilege level for accesses. The master privilege level must indicate supervisor via the hprot[1] access attribute, and the MPROTx[MPL] control bit for the master must be set. If not, the access is terminated with an error response and no peripheral access is initiated on the IPS bus."/>
      <bit_field_value name="OPACR_OPAC3_WP0" value="0b??0?" description="This peripheral allows write accesses."/>
      <bit_field_value name="OPACR_OPAC3_WP1" value="0b??1?" description="This peripheral is write protected. If a write access is attempted, the access is terminated with an error response and no peripheral access is initiated on the IPS bus."/>
      <bit_field_value name="OPACR_OPAC3_TP0" value="0b???0" description="Accesses from an untrusted master are allowed."/>
      <bit_field_value name="OPACR_OPAC3_TP1" value="0b???1" description="Accesses from an untrusted master are not allowed. If an access is attempted by an untrusted master, the access is terminated with an error response and no peripheral access is initiated on the IPS bus."/>
    </bit_field>
    <bit_field offset="20" width="4" name="OPAC2" access="RW" reset_value="0x4" description="Off-platform Peripheral Access Control 2">
      <alias type="CMSIS" value="AIPSTZ_OPACR_OPAC2(x)"/>
      <bit_field_value name="OPACR_OPAC2_BW1" value="0b1???" description="Write accesses to this peripheral are allowed to be buffered by the AIPSTZ."/>
      <bit_field_value name="OPACR_OPAC2_SP0" value="0b?0??" description="This peripheral does not require supervisor privilege level for accesses."/>
      <bit_field_value name="OPACR_OPAC2_SP1" value="0b?1??" description="This peripheral requires supervisor privilege level for accesses. The master privilege level must indicate supervisor via the hprot[1] access attribute, and the MPROTx[MPL] control bit for the master must be set. If not, the access is terminated with an error response and no peripheral access is initiated on the IPS bus."/>
      <bit_field_value name="OPACR_OPAC2_WP0" value="0b??0?" description="This peripheral allows write accesses."/>
      <bit_field_value name="OPACR_OPAC2_WP1" value="0b??1?" description="This peripheral is write protected. If a write access is attempted, the access is terminated with an error response and no peripheral access is initiated on the IPS bus."/>
      <bit_field_value name="OPACR_OPAC2_TP0" value="0b???0" description="Accesses from an untrusted master are allowed."/>
      <bit_field_value name="OPACR_OPAC2_TP1" value="0b???1" description="Accesses from an untrusted master are not allowed. If an access is attempted by an untrusted master, the access is terminated with an error response and no peripheral access is initiated on the IPS bus."/>
    </bit_field>
    <bit_field offset="24" width="4" name="OPAC1" access="RW" reset_value="0x4" description="Off-platform Peripheral Access Control 1">
      <alias type="CMSIS" value="AIPSTZ_OPACR_OPAC1(x)"/>
      <bit_field_value name="OPACR_OPAC1_BW1" value="0b1???" description="Write accesses to this peripheral are allowed to be buffered by the AIPSTZ."/>
      <bit_field_value name="OPACR_OPAC1_SP0" value="0b?0??" description="This peripheral does not require supervisor privilege level for accesses."/>
      <bit_field_value name="OPACR_OPAC1_SP1" value="0b?1??" description="This peripheral requires supervisor privilege level for accesses. The master privilege level must indicate supervisor via the hprot[1] access attribute, and the MPROTx[MPL] control bit for the master must be set. If not, the access is terminated with an error response and no peripheral access is initiated on the IPS bus."/>
      <bit_field_value name="OPACR_OPAC1_WP0" value="0b??0?" description="This peripheral allows write accesses."/>
      <bit_field_value name="OPACR_OPAC1_WP1" value="0b??1?" description="This peripheral is write protected. If a write access is attempted, the access is terminated with an error response and no peripheral access is initiated on the IPS bus."/>
      <bit_field_value name="OPACR_OPAC1_TP0" value="0b???0" description="Accesses from an untrusted master are allowed."/>
      <bit_field_value name="OPACR_OPAC1_TP1" value="0b???1" description="Accesses from an untrusted master are not allowed. If an access is attempted by an untrusted master, the access is terminated with an error response and no peripheral access is initiated on the IPS bus."/>
    </bit_field>
    <bit_field offset="28" width="4" name="OPAC0" access="RW" reset_value="0x4" description="Off-platform Peripheral Access Control 0">
      <alias type="CMSIS" value="AIPSTZ_OPACR_OPAC0(x)"/>
      <bit_field_value name="OPACR_OPAC0_BW1" value="0b1???" description="Write accesses to this peripheral are allowed to be buffered by the AIPSTZ."/>
      <bit_field_value name="OPACR_OPAC0_SP0" value="0b?0??" description="This peripheral does not require supervisor privilege level for accesses."/>
      <bit_field_value name="OPACR_OPAC0_SP1" value="0b?1??" description="This peripheral requires supervisor privilege level for accesses. The master privilege level must indicate supervisor via the hprot[1] access attribute, and the MPROTx[MPL] control bit for the master must be set. If not, the access is terminated with an error response and no peripheral access is initiated on the IPS bus."/>
      <bit_field_value name="OPACR_OPAC0_WP0" value="0b??0?" description="This peripheral allows write accesses."/>
      <bit_field_value name="OPACR_OPAC0_WP1" value="0b??1?" description="This peripheral is write protected. If a write access is attempted, the access is terminated with an error response and no peripheral access is initiated on the IPS bus."/>
      <bit_field_value name="OPACR_OPAC0_TP0" value="0b???0" description="Accesses from an untrusted master are allowed."/>
      <bit_field_value name="OPACR_OPAC0_TP1" value="0b???1" description="Accesses from an untrusted master are not allowed. If an access is attempted by an untrusted master, the access is terminated with an error response and no peripheral access is initiated on the IPS bus."/>
    </bit_field>
  </register>
  <register offset="0x44" width="32" name="OPACR1" description="Off-Platform Peripheral Access Control Registers">
    <alias type="CMSIS" value="OPACR1"/>
    <bit_field offset="0" width="4" name="OPAC15" access="RW" reset_value="0x4" description="Off-platform Peripheral Access Control 15">
      <alias type="CMSIS" value="AIPSTZ_OPACR1_OPAC15(x)"/>
      <bit_field_value name="OPACR1_OPAC15_BW1" value="0b1???" description="Write accesses to this peripheral are allowed to be buffered by the AIPSTZ."/>
      <bit_field_value name="OPACR1_OPAC15_SP0" value="0b?0??" description="This peripheral does not require supervisor privilege level for accesses."/>
      <bit_field_value name="OPACR1_OPAC15_SP1" value="0b?1??" description="This peripheral requires supervisor privilege level for accesses. The master privilege level must indicate supervisor via the hprot[1] access attribute, and the MPROTx[MPL] control bit for the master must be set. If not, the access is terminated with an error response and no peripheral access is initiated on the IPS bus."/>
      <bit_field_value name="OPACR1_OPAC15_WP0" value="0b??0?" description="This peripheral allows write accesses."/>
      <bit_field_value name="OPACR1_OPAC15_WP1" value="0b??1?" description="This peripheral is write protected. If a write access is attempted, the access is terminated with an error response and no peripheral access is initiated on the IPS bus."/>
      <bit_field_value name="OPACR1_OPAC15_TP0" value="0b???0" description="Accesses from an untrusted master are allowed."/>
      <bit_field_value name="OPACR1_OPAC15_TP1" value="0b???1" description="Accesses from an untrusted master are not allowed. If an access is attempted by an untrusted master, the access is terminated with an error response and no peripheral access is initiated on the IPS bus."/>
    </bit_field>
    <bit_field offset="4" width="4" name="OPAC14" access="RW" reset_value="0x4" description="Off-platform Peripheral Access Control 14">
      <alias type="CMSIS" value="AIPSTZ_OPACR1_OPAC14(x)"/>
      <bit_field_value name="OPACR1_OPAC14_BW1" value="0b1???" description="Write accesses to this peripheral are allowed to be buffered by the AIPSTZ."/>
      <bit_field_value name="OPACR1_OPAC14_SP0" value="0b?0??" description="This peripheral does not require supervisor privilege level for accesses."/>
      <bit_field_value name="OPACR1_OPAC14_SP1" value="0b?1??" description="This peripheral requires supervisor privilege level for accesses. The master privilege level must indicate supervisor via the hprot[1] access attribute, and the MPROTx[MPL] control bit for the master must be set. If not, the access is terminated with an error response and no peripheral access is initiated on the IPS bus."/>
      <bit_field_value name="OPACR1_OPAC14_WP0" value="0b??0?" description="This peripheral allows write accesses."/>
      <bit_field_value name="OPACR1_OPAC14_WP1" value="0b??1?" description="This peripheral is write protected. If a write access is attempted, the access is terminated with an error response and no peripheral access is initiated on the IPS bus."/>
      <bit_field_value name="OPACR1_OPAC14_TP0" value="0b???0" description="Accesses from an untrusted master are allowed."/>
      <bit_field_value name="OPACR1_OPAC14_TP1" value="0b???1" description="Accesses from an untrusted master are not allowed. If an access is attempted by an untrusted master, the access is terminated with an error response and no peripheral access is initiated on the IPS bus."/>
    </bit_field>
    <bit_field offset="8" width="4" name="OPAC13" access="RW" reset_value="0x4" description="Off-platform Peripheral Access Control 13">
      <alias type="CMSIS" value="AIPSTZ_OPACR1_OPAC13(x)"/>
      <bit_field_value name="OPACR1_OPAC13_BW1" value="0b1???" description="Write accesses to this peripheral are allowed to be buffered by the AIPSTZ."/>
      <bit_field_value name="OPACR1_OPAC13_SP0" value="0b?0??" description="This peripheral does not require supervisor privilege level for accesses."/>
      <bit_field_value name="OPACR1_OPAC13_SP1" value="0b?1??" description="This peripheral requires supervisor privilege level for accesses. The master privilege level must indicate supervisor via the hprot[1] access attribute, and the MPROTx[MPL] control bit for the master must be set. If not, the access is terminated with an error response and no peripheral access is initiated on the IPS bus."/>
      <bit_field_value name="OPACR1_OPAC13_WP0" value="0b??0?" description="This peripheral allows write accesses."/>
      <bit_field_value name="OPACR1_OPAC13_WP1" value="0b??1?" description="This peripheral is write protected. If a write access is attempted, the access is terminated with an error response and no peripheral access is initiated on the IPS bus."/>
      <bit_field_value name="OPACR1_OPAC13_TP0" value="0b???0" description="Accesses from an untrusted master are allowed."/>
      <bit_field_value name="OPACR1_OPAC13_TP1" value="0b???1" description="Accesses from an untrusted master are not allowed. If an access is attempted by an untrusted master, the access is terminated with an error response and no peripheral access is initiated on the IPS bus."/>
    </bit_field>
    <bit_field offset="12" width="4" name="OPAC12" access="RW" reset_value="0x4" description="Off-platform Peripheral Access Control 12">
      <alias type="CMSIS" value="AIPSTZ_OPACR1_OPAC12(x)"/>
      <bit_field_value name="OPACR1_OPAC12_BW1" value="0b1???" description="Write accesses to this peripheral are allowed to be buffered by the AIPSTZ."/>
      <bit_field_value name="OPACR1_OPAC12_SP0" value="0b?0??" description="This peripheral does not require supervisor privilege level for accesses."/>
      <bit_field_value name="OPACR1_OPAC12_SP1" value="0b?1??" description="This peripheral requires supervisor privilege level for accesses. The master privilege level must indicate supervisor via the hprot[1] access attribute, and the MPROTx[MPL] control bit for the master must be set. If not, the access is terminated with an error response and no peripheral access is initiated on the IPS bus."/>
      <bit_field_value name="OPACR1_OPAC12_WP0" value="0b??0?" description="This peripheral allows write accesses."/>
      <bit_field_value name="OPACR1_OPAC12_WP1" value="0b??1?" description="This peripheral is write protected. If a write access is attempted, the access is terminated with an error response and no peripheral access is initiated on the IPS bus."/>
      <bit_field_value name="OPACR1_OPAC12_TP0" value="0b???0" description="Accesses from an untrusted master are allowed."/>
      <bit_field_value name="OPACR1_OPAC12_TP1" value="0b???1" description="Accesses from an untrusted master are not allowed. If an access is attempted by an untrusted master, the access is terminated with an error response and no peripheral access is initiated on the IPS bus."/>
    </bit_field>
    <bit_field offset="16" width="4" name="OPAC11" access="RW" reset_value="0x4" description="Off-platform Peripheral Access Control 11">
      <alias type="CMSIS" value="AIPSTZ_OPACR1_OPAC11(x)"/>
      <bit_field_value name="OPACR1_OPAC11_BW1" value="0b1???" description="Write accesses to this peripheral are allowed to be buffered by the AIPSTZ."/>
      <bit_field_value name="OPACR1_OPAC11_SP0" value="0b?0??" description="This peripheral does not require supervisor privilege level for accesses."/>
      <bit_field_value name="OPACR1_OPAC11_SP1" value="0b?1??" description="This peripheral requires supervisor privilege level for accesses. The master privilege level must indicate supervisor via the hprot[1] access attribute, and the MPROTx[MPL] control bit for the master must be set. If not, the access is terminated with an error response and no peripheral access is initiated on the IPS bus."/>
      <bit_field_value name="OPACR1_OPAC11_WP0" value="0b??0?" description="This peripheral allows write accesses."/>
      <bit_field_value name="OPACR1_OPAC11_WP1" value="0b??1?" description="This peripheral is write protected. If a write access is attempted, the access is terminated with an error response and no peripheral access is initiated on the IPS bus."/>
      <bit_field_value name="OPACR1_OPAC11_TP0" value="0b???0" description="Accesses from an untrusted master are allowed."/>
      <bit_field_value name="OPACR1_OPAC11_TP1" value="0b???1" description="Accesses from an untrusted master are not allowed. If an access is attempted by an untrusted master, the access is terminated with an error response and no peripheral access is initiated on the IPS bus."/>
    </bit_field>
    <bit_field offset="20" width="4" name="OPAC10" access="RW" reset_value="0x4" description="Off-platform Peripheral Access Control 10">
      <alias type="CMSIS" value="AIPSTZ_OPACR1_OPAC10(x)"/>
      <bit_field_value name="OPACR1_OPAC10_BW1" value="0b1???" description="Write accesses to this peripheral are allowed to be buffered by the AIPSTZ."/>
      <bit_field_value name="OPACR1_OPAC10_SP0" value="0b?0??" description="This peripheral does not require supervisor privilege level for accesses."/>
      <bit_field_value name="OPACR1_OPAC10_SP1" value="0b?1??" description="This peripheral requires supervisor privilege level for accesses. The master privilege level must indicate supervisor via the hprot[1] access attribute, and the MPROTx[MPL] control bit for the master must be set. If not, the access is terminated with an error response and no peripheral access is initiated on the IPS bus."/>
      <bit_field_value name="OPACR1_OPAC10_WP0" value="0b??0?" description="This peripheral allows write accesses."/>
      <bit_field_value name="OPACR1_OPAC10_WP1" value="0b??1?" description="This peripheral is write protected. If a write access is attempted, the access is terminated with an error response and no peripheral access is initiated on the IPS bus."/>
      <bit_field_value name="OPACR1_OPAC10_TP0" value="0b???0" description="Accesses from an untrusted master are allowed."/>
      <bit_field_value name="OPACR1_OPAC10_TP1" value="0b???1" description="Accesses from an untrusted master are not allowed. If an access is attempted by an untrusted master, the access is terminated with an error response and no peripheral access is initiated on the IPS bus."/>
    </bit_field>
    <bit_field offset="24" width="4" name="OPAC9" access="RW" reset_value="0x4" description="Off-platform Peripheral Access Control 9">
      <alias type="CMSIS" value="AIPSTZ_OPACR1_OPAC9(x)"/>
      <bit_field_value name="OPACR1_OPAC9_BW1" value="0b1???" description="Write accesses to this peripheral are allowed to be buffered by the AIPSTZ."/>
      <bit_field_value name="OPACR1_OPAC9_SP0" value="0b?0??" description="This peripheral does not require supervisor privilege level for accesses."/>
      <bit_field_value name="OPACR1_OPAC9_SP1" value="0b?1??" description="This peripheral requires supervisor privilege level for accesses. The master privilege level must indicate supervisor via the hprot[1] access attribute, and the MPROTx[MPL] control bit for the master must be set. If not, the access is terminated with an error response and no peripheral access is initiated on the IPS bus."/>
      <bit_field_value name="OPACR1_OPAC9_WP0" value="0b??0?" description="This peripheral allows write accesses."/>
      <bit_field_value name="OPACR1_OPAC9_WP1" value="0b??1?" description="This peripheral is write protected. If a write access is attempted, the access is terminated with an error response and no peripheral access is initiated on the IPS bus."/>
      <bit_field_value name="OPACR1_OPAC9_TP0" value="0b???0" description="Accesses from an untrusted master are allowed."/>
      <bit_field_value name="OPACR1_OPAC9_TP1" value="0b???1" description="Accesses from an untrusted master are not allowed. If an access is attempted by an untrusted master, the access is terminated with an error response and no peripheral access is initiated on the IPS bus."/>
    </bit_field>
    <bit_field offset="28" width="4" name="OPAC8" access="RW" reset_value="0x4" description="Off-platform Peripheral Access Control 8">
      <alias type="CMSIS" value="AIPSTZ_OPACR1_OPAC8(x)"/>
      <bit_field_value name="OPACR1_OPAC8_BW1" value="0b1???" description="Write accesses to this peripheral are allowed to be buffered by the AIPSTZ."/>
      <bit_field_value name="OPACR1_OPAC8_SP0" value="0b?0??" description="This peripheral does not require supervisor privilege level for accesses."/>
      <bit_field_value name="OPACR1_OPAC8_SP1" value="0b?1??" description="This peripheral requires supervisor privilege level for accesses. The master privilege level must indicate supervisor via the hprot[1] access attribute, and the MPROTx[MPL] control bit for the master must be set. If not, the access is terminated with an error response and no peripheral access is initiated on the IPS bus."/>
      <bit_field_value name="OPACR1_OPAC8_WP0" value="0b??0?" description="This peripheral allows write accesses."/>
      <bit_field_value name="OPACR1_OPAC8_WP1" value="0b??1?" description="This peripheral is write protected. If a write access is attempted, the access is terminated with an error response and no peripheral access is initiated on the IPS bus."/>
      <bit_field_value name="OPACR1_OPAC8_TP0" value="0b???0" description="Accesses from an untrusted master are allowed."/>
      <bit_field_value name="OPACR1_OPAC8_TP1" value="0b???1" description="Accesses from an untrusted master are not allowed. If an access is attempted by an untrusted master, the access is terminated with an error response and no peripheral access is initiated on the IPS bus."/>
    </bit_field>
  </register>
  <register offset="0x48" width="32" name="OPACR2" description="Off-Platform Peripheral Access Control Registers">
    <alias type="CMSIS" value="OPACR2"/>
    <bit_field offset="0" width="4" name="OPAC23" access="RW" reset_value="0x4" description="Off-platform Peripheral Access Control 23">
      <alias type="CMSIS" value="AIPSTZ_OPACR2_OPAC23(x)"/>
      <bit_field_value name="OPACR2_OPAC23_BW1" value="0b1???" description="Write accesses to this peripheral are allowed to be buffered by the AIPSTZ."/>
      <bit_field_value name="OPACR2_OPAC23_SP0" value="0b?0??" description="This peripheral does not require supervisor privilege level for accesses."/>
      <bit_field_value name="OPACR2_OPAC23_SP1" value="0b?1??" description="This peripheral requires supervisor privilege level for accesses. The master privilege level must indicate supervisor via the hprot[1] access attribute, and the MPROTx[MPL] control bit for the master must be set. If not, the access is terminated with an error response and no peripheral access is initiated on the IPS bus."/>
      <bit_field_value name="OPACR2_OPAC23_WP0" value="0b??0?" description="This peripheral allows write accesses."/>
      <bit_field_value name="OPACR2_OPAC23_WP1" value="0b??1?" description="This peripheral is write protected. If a write access is attempted, the access is terminated with an error response and no peripheral access is initiated on the IPS bus."/>
      <bit_field_value name="OPACR2_OPAC23_TP0" value="0b???0" description="Accesses from an untrusted master are allowed."/>
      <bit_field_value name="OPACR2_OPAC23_TP1" value="0b???1" description="Accesses from an untrusted master are not allowed. If an access is attempted by an untrusted master, the access is terminated with an error response and no peripheral access is initiated on the IPS bus."/>
    </bit_field>
    <bit_field offset="4" width="4" name="OPAC22" access="RW" reset_value="0x4" description="Off-platform Peripheral Access Control 22">
      <alias type="CMSIS" value="AIPSTZ_OPACR2_OPAC22(x)"/>
      <bit_field_value name="OPACR2_OPAC22_BW1" value="0b1???" description="Write accesses to this peripheral are allowed to be buffered by the AIPSTZ."/>
      <bit_field_value name="OPACR2_OPAC22_SP0" value="0b?0??" description="This peripheral does not require supervisor privilege level for accesses."/>
      <bit_field_value name="OPACR2_OPAC22_SP1" value="0b?1??" description="This peripheral requires supervisor privilege level for accesses. The master privilege level must indicate supervisor via the hprot[1] access attribute, and the MPROTx[MPL] control bit for the master must be set. If not, the access is terminated with an error response and no peripheral access is initiated on the IPS bus."/>
      <bit_field_value name="OPACR2_OPAC22_WP0" value="0b??0?" description="This peripheral allows write accesses."/>
      <bit_field_value name="OPACR2_OPAC22_WP1" value="0b??1?" description="This peripheral is write protected. If a write access is attempted, the access is terminated with an error response and no peripheral access is initiated on the IPS bus."/>
      <bit_field_value name="OPACR2_OPAC22_TP0" value="0b???0" description="Accesses from an untrusted master are allowed."/>
      <bit_field_value name="OPACR2_OPAC22_TP1" value="0b???1" description="Accesses from an untrusted master are not allowed. If an access is attempted by an untrusted master, the access is terminated with an error response and no peripheral access is initiated on the IPS bus."/>
    </bit_field>
    <bit_field offset="8" width="4" name="OPAC21" access="RW" reset_value="0x4" description="Off-platform Peripheral Access Control 21">
      <alias type="CMSIS" value="AIPSTZ_OPACR2_OPAC21(x)"/>
      <bit_field_value name="OPACR2_OPAC21_BW1" value="0b1???" description="Write accesses to this peripheral are allowed to be buffered by the AIPSTZ."/>
      <bit_field_value name="OPACR2_OPAC21_SP0" value="0b?0??" description="This peripheral does not require supervisor privilege level for accesses."/>
      <bit_field_value name="OPACR2_OPAC21_SP1" value="0b?1??" description="This peripheral requires supervisor privilege level for accesses. The master privilege level must indicate supervisor via the hprot[1] access attribute, and the MPROTx[MPL] control bit for the master must be set. If not, the access is terminated with an error response and no peripheral access is initiated on the IPS bus."/>
      <bit_field_value name="OPACR2_OPAC21_WP0" value="0b??0?" description="This peripheral allows write accesses."/>
      <bit_field_value name="OPACR2_OPAC21_WP1" value="0b??1?" description="This peripheral is write protected. If a write access is attempted, the access is terminated with an error response and no peripheral access is initiated on the IPS bus."/>
      <bit_field_value name="OPACR2_OPAC21_TP0" value="0b???0" description="Accesses from an untrusted master are allowed."/>
      <bit_field_value name="OPACR2_OPAC21_TP1" value="0b???1" description="Accesses from an untrusted master are not allowed. If an access is attempted by an untrusted master, the access is terminated with an error response and no peripheral access is initiated on the IPS bus."/>
    </bit_field>
    <bit_field offset="12" width="4" name="OPAC20" access="RW" reset_value="0x4" description="Off-platform Peripheral Access Control 20">
      <alias type="CMSIS" value="AIPSTZ_OPACR2_OPAC20(x)"/>
      <bit_field_value name="OPACR2_OPAC20_BW1" value="0b1???" description="Write accesses to this peripheral are allowed to be buffered by the AIPSTZ."/>
      <bit_field_value name="OPACR2_OPAC20_SP0" value="0b?0??" description="This peripheral does not require supervisor privilege level for accesses."/>
      <bit_field_value name="OPACR2_OPAC20_SP1" value="0b?1??" description="This peripheral requires supervisor privilege level for accesses. The master privilege level must indicate supervisor via the hprot[1] access attribute, and the MPROTx[MPL] control bit for the master must be set. If not, the access is terminated with an error response and no peripheral access is initiated on the IPS bus."/>
      <bit_field_value name="OPACR2_OPAC20_WP0" value="0b??0?" description="This peripheral allows write accesses."/>
      <bit_field_value name="OPACR2_OPAC20_WP1" value="0b??1?" description="This peripheral is write protected. If a write access is attempted, the access is terminated with an error response and no peripheral access is initiated on the IPS bus."/>
      <bit_field_value name="OPACR2_OPAC20_TP0" value="0b???0" description="Accesses from an untrusted master are allowed."/>
      <bit_field_value name="OPACR2_OPAC20_TP1" value="0b???1" description="Accesses from an untrusted master are not allowed. If an access is attempted by an untrusted master, the access is terminated with an error response and no peripheral access is initiated on the IPS bus."/>
    </bit_field>
    <bit_field offset="16" width="4" name="OPAC19" access="RW" reset_value="0x4" description="Off-platform Peripheral Access Control 19">
      <alias type="CMSIS" value="AIPSTZ_OPACR2_OPAC19(x)"/>
      <bit_field_value name="OPACR2_OPAC19_BW1" value="0b1???" description="Write accesses to this peripheral are allowed to be buffered by the AIPSTZ."/>
      <bit_field_value name="OPACR2_OPAC19_SP0" value="0b?0??" description="This peripheral does not require supervisor privilege level for accesses."/>
      <bit_field_value name="OPACR2_OPAC19_SP1" value="0b?1??" description="This peripheral requires supervisor privilege level for accesses. The master privilege level must indicate supervisor via the hprot[1] access attribute, and the MPROTx[MPL] control bit for the master must be set. If not, the access is terminated with an error response and no peripheral access is initiated on the IPS bus."/>
      <bit_field_value name="OPACR2_OPAC19_WP0" value="0b??0?" description="This peripheral allows write accesses."/>
      <bit_field_value name="OPACR2_OPAC19_WP1" value="0b??1?" description="This peripheral is write protected. If a write access is attempted, the access is terminated with an error response and no peripheral access is initiated on the IPS bus."/>
      <bit_field_value name="OPACR2_OPAC19_TP0" value="0b???0" description="Accesses from an untrusted master are allowed."/>
      <bit_field_value name="OPACR2_OPAC19_TP1" value="0b???1" description="Accesses from an untrusted master are not allowed. If an access is attempted by an untrusted master, the access is terminated with an error response and no peripheral access is initiated on the IPS bus."/>
    </bit_field>
    <bit_field offset="20" width="4" name="OPAC18" access="RW" reset_value="0x4" description="Off-platform Peripheral Access Control 18">
      <alias type="CMSIS" value="AIPSTZ_OPACR2_OPAC18(x)"/>
      <bit_field_value name="OPACR2_OPAC18_BW1" value="0b1???" description="Write accesses to this peripheral are allowed to be buffered by the AIPSTZ."/>
      <bit_field_value name="OPACR2_OPAC18_SP0" value="0b?0??" description="This peripheral does not require supervisor privilege level for accesses."/>
      <bit_field_value name="OPACR2_OPAC18_SP1" value="0b?1??" description="This peripheral requires supervisor privilege level for accesses. The master privilege level must indicate supervisor via the hprot[1] access attribute, and the MPROTx[MPL] control bit for the master must be set. If not, the access is terminated with an error response and no peripheral access is initiated on the IPS bus."/>
      <bit_field_value name="OPACR2_OPAC18_WP0" value="0b??0?" description="This peripheral allows write accesses."/>
      <bit_field_value name="OPACR2_OPAC18_WP1" value="0b??1?" description="This peripheral is write protected. If a write access is attempted, the access is terminated with an error response and no peripheral access is initiated on the IPS bus."/>
      <bit_field_value name="OPACR2_OPAC18_TP0" value="0b???0" description="Accesses from an untrusted master are allowed."/>
      <bit_field_value name="OPACR2_OPAC18_TP1" value="0b???1" description="Accesses from an untrusted master are not allowed. If an access is attempted by an untrusted master, the access is terminated with an error response and no peripheral access is initiated on the IPS bus."/>
    </bit_field>
    <bit_field offset="24" width="4" name="OPAC17" access="RW" reset_value="0x4" description="Off-platform Peripheral Access Control 17">
      <alias type="CMSIS" value="AIPSTZ_OPACR2_OPAC17(x)"/>
      <bit_field_value name="OPACR2_OPAC17_BW1" value="0b1???" description="Write accesses to this peripheral are allowed to be buffered by the AIPSTZ."/>
      <bit_field_value name="OPACR2_OPAC17_SP0" value="0b?0??" description="This peripheral does not require supervisor privilege level for accesses."/>
      <bit_field_value name="OPACR2_OPAC17_SP1" value="0b?1??" description="This peripheral requires supervisor privilege level for accesses. The master privilege level must indicate supervisor via the hprot[1] access attribute, and the MPROTx[MPL] control bit for the master must be set. If not, the access is terminated with an error response and no peripheral access is initiated on the IPS bus."/>
      <bit_field_value name="OPACR2_OPAC17_WP0" value="0b??0?" description="This peripheral allows write accesses."/>
      <bit_field_value name="OPACR2_OPAC17_WP1" value="0b??1?" description="This peripheral is write protected. If a write access is attempted, the access is terminated with an error response and no peripheral access is initiated on the IPS bus."/>
      <bit_field_value name="OPACR2_OPAC17_TP0" value="0b???0" description="Accesses from an untrusted master are allowed."/>
      <bit_field_value name="OPACR2_OPAC17_TP1" value="0b???1" description="Accesses from an untrusted master are not allowed. If an access is attempted by an untrusted master, the access is terminated with an error response and no peripheral access is initiated on the IPS bus."/>
    </bit_field>
    <bit_field offset="28" width="4" name="OPAC16" access="RW" reset_value="0x4" description="Off-platform Peripheral Access Control 16">
      <alias type="CMSIS" value="AIPSTZ_OPACR2_OPAC16(x)"/>
      <bit_field_value name="OPACR2_OPAC16_BW1" value="0b1???" description="Write accesses to this peripheral are allowed to be buffered by the AIPSTZ."/>
      <bit_field_value name="OPACR2_OPAC16_SP0" value="0b?0??" description="This peripheral does not require supervisor privilege level for accesses."/>
      <bit_field_value name="OPACR2_OPAC16_SP1" value="0b?1??" description="This peripheral requires supervisor privilege level for accesses. The master privilege level must indicate supervisor via the hprot[1] access attribute, and the MPROTx[MPL] control bit for the master must be set. If not, the access is terminated with an error response and no peripheral access is initiated on the IPS bus."/>
      <bit_field_value name="OPACR2_OPAC16_WP0" value="0b??0?" description="This peripheral allows write accesses."/>
      <bit_field_value name="OPACR2_OPAC16_WP1" value="0b??1?" description="This peripheral is write protected. If a write access is attempted, the access is terminated with an error response and no peripheral access is initiated on the IPS bus."/>
      <bit_field_value name="OPACR2_OPAC16_TP0" value="0b???0" description="Accesses from an untrusted master are allowed."/>
      <bit_field_value name="OPACR2_OPAC16_TP1" value="0b???1" description="Accesses from an untrusted master are not allowed. If an access is attempted by an untrusted master, the access is terminated with an error response and no peripheral access is initiated on the IPS bus."/>
    </bit_field>
  </register>
  <register offset="0x4C" width="32" name="OPACR3" description="Off-Platform Peripheral Access Control Registers">
    <alias type="CMSIS" value="OPACR3"/>
    <bit_field offset="0" width="4" name="OPAC31" access="RW" reset_value="0x4" description="Off-platform Peripheral Access Control 31">
      <alias type="CMSIS" value="AIPSTZ_OPACR3_OPAC31(x)"/>
      <bit_field_value name="OPACR3_OPAC31_BW1" value="0b1???" description="Write accesses to this peripheral are allowed to be buffered by the AIPSTZ."/>
      <bit_field_value name="OPACR3_OPAC31_SP0" value="0b?0??" description="This peripheral does not require supervisor privilege level for accesses."/>
      <bit_field_value name="OPACR3_OPAC31_SP1" value="0b?1??" description="This peripheral requires supervisor privilege level for accesses. The master privilege level must indicate supervisor via the hprot[1] access attribute, and the MPROTx[MPL] control bit for the master must be set. If not, the access is terminated with an error response and no peripheral access is initiated on the IPS bus."/>
      <bit_field_value name="OPACR3_OPAC31_WP0" value="0b??0?" description="This peripheral allows write accesses."/>
      <bit_field_value name="OPACR3_OPAC31_WP1" value="0b??1?" description="This peripheral is write protected. If a write access is attempted, the access is terminated with an error response and no peripheral access is initiated on the IPS bus."/>
      <bit_field_value name="OPACR3_OPAC31_TP0" value="0b???0" description="Accesses from an untrusted master are allowed."/>
      <bit_field_value name="OPACR3_OPAC31_TP1" value="0b???1" description="Accesses from an untrusted master are not allowed. If an access is attempted by an untrusted master, the access is terminated with an error response and no peripheral access is initiated on the IPS bus."/>
    </bit_field>
    <bit_field offset="4" width="4" name="OPAC30" access="RW" reset_value="0x4" description="Off-platform Peripheral Access Control 30">
      <alias type="CMSIS" value="AIPSTZ_OPACR3_OPAC30(x)"/>
      <bit_field_value name="OPACR3_OPAC30_BW1" value="0b1???" description="Write accesses to this peripheral are allowed to be buffered by the AIPSTZ."/>
      <bit_field_value name="OPACR3_OPAC30_SP0" value="0b?0??" description="This peripheral does not require supervisor privilege level for accesses."/>
      <bit_field_value name="OPACR3_OPAC30_SP1" value="0b?1??" description="This peripheral requires supervisor privilege level for accesses. The master privilege level must indicate supervisor via the hprot[1] access attribute, and the MPROTx[MPL] control bit for the master must be set. If not, the access is terminated with an error response and no peripheral access is initiated on the IPS bus."/>
      <bit_field_value name="OPACR3_OPAC30_WP0" value="0b??0?" description="This peripheral allows write accesses."/>
      <bit_field_value name="OPACR3_OPAC30_WP1" value="0b??1?" description="This peripheral is write protected. If a write access is attempted, the access is terminated with an error response and no peripheral access is initiated on the IPS bus."/>
      <bit_field_value name="OPACR3_OPAC30_TP0" value="0b???0" description="Accesses from an untrusted master are allowed."/>
      <bit_field_value name="OPACR3_OPAC30_TP1" value="0b???1" description="Accesses from an untrusted master are not allowed. If an access is attempted by an untrusted master, the access is terminated with an error response and no peripheral access is initiated on the IPS bus."/>
    </bit_field>
    <bit_field offset="8" width="4" name="OPAC29" access="RW" reset_value="0x4" description="Off-platform Peripheral Access Control 29">
      <alias type="CMSIS" value="AIPSTZ_OPACR3_OPAC29(x)"/>
      <bit_field_value name="OPACR3_OPAC29_BW1" value="0b1???" description="Write accesses to this peripheral are allowed to be buffered by the AIPSTZ."/>
      <bit_field_value name="OPACR3_OPAC29_SP0" value="0b?0??" description="This peripheral does not require supervisor privilege level for accesses."/>
      <bit_field_value name="OPACR3_OPAC29_SP1" value="0b?1??" description="This peripheral requires supervisor privilege level for accesses. The master privilege level must indicate supervisor via the hprot[1] access attribute, and the MPROTx[MPL] control bit for the master must be set. If not, the access is terminated with an error response and no peripheral access is initiated on the IPS bus."/>
      <bit_field_value name="OPACR3_OPAC29_WP0" value="0b??0?" description="This peripheral allows write accesses."/>
      <bit_field_value name="OPACR3_OPAC29_WP1" value="0b??1?" description="This peripheral is write protected. If a write access is attempted, the access is terminated with an error response and no peripheral access is initiated on the IPS bus."/>
      <bit_field_value name="OPACR3_OPAC29_TP0" value="0b???0" description="Accesses from an untrusted master are allowed."/>
      <bit_field_value name="OPACR3_OPAC29_TP1" value="0b???1" description="Accesses from an untrusted master are not allowed. If an access is attempted by an untrusted master, the access is terminated with an error response and no peripheral access is initiated on the IPS bus."/>
    </bit_field>
    <bit_field offset="12" width="4" name="OPAC28" access="RW" reset_value="0x4" description="Off-platform Peripheral Access Control 28">
      <alias type="CMSIS" value="AIPSTZ_OPACR3_OPAC28(x)"/>
      <bit_field_value name="OPACR3_OPAC28_BW1" value="0b1???" description="Write accesses to this peripheral are allowed to be buffered by the AIPSTZ."/>
      <bit_field_value name="OPACR3_OPAC28_SP0" value="0b?0??" description="This peripheral does not require supervisor privilege level for accesses."/>
      <bit_field_value name="OPACR3_OPAC28_SP1" value="0b?1??" description="This peripheral requires supervisor privilege level for accesses. The master privilege level must indicate supervisor via the hprot[1] access attribute, and the MPROTx[MPL] control bit for the master must be set. If not, the access is terminated with an error response and no peripheral access is initiated on the IPS bus."/>
      <bit_field_value name="OPACR3_OPAC28_WP0" value="0b??0?" description="This peripheral allows write accesses."/>
      <bit_field_value name="OPACR3_OPAC28_WP1" value="0b??1?" description="This peripheral is write protected. If a write access is attempted, the access is terminated with an error response and no peripheral access is initiated on the IPS bus."/>
      <bit_field_value name="OPACR3_OPAC28_TP0" value="0b???0" description="Accesses from an untrusted master are allowed."/>
      <bit_field_value name="OPACR3_OPAC28_TP1" value="0b???1" description="Accesses from an untrusted master are not allowed. If an access is attempted by an untrusted master, the access is terminated with an error response and no peripheral access is initiated on the IPS bus."/>
    </bit_field>
    <bit_field offset="16" width="4" name="OPAC27" access="RW" reset_value="0x4" description="Off-platform Peripheral Access Control 27">
      <alias type="CMSIS" value="AIPSTZ_OPACR3_OPAC27(x)"/>
      <bit_field_value name="OPACR3_OPAC27_BW1" value="0b1???" description="Write accesses to this peripheral are allowed to be buffered by the AIPSTZ."/>
      <bit_field_value name="OPACR3_OPAC27_SP0" value="0b?0??" description="This peripheral does not require supervisor privilege level for accesses."/>
      <bit_field_value name="OPACR3_OPAC27_SP1" value="0b?1??" description="This peripheral requires supervisor privilege level for accesses. The master privilege level must indicate supervisor via the hprot[1] access attribute, and the MPROTx[MPL] control bit for the master must be set. If not, the access is terminated with an error response and no peripheral access is initiated on the IPS bus."/>
      <bit_field_value name="OPACR3_OPAC27_WP0" value="0b??0?" description="This peripheral allows write accesses."/>
      <bit_field_value name="OPACR3_OPAC27_WP1" value="0b??1?" description="This peripheral is write protected. If a write access is attempted, the access is terminated with an error response and no peripheral access is initiated on the IPS bus."/>
      <bit_field_value name="OPACR3_OPAC27_TP0" value="0b???0" description="Accesses from an untrusted master are allowed."/>
      <bit_field_value name="OPACR3_OPAC27_TP1" value="0b???1" description="Accesses from an untrusted master are not allowed. If an access is attempted by an untrusted master, the access is terminated with an error response and no peripheral access is initiated on the IPS bus."/>
    </bit_field>
    <bit_field offset="20" width="4" name="OPAC26" access="RW" reset_value="0x4" description="Off-platform Peripheral Access Control 26">
      <alias type="CMSIS" value="AIPSTZ_OPACR3_OPAC26(x)"/>
      <bit_field_value name="OPACR3_OPAC26_BW1" value="0b1???" description="Write accesses to this peripheral are allowed to be buffered by the AIPSTZ."/>
      <bit_field_value name="OPACR3_OPAC26_SP0" value="0b?0??" description="This peripheral does not require supervisor privilege level for accesses."/>
      <bit_field_value name="OPACR3_OPAC26_SP1" value="0b?1??" description="This peripheral requires supervisor privilege level for accesses. The master privilege level must indicate supervisor via the hprot[1] access attribute, and the MPROTx[MPL] control bit for the master must be set. If not, the access is terminated with an error response and no peripheral access is initiated on the IPS bus."/>
      <bit_field_value name="OPACR3_OPAC26_WP0" value="0b??0?" description="This peripheral allows write accesses."/>
      <bit_field_value name="OPACR3_OPAC26_WP1" value="0b??1?" description="This peripheral is write protected. If a write access is attempted, the access is terminated with an error response and no peripheral access is initiated on the IPS bus."/>
      <bit_field_value name="OPACR3_OPAC26_TP0" value="0b???0" description="Accesses from an untrusted master are allowed."/>
      <bit_field_value name="OPACR3_OPAC26_TP1" value="0b???1" description="Accesses from an untrusted master are not allowed. If an access is attempted by an untrusted master, the access is terminated with an error response and no peripheral access is initiated on the IPS bus."/>
    </bit_field>
    <bit_field offset="24" width="4" name="OPAC25" access="RW" reset_value="0x4" description="Off-platform Peripheral Access Control 25">
      <alias type="CMSIS" value="AIPSTZ_OPACR3_OPAC25(x)"/>
      <bit_field_value name="OPACR3_OPAC25_BW1" value="0b1???" description="Write accesses to this peripheral are allowed to be buffered by the AIPSTZ."/>
      <bit_field_value name="OPACR3_OPAC25_SP0" value="0b?0??" description="This peripheral does not require supervisor privilege level for accesses."/>
      <bit_field_value name="OPACR3_OPAC25_SP1" value="0b?1??" description="This peripheral requires supervisor privilege level for accesses. The master privilege level must indicate supervisor via the hprot[1] access attribute, and the MPROTx[MPL] control bit for the master must be set. If not, the access is terminated with an error response and no peripheral access is initiated on the IPS bus."/>
      <bit_field_value name="OPACR3_OPAC25_WP0" value="0b??0?" description="This peripheral allows write accesses."/>
      <bit_field_value name="OPACR3_OPAC25_WP1" value="0b??1?" description="This peripheral is write protected. If a write access is attempted, the access is terminated with an error response and no peripheral access is initiated on the IPS bus."/>
      <bit_field_value name="OPACR3_OPAC25_TP0" value="0b???0" description="Accesses from an untrusted master are allowed."/>
      <bit_field_value name="OPACR3_OPAC25_TP1" value="0b???1" description="Accesses from an untrusted master are not allowed. If an access is attempted by an untrusted master, the access is terminated with an error response and no peripheral access is initiated on the IPS bus."/>
    </bit_field>
    <bit_field offset="28" width="4" name="OPAC24" access="RW" reset_value="0x4" description="Off-platform Peripheral Access Control 24">
      <alias type="CMSIS" value="AIPSTZ_OPACR3_OPAC24(x)"/>
      <bit_field_value name="OPACR3_OPAC24_BW1" value="0b1???" description="Write accesses to this peripheral are allowed to be buffered by the AIPSTZ."/>
      <bit_field_value name="OPACR3_OPAC24_SP0" value="0b?0??" description="This peripheral does not require supervisor privilege level for accesses."/>
      <bit_field_value name="OPACR3_OPAC24_SP1" value="0b?1??" description="This peripheral requires supervisor privilege level for accesses. The master privilege level must indicate supervisor via the hprot[1] access attribute, and the MPROTx[MPL] control bit for the master must be set. If not, the access is terminated with an error response and no peripheral access is initiated on the IPS bus."/>
      <bit_field_value name="OPACR3_OPAC24_WP0" value="0b??0?" description="This peripheral allows write accesses."/>
      <bit_field_value name="OPACR3_OPAC24_WP1" value="0b??1?" description="This peripheral is write protected. If a write access is attempted, the access is terminated with an error response and no peripheral access is initiated on the IPS bus."/>
      <bit_field_value name="OPACR3_OPAC24_TP0" value="0b???0" description="Accesses from an untrusted master are allowed."/>
      <bit_field_value name="OPACR3_OPAC24_TP1" value="0b???1" description="Accesses from an untrusted master are not allowed. If an access is attempted by an untrusted master, the access is terminated with an error response and no peripheral access is initiated on the IPS bus."/>
    </bit_field>
  </register>
  <register offset="0x50" width="32" name="OPACR4" description="Off-Platform Peripheral Access Control Registers">
    <alias type="CMSIS" value="OPACR4"/>
    <reserved_bit_field offset="0" width="24" reset_value="0x444444"/>
    <bit_field offset="24" width="4" name="OPAC33" access="RW" reset_value="0x4" description="Off-platform Peripheral Access Control 33">
      <alias type="CMSIS" value="AIPSTZ_OPACR4_OPAC33(x)"/>
      <bit_field_value name="OPACR4_OPAC33_BW1" value="0b1???" description="Write accesses to this peripheral are allowed to be buffered by the AIPSTZ."/>
      <bit_field_value name="OPACR4_OPAC33_SP0" value="0b?0??" description="This peripheral does not require supervisor privilege level for accesses."/>
      <bit_field_value name="OPACR4_OPAC33_SP1" value="0b?1??" description="This peripheral requires supervisor privilege level for accesses. The master privilege level must indicate supervisor via the hprot[1] access attribute, and the MPROTx[MPL] control bit for the master must be set. If not, the access is terminated with an error response and no peripheral access is initiated on the IPS bus."/>
      <bit_field_value name="OPACR4_OPAC33_WP0" value="0b??0?" description="This peripheral allows write accesses."/>
      <bit_field_value name="OPACR4_OPAC33_WP1" value="0b??1?" description="This peripheral is write protected. If a write access is attempted, the access is terminated with an error response and no peripheral access is initiated on the IPS bus."/>
      <bit_field_value name="OPACR4_OPAC33_TP0" value="0b???0" description="Accesses from an untrusted master are allowed."/>
      <bit_field_value name="OPACR4_OPAC33_TP1" value="0b???1" description="Accesses from an untrusted master are not allowed. If an access is attempted by an untrusted master, the access is terminated with an error response and no peripheral access is initiated on the IPS bus."/>
    </bit_field>
    <bit_field offset="28" width="4" name="OPAC32" access="RW" reset_value="0x4" description="Off-platform Peripheral Access Control 32">
      <alias type="CMSIS" value="AIPSTZ_OPACR4_OPAC32(x)"/>
      <bit_field_value name="OPACR4_OPAC32_BW1" value="0b1???" description="Write accesses to this peripheral are allowed to be buffered by the AIPSTZ."/>
      <bit_field_value name="OPACR4_OPAC32_SP0" value="0b?0??" description="This peripheral does not require supervisor privilege level for accesses."/>
      <bit_field_value name="OPACR4_OPAC32_SP1" value="0b?1??" description="This peripheral requires supervisor privilege level for accesses. The master privilege level must indicate supervisor via the hprot[1] access attribute, and the MPROTx[MPL] control bit for the master must be set. If not, the access is terminated with an error response and no peripheral access is initiated on the IPS bus."/>
      <bit_field_value name="OPACR4_OPAC32_WP0" value="0b??0?" description="This peripheral allows write accesses."/>
      <bit_field_value name="OPACR4_OPAC32_WP1" value="0b??1?" description="This peripheral is write protected. If a write access is attempted, the access is terminated with an error response and no peripheral access is initiated on the IPS bus."/>
      <bit_field_value name="OPACR4_OPAC32_TP0" value="0b???0" description="Accesses from an untrusted master are allowed."/>
      <bit_field_value name="OPACR4_OPAC32_TP1" value="0b???1" description="Accesses from an untrusted master are not allowed. If an access is attempted by an untrusted master, the access is terminated with an error response and no peripheral access is initiated on the IPS bus."/>
    </bit_field>
  </register>
</regs:peripheral>