<?xml version="1.0"?>
<regs:peripheral xmlns:regs="http://swtools.freescale.net/XSD/registers/4.0/regsPeripheral.xsd" xmlns:xsi="http://www.w3.org/2001/XMLSchema-instance" xsi:schemaLocation="http://swtools.freescale.net/XSD/registers/4.0/regsPeripheral.xsd http://swtools.freescale.net/XSD/registers/4.0/regsPeripheral.xsd">
  <register offset="0" width="16" name="BFCRT010" description="Boolean Function Term 0 and 1 Configuration Register for EVENTn">
    <alias type="CMSIS" value="BFCRT[0].BFCRT01"/>
    <bit_field offset="0" width="2" name="PT1_DC" access="RW" reset_value="0" description="Product term 1, D input configuration">
      <alias type="CMSIS" value="AOI_BFCRT01_PT1_DC(x)"/>
      <bit_field_value name="BFCRT_PT1_DC_0b00" value="0b00" description="Force the D input in this product term to a logical zero"/>
      <bit_field_value name="BFCRT_PT1_DC_0b01" value="0b01" description="Pass the D input in this product term"/>
      <bit_field_value name="BFCRT_PT1_DC_0b10" value="0b10" description="Complement the D input in this product term"/>
      <bit_field_value name="BFCRT_PT1_DC_0b11" value="0b11" description="Force the D input in this product term to a logical one"/>
    </bit_field>
    <bit_field offset="2" width="2" name="PT1_CC" access="RW" reset_value="0" description="Product term 1, C input configuration">
      <alias type="CMSIS" value="AOI_BFCRT01_PT1_CC(x)"/>
      <bit_field_value name="BFCRT_PT1_CC_0b00" value="0b00" description="Force the C input in this product term to a logical zero"/>
      <bit_field_value name="BFCRT_PT1_CC_0b01" value="0b01" description="Pass the C input in this product term"/>
      <bit_field_value name="BFCRT_PT1_CC_0b10" value="0b10" description="Complement the C input in this product term"/>
      <bit_field_value name="BFCRT_PT1_CC_0b11" value="0b11" description="Force the C input in this product term to a logical one"/>
    </bit_field>
    <bit_field offset="4" width="2" name="PT1_BC" access="RW" reset_value="0" description="Product term 1, B input configuration">
      <alias type="CMSIS" value="AOI_BFCRT01_PT1_BC(x)"/>
      <bit_field_value name="BFCRT_PT1_BC_0b00" value="0b00" description="Force the B input in this product term to a logical zero"/>
      <bit_field_value name="BFCRT_PT1_BC_0b01" value="0b01" description="Pass the B input in this product term"/>
      <bit_field_value name="BFCRT_PT1_BC_0b10" value="0b10" description="Complement the B input in this product term"/>
      <bit_field_value name="BFCRT_PT1_BC_0b11" value="0b11" description="Force the B input in this product term to a logical one"/>
    </bit_field>
    <bit_field offset="6" width="2" name="PT1_AC" access="RW" reset_value="0" description="Product term 1, A input configuration">
      <alias type="CMSIS" value="AOI_BFCRT01_PT1_AC(x)"/>
      <bit_field_value name="BFCRT_PT1_AC_0b00" value="0b00" description="Force the A input in this product term to a logical zero"/>
      <bit_field_value name="BFCRT_PT1_AC_0b01" value="0b01" description="Pass the A input in this product term"/>
      <bit_field_value name="BFCRT_PT1_AC_0b10" value="0b10" description="Complement the A input in this product term"/>
      <bit_field_value name="BFCRT_PT1_AC_0b11" value="0b11" description="Force the A input in this product term to a logical one"/>
    </bit_field>
    <bit_field offset="8" width="2" name="PT0_DC" access="RW" reset_value="0" description="Product term 0, D input configuration">
      <alias type="CMSIS" value="AOI_BFCRT01_PT0_DC(x)"/>
      <bit_field_value name="BFCRT_PT0_DC_0b00" value="0b00" description="Force the D input in this product term to a logical zero"/>
      <bit_field_value name="BFCRT_PT0_DC_0b01" value="0b01" description="Pass the D input in this product term"/>
      <bit_field_value name="BFCRT_PT0_DC_0b10" value="0b10" description="Complement the D input in this product term"/>
      <bit_field_value name="BFCRT_PT0_DC_0b11" value="0b11" description="Force the D input in this product term to a logical one"/>
    </bit_field>
    <bit_field offset="10" width="2" name="PT0_CC" access="RW" reset_value="0" description="Product term 0, C input configuration">
      <alias type="CMSIS" value="AOI_BFCRT01_PT0_CC(x)"/>
      <bit_field_value name="BFCRT_PT0_CC_0b00" value="0b00" description="Force the C input in this product term to a logical zero"/>
      <bit_field_value name="BFCRT_PT0_CC_0b01" value="0b01" description="Pass the C input in this product term"/>
      <bit_field_value name="BFCRT_PT0_CC_0b10" value="0b10" description="Complement the C input in this product term"/>
      <bit_field_value name="BFCRT_PT0_CC_0b11" value="0b11" description="Force the C input in this product term to a logical one"/>
    </bit_field>
    <bit_field offset="12" width="2" name="PT0_BC" access="RW" reset_value="0" description="Product term 0, B input configuration">
      <alias type="CMSIS" value="AOI_BFCRT01_PT0_BC(x)"/>
      <bit_field_value name="BFCRT_PT0_BC_0b00" value="0b00" description="Force the B input in this product term to a logical zero"/>
      <bit_field_value name="BFCRT_PT0_BC_0b01" value="0b01" description="Pass the B input in this product term"/>
      <bit_field_value name="BFCRT_PT0_BC_0b10" value="0b10" description="Complement the B input in this product term"/>
      <bit_field_value name="BFCRT_PT0_BC_0b11" value="0b11" description="Force the B input in this product term to a logical one"/>
    </bit_field>
    <bit_field offset="14" width="2" name="PT0_AC" access="RW" reset_value="0" description="Product term 0, A input configuration">
      <alias type="CMSIS" value="AOI_BFCRT01_PT0_AC(x)"/>
      <bit_field_value name="BFCRT_PT0_AC_0b00" value="0b00" description="Force the A input in this product term to a logical zero"/>
      <bit_field_value name="BFCRT_PT0_AC_0b01" value="0b01" description="Pass the A input in this product term"/>
      <bit_field_value name="BFCRT_PT0_AC_0b10" value="0b10" description="Complement the A input in this product term"/>
      <bit_field_value name="BFCRT_PT0_AC_0b11" value="0b11" description="Force the A input in this product term to a logical one"/>
    </bit_field>
  </register>
  <register offset="0x2" width="16" name="BFCRT230" description="Boolean Function Term 2 and 3 Configuration Register for EVENTn">
    <alias type="CMSIS" value="BFCRT[0].BFCRT23"/>
    <bit_field offset="0" width="2" name="PT3_DC" access="RW" reset_value="0" description="Product term 3, D input configuration">
      <alias type="CMSIS" value="AOI_BFCRT23_PT3_DC(x)"/>
      <bit_field_value name="BFCRT_PT3_DC_0b00" value="0b00" description="Force the D input in this product term to a logical zero"/>
      <bit_field_value name="BFCRT_PT3_DC_0b01" value="0b01" description="Pass the D input in this product term"/>
      <bit_field_value name="BFCRT_PT3_DC_0b10" value="0b10" description="Complement the D input in this product term"/>
      <bit_field_value name="BFCRT_PT3_DC_0b11" value="0b11" description="Force the D input in this product term to a logical one"/>
    </bit_field>
    <bit_field offset="2" width="2" name="PT3_CC" access="RW" reset_value="0" description="Product term 3, C input configuration">
      <alias type="CMSIS" value="AOI_BFCRT23_PT3_CC(x)"/>
      <bit_field_value name="BFCRT_PT3_CC_0b00" value="0b00" description="Force the C input in this product term to a logical zero"/>
      <bit_field_value name="BFCRT_PT3_CC_0b01" value="0b01" description="Pass the C input in this product term"/>
      <bit_field_value name="BFCRT_PT3_CC_0b10" value="0b10" description="Complement the C input in this product term"/>
      <bit_field_value name="BFCRT_PT3_CC_0b11" value="0b11" description="Force the C input in this product term to a logical one"/>
    </bit_field>
    <bit_field offset="4" width="2" name="PT3_BC" access="RW" reset_value="0" description="Product term 3, B input configuration">
      <alias type="CMSIS" value="AOI_BFCRT23_PT3_BC(x)"/>
      <bit_field_value name="BFCRT_PT3_BC_0b00" value="0b00" description="Force the B input in this product term to a logical zero"/>
      <bit_field_value name="BFCRT_PT3_BC_0b01" value="0b01" description="Pass the B input in this product term"/>
      <bit_field_value name="BFCRT_PT3_BC_0b10" value="0b10" description="Complement the B input in this product term"/>
      <bit_field_value name="BFCRT_PT3_BC_0b11" value="0b11" description="Force the B input in this product term to a logical one"/>
    </bit_field>
    <bit_field offset="6" width="2" name="PT3_AC" access="RW" reset_value="0" description="Product term 3, A input configuration">
      <alias type="CMSIS" value="AOI_BFCRT23_PT3_AC(x)"/>
      <bit_field_value name="BFCRT_PT3_AC_0b00" value="0b00" description="Force the A input in this product term to a logical zero"/>
      <bit_field_value name="BFCRT_PT3_AC_0b01" value="0b01" description="Pass the A input in this product term"/>
      <bit_field_value name="BFCRT_PT3_AC_0b10" value="0b10" description="Complement the A input in this product term"/>
      <bit_field_value name="BFCRT_PT3_AC_0b11" value="0b11" description="Force the A input in this product term to a logical one"/>
    </bit_field>
    <bit_field offset="8" width="2" name="PT2_DC" access="RW" reset_value="0" description="Product term 2, D input configuration">
      <alias type="CMSIS" value="AOI_BFCRT23_PT2_DC(x)"/>
      <bit_field_value name="BFCRT_PT2_DC_0b00" value="0b00" description="Force the D input in this product term to a logical zero"/>
      <bit_field_value name="BFCRT_PT2_DC_0b01" value="0b01" description="Pass the D input in this product term"/>
      <bit_field_value name="BFCRT_PT2_DC_0b10" value="0b10" description="Complement the D input in this product term"/>
      <bit_field_value name="BFCRT_PT2_DC_0b11" value="0b11" description="Force the D input in this product term to a logical one"/>
    </bit_field>
    <bit_field offset="10" width="2" name="PT2_CC" access="RW" reset_value="0" description="Product term 2, C input configuration">
      <alias type="CMSIS" value="AOI_BFCRT23_PT2_CC(x)"/>
      <bit_field_value name="BFCRT_PT2_CC_0b00" value="0b00" description="Force the C input in this product term to a logical zero"/>
      <bit_field_value name="BFCRT_PT2_CC_0b01" value="0b01" description="Pass the C input in this product term"/>
      <bit_field_value name="BFCRT_PT2_CC_0b10" value="0b10" description="Complement the C input in this product term"/>
      <bit_field_value name="BFCRT_PT2_CC_0b11" value="0b11" description="Force the C input in this product term to a logical one"/>
    </bit_field>
    <bit_field offset="12" width="2" name="PT2_BC" access="RW" reset_value="0" description="Product term 2, B input configuration">
      <alias type="CMSIS" value="AOI_BFCRT23_PT2_BC(x)"/>
      <bit_field_value name="BFCRT_PT2_BC_0b00" value="0b00" description="Force the B input in this product term to a logical zero"/>
      <bit_field_value name="BFCRT_PT2_BC_0b01" value="0b01" description="Pass the B input in this product term"/>
      <bit_field_value name="BFCRT_PT2_BC_0b10" value="0b10" description="Complement the B input in this product term"/>
      <bit_field_value name="BFCRT_PT2_BC_0b11" value="0b11" description="Force the B input in this product term to a logical one"/>
    </bit_field>
    <bit_field offset="14" width="2" name="PT2_AC" access="RW" reset_value="0" description="Product term 2, A input configuration">
      <alias type="CMSIS" value="AOI_BFCRT23_PT2_AC(x)"/>
      <bit_field_value name="BFCRT_PT2_AC_0b00" value="0b00" description="Force the A input in this product term to a logical zero"/>
      <bit_field_value name="BFCRT_PT2_AC_0b01" value="0b01" description="Pass the A input in this product term"/>
      <bit_field_value name="BFCRT_PT2_AC_0b10" value="0b10" description="Complement the A input in this product term"/>
      <bit_field_value name="BFCRT_PT2_AC_0b11" value="0b11" description="Force the A input in this product term to a logical one"/>
    </bit_field>
  </register>
  <register offset="0x4" width="16" name="BFCRT011" description="Boolean Function Term 0 and 1 Configuration Register for EVENTn">
    <alias type="CMSIS" value="BFCRT[1].BFCRT01"/>
    <bit_field offset="0" width="2" name="PT1_DC" access="RW" reset_value="0" description="Product term 1, D input configuration">
      <alias type="CMSIS" value="AOI_BFCRT01_PT1_DC(x)"/>
      <bit_field_value name="BFCRT_PT1_DC_0b00" value="0b00" description="Force the D input in this product term to a logical zero"/>
      <bit_field_value name="BFCRT_PT1_DC_0b01" value="0b01" description="Pass the D input in this product term"/>
      <bit_field_value name="BFCRT_PT1_DC_0b10" value="0b10" description="Complement the D input in this product term"/>
      <bit_field_value name="BFCRT_PT1_DC_0b11" value="0b11" description="Force the D input in this product term to a logical one"/>
    </bit_field>
    <bit_field offset="2" width="2" name="PT1_CC" access="RW" reset_value="0" description="Product term 1, C input configuration">
      <alias type="CMSIS" value="AOI_BFCRT01_PT1_CC(x)"/>
      <bit_field_value name="BFCRT_PT1_CC_0b00" value="0b00" description="Force the C input in this product term to a logical zero"/>
      <bit_field_value name="BFCRT_PT1_CC_0b01" value="0b01" description="Pass the C input in this product term"/>
      <bit_field_value name="BFCRT_PT1_CC_0b10" value="0b10" description="Complement the C input in this product term"/>
      <bit_field_value name="BFCRT_PT1_CC_0b11" value="0b11" description="Force the C input in this product term to a logical one"/>
    </bit_field>
    <bit_field offset="4" width="2" name="PT1_BC" access="RW" reset_value="0" description="Product term 1, B input configuration">
      <alias type="CMSIS" value="AOI_BFCRT01_PT1_BC(x)"/>
      <bit_field_value name="BFCRT_PT1_BC_0b00" value="0b00" description="Force the B input in this product term to a logical zero"/>
      <bit_field_value name="BFCRT_PT1_BC_0b01" value="0b01" description="Pass the B input in this product term"/>
      <bit_field_value name="BFCRT_PT1_BC_0b10" value="0b10" description="Complement the B input in this product term"/>
      <bit_field_value name="BFCRT_PT1_BC_0b11" value="0b11" description="Force the B input in this product term to a logical one"/>
    </bit_field>
    <bit_field offset="6" width="2" name="PT1_AC" access="RW" reset_value="0" description="Product term 1, A input configuration">
      <alias type="CMSIS" value="AOI_BFCRT01_PT1_AC(x)"/>
      <bit_field_value name="BFCRT_PT1_AC_0b00" value="0b00" description="Force the A input in this product term to a logical zero"/>
      <bit_field_value name="BFCRT_PT1_AC_0b01" value="0b01" description="Pass the A input in this product term"/>
      <bit_field_value name="BFCRT_PT1_AC_0b10" value="0b10" description="Complement the A input in this product term"/>
      <bit_field_value name="BFCRT_PT1_AC_0b11" value="0b11" description="Force the A input in this product term to a logical one"/>
    </bit_field>
    <bit_field offset="8" width="2" name="PT0_DC" access="RW" reset_value="0" description="Product term 0, D input configuration">
      <alias type="CMSIS" value="AOI_BFCRT01_PT0_DC(x)"/>
      <bit_field_value name="BFCRT_PT0_DC_0b00" value="0b00" description="Force the D input in this product term to a logical zero"/>
      <bit_field_value name="BFCRT_PT0_DC_0b01" value="0b01" description="Pass the D input in this product term"/>
      <bit_field_value name="BFCRT_PT0_DC_0b10" value="0b10" description="Complement the D input in this product term"/>
      <bit_field_value name="BFCRT_PT0_DC_0b11" value="0b11" description="Force the D input in this product term to a logical one"/>
    </bit_field>
    <bit_field offset="10" width="2" name="PT0_CC" access="RW" reset_value="0" description="Product term 0, C input configuration">
      <alias type="CMSIS" value="AOI_BFCRT01_PT0_CC(x)"/>
      <bit_field_value name="BFCRT_PT0_CC_0b00" value="0b00" description="Force the C input in this product term to a logical zero"/>
      <bit_field_value name="BFCRT_PT0_CC_0b01" value="0b01" description="Pass the C input in this product term"/>
      <bit_field_value name="BFCRT_PT0_CC_0b10" value="0b10" description="Complement the C input in this product term"/>
      <bit_field_value name="BFCRT_PT0_CC_0b11" value="0b11" description="Force the C input in this product term to a logical one"/>
    </bit_field>
    <bit_field offset="12" width="2" name="PT0_BC" access="RW" reset_value="0" description="Product term 0, B input configuration">
      <alias type="CMSIS" value="AOI_BFCRT01_PT0_BC(x)"/>
      <bit_field_value name="BFCRT_PT0_BC_0b00" value="0b00" description="Force the B input in this product term to a logical zero"/>
      <bit_field_value name="BFCRT_PT0_BC_0b01" value="0b01" description="Pass the B input in this product term"/>
      <bit_field_value name="BFCRT_PT0_BC_0b10" value="0b10" description="Complement the B input in this product term"/>
      <bit_field_value name="BFCRT_PT0_BC_0b11" value="0b11" description="Force the B input in this product term to a logical one"/>
    </bit_field>
    <bit_field offset="14" width="2" name="PT0_AC" access="RW" reset_value="0" description="Product term 0, A input configuration">
      <alias type="CMSIS" value="AOI_BFCRT01_PT0_AC(x)"/>
      <bit_field_value name="BFCRT_PT0_AC_0b00" value="0b00" description="Force the A input in this product term to a logical zero"/>
      <bit_field_value name="BFCRT_PT0_AC_0b01" value="0b01" description="Pass the A input in this product term"/>
      <bit_field_value name="BFCRT_PT0_AC_0b10" value="0b10" description="Complement the A input in this product term"/>
      <bit_field_value name="BFCRT_PT0_AC_0b11" value="0b11" description="Force the A input in this product term to a logical one"/>
    </bit_field>
  </register>
  <register offset="0x6" width="16" name="BFCRT231" description="Boolean Function Term 2 and 3 Configuration Register for EVENTn">
    <alias type="CMSIS" value="BFCRT[1].BFCRT23"/>
    <bit_field offset="0" width="2" name="PT3_DC" access="RW" reset_value="0" description="Product term 3, D input configuration">
      <alias type="CMSIS" value="AOI_BFCRT23_PT3_DC(x)"/>
      <bit_field_value name="BFCRT_PT3_DC_0b00" value="0b00" description="Force the D input in this product term to a logical zero"/>
      <bit_field_value name="BFCRT_PT3_DC_0b01" value="0b01" description="Pass the D input in this product term"/>
      <bit_field_value name="BFCRT_PT3_DC_0b10" value="0b10" description="Complement the D input in this product term"/>
      <bit_field_value name="BFCRT_PT3_DC_0b11" value="0b11" description="Force the D input in this product term to a logical one"/>
    </bit_field>
    <bit_field offset="2" width="2" name="PT3_CC" access="RW" reset_value="0" description="Product term 3, C input configuration">
      <alias type="CMSIS" value="AOI_BFCRT23_PT3_CC(x)"/>
      <bit_field_value name="BFCRT_PT3_CC_0b00" value="0b00" description="Force the C input in this product term to a logical zero"/>
      <bit_field_value name="BFCRT_PT3_CC_0b01" value="0b01" description="Pass the C input in this product term"/>
      <bit_field_value name="BFCRT_PT3_CC_0b10" value="0b10" description="Complement the C input in this product term"/>
      <bit_field_value name="BFCRT_PT3_CC_0b11" value="0b11" description="Force the C input in this product term to a logical one"/>
    </bit_field>
    <bit_field offset="4" width="2" name="PT3_BC" access="RW" reset_value="0" description="Product term 3, B input configuration">
      <alias type="CMSIS" value="AOI_BFCRT23_PT3_BC(x)"/>
      <bit_field_value name="BFCRT_PT3_BC_0b00" value="0b00" description="Force the B input in this product term to a logical zero"/>
      <bit_field_value name="BFCRT_PT3_BC_0b01" value="0b01" description="Pass the B input in this product term"/>
      <bit_field_value name="BFCRT_PT3_BC_0b10" value="0b10" description="Complement the B input in this product term"/>
      <bit_field_value name="BFCRT_PT3_BC_0b11" value="0b11" description="Force the B input in this product term to a logical one"/>
    </bit_field>
    <bit_field offset="6" width="2" name="PT3_AC" access="RW" reset_value="0" description="Product term 3, A input configuration">
      <alias type="CMSIS" value="AOI_BFCRT23_PT3_AC(x)"/>
      <bit_field_value name="BFCRT_PT3_AC_0b00" value="0b00" description="Force the A input in this product term to a logical zero"/>
      <bit_field_value name="BFCRT_PT3_AC_0b01" value="0b01" description="Pass the A input in this product term"/>
      <bit_field_value name="BFCRT_PT3_AC_0b10" value="0b10" description="Complement the A input in this product term"/>
      <bit_field_value name="BFCRT_PT3_AC_0b11" value="0b11" description="Force the A input in this product term to a logical one"/>
    </bit_field>
    <bit_field offset="8" width="2" name="PT2_DC" access="RW" reset_value="0" description="Product term 2, D input configuration">
      <alias type="CMSIS" value="AOI_BFCRT23_PT2_DC(x)"/>
      <bit_field_value name="BFCRT_PT2_DC_0b00" value="0b00" description="Force the D input in this product term to a logical zero"/>
      <bit_field_value name="BFCRT_PT2_DC_0b01" value="0b01" description="Pass the D input in this product term"/>
      <bit_field_value name="BFCRT_PT2_DC_0b10" value="0b10" description="Complement the D input in this product term"/>
      <bit_field_value name="BFCRT_PT2_DC_0b11" value="0b11" description="Force the D input in this product term to a logical one"/>
    </bit_field>
    <bit_field offset="10" width="2" name="PT2_CC" access="RW" reset_value="0" description="Product term 2, C input configuration">
      <alias type="CMSIS" value="AOI_BFCRT23_PT2_CC(x)"/>
      <bit_field_value name="BFCRT_PT2_CC_0b00" value="0b00" description="Force the C input in this product term to a logical zero"/>
      <bit_field_value name="BFCRT_PT2_CC_0b01" value="0b01" description="Pass the C input in this product term"/>
      <bit_field_value name="BFCRT_PT2_CC_0b10" value="0b10" description="Complement the C input in this product term"/>
      <bit_field_value name="BFCRT_PT2_CC_0b11" value="0b11" description="Force the C input in this product term to a logical one"/>
    </bit_field>
    <bit_field offset="12" width="2" name="PT2_BC" access="RW" reset_value="0" description="Product term 2, B input configuration">
      <alias type="CMSIS" value="AOI_BFCRT23_PT2_BC(x)"/>
      <bit_field_value name="BFCRT_PT2_BC_0b00" value="0b00" description="Force the B input in this product term to a logical zero"/>
      <bit_field_value name="BFCRT_PT2_BC_0b01" value="0b01" description="Pass the B input in this product term"/>
      <bit_field_value name="BFCRT_PT2_BC_0b10" value="0b10" description="Complement the B input in this product term"/>
      <bit_field_value name="BFCRT_PT2_BC_0b11" value="0b11" description="Force the B input in this product term to a logical one"/>
    </bit_field>
    <bit_field offset="14" width="2" name="PT2_AC" access="RW" reset_value="0" description="Product term 2, A input configuration">
      <alias type="CMSIS" value="AOI_BFCRT23_PT2_AC(x)"/>
      <bit_field_value name="BFCRT_PT2_AC_0b00" value="0b00" description="Force the A input in this product term to a logical zero"/>
      <bit_field_value name="BFCRT_PT2_AC_0b01" value="0b01" description="Pass the A input in this product term"/>
      <bit_field_value name="BFCRT_PT2_AC_0b10" value="0b10" description="Complement the A input in this product term"/>
      <bit_field_value name="BFCRT_PT2_AC_0b11" value="0b11" description="Force the A input in this product term to a logical one"/>
    </bit_field>
  </register>
  <register offset="0x8" width="16" name="BFCRT012" description="Boolean Function Term 0 and 1 Configuration Register for EVENTn">
    <alias type="CMSIS" value="BFCRT[2].BFCRT01"/>
    <bit_field offset="0" width="2" name="PT1_DC" access="RW" reset_value="0" description="Product term 1, D input configuration">
      <alias type="CMSIS" value="AOI_BFCRT01_PT1_DC(x)"/>
      <bit_field_value name="BFCRT_PT1_DC_0b00" value="0b00" description="Force the D input in this product term to a logical zero"/>
      <bit_field_value name="BFCRT_PT1_DC_0b01" value="0b01" description="Pass the D input in this product term"/>
      <bit_field_value name="BFCRT_PT1_DC_0b10" value="0b10" description="Complement the D input in this product term"/>
      <bit_field_value name="BFCRT_PT1_DC_0b11" value="0b11" description="Force the D input in this product term to a logical one"/>
    </bit_field>
    <bit_field offset="2" width="2" name="PT1_CC" access="RW" reset_value="0" description="Product term 1, C input configuration">
      <alias type="CMSIS" value="AOI_BFCRT01_PT1_CC(x)"/>
      <bit_field_value name="BFCRT_PT1_CC_0b00" value="0b00" description="Force the C input in this product term to a logical zero"/>
      <bit_field_value name="BFCRT_PT1_CC_0b01" value="0b01" description="Pass the C input in this product term"/>
      <bit_field_value name="BFCRT_PT1_CC_0b10" value="0b10" description="Complement the C input in this product term"/>
      <bit_field_value name="BFCRT_PT1_CC_0b11" value="0b11" description="Force the C input in this product term to a logical one"/>
    </bit_field>
    <bit_field offset="4" width="2" name="PT1_BC" access="RW" reset_value="0" description="Product term 1, B input configuration">
      <alias type="CMSIS" value="AOI_BFCRT01_PT1_BC(x)"/>
      <bit_field_value name="BFCRT_PT1_BC_0b00" value="0b00" description="Force the B input in this product term to a logical zero"/>
      <bit_field_value name="BFCRT_PT1_BC_0b01" value="0b01" description="Pass the B input in this product term"/>
      <bit_field_value name="BFCRT_PT1_BC_0b10" value="0b10" description="Complement the B input in this product term"/>
      <bit_field_value name="BFCRT_PT1_BC_0b11" value="0b11" description="Force the B input in this product term to a logical one"/>
    </bit_field>
    <bit_field offset="6" width="2" name="PT1_AC" access="RW" reset_value="0" description="Product term 1, A input configuration">
      <alias type="CMSIS" value="AOI_BFCRT01_PT1_AC(x)"/>
      <bit_field_value name="BFCRT_PT1_AC_0b00" value="0b00" description="Force the A input in this product term to a logical zero"/>
      <bit_field_value name="BFCRT_PT1_AC_0b01" value="0b01" description="Pass the A input in this product term"/>
      <bit_field_value name="BFCRT_PT1_AC_0b10" value="0b10" description="Complement the A input in this product term"/>
      <bit_field_value name="BFCRT_PT1_AC_0b11" value="0b11" description="Force the A input in this product term to a logical one"/>
    </bit_field>
    <bit_field offset="8" width="2" name="PT0_DC" access="RW" reset_value="0" description="Product term 0, D input configuration">
      <alias type="CMSIS" value="AOI_BFCRT01_PT0_DC(x)"/>
      <bit_field_value name="BFCRT_PT0_DC_0b00" value="0b00" description="Force the D input in this product term to a logical zero"/>
      <bit_field_value name="BFCRT_PT0_DC_0b01" value="0b01" description="Pass the D input in this product term"/>
      <bit_field_value name="BFCRT_PT0_DC_0b10" value="0b10" description="Complement the D input in this product term"/>
      <bit_field_value name="BFCRT_PT0_DC_0b11" value="0b11" description="Force the D input in this product term to a logical one"/>
    </bit_field>
    <bit_field offset="10" width="2" name="PT0_CC" access="RW" reset_value="0" description="Product term 0, C input configuration">
      <alias type="CMSIS" value="AOI_BFCRT01_PT0_CC(x)"/>
      <bit_field_value name="BFCRT_PT0_CC_0b00" value="0b00" description="Force the C input in this product term to a logical zero"/>
      <bit_field_value name="BFCRT_PT0_CC_0b01" value="0b01" description="Pass the C input in this product term"/>
      <bit_field_value name="BFCRT_PT0_CC_0b10" value="0b10" description="Complement the C input in this product term"/>
      <bit_field_value name="BFCRT_PT0_CC_0b11" value="0b11" description="Force the C input in this product term to a logical one"/>
    </bit_field>
    <bit_field offset="12" width="2" name="PT0_BC" access="RW" reset_value="0" description="Product term 0, B input configuration">
      <alias type="CMSIS" value="AOI_BFCRT01_PT0_BC(x)"/>
      <bit_field_value name="BFCRT_PT0_BC_0b00" value="0b00" description="Force the B input in this product term to a logical zero"/>
      <bit_field_value name="BFCRT_PT0_BC_0b01" value="0b01" description="Pass the B input in this product term"/>
      <bit_field_value name="BFCRT_PT0_BC_0b10" value="0b10" description="Complement the B input in this product term"/>
      <bit_field_value name="BFCRT_PT0_BC_0b11" value="0b11" description="Force the B input in this product term to a logical one"/>
    </bit_field>
    <bit_field offset="14" width="2" name="PT0_AC" access="RW" reset_value="0" description="Product term 0, A input configuration">
      <alias type="CMSIS" value="AOI_BFCRT01_PT0_AC(x)"/>
      <bit_field_value name="BFCRT_PT0_AC_0b00" value="0b00" description="Force the A input in this product term to a logical zero"/>
      <bit_field_value name="BFCRT_PT0_AC_0b01" value="0b01" description="Pass the A input in this product term"/>
      <bit_field_value name="BFCRT_PT0_AC_0b10" value="0b10" description="Complement the A input in this product term"/>
      <bit_field_value name="BFCRT_PT0_AC_0b11" value="0b11" description="Force the A input in this product term to a logical one"/>
    </bit_field>
  </register>
  <register offset="0xA" width="16" name="BFCRT232" description="Boolean Function Term 2 and 3 Configuration Register for EVENTn">
    <alias type="CMSIS" value="BFCRT[2].BFCRT23"/>
    <bit_field offset="0" width="2" name="PT3_DC" access="RW" reset_value="0" description="Product term 3, D input configuration">
      <alias type="CMSIS" value="AOI_BFCRT23_PT3_DC(x)"/>
      <bit_field_value name="BFCRT_PT3_DC_0b00" value="0b00" description="Force the D input in this product term to a logical zero"/>
      <bit_field_value name="BFCRT_PT3_DC_0b01" value="0b01" description="Pass the D input in this product term"/>
      <bit_field_value name="BFCRT_PT3_DC_0b10" value="0b10" description="Complement the D input in this product term"/>
      <bit_field_value name="BFCRT_PT3_DC_0b11" value="0b11" description="Force the D input in this product term to a logical one"/>
    </bit_field>
    <bit_field offset="2" width="2" name="PT3_CC" access="RW" reset_value="0" description="Product term 3, C input configuration">
      <alias type="CMSIS" value="AOI_BFCRT23_PT3_CC(x)"/>
      <bit_field_value name="BFCRT_PT3_CC_0b00" value="0b00" description="Force the C input in this product term to a logical zero"/>
      <bit_field_value name="BFCRT_PT3_CC_0b01" value="0b01" description="Pass the C input in this product term"/>
      <bit_field_value name="BFCRT_PT3_CC_0b10" value="0b10" description="Complement the C input in this product term"/>
      <bit_field_value name="BFCRT_PT3_CC_0b11" value="0b11" description="Force the C input in this product term to a logical one"/>
    </bit_field>
    <bit_field offset="4" width="2" name="PT3_BC" access="RW" reset_value="0" description="Product term 3, B input configuration">
      <alias type="CMSIS" value="AOI_BFCRT23_PT3_BC(x)"/>
      <bit_field_value name="BFCRT_PT3_BC_0b00" value="0b00" description="Force the B input in this product term to a logical zero"/>
      <bit_field_value name="BFCRT_PT3_BC_0b01" value="0b01" description="Pass the B input in this product term"/>
      <bit_field_value name="BFCRT_PT3_BC_0b10" value="0b10" description="Complement the B input in this product term"/>
      <bit_field_value name="BFCRT_PT3_BC_0b11" value="0b11" description="Force the B input in this product term to a logical one"/>
    </bit_field>
    <bit_field offset="6" width="2" name="PT3_AC" access="RW" reset_value="0" description="Product term 3, A input configuration">
      <alias type="CMSIS" value="AOI_BFCRT23_PT3_AC(x)"/>
      <bit_field_value name="BFCRT_PT3_AC_0b00" value="0b00" description="Force the A input in this product term to a logical zero"/>
      <bit_field_value name="BFCRT_PT3_AC_0b01" value="0b01" description="Pass the A input in this product term"/>
      <bit_field_value name="BFCRT_PT3_AC_0b10" value="0b10" description="Complement the A input in this product term"/>
      <bit_field_value name="BFCRT_PT3_AC_0b11" value="0b11" description="Force the A input in this product term to a logical one"/>
    </bit_field>
    <bit_field offset="8" width="2" name="PT2_DC" access="RW" reset_value="0" description="Product term 2, D input configuration">
      <alias type="CMSIS" value="AOI_BFCRT23_PT2_DC(x)"/>
      <bit_field_value name="BFCRT_PT2_DC_0b00" value="0b00" description="Force the D input in this product term to a logical zero"/>
      <bit_field_value name="BFCRT_PT2_DC_0b01" value="0b01" description="Pass the D input in this product term"/>
      <bit_field_value name="BFCRT_PT2_DC_0b10" value="0b10" description="Complement the D input in this product term"/>
      <bit_field_value name="BFCRT_PT2_DC_0b11" value="0b11" description="Force the D input in this product term to a logical one"/>
    </bit_field>
    <bit_field offset="10" width="2" name="PT2_CC" access="RW" reset_value="0" description="Product term 2, C input configuration">
      <alias type="CMSIS" value="AOI_BFCRT23_PT2_CC(x)"/>
      <bit_field_value name="BFCRT_PT2_CC_0b00" value="0b00" description="Force the C input in this product term to a logical zero"/>
      <bit_field_value name="BFCRT_PT2_CC_0b01" value="0b01" description="Pass the C input in this product term"/>
      <bit_field_value name="BFCRT_PT2_CC_0b10" value="0b10" description="Complement the C input in this product term"/>
      <bit_field_value name="BFCRT_PT2_CC_0b11" value="0b11" description="Force the C input in this product term to a logical one"/>
    </bit_field>
    <bit_field offset="12" width="2" name="PT2_BC" access="RW" reset_value="0" description="Product term 2, B input configuration">
      <alias type="CMSIS" value="AOI_BFCRT23_PT2_BC(x)"/>
      <bit_field_value name="BFCRT_PT2_BC_0b00" value="0b00" description="Force the B input in this product term to a logical zero"/>
      <bit_field_value name="BFCRT_PT2_BC_0b01" value="0b01" description="Pass the B input in this product term"/>
      <bit_field_value name="BFCRT_PT2_BC_0b10" value="0b10" description="Complement the B input in this product term"/>
      <bit_field_value name="BFCRT_PT2_BC_0b11" value="0b11" description="Force the B input in this product term to a logical one"/>
    </bit_field>
    <bit_field offset="14" width="2" name="PT2_AC" access="RW" reset_value="0" description="Product term 2, A input configuration">
      <alias type="CMSIS" value="AOI_BFCRT23_PT2_AC(x)"/>
      <bit_field_value name="BFCRT_PT2_AC_0b00" value="0b00" description="Force the A input in this product term to a logical zero"/>
      <bit_field_value name="BFCRT_PT2_AC_0b01" value="0b01" description="Pass the A input in this product term"/>
      <bit_field_value name="BFCRT_PT2_AC_0b10" value="0b10" description="Complement the A input in this product term"/>
      <bit_field_value name="BFCRT_PT2_AC_0b11" value="0b11" description="Force the A input in this product term to a logical one"/>
    </bit_field>
  </register>
  <register offset="0xC" width="16" name="BFCRT013" description="Boolean Function Term 0 and 1 Configuration Register for EVENTn">
    <alias type="CMSIS" value="BFCRT[3].BFCRT01"/>
    <bit_field offset="0" width="2" name="PT1_DC" access="RW" reset_value="0" description="Product term 1, D input configuration">
      <alias type="CMSIS" value="AOI_BFCRT01_PT1_DC(x)"/>
      <bit_field_value name="BFCRT_PT1_DC_0b00" value="0b00" description="Force the D input in this product term to a logical zero"/>
      <bit_field_value name="BFCRT_PT1_DC_0b01" value="0b01" description="Pass the D input in this product term"/>
      <bit_field_value name="BFCRT_PT1_DC_0b10" value="0b10" description="Complement the D input in this product term"/>
      <bit_field_value name="BFCRT_PT1_DC_0b11" value="0b11" description="Force the D input in this product term to a logical one"/>
    </bit_field>
    <bit_field offset="2" width="2" name="PT1_CC" access="RW" reset_value="0" description="Product term 1, C input configuration">
      <alias type="CMSIS" value="AOI_BFCRT01_PT1_CC(x)"/>
      <bit_field_value name="BFCRT_PT1_CC_0b00" value="0b00" description="Force the C input in this product term to a logical zero"/>
      <bit_field_value name="BFCRT_PT1_CC_0b01" value="0b01" description="Pass the C input in this product term"/>
      <bit_field_value name="BFCRT_PT1_CC_0b10" value="0b10" description="Complement the C input in this product term"/>
      <bit_field_value name="BFCRT_PT1_CC_0b11" value="0b11" description="Force the C input in this product term to a logical one"/>
    </bit_field>
    <bit_field offset="4" width="2" name="PT1_BC" access="RW" reset_value="0" description="Product term 1, B input configuration">
      <alias type="CMSIS" value="AOI_BFCRT01_PT1_BC(x)"/>
      <bit_field_value name="BFCRT_PT1_BC_0b00" value="0b00" description="Force the B input in this product term to a logical zero"/>
      <bit_field_value name="BFCRT_PT1_BC_0b01" value="0b01" description="Pass the B input in this product term"/>
      <bit_field_value name="BFCRT_PT1_BC_0b10" value="0b10" description="Complement the B input in this product term"/>
      <bit_field_value name="BFCRT_PT1_BC_0b11" value="0b11" description="Force the B input in this product term to a logical one"/>
    </bit_field>
    <bit_field offset="6" width="2" name="PT1_AC" access="RW" reset_value="0" description="Product term 1, A input configuration">
      <alias type="CMSIS" value="AOI_BFCRT01_PT1_AC(x)"/>
      <bit_field_value name="BFCRT_PT1_AC_0b00" value="0b00" description="Force the A input in this product term to a logical zero"/>
      <bit_field_value name="BFCRT_PT1_AC_0b01" value="0b01" description="Pass the A input in this product term"/>
      <bit_field_value name="BFCRT_PT1_AC_0b10" value="0b10" description="Complement the A input in this product term"/>
      <bit_field_value name="BFCRT_PT1_AC_0b11" value="0b11" description="Force the A input in this product term to a logical one"/>
    </bit_field>
    <bit_field offset="8" width="2" name="PT0_DC" access="RW" reset_value="0" description="Product term 0, D input configuration">
      <alias type="CMSIS" value="AOI_BFCRT01_PT0_DC(x)"/>
      <bit_field_value name="BFCRT_PT0_DC_0b00" value="0b00" description="Force the D input in this product term to a logical zero"/>
      <bit_field_value name="BFCRT_PT0_DC_0b01" value="0b01" description="Pass the D input in this product term"/>
      <bit_field_value name="BFCRT_PT0_DC_0b10" value="0b10" description="Complement the D input in this product term"/>
      <bit_field_value name="BFCRT_PT0_DC_0b11" value="0b11" description="Force the D input in this product term to a logical one"/>
    </bit_field>
    <bit_field offset="10" width="2" name="PT0_CC" access="RW" reset_value="0" description="Product term 0, C input configuration">
      <alias type="CMSIS" value="AOI_BFCRT01_PT0_CC(x)"/>
      <bit_field_value name="BFCRT_PT0_CC_0b00" value="0b00" description="Force the C input in this product term to a logical zero"/>
      <bit_field_value name="BFCRT_PT0_CC_0b01" value="0b01" description="Pass the C input in this product term"/>
      <bit_field_value name="BFCRT_PT0_CC_0b10" value="0b10" description="Complement the C input in this product term"/>
      <bit_field_value name="BFCRT_PT0_CC_0b11" value="0b11" description="Force the C input in this product term to a logical one"/>
    </bit_field>
    <bit_field offset="12" width="2" name="PT0_BC" access="RW" reset_value="0" description="Product term 0, B input configuration">
      <alias type="CMSIS" value="AOI_BFCRT01_PT0_BC(x)"/>
      <bit_field_value name="BFCRT_PT0_BC_0b00" value="0b00" description="Force the B input in this product term to a logical zero"/>
      <bit_field_value name="BFCRT_PT0_BC_0b01" value="0b01" description="Pass the B input in this product term"/>
      <bit_field_value name="BFCRT_PT0_BC_0b10" value="0b10" description="Complement the B input in this product term"/>
      <bit_field_value name="BFCRT_PT0_BC_0b11" value="0b11" description="Force the B input in this product term to a logical one"/>
    </bit_field>
    <bit_field offset="14" width="2" name="PT0_AC" access="RW" reset_value="0" description="Product term 0, A input configuration">
      <alias type="CMSIS" value="AOI_BFCRT01_PT0_AC(x)"/>
      <bit_field_value name="BFCRT_PT0_AC_0b00" value="0b00" description="Force the A input in this product term to a logical zero"/>
      <bit_field_value name="BFCRT_PT0_AC_0b01" value="0b01" description="Pass the A input in this product term"/>
      <bit_field_value name="BFCRT_PT0_AC_0b10" value="0b10" description="Complement the A input in this product term"/>
      <bit_field_value name="BFCRT_PT0_AC_0b11" value="0b11" description="Force the A input in this product term to a logical one"/>
    </bit_field>
  </register>
  <register offset="0xE" width="16" name="BFCRT233" description="Boolean Function Term 2 and 3 Configuration Register for EVENTn">
    <alias type="CMSIS" value="BFCRT[3].BFCRT23"/>
    <bit_field offset="0" width="2" name="PT3_DC" access="RW" reset_value="0" description="Product term 3, D input configuration">
      <alias type="CMSIS" value="AOI_BFCRT23_PT3_DC(x)"/>
      <bit_field_value name="BFCRT_PT3_DC_0b00" value="0b00" description="Force the D input in this product term to a logical zero"/>
      <bit_field_value name="BFCRT_PT3_DC_0b01" value="0b01" description="Pass the D input in this product term"/>
      <bit_field_value name="BFCRT_PT3_DC_0b10" value="0b10" description="Complement the D input in this product term"/>
      <bit_field_value name="BFCRT_PT3_DC_0b11" value="0b11" description="Force the D input in this product term to a logical one"/>
    </bit_field>
    <bit_field offset="2" width="2" name="PT3_CC" access="RW" reset_value="0" description="Product term 3, C input configuration">
      <alias type="CMSIS" value="AOI_BFCRT23_PT3_CC(x)"/>
      <bit_field_value name="BFCRT_PT3_CC_0b00" value="0b00" description="Force the C input in this product term to a logical zero"/>
      <bit_field_value name="BFCRT_PT3_CC_0b01" value="0b01" description="Pass the C input in this product term"/>
      <bit_field_value name="BFCRT_PT3_CC_0b10" value="0b10" description="Complement the C input in this product term"/>
      <bit_field_value name="BFCRT_PT3_CC_0b11" value="0b11" description="Force the C input in this product term to a logical one"/>
    </bit_field>
    <bit_field offset="4" width="2" name="PT3_BC" access="RW" reset_value="0" description="Product term 3, B input configuration">
      <alias type="CMSIS" value="AOI_BFCRT23_PT3_BC(x)"/>
      <bit_field_value name="BFCRT_PT3_BC_0b00" value="0b00" description="Force the B input in this product term to a logical zero"/>
      <bit_field_value name="BFCRT_PT3_BC_0b01" value="0b01" description="Pass the B input in this product term"/>
      <bit_field_value name="BFCRT_PT3_BC_0b10" value="0b10" description="Complement the B input in this product term"/>
      <bit_field_value name="BFCRT_PT3_BC_0b11" value="0b11" description="Force the B input in this product term to a logical one"/>
    </bit_field>
    <bit_field offset="6" width="2" name="PT3_AC" access="RW" reset_value="0" description="Product term 3, A input configuration">
      <alias type="CMSIS" value="AOI_BFCRT23_PT3_AC(x)"/>
      <bit_field_value name="BFCRT_PT3_AC_0b00" value="0b00" description="Force the A input in this product term to a logical zero"/>
      <bit_field_value name="BFCRT_PT3_AC_0b01" value="0b01" description="Pass the A input in this product term"/>
      <bit_field_value name="BFCRT_PT3_AC_0b10" value="0b10" description="Complement the A input in this product term"/>
      <bit_field_value name="BFCRT_PT3_AC_0b11" value="0b11" description="Force the A input in this product term to a logical one"/>
    </bit_field>
    <bit_field offset="8" width="2" name="PT2_DC" access="RW" reset_value="0" description="Product term 2, D input configuration">
      <alias type="CMSIS" value="AOI_BFCRT23_PT2_DC(x)"/>
      <bit_field_value name="BFCRT_PT2_DC_0b00" value="0b00" description="Force the D input in this product term to a logical zero"/>
      <bit_field_value name="BFCRT_PT2_DC_0b01" value="0b01" description="Pass the D input in this product term"/>
      <bit_field_value name="BFCRT_PT2_DC_0b10" value="0b10" description="Complement the D input in this product term"/>
      <bit_field_value name="BFCRT_PT2_DC_0b11" value="0b11" description="Force the D input in this product term to a logical one"/>
    </bit_field>
    <bit_field offset="10" width="2" name="PT2_CC" access="RW" reset_value="0" description="Product term 2, C input configuration">
      <alias type="CMSIS" value="AOI_BFCRT23_PT2_CC(x)"/>
      <bit_field_value name="BFCRT_PT2_CC_0b00" value="0b00" description="Force the C input in this product term to a logical zero"/>
      <bit_field_value name="BFCRT_PT2_CC_0b01" value="0b01" description="Pass the C input in this product term"/>
      <bit_field_value name="BFCRT_PT2_CC_0b10" value="0b10" description="Complement the C input in this product term"/>
      <bit_field_value name="BFCRT_PT2_CC_0b11" value="0b11" description="Force the C input in this product term to a logical one"/>
    </bit_field>
    <bit_field offset="12" width="2" name="PT2_BC" access="RW" reset_value="0" description="Product term 2, B input configuration">
      <alias type="CMSIS" value="AOI_BFCRT23_PT2_BC(x)"/>
      <bit_field_value name="BFCRT_PT2_BC_0b00" value="0b00" description="Force the B input in this product term to a logical zero"/>
      <bit_field_value name="BFCRT_PT2_BC_0b01" value="0b01" description="Pass the B input in this product term"/>
      <bit_field_value name="BFCRT_PT2_BC_0b10" value="0b10" description="Complement the B input in this product term"/>
      <bit_field_value name="BFCRT_PT2_BC_0b11" value="0b11" description="Force the B input in this product term to a logical one"/>
    </bit_field>
    <bit_field offset="14" width="2" name="PT2_AC" access="RW" reset_value="0" description="Product term 2, A input configuration">
      <alias type="CMSIS" value="AOI_BFCRT23_PT2_AC(x)"/>
      <bit_field_value name="BFCRT_PT2_AC_0b00" value="0b00" description="Force the A input in this product term to a logical zero"/>
      <bit_field_value name="BFCRT_PT2_AC_0b01" value="0b01" description="Pass the A input in this product term"/>
      <bit_field_value name="BFCRT_PT2_AC_0b10" value="0b10" description="Complement the A input in this product term"/>
      <bit_field_value name="BFCRT_PT2_AC_0b11" value="0b11" description="Force the A input in this product term to a logical one"/>
    </bit_field>
  </register>
</regs:peripheral>