<?xml version="1.0"?>
<regs:peripheral xmlns:regs="http://swtools.freescale.net/XSD/registers/4.0/regsPeripheral.xsd" xmlns:xsi="http://www.w3.org/2001/XMLSchema-instance" xsi:schemaLocation="http://swtools.freescale.net/XSD/registers/4.0/regsPeripheral.xsd http://swtools.freescale.net/XSD/registers/4.0/regsPeripheral.xsd">
  <register offset="0" width="32" name="CTRL" description="Control Register">
    <alias type="CMSIS" value="CTRL"/>
    <bit_field offset="0" width="1" name="BEE_ENABLE" access="RW" reset_value="0" description="BEE enable bit">
      <alias type="CMSIS" value="BEE_CTRL_BEE_ENABLE(x)"/>
      <bit_field_value name="CTRL_BEE_ENABLE_0b0" value="0b0" description="Disable BEE"/>
      <bit_field_value name="CTRL_BEE_ENABLE_0b1" value="0b1" description="Enable BEE"/>
    </bit_field>
    <bit_field offset="1" width="1" name="CTRL_CLK_EN" access="RW" reset_value="0" description="Clock enable input, low inactive">
      <alias type="CMSIS" value="BEE_CTRL_CTRL_CLK_EN(x)"/>
    </bit_field>
    <bit_field offset="2" width="1" name="CTRL_SFTRST_N" access="RW" reset_value="0" description="Soft reset input, low active">
      <alias type="CMSIS" value="BEE_CTRL_CTRL_SFTRST_N(x)"/>
    </bit_field>
    <reserved_bit_field offset="3" width="1" reset_value="0"/>
    <bit_field offset="4" width="1" name="KEY_VALID" access="RW" reset_value="0" description="AES-128 key is ready Load AES key by changing this bit from 0 to 1.">
      <alias type="CMSIS" value="BEE_CTRL_KEY_VALID(x)"/>
    </bit_field>
    <bit_field offset="5" width="1" name="KEY_REGION_SEL" access="RW" reset_value="0" description="AES key region select">
      <alias type="CMSIS" value="BEE_CTRL_KEY_REGION_SEL(x)"/>
      <bit_field_value name="CTRL_KEY_REGION_SEL_0b0" value="0b0" description="Load AES key for region0"/>
      <bit_field_value name="CTRL_KEY_REGION_SEL_0b1" value="0b1" description="Load AES key for region1"/>
    </bit_field>
    <bit_field offset="6" width="1" name="AC_PROT_EN" access="RW" reset_value="0" description="Enable access permission control When AC_PROT_EN is asserted, all encrypted regions are limited to be ARM core access only.">
      <alias type="CMSIS" value="BEE_CTRL_AC_PROT_EN(x)"/>
    </bit_field>
    <bit_field offset="7" width="1" name="LITTLE_ENDIAN" access="RW" reset_value="0" description="Endian swap control for the 16 bytes input and output data of AES core.">
      <alias type="CMSIS" value="BEE_CTRL_LITTLE_ENDIAN(x)"/>
      <bit_field_value name="CTRL_LITTLE_ENDIAN_0b0" value="0b0" description="The input and output data of the AES core is swapped as below: {B15,B14,B13,B12,B11,B10,B9,B8, B7,B6,B5,B4,B3,B2,B1,B0} swap to {B0,B1,B2,B3,B4,B5,B6,B7, B8,B9,B10,B11,B12,B13,B14,B15}, where B0~B15 refers to Byte0 to Byte15."/>
      <bit_field_value name="CTRL_LITTLE_ENDIAN_0b1" value="0b1" description="The input and output data of AES core is not swapped."/>
    </bit_field>
    <bit_field offset="8" width="2" name="SECURITY_LEVEL_R0" access="RW" reset_value="0x3" description="Security level of the allowed access for memory region0">
      <alias type="CMSIS" value="BEE_CTRL_SECURITY_LEVEL_R0(x)"/>
    </bit_field>
    <bit_field offset="10" width="1" name="CTRL_AES_MODE_R0" access="RW" reset_value="0x1" description="AES mode of region0">
      <alias type="CMSIS" value="BEE_CTRL_CTRL_AES_MODE_R0(x)"/>
      <bit_field_value name="CTRL_CTRL_AES_MODE_R0_0b0" value="0b0" description="ECB"/>
      <bit_field_value name="CTRL_CTRL_AES_MODE_R0_0b1" value="0b1" description="CTR"/>
    </bit_field>
    <reserved_bit_field offset="11" width="1" reset_value="0"/>
    <bit_field offset="12" width="2" name="SECURITY_LEVEL_R1" access="RW" reset_value="0x3" description="Security level of the allowed access for memory region1">
      <alias type="CMSIS" value="BEE_CTRL_SECURITY_LEVEL_R1(x)"/>
    </bit_field>
    <bit_field offset="14" width="1" name="CTRL_AES_MODE_R1" access="RW" reset_value="0x1" description="AES mode of region1">
      <alias type="CMSIS" value="BEE_CTRL_CTRL_AES_MODE_R1(x)"/>
      <bit_field_value name="CTRL_CTRL_AES_MODE_R1_0b0" value="0b0" description="ECB"/>
      <bit_field_value name="CTRL_CTRL_AES_MODE_R1_0b1" value="0b1" description="CTR"/>
    </bit_field>
    <reserved_bit_field offset="15" width="1" reset_value="0"/>
    <bit_field offset="16" width="1" name="BEE_ENABLE_LOCK" access="RW" reset_value="0" description="Lock bit for bee_enable">
      <alias type="CMSIS" value="BEE_CTRL_BEE_ENABLE_LOCK(x)"/>
    </bit_field>
    <bit_field offset="17" width="1" name="CTRL_CLK_EN_LOCK" access="RW" reset_value="0" description="Lock bit for ctrl_clk_en">
      <alias type="CMSIS" value="BEE_CTRL_CTRL_CLK_EN_LOCK(x)"/>
    </bit_field>
    <bit_field offset="18" width="1" name="CTRL_SFTRST_N_LOCK" access="RW" reset_value="0" description="Lock bit for ctrl_sftrst">
      <alias type="CMSIS" value="BEE_CTRL_CTRL_SFTRST_N_LOCK(x)"/>
    </bit_field>
    <bit_field offset="19" width="1" name="REGION1_ADDR_LOCK" access="RW" reset_value="0" description="Lock bit for region1 address boundary">
      <alias type="CMSIS" value="BEE_CTRL_REGION1_ADDR_LOCK(x)"/>
    </bit_field>
    <bit_field offset="20" width="1" name="KEY_VALID_LOCK" access="RW" reset_value="0" description="Lock bit for key_valid">
      <alias type="CMSIS" value="BEE_CTRL_KEY_VALID_LOCK(x)"/>
    </bit_field>
    <bit_field offset="21" width="1" name="KEY_REGION_SEL_LOCK" access="RW" reset_value="0" description="Lock bit for key_region_sel">
      <alias type="CMSIS" value="BEE_CTRL_KEY_REGION_SEL_LOCK(x)"/>
    </bit_field>
    <bit_field offset="22" width="1" name="AC_PROT_EN_LOCK" access="RW" reset_value="0" description="Lock bit for ac_prot">
      <alias type="CMSIS" value="BEE_CTRL_AC_PROT_EN_LOCK(x)"/>
    </bit_field>
    <bit_field offset="23" width="1" name="LITTLE_ENDIAN_LOCK" access="RW" reset_value="0" description="Lock bit for little_endian">
      <alias type="CMSIS" value="BEE_CTRL_LITTLE_ENDIAN_LOCK(x)"/>
    </bit_field>
    <bit_field offset="24" width="2" name="SECURITY_LEVEL_R0_LOCK" access="RW" reset_value="0" description="Lock bits for security_level_r0">
      <alias type="CMSIS" value="BEE_CTRL_SECURITY_LEVEL_R0_LOCK(x)"/>
    </bit_field>
    <bit_field offset="26" width="1" name="CTRL_AES_MODE_R0_LOCK" access="RW" reset_value="0" description="Lock bit for region0 ctrl_aes_mode">
      <alias type="CMSIS" value="BEE_CTRL_CTRL_AES_MODE_R0_LOCK(x)"/>
    </bit_field>
    <bit_field offset="27" width="1" name="REGION0_KEY_LOCK" access="RW" reset_value="0" description="Lock bit for region0 AES key">
      <alias type="CMSIS" value="BEE_CTRL_REGION0_KEY_LOCK(x)"/>
    </bit_field>
    <bit_field offset="28" width="2" name="SECURITY_LEVEL_R1_LOCK" access="RW" reset_value="0" description="Lock bits for security_level_r1">
      <alias type="CMSIS" value="BEE_CTRL_SECURITY_LEVEL_R1_LOCK(x)"/>
    </bit_field>
    <bit_field offset="30" width="1" name="CTRL_AES_MODE_R1_LOCK" access="RW" reset_value="0" description="Lock bit for region1 ctrl_aes_mode">
      <alias type="CMSIS" value="BEE_CTRL_CTRL_AES_MODE_R1_LOCK(x)"/>
    </bit_field>
    <bit_field offset="31" width="1" name="REGION1_KEY_LOCK" access="RW" reset_value="0" description="Lock bit for region1 AES key">
      <alias type="CMSIS" value="BEE_CTRL_REGION1_KEY_LOCK(x)"/>
    </bit_field>
  </register>
  <register offset="0x4" width="32" name="ADDR_OFFSET0" description="Offset region 0 Register">
    <alias type="CMSIS" value="ADDR_OFFSET0"/>
    <bit_field offset="0" width="16" name="ADDR_OFFSET0" access="RW" reset_value="0xF000" description="Signed offset for BEE region 0. The signed offset specified here is added to the upper 16-bits of the region 0 addresses to create aliased regions. The data stored in the region 0 alias is decrypted and visible at the region 0 addresses.">
      <alias type="CMSIS" value="BEE_ADDR_OFFSET0_ADDR_OFFSET0(x)"/>
    </bit_field>
    <bit_field offset="16" width="16" name="ADDR_OFFSET0_LOCK" access="RW" reset_value="0" description="Lock bits for addr_offset0">
      <alias type="CMSIS" value="BEE_ADDR_OFFSET0_ADDR_OFFSET0_LOCK(x)"/>
    </bit_field>
  </register>
  <register offset="0x8" width="32" name="ADDR_OFFSET1" description="Offset region 1 Register">
    <alias type="CMSIS" value="ADDR_OFFSET1"/>
    <bit_field offset="0" width="16" name="ADDR_OFFSET1" access="RW" reset_value="0xF000" description="Signed offset for BEE region 1. The signed offset specified here is added to the upper 16-bits of the region 1 addresses to create aliased regions. The data stored in the region 1 alias is decrypted and visible at the region 1 addresses.">
      <alias type="CMSIS" value="BEE_ADDR_OFFSET1_ADDR_OFFSET1(x)"/>
    </bit_field>
    <bit_field offset="16" width="16" name="ADDR_OFFSET1_LOCK" access="RW" reset_value="0" description="Lock bits for addr_offset1">
      <alias type="CMSIS" value="BEE_ADDR_OFFSET1_ADDR_OFFSET1_LOCK(x)"/>
    </bit_field>
  </register>
  <register offset="0xC" width="32" name="AES_KEY0_W0" description="AES Key 0 Register">
    <alias type="CMSIS" value="AES_KEY0_W0"/>
    <bit_field offset="0" width="32" name="KEY0" access="WO" reset_value="0" description="AES 128 key from software">
      <alias type="CMSIS" value="BEE_AES_KEY0_W0_KEY0(x)"/>
    </bit_field>
  </register>
  <register offset="0x10" width="32" name="AES_KEY0_W1" description="AES Key 1 Register">
    <alias type="CMSIS" value="AES_KEY0_W1"/>
    <bit_field offset="0" width="32" name="KEY1" access="WO" reset_value="0" description="AES 128 key from software">
      <alias type="CMSIS" value="BEE_AES_KEY0_W1_KEY1(x)"/>
    </bit_field>
  </register>
  <register offset="0x14" width="32" name="AES_KEY0_W2" description="AES Key 2 Register">
    <alias type="CMSIS" value="AES_KEY0_W2"/>
    <bit_field offset="0" width="32" name="KEY2" access="WO" reset_value="0" description="AES 128 key from software">
      <alias type="CMSIS" value="BEE_AES_KEY0_W2_KEY2(x)"/>
    </bit_field>
  </register>
  <register offset="0x18" width="32" name="AES_KEY0_W3" description="AES Key 3 Register">
    <alias type="CMSIS" value="AES_KEY0_W3"/>
    <bit_field offset="0" width="32" name="KEY3" access="WO" reset_value="0" description="AES 128 key from software">
      <alias type="CMSIS" value="BEE_AES_KEY0_W3_KEY3(x)"/>
    </bit_field>
  </register>
  <register offset="0x1C" width="32" name="STATUS" description="Status Register">
    <alias type="CMSIS" value="STATUS"/>
    <bit_field offset="0" width="8" name="IRQ_VEC" access="W1C" reset_value="0" reset_mask="0" description="bit 7: Protected region-3 access violation bit 6: Protected region-2 access violation bit 5: Protected region-1 access violation bit 4: Protected region-0 access violation bit 3: Region-1 read channel security violation bit 2: Read channel illegal access detected bit 1: Region-0 read channel security violation bit 0: Disable abort. Received AXI command during BEE disabled period">
      <alias type="CMSIS" value="BEE_STATUS_IRQ_VEC(x)"/>
    </bit_field>
    <bit_field offset="8" width="1" name="BEE_IDLE" access="RO" reset_value="0" reset_mask="0" description="1'b1: BEE is idle; 1'b0: BEE is active">
      <alias type="CMSIS" value="BEE_STATUS_BEE_IDLE(x)"/>
    </bit_field>
    <reserved_bit_field offset="9" width="23" reset_value="0" reset_mask="0"/>
  </register>
  <register offset="0x20" width="32" name="CTR_NONCE0_W0" description="NONCE00 Register">
    <alias type="CMSIS" value="CTR_NONCE0_W0"/>
    <bit_field offset="0" width="32" name="NONCE00" access="WO" reset_value="0" description="Nonce0 from software for CTR, for region0. Nonce0={Nonce03,Nonce02,Nonce01,Nonce00}">
      <alias type="CMSIS" value="BEE_CTR_NONCE0_W0_NONCE00(x)"/>
    </bit_field>
  </register>
  <register offset="0x24" width="32" name="CTR_NONCE0_W1" description="NONCE01 Register">
    <alias type="CMSIS" value="CTR_NONCE0_W1"/>
    <bit_field offset="0" width="32" name="NONCE01" access="WO" reset_value="0" description="Nonce0 from software for CTR, for region0. Nonce0={Nonce03,Nonce02,Nonce01,Nonce00}">
      <alias type="CMSIS" value="BEE_CTR_NONCE0_W1_NONCE01(x)"/>
    </bit_field>
  </register>
  <register offset="0x28" width="32" name="CTR_NONCE0_W2" description="NONCE02 Register">
    <alias type="CMSIS" value="CTR_NONCE0_W2"/>
    <bit_field offset="0" width="32" name="NONCE02" access="WO" reset_value="0" description="Nonce0 from software for CTR, for region0. Nonce0={Nonce03,Nonce02,Nonce01,Nonce00}">
      <alias type="CMSIS" value="BEE_CTR_NONCE0_W2_NONCE02(x)"/>
    </bit_field>
  </register>
  <register offset="0x2C" width="32" name="CTR_NONCE0_W3" description="NONCE03 Register">
    <alias type="CMSIS" value="CTR_NONCE0_W3"/>
    <bit_field offset="0" width="32" name="NONCE03" access="WO" reset_value="0" description="Nonce0 from software for CTR, for region0. Nonce0={Nonce03,Nonce02,Nonce01,Nonce00}">
      <alias type="CMSIS" value="BEE_CTR_NONCE0_W3_NONCE03(x)"/>
    </bit_field>
  </register>
  <register offset="0x30" width="32" name="CTR_NONCE1_W0" description="NONCE10 Register">
    <alias type="CMSIS" value="CTR_NONCE1_W0"/>
    <bit_field offset="0" width="32" name="NONCE10" access="WO" reset_value="0" description="Nonce1 from software for CTR, for region1. Nonce1={Nonce13,Nonce12,Nonce11,Nonce10}">
      <alias type="CMSIS" value="BEE_CTR_NONCE1_W0_NONCE10(x)"/>
    </bit_field>
  </register>
  <register offset="0x34" width="32" name="CTR_NONCE1_W1" description="NONCE11 Register">
    <alias type="CMSIS" value="CTR_NONCE1_W1"/>
    <bit_field offset="0" width="32" name="NONCE11" access="WO" reset_value="0" description="Nonce1 from software for CTR, for region1. Nonce1={Nonce13,Nonce12,Nonce11,Nonce10}">
      <alias type="CMSIS" value="BEE_CTR_NONCE1_W1_NONCE11(x)"/>
    </bit_field>
  </register>
  <register offset="0x38" width="32" name="CTR_NONCE1_W2" description="NONCE12 Register">
    <alias type="CMSIS" value="CTR_NONCE1_W2"/>
    <bit_field offset="0" width="32" name="NONCE12" access="WO" reset_value="0" description="Nonce1 from software for CTR, for region1. Nonce1={Nonce13,Nonce12,Nonce11,Nonce10}">
      <alias type="CMSIS" value="BEE_CTR_NONCE1_W2_NONCE12(x)"/>
    </bit_field>
  </register>
  <register offset="0x3C" width="32" name="CTR_NONCE1_W3" description="NONCE13 Register">
    <alias type="CMSIS" value="CTR_NONCE1_W3"/>
    <bit_field offset="0" width="32" name="NONCE13" access="WO" reset_value="0" description="Nonce1 from software for CTR, for region1. Nonce1={Nonce13,Nonce12,Nonce11,Nonce10}">
      <alias type="CMSIS" value="BEE_CTR_NONCE1_W3_NONCE13(x)"/>
    </bit_field>
  </register>
  <register offset="0x40" width="32" name="REGION1_TOP" description="Region1 Top Address Register">
    <alias type="CMSIS" value="REGION1_TOP"/>
    <bit_field offset="0" width="32" name="REGION1_TOP" access="RW" reset_value="0" description="Address upper limit of region1">
      <alias type="CMSIS" value="BEE_REGION1_TOP_REGION1_TOP(x)"/>
    </bit_field>
  </register>
  <register offset="0x44" width="32" name="REGION1_BOT" description="Region1 Bottom Address Register">
    <alias type="CMSIS" value="REGION1_BOT"/>
    <bit_field offset="0" width="32" name="REGION1_BOT" access="RW" reset_value="0" description="Address lower limit of region1">
      <alias type="CMSIS" value="BEE_REGION1_BOT_REGION1_BOT(x)"/>
    </bit_field>
  </register>
</regs:peripheral>