<?xml version="1.0"?>
<regs:peripheral xmlns:regs="http://swtools.freescale.net/XSD/registers/4.0/regsPeripheral.xsd" xmlns:xsi="http://www.w3.org/2001/XMLSchema-instance" xsi:schemaLocation="http://swtools.freescale.net/XSD/registers/4.0/regsPeripheral.xsd http://swtools.freescale.net/XSD/registers/4.0/regsPeripheral.xsd">
  <register offset="0x10" width="32" name="ISCR" description="Interrupt Status and Control Register">
    <alias type="CMSIS" value="ISCR"/>
    <reserved_bit_field offset="0" width="5" reset_value="0"/>
    <bit_field offset="5" width="1" name="WABS" access="W1C" reset_value="0" description="Write Abort on Slave">
      <alias type="CMSIS" value="CM7_MCM_ISCR_WABS(x)"/>
      <bit_field_value name="ISCR_WABS_noabort" value="0b0" description="No abort"/>
      <bit_field_value name="ISCR_WABS_abort" value="0b1" description="Abort"/>
    </bit_field>
    <bit_field offset="6" width="1" name="WABSO" access="RO" reset_value="0" description="Write Abort on Slave Overrun">
      <alias type="CMSIS" value="CM7_MCM_ISCR_WABSO(x)"/>
      <bit_field_value name="ISCR_WABSO_no" value="0b0" description="No write abort overrun"/>
      <bit_field_value name="ISCR_WABSO_yes" value="0b1" description="Write abort overrun occurred"/>
    </bit_field>
    <reserved_bit_field offset="7" width="1" reset_value="0"/>
    <bit_field offset="8" width="1" name="FIOC" access="RO" reset_value="0" description="FPU Invalid Operation interrupt Status">
      <alias type="CMSIS" value="CM7_MCM_ISCR_FIOC(x)"/>
      <bit_field_value name="ISCR_FIOC_No" value="0b0" description="No interrupt"/>
      <bit_field_value name="ISCR_FIOC_Yes" value="0b1" description="Interrupt occured"/>
    </bit_field>
    <bit_field offset="9" width="1" name="FDZC" access="RO" reset_value="0" description="FPU Divide-by-Zero Interrupt Status">
      <alias type="CMSIS" value="CM7_MCM_ISCR_FDZC(x)"/>
      <bit_field_value name="ISCR_FDZC_No" value="0b0" description="No interrupt"/>
      <bit_field_value name="ISCR_FDZC_Yes" value="0b1" description="Interrupt occured"/>
    </bit_field>
    <bit_field offset="10" width="1" name="FOFC" access="RO" reset_value="0" description="FPU Overflow interrupt status">
      <alias type="CMSIS" value="CM7_MCM_ISCR_FOFC(x)"/>
      <bit_field_value name="ISCR_FOFC_No" value="0b0" description="No interrupt"/>
      <bit_field_value name="ISCR_FOFC_Yes" value="0b1" description="Interrupt occured"/>
    </bit_field>
    <bit_field offset="11" width="1" name="FUFC" access="RO" reset_value="0" description="FPU Underflow Interrupt Status">
      <alias type="CMSIS" value="CM7_MCM_ISCR_FUFC(x)"/>
      <bit_field_value name="ISCR_FUFC_No" value="0b0" description="No interrupt"/>
      <bit_field_value name="ISCR_FUFC_Yes" value="0b1" description="Interrupt occured"/>
    </bit_field>
    <bit_field offset="12" width="1" name="FIXC" access="RO" reset_value="0" description="FPU Inexact Interrupt Status">
      <alias type="CMSIS" value="CM7_MCM_ISCR_FIXC(x)"/>
      <bit_field_value name="ISCR_FIXC_No" value="0b0" description="No interrupt"/>
      <bit_field_value name="ISCR_FIXC_Yes" value="0b1" description="Interrupt occured"/>
    </bit_field>
    <reserved_bit_field offset="13" width="2" reset_value="0"/>
    <bit_field offset="15" width="1" name="FIDC" access="RO" reset_value="0" description="FPU Input Denormal Interrupt Status">
      <alias type="CMSIS" value="CM7_MCM_ISCR_FIDC(x)"/>
      <bit_field_value name="ISCR_FIDC_No" value="0b0" description="No interrupt"/>
      <bit_field_value name="ISCR_FIDC_Yes" value="0b1" description="Interrupt occured"/>
    </bit_field>
    <reserved_bit_field offset="16" width="5" reset_value="0"/>
    <bit_field offset="21" width="1" name="WABE" access="RW" reset_value="0" description="TCM Write Abort Interrupt enable">
      <alias type="CMSIS" value="CM7_MCM_ISCR_WABE(x)"/>
      <bit_field_value name="ISCR_WABE_DISABLE" value="0b0" description="Disable interrupt"/>
      <bit_field_value name="ISCR_WABE_ENABLE" value="0b1" description="Enable interrupt"/>
    </bit_field>
    <reserved_bit_field offset="22" width="2" reset_value="0"/>
    <bit_field offset="24" width="1" name="FIOCE" access="RW" reset_value="0" description="FPU Invalid Operation Interrupt Enable">
      <alias type="CMSIS" value="CM7_MCM_ISCR_FIOCE(x)"/>
      <bit_field_value name="ISCR_FIOCE_DISABLE" value="0b0" description="Disable interrupt"/>
      <bit_field_value name="ISCR_FIOCE_ENABLE" value="0b1" description="Enable interrupt"/>
    </bit_field>
    <bit_field offset="25" width="1" name="FDZCE" access="RW" reset_value="0" description="FPU Divide-by-Zero Interrupt Enable">
      <alias type="CMSIS" value="CM7_MCM_ISCR_FDZCE(x)"/>
      <bit_field_value name="ISCR_FDZCE_DISABLE" value="0b0" description="Disable interrupt"/>
      <bit_field_value name="ISCR_FDZCE_ENABLE" value="0b1" description="Enable interrupt"/>
    </bit_field>
    <bit_field offset="26" width="1" name="FOFCE" access="RW" reset_value="0" description="FPU Overflow Interrupt Enable">
      <alias type="CMSIS" value="CM7_MCM_ISCR_FOFCE(x)"/>
      <bit_field_value name="ISCR_FOFCE_DISABLE" value="0b0" description="Disable interrupt"/>
      <bit_field_value name="ISCR_FOFCE_ENABLE" value="0b1" description="Enable interrupt"/>
    </bit_field>
    <bit_field offset="27" width="1" name="FUFCE" access="RW" reset_value="0" description="FPU Underflow Interrupt Enable">
      <alias type="CMSIS" value="CM7_MCM_ISCR_FUFCE(x)"/>
      <bit_field_value name="ISCR_FUFCE_DISABLE" value="0b0" description="Disable interrupt"/>
      <bit_field_value name="ISCR_FUFCE_ENABLE" value="0b1" description="Enable interrupt"/>
    </bit_field>
    <bit_field offset="28" width="1" name="FIXCE" access="RW" reset_value="0" description="FPU Inexact Interrupt Enable">
      <alias type="CMSIS" value="CM7_MCM_ISCR_FIXCE(x)"/>
      <bit_field_value name="ISCR_FIXCE_DISABLE" value="0b0" description="Disable interrupt"/>
      <bit_field_value name="ISCR_FIXCE_ENABLE" value="0b1" description="Enable interrupt"/>
    </bit_field>
    <reserved_bit_field offset="29" width="2" reset_value="0"/>
    <bit_field offset="31" width="1" name="FIDCE" access="RW" reset_value="0" description="FPU Input Denormal Interrupt Enable">
      <alias type="CMSIS" value="CM7_MCM_ISCR_FIDCE(x)"/>
      <bit_field_value name="ISCR_FIDCE_DISABLE" value="0b0" description="Disable interrupt"/>
      <bit_field_value name="ISCR_FIDCE_ENABLE" value="0b1" description="Enable interrupt"/>
    </bit_field>
  </register>
</regs:peripheral>