<?xml version="1.0"?>
<regs:peripheral xmlns:regs="http://swtools.freescale.net/XSD/registers/4.0/regsPeripheral.xsd" xmlns:xsi="http://www.w3.org/2001/XMLSchema-instance" xsi:schemaLocation="http://swtools.freescale.net/XSD/registers/4.0/regsPeripheral.xsd http://swtools.freescale.net/XSD/registers/4.0/regsPeripheral.xsd">
  <register offset="0" width="32" name="REG0" description="DCDC Register 0">
    <alias type="CMSIS" value="REG0"/>
    <bit_field offset="0" width="1" name="PWD_ZCD" access="RW" reset_value="0x1" description="Power Down Zero Cross Detection">
      <alias type="CMSIS" value="DCDC_REG0_PWD_ZCD(x)"/>
      <alias type="id" value="pwd_zcd"/>
      <bit_field_value name="REG0_PWD_ZCD_powered_up" value="0b0" description="Zero cross detetion function powered up"/>
      <bit_field_value name="REG0_PWD_ZCD_powered_down" value="0b1" description="Zero cross detetion function powered down"/>
    </bit_field>
    <bit_field offset="1" width="1" name="DISABLE_AUTO_CLK_SWITCH" access="RW" reset_value="0" description="Disable Auto Clock Switch">
      <alias type="CMSIS" value="DCDC_REG0_DISABLE_AUTO_CLK_SWITCH(x)"/>
      <alias type="id" value="dcdc_disable_auto_clk_switch"/>
      <bit_field_value name="REG0_DISABLE_AUTO_CLK_SWITCH_xtal_clk" value="0b0" description="If DISABLE_AUTO_CLK_SWITCH is set to 0 and 24M xtal is OK, the clock source will switch from internal ring OSC to 24M xtal automatically"/>
      <bit_field_value name="REG0_DISABLE_AUTO_CLK_SWITCH_sel_clk" value="0b1" description="If DISABLE_AUTO_CLK_SWITCH is set to 1, SEL_CLK will determine which clock source the DCDC uses"/>
    </bit_field>
    <bit_field offset="2" width="1" name="SEL_CLK" access="RW" reset_value="0" description="Select Clock">
      <alias type="CMSIS" value="DCDC_REG0_SEL_CLK(x)"/>
      <alias type="id" value="dcdc_sel_clk"/>
      <bit_field_value name="REG0_SEL_CLK_int_rng_osc" value="0b0" description="DCDC uses internal ring oscillator"/>
      <bit_field_value name="REG0_SEL_CLK_xtal_24M" value="0b1" description="DCDC uses 24M xtal"/>
    </bit_field>
    <bit_field offset="3" width="1" name="PWD_OSC_INT" access="RW" reset_value="0" description="Power down internal osc">
      <alias type="CMSIS" value="DCDC_REG0_PWD_OSC_INT(x)"/>
      <alias type="id" value="dcdc_pwd_osc_int"/>
      <bit_field_value name="REG0_PWD_OSC_INT_powered_up" value="0b0" description="Internal oscillator powered up"/>
      <bit_field_value name="REG0_PWD_OSC_INT_powered_down" value="0b1" description="Internal oscillator powered down"/>
    </bit_field>
    <bit_field offset="4" width="1" name="PWD_CUR_SNS_CMP" access="RW" reset_value="0x1" description="Power down signal of the current detector.">
      <alias type="CMSIS" value="DCDC_REG0_PWD_CUR_SNS_CMP(x)"/>
      <alias type="id" value="pwd_cur_sns_cmp"/>
      <bit_field_value name="REG0_PWD_CUR_SNS_CMP_powered_up" value="0b0" description="Current Detector powered up"/>
      <bit_field_value name="REG0_PWD_CUR_SNS_CMP_powered_down" value="0b1" description="Current Detector powered down"/>
    </bit_field>
    <bit_field offset="5" width="3" name="CUR_SNS_THRSH" access="RW" reset_value="0" description="Current Sense (detector) Threshold">
      <alias type="CMSIS" value="DCDC_REG0_CUR_SNS_THRSH(x)"/>
      <alias type="id" value="cur_sns_thrsh"/>
      <bit_field_value name="REG0_CUR_SNS_THRSH_select_zero" value="0b000" description="150 mA"/>
      <bit_field_value name="REG0_CUR_SNS_THRSH_select_one" value="0b001" description="250 mA"/>
      <bit_field_value name="REG0_CUR_SNS_THRSH_select_two" value="0b010" description="350 mA"/>
      <bit_field_value name="REG0_CUR_SNS_THRSH_select_three" value="0b011" description="450 mA"/>
      <bit_field_value name="REG0_CUR_SNS_THRSH_select_four" value="0b100" description="550 mA"/>
      <bit_field_value name="REG0_CUR_SNS_THRSH_select_five" value="0b101" description="650 mA"/>
    </bit_field>
    <bit_field offset="8" width="1" name="PWD_OVERCUR_DET" access="RW" reset_value="0x1" description="Power down overcurrent detection comparator">
      <alias type="CMSIS" value="DCDC_REG0_PWD_OVERCUR_DET(x)"/>
      <alias type="id" value="pwd_overcur_det"/>
      <bit_field_value name="REG0_PWD_OVERCUR_DET_enabled" value="0b0" description="Overcurrent detection comparator is enabled"/>
      <bit_field_value name="REG0_PWD_OVERCUR_DET_disabled" value="0b1" description="Overcurrent detection comparator is disabled"/>
    </bit_field>
    <bit_field offset="9" width="2" name="OVERCUR_TRIG_ADJ" access="RW" reset_value="0" description="Overcurrent Trigger Adjust">
      <alias type="CMSIS" value="DCDC_REG0_OVERCUR_TRIG_ADJ(x)"/>
      <alias type="id" value="overcur_trig_adj"/>
      <bit_field_value name="REG0_OVERCUR_TRIG_ADJ_select_zero" value="0b00" description="In Run Mode, 1 A. In Power Save Mode, 0.25 A"/>
      <bit_field_value name="REG0_OVERCUR_TRIG_ADJ_select_one" value="0b01" description="In Run Mode, 2 A. In Power Save Mode, 0.25 A"/>
      <bit_field_value name="REG0_OVERCUR_TRIG_ADJ_select_two" value="0b10" description="In Run Mode, 1 A. In Power Save Mode, 0.2 A"/>
      <bit_field_value name="REG0_OVERCUR_TRIG_ADJ_select_three" value="0b11" description="In Run Mode, 2 A. In Power Save Mode, 0.2 A"/>
    </bit_field>
    <bit_field offset="11" width="1" name="PWD_CMP_BATT_DET" access="RW" reset_value="0" description="Power Down Battery Detection Comparator">
      <alias type="CMSIS" value="DCDC_REG0_PWD_CMP_BATT_DET(x)"/>
      <alias type="id" value="pwd_cmp_batt_det"/>
      <bit_field_value name="REG0_PWD_CMP_BATT_DET_enabled" value="0b0" description="Low voltage detection comparator is enabled"/>
      <bit_field_value name="REG0_PWD_CMP_BATT_DET_disabled" value="0b1" description="Low voltage detection comparator is disabled"/>
    </bit_field>
    <reserved_bit_field offset="12" width="4" reset_value="0"/>
    <bit_field offset="16" width="1" name="EN_LP_OVERLOAD_SNS" access="RW" reset_value="0x1" description="Low Power Overload Sense Enable">
      <alias type="CMSIS" value="DCDC_REG0_EN_LP_OVERLOAD_SNS(x)"/>
      <alias type="id" value="en_lp_overload_sns"/>
      <bit_field_value name="REG0_EN_LP_OVERLOAD_SNS_disabled" value="0b0" description="Overload Detection in power save mode disabled"/>
      <bit_field_value name="REG0_EN_LP_OVERLOAD_SNS_enabled" value="0b1" description="Overload Detection in power save mode enabled"/>
    </bit_field>
    <bit_field offset="17" width="1" name="PWD_HIGH_VOLT_DET" access="RW" reset_value="0x1" description="Power Down High Voltage Detection">
      <alias type="CMSIS" value="DCDC_REG0_PWD_HIGH_VOLT_DET(x)"/>
      <alias type="id" value="pwd_high_volt_det"/>
      <bit_field_value name="REG0_PWD_HIGH_VOLT_DET_enabled" value="0b0" description="Overvoltage detection comparator is enabled"/>
      <bit_field_value name="REG0_PWD_HIGH_VOLT_DET_disabled" value="0b1" description="Overvoltage detection comparator is disabled"/>
    </bit_field>
    <bit_field offset="18" width="2" name="LP_OVERLOAD_THRSH" access="RW" reset_value="0" description="Low Power Overload Threshold">
      <alias type="CMSIS" value="DCDC_REG0_LP_OVERLOAD_THRSH(x)"/>
      <alias type="id" value="lp_overload_thrsh"/>
      <bit_field_value name="REG0_LP_OVERLOAD_THRSH_thrsh_32" value="0b00" description="32"/>
      <bit_field_value name="REG0_LP_OVERLOAD_THRSH_thrsh_64" value="0b01" description="64"/>
      <bit_field_value name="REG0_LP_OVERLOAD_THRSH_thrsh_16" value="0b10" description="16"/>
      <bit_field_value name="REG0_LP_OVERLOAD_THRSH_thrsh_8" value="0b11" description="8"/>
    </bit_field>
    <bit_field offset="20" width="1" name="LP_OVERLOAD_FREQ_SEL" access="RW" reset_value="0" description="Low Power Overload Frequency Select">
      <alias type="CMSIS" value="DCDC_REG0_LP_OVERLOAD_FREQ_SEL(x)"/>
      <alias type="id" value="lp_overload_freq_sel"/>
      <bit_field_value name="REG0_LP_OVERLOAD_FREQ_SEL_eight_32k_cycle" value="0b0" description="eight 32k cycle"/>
      <bit_field_value name="REG0_LP_OVERLOAD_FREQ_SEL_sixteen_32k_cycle" value="0b1" description="sixteen 32k cycle"/>
    </bit_field>
    <bit_field offset="21" width="1" name="LP_HIGH_HYS" access="RW" reset_value="0" description="Low Power High Hysteric Value">
      <alias type="CMSIS" value="DCDC_REG0_LP_HIGH_HYS(x)"/>
      <alias type="id" value="lp_high_hys"/>
      <bit_field_value name="REG0_LP_HIGH_HYS_lp_12p5mV" value="0b0" description="Adjust hysteretic value in low power to 12.5mV"/>
      <bit_field_value name="REG0_LP_HIGH_HYS_lp_25mV" value="0b1" description="Adjust hysteretic value in low power to 25mV"/>
    </bit_field>
    <reserved_bit_field offset="22" width="1" reset_value="0"/>
    <reserved_bit_field offset="23" width="1" reset_value="0"/>
    <reserved_bit_field offset="24" width="1" reset_value="0"/>
    <reserved_bit_field offset="25" width="1" reset_value="0"/>
    <bit_field offset="26" width="1" name="PWD_CMP_OFFSET" access="RW" reset_value="0x1" description="Power down output range comparator">
      <alias type="CMSIS" value="DCDC_REG0_PWD_CMP_OFFSET(x)"/>
      <alias type="id" value="pwd_cmp_offset"/>
      <bit_field_value name="REG0_PWD_CMP_OFFSET_powered_up" value="0b0" description="Output range comparator powered up"/>
      <bit_field_value name="REG0_PWD_CMP_OFFSET_powered_down" value="0b1" description="Output range comparator powered down"/>
    </bit_field>
    <bit_field offset="27" width="1" name="XTALOK_DISABLE" access="RW" reset_value="0" description="Disable xtalok detection circuit">
      <alias type="CMSIS" value="DCDC_REG0_XTALOK_DISABLE(x)"/>
      <alias type="id" value="dcdc_xtalok_disable"/>
      <bit_field_value name="REG0_XTALOK_DISABLE_enabled" value="0b0" description="Enable xtalok detection circuit"/>
      <bit_field_value name="REG0_XTALOK_DISABLE_disabled" value="0b1" description="Disable xtalok detection circuit and always outputs OK signal &quot;1&quot;"/>
    </bit_field>
    <bit_field offset="28" width="1" name="CURRENT_ALERT_RESET" access="RW" reset_value="0x1" description="Reset Current Alert Signal">
      <alias type="CMSIS" value="DCDC_REG0_CURRENT_ALERT_RESET(x)"/>
      <alias type="id" value="current_alert_reset"/>
      <bit_field_value name="REG0_CURRENT_ALERT_RESET_not_reset" value="0b0" description="Current Alert Signal not reset"/>
      <bit_field_value name="REG0_CURRENT_ALERT_RESET_reset" value="0b1" description="Current Alert Signal reset"/>
    </bit_field>
    <bit_field offset="29" width="1" name="XTAL_24M_OK" access="RW" reset_value="0" description="24M XTAL OK">
      <alias type="CMSIS" value="DCDC_REG0_XTAL_24M_OK(x)"/>
      <alias type="id" value="xtal_24m_ok"/>
      <bit_field_value name="REG0_XTAL_24M_OK_int_rng_osc" value="0b0" description="DCDC uses internal ring OSC"/>
      <bit_field_value name="REG0_XTAL_24M_OK_xtal_24M" value="0b1" description="DCDC uses xtal 24M"/>
    </bit_field>
    <reserved_bit_field offset="30" width="1" reset_value="0"/>
    <bit_field offset="31" width="1" name="STS_DC_OK" access="RO" reset_value="0" description="DCDC Output OK">
      <alias type="CMSIS" value="DCDC_REG0_STS_DC_OK(x)"/>
      <alias type="id" value="dcdc_sts_dc_ok"/>
      <bit_field_value name="REG0_STS_DC_OK_not_settled" value="0b0" description="DCDC is settling"/>
      <bit_field_value name="REG0_STS_DC_OK_settled" value="0b1" description="DCDC already settled"/>
    </bit_field>
  </register>
  <register offset="0x4" width="32" name="REG1" description="DCDC Register 1">
    <alias type="CMSIS" value="REG1"/>
    <reserved_bit_field offset="0" width="7" reset_value="0x1C"/>
    <bit_field offset="7" width="2" name="REG_FBK_SEL" access="RW" reset_value="0x1" description="Select the feedback point of the internal regulator">
      <alias type="CMSIS" value="DCDC_REG1_REG_FBK_SEL(x)"/>
      <alias type="id" value="reg_fbk_sel"/>
      <bit_field_value name="REG1_REG_FBK_SEL_reg_fbk_sel0" value="0b00" description="The regulator outputs 1.0V with 1.2V reference voltage"/>
      <bit_field_value name="REG1_REG_FBK_SEL_reg_fbk_sel1" value="0b01" description="The regulator outputs 1.1V with 1.2V reference voltage"/>
      <bit_field_value name="REG1_REG_FBK_SEL_reg_fbk_sel2" value="0b10" description="The regulator outputs 1.0V with 1.3V reference voltage"/>
      <bit_field_value name="REG1_REG_FBK_SEL_reg_fbk_sel3" value="0b11" description="The regulator outputs 1.1V with 1.3V reference voltage"/>
    </bit_field>
    <bit_field offset="9" width="1" name="REG_RLOAD_SW" access="RW" reset_value="0x1" description="This controls the load resistor of the internal regulator of DCDC. The load resistor is connected by default to 1. To disconnect the load resistor, set this bit to 0. The internal regulator is only powered on in RUN mode. In SUSPEND mode, the whole internal regulator is powered down. If REG_RLOAD_SW is set to 1, the DCDC connects a resistor loading on the output of internal regulator when the regulator starts up. This is good for the stability of the regulator startup. Connecting this load resistor increases the current of DCDC_IN by 0.5mA. After the STS_DC_OK asserts, this control bit can be set to 0 to disconnect the resistor. This saves the current caused by the resistor loading.">
      <alias type="CMSIS" value="DCDC_REG1_REG_RLOAD_SW(x)"/>
      <alias type="id" value="reg_rload_sw"/>
      <bit_field_value name="REG1_REG_RLOAD_SW_loadR_disconnect" value="0b0" description="Load resistor disconnected"/>
      <bit_field_value name="REG1_REG_RLOAD_SW_loadR_connect" value="0b1" description="Load resistor connected"/>
    </bit_field>
    <reserved_bit_field offset="10" width="2" reset_value="0"/>
    <bit_field offset="12" width="2" name="LP_CMP_ISRC_SEL" access="RW" reset_value="0x2" description="Low Power Comparator Current Bias">
      <alias type="CMSIS" value="DCDC_REG1_LP_CMP_ISRC_SEL(x)"/>
      <alias type="id" value="lp_cmp_isrc_sel"/>
      <bit_field_value name="REG1_LP_CMP_ISRC_SEL_sel0" value="0b00" description="50 nA"/>
      <bit_field_value name="REG1_LP_CMP_ISRC_SEL_sel1" value="0b01" description="100 nA"/>
      <bit_field_value name="REG1_LP_CMP_ISRC_SEL_sel2" value="0b10" description="200 nA"/>
      <bit_field_value name="REG1_LP_CMP_ISRC_SEL_sel3" value="0b11" description="400 nA"/>
    </bit_field>
    <reserved_bit_field offset="14" width="7" reset_value="0x6E"/>
    <bit_field offset="21" width="1" name="LOOPCTRL_HST_THRESH" access="RW" reset_value="0" description="Increase Threshold Detection">
      <alias type="CMSIS" value="DCDC_REG1_LOOPCTRL_HST_THRESH(x)"/>
      <alias type="id" value="dcdc_loopctrl_hst_thresh"/>
      <bit_field_value name="REG1_LOOPCTRL_HST_THRESH_low_hyst_thresh" value="0b0" description="Lower hysteresis threshold (about 2.5mV in typical, but this value can vary with PVT corners"/>
      <bit_field_value name="REG1_LOOPCTRL_HST_THRESH_high_hyst_thresh" value="0b1" description="Higher hysteresis threshold (about 5mV in typical)"/>
    </bit_field>
    <reserved_bit_field offset="22" width="1" reset_value="0"/>
    <bit_field offset="23" width="1" name="LOOPCTRL_EN_HYST" access="RW" reset_value="0" description="Enable Hysteresis">
      <alias type="CMSIS" value="DCDC_REG1_LOOPCTRL_EN_HYST(x)"/>
      <alias type="id" value="dcdc_loopctrl_en_hyst"/>
      <bit_field_value name="REG1_LOOPCTRL_EN_HYST_disable" value="0b0" description="Disable hysteresis in switching converter common mode analog comparators"/>
      <bit_field_value name="REG1_LOOPCTRL_EN_HYST_enable" value="0b1" description="Enable hysteresis in switching converter common mode analog comparators"/>
    </bit_field>
    <bit_field offset="24" width="5" name="VBG_TRIM" access="RW" reset_value="0x11" description="Trim Bandgap Voltage">
      <alias type="CMSIS" value="DCDC_REG1_VBG_TRIM(x)"/>
      <alias type="id" value="vbg_trim"/>
    </bit_field>
    <reserved_bit_field offset="29" width="3" reset_value="0"/>
  </register>
  <register offset="0x8" width="32" name="REG2" description="DCDC Register 2">
    <alias type="CMSIS" value="REG2"/>
    <reserved_bit_field offset="0" width="6" reset_value="0x2"/>
    <bit_field offset="6" width="3" name="LOOPCTRL_DC_FF" access="RW" reset_value="0" description="Two's complement feed forward step in duty cycle in the switching DC-DC converter. Each time this field makes a transition from 0x0, the loop filter of the DC-DC converter is stepped once by a value proportional to the change. This can be used to force a certain control loop behavior, such as improving response under known heavy load transients.">
      <alias type="CMSIS" value="DCDC_REG2_LOOPCTRL_DC_FF(x)"/>
      <alias type="id" value="dcdc_loopctrl_dc_ff"/>
    </bit_field>
    <bit_field offset="9" width="3" name="LOOPCTRL_EN_RCSCALE" access="RW" reset_value="0" description="Enable RC Scale">
      <alias type="CMSIS" value="DCDC_REG2_LOOPCTRL_EN_RCSCALE(x)"/>
      <alias type="id" value="dcdc_loopctrl_en_rcscale"/>
    </bit_field>
    <bit_field offset="12" width="1" name="LOOPCTRL_RCSCALE_THRSH" access="RW" reset_value="0" description="Increase the threshold detection for RC scale circuit.">
      <alias type="CMSIS" value="DCDC_REG2_LOOPCTRL_RCSCALE_THRSH(x)"/>
      <alias type="id" value="dcdc_loopctrl_rcscale_thrsh"/>
      <bit_field_value name="REG2_LOOPCTRL_RCSCALE_THRSH_no_increase_thrsh" value="0b0" description="Do not increase the threshold detection for RC scale circuit."/>
      <bit_field_value name="REG2_LOOPCTRL_RCSCALE_THRSH_increase_thrsh" value="0b1" description="Increase the threshold detection for RC scale circuit."/>
    </bit_field>
    <bit_field offset="13" width="1" name="LOOPCTRL_HYST_SIGN" access="RW" reset_value="0" description="Invert the sign of the hysteresis in DC-DC analog comparators.">
      <alias type="CMSIS" value="DCDC_REG2_LOOPCTRL_HYST_SIGN(x)"/>
      <alias type="id" value="dcdc_loopctrl_hyst_sign"/>
      <bit_field_value name="REG2_LOOPCTRL_HYST_SIGN_noinvert" value="0b0" description="Do not invert sign of the hysteresis"/>
      <bit_field_value name="REG2_LOOPCTRL_HYST_SIGN_invert" value="0b1" description="Invert sign of the hysteresis"/>
    </bit_field>
    <reserved_bit_field offset="14" width="1" reset_value="0"/>
    <bit_field offset="15" width="1" name="BATTMONITOR_EN_BATADJ" access="RW" reset_value="0" description="This bit enables the DC-DC to improve efficiency and minimize ripple using the information from the BATT_VAL field. It is very important that BATT_VAL contain accurate information before setting EN_BATADJ.">
      <alias type="CMSIS" value="DCDC_REG2_BATTMONITOR_EN_BATADJ(x)"/>
      <alias type="id" value="dcdc_battmonitor_en_batadj"/>
    </bit_field>
    <reserved_bit_field offset="16" width="10" reset_value="0"/>
    <reserved_bit_field offset="26" width="1" reset_value="0"/>
    <bit_field offset="27" width="1" name="DISABLE_PULSE_SKIP" access="RW" reset_value="0" description="Disable Pulse Skip">
      <alias type="CMSIS" value="DCDC_REG2_DISABLE_PULSE_SKIP(x)"/>
      <alias type="id" value="disable_pulse_skip"/>
      <bit_field_value name="REG2_DISABLE_PULSE_SKIP_idle" value="0b0" description="DCDC will be idle to save current dissipation when the duty cycle get to the low limit which is set by NEGLIMIT_IN."/>
      <bit_field_value name="REG2_DISABLE_PULSE_SKIP_not_idle" value="0b1" description="DCDC will keep working with the low limited duty cycle NEGLIMIT_IN."/>
    </bit_field>
    <bit_field offset="28" width="1" name="DCM_SET_CTRL" access="RW" reset_value="0" description="DCM Set Control">
      <alias type="CMSIS" value="DCDC_REG2_DCM_SET_CTRL(x)"/>
      <alias type="id" value="DCM_set_ctrl"/>
    </bit_field>
    <reserved_bit_field offset="29" width="3" reset_value="0"/>
  </register>
  <register offset="0xC" width="32" name="REG3" description="DCDC Register 3">
    <alias type="CMSIS" value="REG3"/>
    <bit_field offset="0" width="5" name="TRG" access="RW" reset_value="0xE" description="Target value of VDD_SOC">
      <alias type="CMSIS" value="DCDC_REG3_TRG(x)"/>
      <alias type="id" value="dcdc_trg"/>
    </bit_field>
    <reserved_bit_field offset="5" width="3" reset_value="0"/>
    <bit_field offset="8" width="3" name="TARGET_LP" access="RW" reset_value="0x1" description="Low Power Target Value">
      <alias type="CMSIS" value="DCDC_REG3_TARGET_LP(x)"/>
      <alias type="id" value="target_lp"/>
      <bit_field_value name="REG3_TARGET_LP_sel0" value="0b000" description="0.9 V"/>
      <bit_field_value name="REG3_TARGET_LP_sel1" value="0b001" description="0.925 V"/>
      <bit_field_value name="REG3_TARGET_LP_sel2" value="0b010" description="0.95 V"/>
      <bit_field_value name="REG3_TARGET_LP_sel3" value="0b011" description="0.975 V"/>
      <bit_field_value name="REG3_TARGET_LP_sel4" value="0b100" description="1.0 V"/>
    </bit_field>
    <reserved_bit_field offset="11" width="13" reset_value="0"/>
    <bit_field offset="24" width="1" name="MINPWR_DC_HALFCLK" access="RW" reset_value="0" description="Set DCDC clock to half frequency for continuous mode">
      <alias type="CMSIS" value="DCDC_REG3_MINPWR_DC_HALFCLK(x)"/>
      <alias type="id" value="dcdc_minpwr_dc_halfclk"/>
      <bit_field_value name="REG3_MINPWR_DC_HALFCLK_fullfreq" value="0b0" description="DCDC clock remains at full frequency for continuous mode"/>
      <bit_field_value name="REG3_MINPWR_DC_HALFCLK_halffreq" value="0b1" description="DCDC clock set to half frequency for continuous mode"/>
    </bit_field>
    <reserved_bit_field offset="25" width="5" reset_value="0"/>
    <bit_field offset="30" width="1" name="DISABLE_STEP" access="RW" reset_value="0" description="Disable Step">
      <alias type="CMSIS" value="DCDC_REG3_DISABLE_STEP(x)"/>
      <alias type="id" value="dcdc_disable_step"/>
      <bit_field_value name="REG3_DISABLE_STEP_enable" value="0b0" description="Enable stepping for the output of VDD_SOC of DCDC"/>
      <bit_field_value name="REG3_DISABLE_STEP_disable" value="0b1" description="Disable stepping for the output of VDD_SOC of DCDC"/>
    </bit_field>
    <reserved_bit_field offset="31" width="1" reset_value="0"/>
  </register>
</regs:peripheral>