<?xml version="1.0"?>
<regs:peripheral xmlns:regs="http://swtools.freescale.net/XSD/registers/4.0/regsPeripheral.xsd" xmlns:xsi="http://www.w3.org/2001/XMLSchema-instance" xsi:schemaLocation="http://swtools.freescale.net/XSD/registers/4.0/regsPeripheral.xsd http://swtools.freescale.net/XSD/registers/4.0/regsPeripheral.xsd">
  <register offset="0" width="32" name="CHCFG0" description="Channel 0 Configuration Register">
    <alias type="CMSIS" value="CHCFG[0]"/>
    <bit_field offset="0" width="7" name="SOURCE" access="RW" reset_value="0" description="DMA Channel Source (Slot Number)">
      <alias type="CMSIS" value="DMAMUX_CHCFG_SOURCE(x)"/>
    </bit_field>
    <reserved_bit_field offset="7" width="22" reset_value="0"/>
    <bit_field offset="29" width="1" name="A_ON" access="RW" reset_value="0" description="DMA Channel Always Enable">
      <alias type="CMSIS" value="DMAMUX_CHCFG_A_ON(x)"/>
      <bit_field_value name="CHCFG0_A_ON_0b0" value="0b0" description="DMA Channel Always ON function is disabled"/>
      <bit_field_value name="CHCFG0_A_ON_0b1" value="0b1" description="DMA Channel Always ON function is enabled"/>
    </bit_field>
    <bit_field offset="30" width="1" name="TRIG" access="RW" reset_value="0" description="DMA Channel Trigger Enable">
      <alias type="CMSIS" value="DMAMUX_CHCFG_TRIG(x)"/>
      <bit_field_value name="CHCFG0_TRIG_0b0" value="0b0" description="Triggering is disabled. If triggering is disabled and ENBL is set, the DMA Channel will simply route the specified source to the DMA channel. (Normal mode)"/>
      <bit_field_value name="CHCFG0_TRIG_0b1" value="0b1" description="Triggering is enabled. If triggering is enabled and ENBL is set, the DMA_CH_MUX is in Periodic Trigger mode."/>
    </bit_field>
    <bit_field offset="31" width="1" name="ENBL" access="RW" reset_value="0" description="DMA Mux Channel Enable">
      <alias type="CMSIS" value="DMAMUX_CHCFG_ENBL(x)"/>
      <bit_field_value name="CHCFG0_ENBL_0b0" value="0b0" description="DMA Mux channel is disabled"/>
      <bit_field_value name="CHCFG0_ENBL_0b1" value="0b1" description="DMA Mux channel is enabled"/>
    </bit_field>
  </register>
  <register offset="0x4" width="32" name="CHCFG1" description="Channel 1 Configuration Register">
    <alias type="CMSIS" value="CHCFG[1]"/>
    <bit_field offset="0" width="7" name="SOURCE" access="RW" reset_value="0" description="DMA Channel Source (Slot Number)">
      <alias type="CMSIS" value="DMAMUX_CHCFG_SOURCE(x)"/>
    </bit_field>
    <reserved_bit_field offset="7" width="22" reset_value="0"/>
    <bit_field offset="29" width="1" name="A_ON" access="RW" reset_value="0" description="DMA Channel Always Enable">
      <alias type="CMSIS" value="DMAMUX_CHCFG_A_ON(x)"/>
      <bit_field_value name="CHCFG1_A_ON_0b0" value="0b0" description="DMA Channel Always ON function is disabled"/>
      <bit_field_value name="CHCFG1_A_ON_0b1" value="0b1" description="DMA Channel Always ON function is enabled"/>
    </bit_field>
    <bit_field offset="30" width="1" name="TRIG" access="RW" reset_value="0" description="DMA Channel Trigger Enable">
      <alias type="CMSIS" value="DMAMUX_CHCFG_TRIG(x)"/>
      <bit_field_value name="CHCFG1_TRIG_0b0" value="0b0" description="Triggering is disabled. If triggering is disabled and ENBL is set, the DMA Channel will simply route the specified source to the DMA channel. (Normal mode)"/>
      <bit_field_value name="CHCFG1_TRIG_0b1" value="0b1" description="Triggering is enabled. If triggering is enabled and ENBL is set, the DMA_CH_MUX is in Periodic Trigger mode."/>
    </bit_field>
    <bit_field offset="31" width="1" name="ENBL" access="RW" reset_value="0" description="DMA Mux Channel Enable">
      <alias type="CMSIS" value="DMAMUX_CHCFG_ENBL(x)"/>
      <bit_field_value name="CHCFG1_ENBL_0b0" value="0b0" description="DMA Mux channel is disabled"/>
      <bit_field_value name="CHCFG1_ENBL_0b1" value="0b1" description="DMA Mux channel is enabled"/>
    </bit_field>
  </register>
  <register offset="0x8" width="32" name="CHCFG2" description="Channel 2 Configuration Register">
    <alias type="CMSIS" value="CHCFG[2]"/>
    <bit_field offset="0" width="7" name="SOURCE" access="RW" reset_value="0" description="DMA Channel Source (Slot Number)">
      <alias type="CMSIS" value="DMAMUX_CHCFG_SOURCE(x)"/>
    </bit_field>
    <reserved_bit_field offset="7" width="22" reset_value="0"/>
    <bit_field offset="29" width="1" name="A_ON" access="RW" reset_value="0" description="DMA Channel Always Enable">
      <alias type="CMSIS" value="DMAMUX_CHCFG_A_ON(x)"/>
      <bit_field_value name="CHCFG2_A_ON_0b0" value="0b0" description="DMA Channel Always ON function is disabled"/>
      <bit_field_value name="CHCFG2_A_ON_0b1" value="0b1" description="DMA Channel Always ON function is enabled"/>
    </bit_field>
    <bit_field offset="30" width="1" name="TRIG" access="RW" reset_value="0" description="DMA Channel Trigger Enable">
      <alias type="CMSIS" value="DMAMUX_CHCFG_TRIG(x)"/>
      <bit_field_value name="CHCFG2_TRIG_0b0" value="0b0" description="Triggering is disabled. If triggering is disabled and ENBL is set, the DMA Channel will simply route the specified source to the DMA channel. (Normal mode)"/>
      <bit_field_value name="CHCFG2_TRIG_0b1" value="0b1" description="Triggering is enabled. If triggering is enabled and ENBL is set, the DMA_CH_MUX is in Periodic Trigger mode."/>
    </bit_field>
    <bit_field offset="31" width="1" name="ENBL" access="RW" reset_value="0" description="DMA Mux Channel Enable">
      <alias type="CMSIS" value="DMAMUX_CHCFG_ENBL(x)"/>
      <bit_field_value name="CHCFG2_ENBL_0b0" value="0b0" description="DMA Mux channel is disabled"/>
      <bit_field_value name="CHCFG2_ENBL_0b1" value="0b1" description="DMA Mux channel is enabled"/>
    </bit_field>
  </register>
  <register offset="0xC" width="32" name="CHCFG3" description="Channel 3 Configuration Register">
    <alias type="CMSIS" value="CHCFG[3]"/>
    <bit_field offset="0" width="7" name="SOURCE" access="RW" reset_value="0" description="DMA Channel Source (Slot Number)">
      <alias type="CMSIS" value="DMAMUX_CHCFG_SOURCE(x)"/>
    </bit_field>
    <reserved_bit_field offset="7" width="22" reset_value="0"/>
    <bit_field offset="29" width="1" name="A_ON" access="RW" reset_value="0" description="DMA Channel Always Enable">
      <alias type="CMSIS" value="DMAMUX_CHCFG_A_ON(x)"/>
      <bit_field_value name="CHCFG3_A_ON_0b0" value="0b0" description="DMA Channel Always ON function is disabled"/>
      <bit_field_value name="CHCFG3_A_ON_0b1" value="0b1" description="DMA Channel Always ON function is enabled"/>
    </bit_field>
    <bit_field offset="30" width="1" name="TRIG" access="RW" reset_value="0" description="DMA Channel Trigger Enable">
      <alias type="CMSIS" value="DMAMUX_CHCFG_TRIG(x)"/>
      <bit_field_value name="CHCFG3_TRIG_0b0" value="0b0" description="Triggering is disabled. If triggering is disabled and ENBL is set, the DMA Channel will simply route the specified source to the DMA channel. (Normal mode)"/>
      <bit_field_value name="CHCFG3_TRIG_0b1" value="0b1" description="Triggering is enabled. If triggering is enabled and ENBL is set, the DMA_CH_MUX is in Periodic Trigger mode."/>
    </bit_field>
    <bit_field offset="31" width="1" name="ENBL" access="RW" reset_value="0" description="DMA Mux Channel Enable">
      <alias type="CMSIS" value="DMAMUX_CHCFG_ENBL(x)"/>
      <bit_field_value name="CHCFG3_ENBL_0b0" value="0b0" description="DMA Mux channel is disabled"/>
      <bit_field_value name="CHCFG3_ENBL_0b1" value="0b1" description="DMA Mux channel is enabled"/>
    </bit_field>
  </register>
  <register offset="0x10" width="32" name="CHCFG4" description="Channel 4 Configuration Register">
    <alias type="CMSIS" value="CHCFG[4]"/>
    <bit_field offset="0" width="7" name="SOURCE" access="RW" reset_value="0" description="DMA Channel Source (Slot Number)">
      <alias type="CMSIS" value="DMAMUX_CHCFG_SOURCE(x)"/>
    </bit_field>
    <reserved_bit_field offset="7" width="22" reset_value="0"/>
    <bit_field offset="29" width="1" name="A_ON" access="RW" reset_value="0" description="DMA Channel Always Enable">
      <alias type="CMSIS" value="DMAMUX_CHCFG_A_ON(x)"/>
      <bit_field_value name="CHCFG4_A_ON_0b0" value="0b0" description="DMA Channel Always ON function is disabled"/>
      <bit_field_value name="CHCFG4_A_ON_0b1" value="0b1" description="DMA Channel Always ON function is enabled"/>
    </bit_field>
    <bit_field offset="30" width="1" name="TRIG" access="RW" reset_value="0" description="DMA Channel Trigger Enable">
      <alias type="CMSIS" value="DMAMUX_CHCFG_TRIG(x)"/>
      <bit_field_value name="CHCFG4_TRIG_0b0" value="0b0" description="Triggering is disabled. If triggering is disabled and ENBL is set, the DMA Channel will simply route the specified source to the DMA channel. (Normal mode)"/>
      <bit_field_value name="CHCFG4_TRIG_0b1" value="0b1" description="Triggering is enabled. If triggering is enabled and ENBL is set, the DMA_CH_MUX is in Periodic Trigger mode."/>
    </bit_field>
    <bit_field offset="31" width="1" name="ENBL" access="RW" reset_value="0" description="DMA Mux Channel Enable">
      <alias type="CMSIS" value="DMAMUX_CHCFG_ENBL(x)"/>
      <bit_field_value name="CHCFG4_ENBL_0b0" value="0b0" description="DMA Mux channel is disabled"/>
      <bit_field_value name="CHCFG4_ENBL_0b1" value="0b1" description="DMA Mux channel is enabled"/>
    </bit_field>
  </register>
  <register offset="0x14" width="32" name="CHCFG5" description="Channel 5 Configuration Register">
    <alias type="CMSIS" value="CHCFG[5]"/>
    <bit_field offset="0" width="7" name="SOURCE" access="RW" reset_value="0" description="DMA Channel Source (Slot Number)">
      <alias type="CMSIS" value="DMAMUX_CHCFG_SOURCE(x)"/>
    </bit_field>
    <reserved_bit_field offset="7" width="22" reset_value="0"/>
    <bit_field offset="29" width="1" name="A_ON" access="RW" reset_value="0" description="DMA Channel Always Enable">
      <alias type="CMSIS" value="DMAMUX_CHCFG_A_ON(x)"/>
      <bit_field_value name="CHCFG5_A_ON_0b0" value="0b0" description="DMA Channel Always ON function is disabled"/>
      <bit_field_value name="CHCFG5_A_ON_0b1" value="0b1" description="DMA Channel Always ON function is enabled"/>
    </bit_field>
    <bit_field offset="30" width="1" name="TRIG" access="RW" reset_value="0" description="DMA Channel Trigger Enable">
      <alias type="CMSIS" value="DMAMUX_CHCFG_TRIG(x)"/>
      <bit_field_value name="CHCFG5_TRIG_0b0" value="0b0" description="Triggering is disabled. If triggering is disabled and ENBL is set, the DMA Channel will simply route the specified source to the DMA channel. (Normal mode)"/>
      <bit_field_value name="CHCFG5_TRIG_0b1" value="0b1" description="Triggering is enabled. If triggering is enabled and ENBL is set, the DMA_CH_MUX is in Periodic Trigger mode."/>
    </bit_field>
    <bit_field offset="31" width="1" name="ENBL" access="RW" reset_value="0" description="DMA Mux Channel Enable">
      <alias type="CMSIS" value="DMAMUX_CHCFG_ENBL(x)"/>
      <bit_field_value name="CHCFG5_ENBL_0b0" value="0b0" description="DMA Mux channel is disabled"/>
      <bit_field_value name="CHCFG5_ENBL_0b1" value="0b1" description="DMA Mux channel is enabled"/>
    </bit_field>
  </register>
  <register offset="0x18" width="32" name="CHCFG6" description="Channel 6 Configuration Register">
    <alias type="CMSIS" value="CHCFG[6]"/>
    <bit_field offset="0" width="7" name="SOURCE" access="RW" reset_value="0" description="DMA Channel Source (Slot Number)">
      <alias type="CMSIS" value="DMAMUX_CHCFG_SOURCE(x)"/>
    </bit_field>
    <reserved_bit_field offset="7" width="22" reset_value="0"/>
    <bit_field offset="29" width="1" name="A_ON" access="RW" reset_value="0" description="DMA Channel Always Enable">
      <alias type="CMSIS" value="DMAMUX_CHCFG_A_ON(x)"/>
      <bit_field_value name="CHCFG6_A_ON_0b0" value="0b0" description="DMA Channel Always ON function is disabled"/>
      <bit_field_value name="CHCFG6_A_ON_0b1" value="0b1" description="DMA Channel Always ON function is enabled"/>
    </bit_field>
    <bit_field offset="30" width="1" name="TRIG" access="RW" reset_value="0" description="DMA Channel Trigger Enable">
      <alias type="CMSIS" value="DMAMUX_CHCFG_TRIG(x)"/>
      <bit_field_value name="CHCFG6_TRIG_0b0" value="0b0" description="Triggering is disabled. If triggering is disabled and ENBL is set, the DMA Channel will simply route the specified source to the DMA channel. (Normal mode)"/>
      <bit_field_value name="CHCFG6_TRIG_0b1" value="0b1" description="Triggering is enabled. If triggering is enabled and ENBL is set, the DMA_CH_MUX is in Periodic Trigger mode."/>
    </bit_field>
    <bit_field offset="31" width="1" name="ENBL" access="RW" reset_value="0" description="DMA Mux Channel Enable">
      <alias type="CMSIS" value="DMAMUX_CHCFG_ENBL(x)"/>
      <bit_field_value name="CHCFG6_ENBL_0b0" value="0b0" description="DMA Mux channel is disabled"/>
      <bit_field_value name="CHCFG6_ENBL_0b1" value="0b1" description="DMA Mux channel is enabled"/>
    </bit_field>
  </register>
  <register offset="0x1C" width="32" name="CHCFG7" description="Channel 7 Configuration Register">
    <alias type="CMSIS" value="CHCFG[7]"/>
    <bit_field offset="0" width="7" name="SOURCE" access="RW" reset_value="0" description="DMA Channel Source (Slot Number)">
      <alias type="CMSIS" value="DMAMUX_CHCFG_SOURCE(x)"/>
    </bit_field>
    <reserved_bit_field offset="7" width="22" reset_value="0"/>
    <bit_field offset="29" width="1" name="A_ON" access="RW" reset_value="0" description="DMA Channel Always Enable">
      <alias type="CMSIS" value="DMAMUX_CHCFG_A_ON(x)"/>
      <bit_field_value name="CHCFG7_A_ON_0b0" value="0b0" description="DMA Channel Always ON function is disabled"/>
      <bit_field_value name="CHCFG7_A_ON_0b1" value="0b1" description="DMA Channel Always ON function is enabled"/>
    </bit_field>
    <bit_field offset="30" width="1" name="TRIG" access="RW" reset_value="0" description="DMA Channel Trigger Enable">
      <alias type="CMSIS" value="DMAMUX_CHCFG_TRIG(x)"/>
      <bit_field_value name="CHCFG7_TRIG_0b0" value="0b0" description="Triggering is disabled. If triggering is disabled and ENBL is set, the DMA Channel will simply route the specified source to the DMA channel. (Normal mode)"/>
      <bit_field_value name="CHCFG7_TRIG_0b1" value="0b1" description="Triggering is enabled. If triggering is enabled and ENBL is set, the DMA_CH_MUX is in Periodic Trigger mode."/>
    </bit_field>
    <bit_field offset="31" width="1" name="ENBL" access="RW" reset_value="0" description="DMA Mux Channel Enable">
      <alias type="CMSIS" value="DMAMUX_CHCFG_ENBL(x)"/>
      <bit_field_value name="CHCFG7_ENBL_0b0" value="0b0" description="DMA Mux channel is disabled"/>
      <bit_field_value name="CHCFG7_ENBL_0b1" value="0b1" description="DMA Mux channel is enabled"/>
    </bit_field>
  </register>
  <register offset="0x20" width="32" name="CHCFG8" description="Channel 8 Configuration Register">
    <alias type="CMSIS" value="CHCFG[8]"/>
    <bit_field offset="0" width="7" name="SOURCE" access="RW" reset_value="0" description="DMA Channel Source (Slot Number)">
      <alias type="CMSIS" value="DMAMUX_CHCFG_SOURCE(x)"/>
    </bit_field>
    <reserved_bit_field offset="7" width="22" reset_value="0"/>
    <bit_field offset="29" width="1" name="A_ON" access="RW" reset_value="0" description="DMA Channel Always Enable">
      <alias type="CMSIS" value="DMAMUX_CHCFG_A_ON(x)"/>
      <bit_field_value name="CHCFG8_A_ON_0b0" value="0b0" description="DMA Channel Always ON function is disabled"/>
      <bit_field_value name="CHCFG8_A_ON_0b1" value="0b1" description="DMA Channel Always ON function is enabled"/>
    </bit_field>
    <bit_field offset="30" width="1" name="TRIG" access="RW" reset_value="0" description="DMA Channel Trigger Enable">
      <alias type="CMSIS" value="DMAMUX_CHCFG_TRIG(x)"/>
      <bit_field_value name="CHCFG8_TRIG_0b0" value="0b0" description="Triggering is disabled. If triggering is disabled and ENBL is set, the DMA Channel will simply route the specified source to the DMA channel. (Normal mode)"/>
      <bit_field_value name="CHCFG8_TRIG_0b1" value="0b1" description="Triggering is enabled. If triggering is enabled and ENBL is set, the DMA_CH_MUX is in Periodic Trigger mode."/>
    </bit_field>
    <bit_field offset="31" width="1" name="ENBL" access="RW" reset_value="0" description="DMA Mux Channel Enable">
      <alias type="CMSIS" value="DMAMUX_CHCFG_ENBL(x)"/>
      <bit_field_value name="CHCFG8_ENBL_0b0" value="0b0" description="DMA Mux channel is disabled"/>
      <bit_field_value name="CHCFG8_ENBL_0b1" value="0b1" description="DMA Mux channel is enabled"/>
    </bit_field>
  </register>
  <register offset="0x24" width="32" name="CHCFG9" description="Channel 9 Configuration Register">
    <alias type="CMSIS" value="CHCFG[9]"/>
    <bit_field offset="0" width="7" name="SOURCE" access="RW" reset_value="0" description="DMA Channel Source (Slot Number)">
      <alias type="CMSIS" value="DMAMUX_CHCFG_SOURCE(x)"/>
    </bit_field>
    <reserved_bit_field offset="7" width="22" reset_value="0"/>
    <bit_field offset="29" width="1" name="A_ON" access="RW" reset_value="0" description="DMA Channel Always Enable">
      <alias type="CMSIS" value="DMAMUX_CHCFG_A_ON(x)"/>
      <bit_field_value name="CHCFG9_A_ON_0b0" value="0b0" description="DMA Channel Always ON function is disabled"/>
      <bit_field_value name="CHCFG9_A_ON_0b1" value="0b1" description="DMA Channel Always ON function is enabled"/>
    </bit_field>
    <bit_field offset="30" width="1" name="TRIG" access="RW" reset_value="0" description="DMA Channel Trigger Enable">
      <alias type="CMSIS" value="DMAMUX_CHCFG_TRIG(x)"/>
      <bit_field_value name="CHCFG9_TRIG_0b0" value="0b0" description="Triggering is disabled. If triggering is disabled and ENBL is set, the DMA Channel will simply route the specified source to the DMA channel. (Normal mode)"/>
      <bit_field_value name="CHCFG9_TRIG_0b1" value="0b1" description="Triggering is enabled. If triggering is enabled and ENBL is set, the DMA_CH_MUX is in Periodic Trigger mode."/>
    </bit_field>
    <bit_field offset="31" width="1" name="ENBL" access="RW" reset_value="0" description="DMA Mux Channel Enable">
      <alias type="CMSIS" value="DMAMUX_CHCFG_ENBL(x)"/>
      <bit_field_value name="CHCFG9_ENBL_0b0" value="0b0" description="DMA Mux channel is disabled"/>
      <bit_field_value name="CHCFG9_ENBL_0b1" value="0b1" description="DMA Mux channel is enabled"/>
    </bit_field>
  </register>
  <register offset="0x28" width="32" name="CHCFG10" description="Channel 10 Configuration Register">
    <alias type="CMSIS" value="CHCFG[10]"/>
    <bit_field offset="0" width="7" name="SOURCE" access="RW" reset_value="0" description="DMA Channel Source (Slot Number)">
      <alias type="CMSIS" value="DMAMUX_CHCFG_SOURCE(x)"/>
    </bit_field>
    <reserved_bit_field offset="7" width="22" reset_value="0"/>
    <bit_field offset="29" width="1" name="A_ON" access="RW" reset_value="0" description="DMA Channel Always Enable">
      <alias type="CMSIS" value="DMAMUX_CHCFG_A_ON(x)"/>
      <bit_field_value name="CHCFG10_A_ON_0b0" value="0b0" description="DMA Channel Always ON function is disabled"/>
      <bit_field_value name="CHCFG10_A_ON_0b1" value="0b1" description="DMA Channel Always ON function is enabled"/>
    </bit_field>
    <bit_field offset="30" width="1" name="TRIG" access="RW" reset_value="0" description="DMA Channel Trigger Enable">
      <alias type="CMSIS" value="DMAMUX_CHCFG_TRIG(x)"/>
      <bit_field_value name="CHCFG10_TRIG_0b0" value="0b0" description="Triggering is disabled. If triggering is disabled and ENBL is set, the DMA Channel will simply route the specified source to the DMA channel. (Normal mode)"/>
      <bit_field_value name="CHCFG10_TRIG_0b1" value="0b1" description="Triggering is enabled. If triggering is enabled and ENBL is set, the DMA_CH_MUX is in Periodic Trigger mode."/>
    </bit_field>
    <bit_field offset="31" width="1" name="ENBL" access="RW" reset_value="0" description="DMA Mux Channel Enable">
      <alias type="CMSIS" value="DMAMUX_CHCFG_ENBL(x)"/>
      <bit_field_value name="CHCFG10_ENBL_0b0" value="0b0" description="DMA Mux channel is disabled"/>
      <bit_field_value name="CHCFG10_ENBL_0b1" value="0b1" description="DMA Mux channel is enabled"/>
    </bit_field>
  </register>
  <register offset="0x2C" width="32" name="CHCFG11" description="Channel 11 Configuration Register">
    <alias type="CMSIS" value="CHCFG[11]"/>
    <bit_field offset="0" width="7" name="SOURCE" access="RW" reset_value="0" description="DMA Channel Source (Slot Number)">
      <alias type="CMSIS" value="DMAMUX_CHCFG_SOURCE(x)"/>
    </bit_field>
    <reserved_bit_field offset="7" width="22" reset_value="0"/>
    <bit_field offset="29" width="1" name="A_ON" access="RW" reset_value="0" description="DMA Channel Always Enable">
      <alias type="CMSIS" value="DMAMUX_CHCFG_A_ON(x)"/>
      <bit_field_value name="CHCFG11_A_ON_0b0" value="0b0" description="DMA Channel Always ON function is disabled"/>
      <bit_field_value name="CHCFG11_A_ON_0b1" value="0b1" description="DMA Channel Always ON function is enabled"/>
    </bit_field>
    <bit_field offset="30" width="1" name="TRIG" access="RW" reset_value="0" description="DMA Channel Trigger Enable">
      <alias type="CMSIS" value="DMAMUX_CHCFG_TRIG(x)"/>
      <bit_field_value name="CHCFG11_TRIG_0b0" value="0b0" description="Triggering is disabled. If triggering is disabled and ENBL is set, the DMA Channel will simply route the specified source to the DMA channel. (Normal mode)"/>
      <bit_field_value name="CHCFG11_TRIG_0b1" value="0b1" description="Triggering is enabled. If triggering is enabled and ENBL is set, the DMA_CH_MUX is in Periodic Trigger mode."/>
    </bit_field>
    <bit_field offset="31" width="1" name="ENBL" access="RW" reset_value="0" description="DMA Mux Channel Enable">
      <alias type="CMSIS" value="DMAMUX_CHCFG_ENBL(x)"/>
      <bit_field_value name="CHCFG11_ENBL_0b0" value="0b0" description="DMA Mux channel is disabled"/>
      <bit_field_value name="CHCFG11_ENBL_0b1" value="0b1" description="DMA Mux channel is enabled"/>
    </bit_field>
  </register>
  <register offset="0x30" width="32" name="CHCFG12" description="Channel 12 Configuration Register">
    <alias type="CMSIS" value="CHCFG[12]"/>
    <bit_field offset="0" width="7" name="SOURCE" access="RW" reset_value="0" description="DMA Channel Source (Slot Number)">
      <alias type="CMSIS" value="DMAMUX_CHCFG_SOURCE(x)"/>
    </bit_field>
    <reserved_bit_field offset="7" width="22" reset_value="0"/>
    <bit_field offset="29" width="1" name="A_ON" access="RW" reset_value="0" description="DMA Channel Always Enable">
      <alias type="CMSIS" value="DMAMUX_CHCFG_A_ON(x)"/>
      <bit_field_value name="CHCFG12_A_ON_0b0" value="0b0" description="DMA Channel Always ON function is disabled"/>
      <bit_field_value name="CHCFG12_A_ON_0b1" value="0b1" description="DMA Channel Always ON function is enabled"/>
    </bit_field>
    <bit_field offset="30" width="1" name="TRIG" access="RW" reset_value="0" description="DMA Channel Trigger Enable">
      <alias type="CMSIS" value="DMAMUX_CHCFG_TRIG(x)"/>
      <bit_field_value name="CHCFG12_TRIG_0b0" value="0b0" description="Triggering is disabled. If triggering is disabled and ENBL is set, the DMA Channel will simply route the specified source to the DMA channel. (Normal mode)"/>
      <bit_field_value name="CHCFG12_TRIG_0b1" value="0b1" description="Triggering is enabled. If triggering is enabled and ENBL is set, the DMA_CH_MUX is in Periodic Trigger mode."/>
    </bit_field>
    <bit_field offset="31" width="1" name="ENBL" access="RW" reset_value="0" description="DMA Mux Channel Enable">
      <alias type="CMSIS" value="DMAMUX_CHCFG_ENBL(x)"/>
      <bit_field_value name="CHCFG12_ENBL_0b0" value="0b0" description="DMA Mux channel is disabled"/>
      <bit_field_value name="CHCFG12_ENBL_0b1" value="0b1" description="DMA Mux channel is enabled"/>
    </bit_field>
  </register>
  <register offset="0x34" width="32" name="CHCFG13" description="Channel 13 Configuration Register">
    <alias type="CMSIS" value="CHCFG[13]"/>
    <bit_field offset="0" width="7" name="SOURCE" access="RW" reset_value="0" description="DMA Channel Source (Slot Number)">
      <alias type="CMSIS" value="DMAMUX_CHCFG_SOURCE(x)"/>
    </bit_field>
    <reserved_bit_field offset="7" width="22" reset_value="0"/>
    <bit_field offset="29" width="1" name="A_ON" access="RW" reset_value="0" description="DMA Channel Always Enable">
      <alias type="CMSIS" value="DMAMUX_CHCFG_A_ON(x)"/>
      <bit_field_value name="CHCFG13_A_ON_0b0" value="0b0" description="DMA Channel Always ON function is disabled"/>
      <bit_field_value name="CHCFG13_A_ON_0b1" value="0b1" description="DMA Channel Always ON function is enabled"/>
    </bit_field>
    <bit_field offset="30" width="1" name="TRIG" access="RW" reset_value="0" description="DMA Channel Trigger Enable">
      <alias type="CMSIS" value="DMAMUX_CHCFG_TRIG(x)"/>
      <bit_field_value name="CHCFG13_TRIG_0b0" value="0b0" description="Triggering is disabled. If triggering is disabled and ENBL is set, the DMA Channel will simply route the specified source to the DMA channel. (Normal mode)"/>
      <bit_field_value name="CHCFG13_TRIG_0b1" value="0b1" description="Triggering is enabled. If triggering is enabled and ENBL is set, the DMA_CH_MUX is in Periodic Trigger mode."/>
    </bit_field>
    <bit_field offset="31" width="1" name="ENBL" access="RW" reset_value="0" description="DMA Mux Channel Enable">
      <alias type="CMSIS" value="DMAMUX_CHCFG_ENBL(x)"/>
      <bit_field_value name="CHCFG13_ENBL_0b0" value="0b0" description="DMA Mux channel is disabled"/>
      <bit_field_value name="CHCFG13_ENBL_0b1" value="0b1" description="DMA Mux channel is enabled"/>
    </bit_field>
  </register>
  <register offset="0x38" width="32" name="CHCFG14" description="Channel 14 Configuration Register">
    <alias type="CMSIS" value="CHCFG[14]"/>
    <bit_field offset="0" width="7" name="SOURCE" access="RW" reset_value="0" description="DMA Channel Source (Slot Number)">
      <alias type="CMSIS" value="DMAMUX_CHCFG_SOURCE(x)"/>
    </bit_field>
    <reserved_bit_field offset="7" width="22" reset_value="0"/>
    <bit_field offset="29" width="1" name="A_ON" access="RW" reset_value="0" description="DMA Channel Always Enable">
      <alias type="CMSIS" value="DMAMUX_CHCFG_A_ON(x)"/>
      <bit_field_value name="CHCFG14_A_ON_0b0" value="0b0" description="DMA Channel Always ON function is disabled"/>
      <bit_field_value name="CHCFG14_A_ON_0b1" value="0b1" description="DMA Channel Always ON function is enabled"/>
    </bit_field>
    <bit_field offset="30" width="1" name="TRIG" access="RW" reset_value="0" description="DMA Channel Trigger Enable">
      <alias type="CMSIS" value="DMAMUX_CHCFG_TRIG(x)"/>
      <bit_field_value name="CHCFG14_TRIG_0b0" value="0b0" description="Triggering is disabled. If triggering is disabled and ENBL is set, the DMA Channel will simply route the specified source to the DMA channel. (Normal mode)"/>
      <bit_field_value name="CHCFG14_TRIG_0b1" value="0b1" description="Triggering is enabled. If triggering is enabled and ENBL is set, the DMA_CH_MUX is in Periodic Trigger mode."/>
    </bit_field>
    <bit_field offset="31" width="1" name="ENBL" access="RW" reset_value="0" description="DMA Mux Channel Enable">
      <alias type="CMSIS" value="DMAMUX_CHCFG_ENBL(x)"/>
      <bit_field_value name="CHCFG14_ENBL_0b0" value="0b0" description="DMA Mux channel is disabled"/>
      <bit_field_value name="CHCFG14_ENBL_0b1" value="0b1" description="DMA Mux channel is enabled"/>
    </bit_field>
  </register>
  <register offset="0x3C" width="32" name="CHCFG15" description="Channel 15 Configuration Register">
    <alias type="CMSIS" value="CHCFG[15]"/>
    <bit_field offset="0" width="7" name="SOURCE" access="RW" reset_value="0" description="DMA Channel Source (Slot Number)">
      <alias type="CMSIS" value="DMAMUX_CHCFG_SOURCE(x)"/>
    </bit_field>
    <reserved_bit_field offset="7" width="22" reset_value="0"/>
    <bit_field offset="29" width="1" name="A_ON" access="RW" reset_value="0" description="DMA Channel Always Enable">
      <alias type="CMSIS" value="DMAMUX_CHCFG_A_ON(x)"/>
      <bit_field_value name="CHCFG15_A_ON_0b0" value="0b0" description="DMA Channel Always ON function is disabled"/>
      <bit_field_value name="CHCFG15_A_ON_0b1" value="0b1" description="DMA Channel Always ON function is enabled"/>
    </bit_field>
    <bit_field offset="30" width="1" name="TRIG" access="RW" reset_value="0" description="DMA Channel Trigger Enable">
      <alias type="CMSIS" value="DMAMUX_CHCFG_TRIG(x)"/>
      <bit_field_value name="CHCFG15_TRIG_0b0" value="0b0" description="Triggering is disabled. If triggering is disabled and ENBL is set, the DMA Channel will simply route the specified source to the DMA channel. (Normal mode)"/>
      <bit_field_value name="CHCFG15_TRIG_0b1" value="0b1" description="Triggering is enabled. If triggering is enabled and ENBL is set, the DMA_CH_MUX is in Periodic Trigger mode."/>
    </bit_field>
    <bit_field offset="31" width="1" name="ENBL" access="RW" reset_value="0" description="DMA Mux Channel Enable">
      <alias type="CMSIS" value="DMAMUX_CHCFG_ENBL(x)"/>
      <bit_field_value name="CHCFG15_ENBL_0b0" value="0b0" description="DMA Mux channel is disabled"/>
      <bit_field_value name="CHCFG15_ENBL_0b1" value="0b1" description="DMA Mux channel is enabled"/>
    </bit_field>
  </register>
  <register offset="0x40" width="32" name="CHCFG16" description="Channel 16 Configuration Register">
    <alias type="CMSIS" value="CHCFG[16]"/>
    <bit_field offset="0" width="7" name="SOURCE" access="RW" reset_value="0" description="DMA Channel Source (Slot Number)">
      <alias type="CMSIS" value="DMAMUX_CHCFG_SOURCE(x)"/>
    </bit_field>
    <reserved_bit_field offset="7" width="22" reset_value="0"/>
    <bit_field offset="29" width="1" name="A_ON" access="RW" reset_value="0" description="DMA Channel Always Enable">
      <alias type="CMSIS" value="DMAMUX_CHCFG_A_ON(x)"/>
      <bit_field_value name="CHCFG16_A_ON_0b0" value="0b0" description="DMA Channel Always ON function is disabled"/>
      <bit_field_value name="CHCFG16_A_ON_0b1" value="0b1" description="DMA Channel Always ON function is enabled"/>
    </bit_field>
    <bit_field offset="30" width="1" name="TRIG" access="RW" reset_value="0" description="DMA Channel Trigger Enable">
      <alias type="CMSIS" value="DMAMUX_CHCFG_TRIG(x)"/>
      <bit_field_value name="CHCFG16_TRIG_0b0" value="0b0" description="Triggering is disabled. If triggering is disabled and ENBL is set, the DMA Channel will simply route the specified source to the DMA channel. (Normal mode)"/>
      <bit_field_value name="CHCFG16_TRIG_0b1" value="0b1" description="Triggering is enabled. If triggering is enabled and ENBL is set, the DMA_CH_MUX is in Periodic Trigger mode."/>
    </bit_field>
    <bit_field offset="31" width="1" name="ENBL" access="RW" reset_value="0" description="DMA Mux Channel Enable">
      <alias type="CMSIS" value="DMAMUX_CHCFG_ENBL(x)"/>
      <bit_field_value name="CHCFG16_ENBL_0b0" value="0b0" description="DMA Mux channel is disabled"/>
      <bit_field_value name="CHCFG16_ENBL_0b1" value="0b1" description="DMA Mux channel is enabled"/>
    </bit_field>
  </register>
  <register offset="0x44" width="32" name="CHCFG17" description="Channel 17 Configuration Register">
    <alias type="CMSIS" value="CHCFG[17]"/>
    <bit_field offset="0" width="7" name="SOURCE" access="RW" reset_value="0" description="DMA Channel Source (Slot Number)">
      <alias type="CMSIS" value="DMAMUX_CHCFG_SOURCE(x)"/>
    </bit_field>
    <reserved_bit_field offset="7" width="22" reset_value="0"/>
    <bit_field offset="29" width="1" name="A_ON" access="RW" reset_value="0" description="DMA Channel Always Enable">
      <alias type="CMSIS" value="DMAMUX_CHCFG_A_ON(x)"/>
      <bit_field_value name="CHCFG17_A_ON_0b0" value="0b0" description="DMA Channel Always ON function is disabled"/>
      <bit_field_value name="CHCFG17_A_ON_0b1" value="0b1" description="DMA Channel Always ON function is enabled"/>
    </bit_field>
    <bit_field offset="30" width="1" name="TRIG" access="RW" reset_value="0" description="DMA Channel Trigger Enable">
      <alias type="CMSIS" value="DMAMUX_CHCFG_TRIG(x)"/>
      <bit_field_value name="CHCFG17_TRIG_0b0" value="0b0" description="Triggering is disabled. If triggering is disabled and ENBL is set, the DMA Channel will simply route the specified source to the DMA channel. (Normal mode)"/>
      <bit_field_value name="CHCFG17_TRIG_0b1" value="0b1" description="Triggering is enabled. If triggering is enabled and ENBL is set, the DMA_CH_MUX is in Periodic Trigger mode."/>
    </bit_field>
    <bit_field offset="31" width="1" name="ENBL" access="RW" reset_value="0" description="DMA Mux Channel Enable">
      <alias type="CMSIS" value="DMAMUX_CHCFG_ENBL(x)"/>
      <bit_field_value name="CHCFG17_ENBL_0b0" value="0b0" description="DMA Mux channel is disabled"/>
      <bit_field_value name="CHCFG17_ENBL_0b1" value="0b1" description="DMA Mux channel is enabled"/>
    </bit_field>
  </register>
  <register offset="0x48" width="32" name="CHCFG18" description="Channel 18 Configuration Register">
    <alias type="CMSIS" value="CHCFG[18]"/>
    <bit_field offset="0" width="7" name="SOURCE" access="RW" reset_value="0" description="DMA Channel Source (Slot Number)">
      <alias type="CMSIS" value="DMAMUX_CHCFG_SOURCE(x)"/>
    </bit_field>
    <reserved_bit_field offset="7" width="22" reset_value="0"/>
    <bit_field offset="29" width="1" name="A_ON" access="RW" reset_value="0" description="DMA Channel Always Enable">
      <alias type="CMSIS" value="DMAMUX_CHCFG_A_ON(x)"/>
      <bit_field_value name="CHCFG18_A_ON_0b0" value="0b0" description="DMA Channel Always ON function is disabled"/>
      <bit_field_value name="CHCFG18_A_ON_0b1" value="0b1" description="DMA Channel Always ON function is enabled"/>
    </bit_field>
    <bit_field offset="30" width="1" name="TRIG" access="RW" reset_value="0" description="DMA Channel Trigger Enable">
      <alias type="CMSIS" value="DMAMUX_CHCFG_TRIG(x)"/>
      <bit_field_value name="CHCFG18_TRIG_0b0" value="0b0" description="Triggering is disabled. If triggering is disabled and ENBL is set, the DMA Channel will simply route the specified source to the DMA channel. (Normal mode)"/>
      <bit_field_value name="CHCFG18_TRIG_0b1" value="0b1" description="Triggering is enabled. If triggering is enabled and ENBL is set, the DMA_CH_MUX is in Periodic Trigger mode."/>
    </bit_field>
    <bit_field offset="31" width="1" name="ENBL" access="RW" reset_value="0" description="DMA Mux Channel Enable">
      <alias type="CMSIS" value="DMAMUX_CHCFG_ENBL(x)"/>
      <bit_field_value name="CHCFG18_ENBL_0b0" value="0b0" description="DMA Mux channel is disabled"/>
      <bit_field_value name="CHCFG18_ENBL_0b1" value="0b1" description="DMA Mux channel is enabled"/>
    </bit_field>
  </register>
  <register offset="0x4C" width="32" name="CHCFG19" description="Channel 19 Configuration Register">
    <alias type="CMSIS" value="CHCFG[19]"/>
    <bit_field offset="0" width="7" name="SOURCE" access="RW" reset_value="0" description="DMA Channel Source (Slot Number)">
      <alias type="CMSIS" value="DMAMUX_CHCFG_SOURCE(x)"/>
    </bit_field>
    <reserved_bit_field offset="7" width="22" reset_value="0"/>
    <bit_field offset="29" width="1" name="A_ON" access="RW" reset_value="0" description="DMA Channel Always Enable">
      <alias type="CMSIS" value="DMAMUX_CHCFG_A_ON(x)"/>
      <bit_field_value name="CHCFG19_A_ON_0b0" value="0b0" description="DMA Channel Always ON function is disabled"/>
      <bit_field_value name="CHCFG19_A_ON_0b1" value="0b1" description="DMA Channel Always ON function is enabled"/>
    </bit_field>
    <bit_field offset="30" width="1" name="TRIG" access="RW" reset_value="0" description="DMA Channel Trigger Enable">
      <alias type="CMSIS" value="DMAMUX_CHCFG_TRIG(x)"/>
      <bit_field_value name="CHCFG19_TRIG_0b0" value="0b0" description="Triggering is disabled. If triggering is disabled and ENBL is set, the DMA Channel will simply route the specified source to the DMA channel. (Normal mode)"/>
      <bit_field_value name="CHCFG19_TRIG_0b1" value="0b1" description="Triggering is enabled. If triggering is enabled and ENBL is set, the DMA_CH_MUX is in Periodic Trigger mode."/>
    </bit_field>
    <bit_field offset="31" width="1" name="ENBL" access="RW" reset_value="0" description="DMA Mux Channel Enable">
      <alias type="CMSIS" value="DMAMUX_CHCFG_ENBL(x)"/>
      <bit_field_value name="CHCFG19_ENBL_0b0" value="0b0" description="DMA Mux channel is disabled"/>
      <bit_field_value name="CHCFG19_ENBL_0b1" value="0b1" description="DMA Mux channel is enabled"/>
    </bit_field>
  </register>
  <register offset="0x50" width="32" name="CHCFG20" description="Channel 20 Configuration Register">
    <alias type="CMSIS" value="CHCFG[20]"/>
    <bit_field offset="0" width="7" name="SOURCE" access="RW" reset_value="0" description="DMA Channel Source (Slot Number)">
      <alias type="CMSIS" value="DMAMUX_CHCFG_SOURCE(x)"/>
    </bit_field>
    <reserved_bit_field offset="7" width="22" reset_value="0"/>
    <bit_field offset="29" width="1" name="A_ON" access="RW" reset_value="0" description="DMA Channel Always Enable">
      <alias type="CMSIS" value="DMAMUX_CHCFG_A_ON(x)"/>
      <bit_field_value name="CHCFG20_A_ON_0b0" value="0b0" description="DMA Channel Always ON function is disabled"/>
      <bit_field_value name="CHCFG20_A_ON_0b1" value="0b1" description="DMA Channel Always ON function is enabled"/>
    </bit_field>
    <bit_field offset="30" width="1" name="TRIG" access="RW" reset_value="0" description="DMA Channel Trigger Enable">
      <alias type="CMSIS" value="DMAMUX_CHCFG_TRIG(x)"/>
      <bit_field_value name="CHCFG20_TRIG_0b0" value="0b0" description="Triggering is disabled. If triggering is disabled and ENBL is set, the DMA Channel will simply route the specified source to the DMA channel. (Normal mode)"/>
      <bit_field_value name="CHCFG20_TRIG_0b1" value="0b1" description="Triggering is enabled. If triggering is enabled and ENBL is set, the DMA_CH_MUX is in Periodic Trigger mode."/>
    </bit_field>
    <bit_field offset="31" width="1" name="ENBL" access="RW" reset_value="0" description="DMA Mux Channel Enable">
      <alias type="CMSIS" value="DMAMUX_CHCFG_ENBL(x)"/>
      <bit_field_value name="CHCFG20_ENBL_0b0" value="0b0" description="DMA Mux channel is disabled"/>
      <bit_field_value name="CHCFG20_ENBL_0b1" value="0b1" description="DMA Mux channel is enabled"/>
    </bit_field>
  </register>
  <register offset="0x54" width="32" name="CHCFG21" description="Channel 21 Configuration Register">
    <alias type="CMSIS" value="CHCFG[21]"/>
    <bit_field offset="0" width="7" name="SOURCE" access="RW" reset_value="0" description="DMA Channel Source (Slot Number)">
      <alias type="CMSIS" value="DMAMUX_CHCFG_SOURCE(x)"/>
    </bit_field>
    <reserved_bit_field offset="7" width="22" reset_value="0"/>
    <bit_field offset="29" width="1" name="A_ON" access="RW" reset_value="0" description="DMA Channel Always Enable">
      <alias type="CMSIS" value="DMAMUX_CHCFG_A_ON(x)"/>
      <bit_field_value name="CHCFG21_A_ON_0b0" value="0b0" description="DMA Channel Always ON function is disabled"/>
      <bit_field_value name="CHCFG21_A_ON_0b1" value="0b1" description="DMA Channel Always ON function is enabled"/>
    </bit_field>
    <bit_field offset="30" width="1" name="TRIG" access="RW" reset_value="0" description="DMA Channel Trigger Enable">
      <alias type="CMSIS" value="DMAMUX_CHCFG_TRIG(x)"/>
      <bit_field_value name="CHCFG21_TRIG_0b0" value="0b0" description="Triggering is disabled. If triggering is disabled and ENBL is set, the DMA Channel will simply route the specified source to the DMA channel. (Normal mode)"/>
      <bit_field_value name="CHCFG21_TRIG_0b1" value="0b1" description="Triggering is enabled. If triggering is enabled and ENBL is set, the DMA_CH_MUX is in Periodic Trigger mode."/>
    </bit_field>
    <bit_field offset="31" width="1" name="ENBL" access="RW" reset_value="0" description="DMA Mux Channel Enable">
      <alias type="CMSIS" value="DMAMUX_CHCFG_ENBL(x)"/>
      <bit_field_value name="CHCFG21_ENBL_0b0" value="0b0" description="DMA Mux channel is disabled"/>
      <bit_field_value name="CHCFG21_ENBL_0b1" value="0b1" description="DMA Mux channel is enabled"/>
    </bit_field>
  </register>
  <register offset="0x58" width="32" name="CHCFG22" description="Channel 22 Configuration Register">
    <alias type="CMSIS" value="CHCFG[22]"/>
    <bit_field offset="0" width="7" name="SOURCE" access="RW" reset_value="0" description="DMA Channel Source (Slot Number)">
      <alias type="CMSIS" value="DMAMUX_CHCFG_SOURCE(x)"/>
    </bit_field>
    <reserved_bit_field offset="7" width="22" reset_value="0"/>
    <bit_field offset="29" width="1" name="A_ON" access="RW" reset_value="0" description="DMA Channel Always Enable">
      <alias type="CMSIS" value="DMAMUX_CHCFG_A_ON(x)"/>
      <bit_field_value name="CHCFG22_A_ON_0b0" value="0b0" description="DMA Channel Always ON function is disabled"/>
      <bit_field_value name="CHCFG22_A_ON_0b1" value="0b1" description="DMA Channel Always ON function is enabled"/>
    </bit_field>
    <bit_field offset="30" width="1" name="TRIG" access="RW" reset_value="0" description="DMA Channel Trigger Enable">
      <alias type="CMSIS" value="DMAMUX_CHCFG_TRIG(x)"/>
      <bit_field_value name="CHCFG22_TRIG_0b0" value="0b0" description="Triggering is disabled. If triggering is disabled and ENBL is set, the DMA Channel will simply route the specified source to the DMA channel. (Normal mode)"/>
      <bit_field_value name="CHCFG22_TRIG_0b1" value="0b1" description="Triggering is enabled. If triggering is enabled and ENBL is set, the DMA_CH_MUX is in Periodic Trigger mode."/>
    </bit_field>
    <bit_field offset="31" width="1" name="ENBL" access="RW" reset_value="0" description="DMA Mux Channel Enable">
      <alias type="CMSIS" value="DMAMUX_CHCFG_ENBL(x)"/>
      <bit_field_value name="CHCFG22_ENBL_0b0" value="0b0" description="DMA Mux channel is disabled"/>
      <bit_field_value name="CHCFG22_ENBL_0b1" value="0b1" description="DMA Mux channel is enabled"/>
    </bit_field>
  </register>
  <register offset="0x5C" width="32" name="CHCFG23" description="Channel 23 Configuration Register">
    <alias type="CMSIS" value="CHCFG[23]"/>
    <bit_field offset="0" width="7" name="SOURCE" access="RW" reset_value="0" description="DMA Channel Source (Slot Number)">
      <alias type="CMSIS" value="DMAMUX_CHCFG_SOURCE(x)"/>
    </bit_field>
    <reserved_bit_field offset="7" width="22" reset_value="0"/>
    <bit_field offset="29" width="1" name="A_ON" access="RW" reset_value="0" description="DMA Channel Always Enable">
      <alias type="CMSIS" value="DMAMUX_CHCFG_A_ON(x)"/>
      <bit_field_value name="CHCFG23_A_ON_0b0" value="0b0" description="DMA Channel Always ON function is disabled"/>
      <bit_field_value name="CHCFG23_A_ON_0b1" value="0b1" description="DMA Channel Always ON function is enabled"/>
    </bit_field>
    <bit_field offset="30" width="1" name="TRIG" access="RW" reset_value="0" description="DMA Channel Trigger Enable">
      <alias type="CMSIS" value="DMAMUX_CHCFG_TRIG(x)"/>
      <bit_field_value name="CHCFG23_TRIG_0b0" value="0b0" description="Triggering is disabled. If triggering is disabled and ENBL is set, the DMA Channel will simply route the specified source to the DMA channel. (Normal mode)"/>
      <bit_field_value name="CHCFG23_TRIG_0b1" value="0b1" description="Triggering is enabled. If triggering is enabled and ENBL is set, the DMA_CH_MUX is in Periodic Trigger mode."/>
    </bit_field>
    <bit_field offset="31" width="1" name="ENBL" access="RW" reset_value="0" description="DMA Mux Channel Enable">
      <alias type="CMSIS" value="DMAMUX_CHCFG_ENBL(x)"/>
      <bit_field_value name="CHCFG23_ENBL_0b0" value="0b0" description="DMA Mux channel is disabled"/>
      <bit_field_value name="CHCFG23_ENBL_0b1" value="0b1" description="DMA Mux channel is enabled"/>
    </bit_field>
  </register>
  <register offset="0x60" width="32" name="CHCFG24" description="Channel 24 Configuration Register">
    <alias type="CMSIS" value="CHCFG[24]"/>
    <bit_field offset="0" width="7" name="SOURCE" access="RW" reset_value="0" description="DMA Channel Source (Slot Number)">
      <alias type="CMSIS" value="DMAMUX_CHCFG_SOURCE(x)"/>
    </bit_field>
    <reserved_bit_field offset="7" width="22" reset_value="0"/>
    <bit_field offset="29" width="1" name="A_ON" access="RW" reset_value="0" description="DMA Channel Always Enable">
      <alias type="CMSIS" value="DMAMUX_CHCFG_A_ON(x)"/>
      <bit_field_value name="CHCFG24_A_ON_0b0" value="0b0" description="DMA Channel Always ON function is disabled"/>
      <bit_field_value name="CHCFG24_A_ON_0b1" value="0b1" description="DMA Channel Always ON function is enabled"/>
    </bit_field>
    <bit_field offset="30" width="1" name="TRIG" access="RW" reset_value="0" description="DMA Channel Trigger Enable">
      <alias type="CMSIS" value="DMAMUX_CHCFG_TRIG(x)"/>
      <bit_field_value name="CHCFG24_TRIG_0b0" value="0b0" description="Triggering is disabled. If triggering is disabled and ENBL is set, the DMA Channel will simply route the specified source to the DMA channel. (Normal mode)"/>
      <bit_field_value name="CHCFG24_TRIG_0b1" value="0b1" description="Triggering is enabled. If triggering is enabled and ENBL is set, the DMA_CH_MUX is in Periodic Trigger mode."/>
    </bit_field>
    <bit_field offset="31" width="1" name="ENBL" access="RW" reset_value="0" description="DMA Mux Channel Enable">
      <alias type="CMSIS" value="DMAMUX_CHCFG_ENBL(x)"/>
      <bit_field_value name="CHCFG24_ENBL_0b0" value="0b0" description="DMA Mux channel is disabled"/>
      <bit_field_value name="CHCFG24_ENBL_0b1" value="0b1" description="DMA Mux channel is enabled"/>
    </bit_field>
  </register>
  <register offset="0x64" width="32" name="CHCFG25" description="Channel 25 Configuration Register">
    <alias type="CMSIS" value="CHCFG[25]"/>
    <bit_field offset="0" width="7" name="SOURCE" access="RW" reset_value="0" description="DMA Channel Source (Slot Number)">
      <alias type="CMSIS" value="DMAMUX_CHCFG_SOURCE(x)"/>
    </bit_field>
    <reserved_bit_field offset="7" width="22" reset_value="0"/>
    <bit_field offset="29" width="1" name="A_ON" access="RW" reset_value="0" description="DMA Channel Always Enable">
      <alias type="CMSIS" value="DMAMUX_CHCFG_A_ON(x)"/>
      <bit_field_value name="CHCFG25_A_ON_0b0" value="0b0" description="DMA Channel Always ON function is disabled"/>
      <bit_field_value name="CHCFG25_A_ON_0b1" value="0b1" description="DMA Channel Always ON function is enabled"/>
    </bit_field>
    <bit_field offset="30" width="1" name="TRIG" access="RW" reset_value="0" description="DMA Channel Trigger Enable">
      <alias type="CMSIS" value="DMAMUX_CHCFG_TRIG(x)"/>
      <bit_field_value name="CHCFG25_TRIG_0b0" value="0b0" description="Triggering is disabled. If triggering is disabled and ENBL is set, the DMA Channel will simply route the specified source to the DMA channel. (Normal mode)"/>
      <bit_field_value name="CHCFG25_TRIG_0b1" value="0b1" description="Triggering is enabled. If triggering is enabled and ENBL is set, the DMA_CH_MUX is in Periodic Trigger mode."/>
    </bit_field>
    <bit_field offset="31" width="1" name="ENBL" access="RW" reset_value="0" description="DMA Mux Channel Enable">
      <alias type="CMSIS" value="DMAMUX_CHCFG_ENBL(x)"/>
      <bit_field_value name="CHCFG25_ENBL_0b0" value="0b0" description="DMA Mux channel is disabled"/>
      <bit_field_value name="CHCFG25_ENBL_0b1" value="0b1" description="DMA Mux channel is enabled"/>
    </bit_field>
  </register>
  <register offset="0x68" width="32" name="CHCFG26" description="Channel 26 Configuration Register">
    <alias type="CMSIS" value="CHCFG[26]"/>
    <bit_field offset="0" width="7" name="SOURCE" access="RW" reset_value="0" description="DMA Channel Source (Slot Number)">
      <alias type="CMSIS" value="DMAMUX_CHCFG_SOURCE(x)"/>
    </bit_field>
    <reserved_bit_field offset="7" width="22" reset_value="0"/>
    <bit_field offset="29" width="1" name="A_ON" access="RW" reset_value="0" description="DMA Channel Always Enable">
      <alias type="CMSIS" value="DMAMUX_CHCFG_A_ON(x)"/>
      <bit_field_value name="CHCFG26_A_ON_0b0" value="0b0" description="DMA Channel Always ON function is disabled"/>
      <bit_field_value name="CHCFG26_A_ON_0b1" value="0b1" description="DMA Channel Always ON function is enabled"/>
    </bit_field>
    <bit_field offset="30" width="1" name="TRIG" access="RW" reset_value="0" description="DMA Channel Trigger Enable">
      <alias type="CMSIS" value="DMAMUX_CHCFG_TRIG(x)"/>
      <bit_field_value name="CHCFG26_TRIG_0b0" value="0b0" description="Triggering is disabled. If triggering is disabled and ENBL is set, the DMA Channel will simply route the specified source to the DMA channel. (Normal mode)"/>
      <bit_field_value name="CHCFG26_TRIG_0b1" value="0b1" description="Triggering is enabled. If triggering is enabled and ENBL is set, the DMA_CH_MUX is in Periodic Trigger mode."/>
    </bit_field>
    <bit_field offset="31" width="1" name="ENBL" access="RW" reset_value="0" description="DMA Mux Channel Enable">
      <alias type="CMSIS" value="DMAMUX_CHCFG_ENBL(x)"/>
      <bit_field_value name="CHCFG26_ENBL_0b0" value="0b0" description="DMA Mux channel is disabled"/>
      <bit_field_value name="CHCFG26_ENBL_0b1" value="0b1" description="DMA Mux channel is enabled"/>
    </bit_field>
  </register>
  <register offset="0x6C" width="32" name="CHCFG27" description="Channel 27 Configuration Register">
    <alias type="CMSIS" value="CHCFG[27]"/>
    <bit_field offset="0" width="7" name="SOURCE" access="RW" reset_value="0" description="DMA Channel Source (Slot Number)">
      <alias type="CMSIS" value="DMAMUX_CHCFG_SOURCE(x)"/>
    </bit_field>
    <reserved_bit_field offset="7" width="22" reset_value="0"/>
    <bit_field offset="29" width="1" name="A_ON" access="RW" reset_value="0" description="DMA Channel Always Enable">
      <alias type="CMSIS" value="DMAMUX_CHCFG_A_ON(x)"/>
      <bit_field_value name="CHCFG27_A_ON_0b0" value="0b0" description="DMA Channel Always ON function is disabled"/>
      <bit_field_value name="CHCFG27_A_ON_0b1" value="0b1" description="DMA Channel Always ON function is enabled"/>
    </bit_field>
    <bit_field offset="30" width="1" name="TRIG" access="RW" reset_value="0" description="DMA Channel Trigger Enable">
      <alias type="CMSIS" value="DMAMUX_CHCFG_TRIG(x)"/>
      <bit_field_value name="CHCFG27_TRIG_0b0" value="0b0" description="Triggering is disabled. If triggering is disabled and ENBL is set, the DMA Channel will simply route the specified source to the DMA channel. (Normal mode)"/>
      <bit_field_value name="CHCFG27_TRIG_0b1" value="0b1" description="Triggering is enabled. If triggering is enabled and ENBL is set, the DMA_CH_MUX is in Periodic Trigger mode."/>
    </bit_field>
    <bit_field offset="31" width="1" name="ENBL" access="RW" reset_value="0" description="DMA Mux Channel Enable">
      <alias type="CMSIS" value="DMAMUX_CHCFG_ENBL(x)"/>
      <bit_field_value name="CHCFG27_ENBL_0b0" value="0b0" description="DMA Mux channel is disabled"/>
      <bit_field_value name="CHCFG27_ENBL_0b1" value="0b1" description="DMA Mux channel is enabled"/>
    </bit_field>
  </register>
  <register offset="0x70" width="32" name="CHCFG28" description="Channel 28 Configuration Register">
    <alias type="CMSIS" value="CHCFG[28]"/>
    <bit_field offset="0" width="7" name="SOURCE" access="RW" reset_value="0" description="DMA Channel Source (Slot Number)">
      <alias type="CMSIS" value="DMAMUX_CHCFG_SOURCE(x)"/>
    </bit_field>
    <reserved_bit_field offset="7" width="22" reset_value="0"/>
    <bit_field offset="29" width="1" name="A_ON" access="RW" reset_value="0" description="DMA Channel Always Enable">
      <alias type="CMSIS" value="DMAMUX_CHCFG_A_ON(x)"/>
      <bit_field_value name="CHCFG28_A_ON_0b0" value="0b0" description="DMA Channel Always ON function is disabled"/>
      <bit_field_value name="CHCFG28_A_ON_0b1" value="0b1" description="DMA Channel Always ON function is enabled"/>
    </bit_field>
    <bit_field offset="30" width="1" name="TRIG" access="RW" reset_value="0" description="DMA Channel Trigger Enable">
      <alias type="CMSIS" value="DMAMUX_CHCFG_TRIG(x)"/>
      <bit_field_value name="CHCFG28_TRIG_0b0" value="0b0" description="Triggering is disabled. If triggering is disabled and ENBL is set, the DMA Channel will simply route the specified source to the DMA channel. (Normal mode)"/>
      <bit_field_value name="CHCFG28_TRIG_0b1" value="0b1" description="Triggering is enabled. If triggering is enabled and ENBL is set, the DMA_CH_MUX is in Periodic Trigger mode."/>
    </bit_field>
    <bit_field offset="31" width="1" name="ENBL" access="RW" reset_value="0" description="DMA Mux Channel Enable">
      <alias type="CMSIS" value="DMAMUX_CHCFG_ENBL(x)"/>
      <bit_field_value name="CHCFG28_ENBL_0b0" value="0b0" description="DMA Mux channel is disabled"/>
      <bit_field_value name="CHCFG28_ENBL_0b1" value="0b1" description="DMA Mux channel is enabled"/>
    </bit_field>
  </register>
  <register offset="0x74" width="32" name="CHCFG29" description="Channel 29 Configuration Register">
    <alias type="CMSIS" value="CHCFG[29]"/>
    <bit_field offset="0" width="7" name="SOURCE" access="RW" reset_value="0" description="DMA Channel Source (Slot Number)">
      <alias type="CMSIS" value="DMAMUX_CHCFG_SOURCE(x)"/>
    </bit_field>
    <reserved_bit_field offset="7" width="22" reset_value="0"/>
    <bit_field offset="29" width="1" name="A_ON" access="RW" reset_value="0" description="DMA Channel Always Enable">
      <alias type="CMSIS" value="DMAMUX_CHCFG_A_ON(x)"/>
      <bit_field_value name="CHCFG29_A_ON_0b0" value="0b0" description="DMA Channel Always ON function is disabled"/>
      <bit_field_value name="CHCFG29_A_ON_0b1" value="0b1" description="DMA Channel Always ON function is enabled"/>
    </bit_field>
    <bit_field offset="30" width="1" name="TRIG" access="RW" reset_value="0" description="DMA Channel Trigger Enable">
      <alias type="CMSIS" value="DMAMUX_CHCFG_TRIG(x)"/>
      <bit_field_value name="CHCFG29_TRIG_0b0" value="0b0" description="Triggering is disabled. If triggering is disabled and ENBL is set, the DMA Channel will simply route the specified source to the DMA channel. (Normal mode)"/>
      <bit_field_value name="CHCFG29_TRIG_0b1" value="0b1" description="Triggering is enabled. If triggering is enabled and ENBL is set, the DMA_CH_MUX is in Periodic Trigger mode."/>
    </bit_field>
    <bit_field offset="31" width="1" name="ENBL" access="RW" reset_value="0" description="DMA Mux Channel Enable">
      <alias type="CMSIS" value="DMAMUX_CHCFG_ENBL(x)"/>
      <bit_field_value name="CHCFG29_ENBL_0b0" value="0b0" description="DMA Mux channel is disabled"/>
      <bit_field_value name="CHCFG29_ENBL_0b1" value="0b1" description="DMA Mux channel is enabled"/>
    </bit_field>
  </register>
  <register offset="0x78" width="32" name="CHCFG30" description="Channel 30 Configuration Register">
    <alias type="CMSIS" value="CHCFG[30]"/>
    <bit_field offset="0" width="7" name="SOURCE" access="RW" reset_value="0" description="DMA Channel Source (Slot Number)">
      <alias type="CMSIS" value="DMAMUX_CHCFG_SOURCE(x)"/>
    </bit_field>
    <reserved_bit_field offset="7" width="22" reset_value="0"/>
    <bit_field offset="29" width="1" name="A_ON" access="RW" reset_value="0" description="DMA Channel Always Enable">
      <alias type="CMSIS" value="DMAMUX_CHCFG_A_ON(x)"/>
      <bit_field_value name="CHCFG30_A_ON_0b0" value="0b0" description="DMA Channel Always ON function is disabled"/>
      <bit_field_value name="CHCFG30_A_ON_0b1" value="0b1" description="DMA Channel Always ON function is enabled"/>
    </bit_field>
    <bit_field offset="30" width="1" name="TRIG" access="RW" reset_value="0" description="DMA Channel Trigger Enable">
      <alias type="CMSIS" value="DMAMUX_CHCFG_TRIG(x)"/>
      <bit_field_value name="CHCFG30_TRIG_0b0" value="0b0" description="Triggering is disabled. If triggering is disabled and ENBL is set, the DMA Channel will simply route the specified source to the DMA channel. (Normal mode)"/>
      <bit_field_value name="CHCFG30_TRIG_0b1" value="0b1" description="Triggering is enabled. If triggering is enabled and ENBL is set, the DMA_CH_MUX is in Periodic Trigger mode."/>
    </bit_field>
    <bit_field offset="31" width="1" name="ENBL" access="RW" reset_value="0" description="DMA Mux Channel Enable">
      <alias type="CMSIS" value="DMAMUX_CHCFG_ENBL(x)"/>
      <bit_field_value name="CHCFG30_ENBL_0b0" value="0b0" description="DMA Mux channel is disabled"/>
      <bit_field_value name="CHCFG30_ENBL_0b1" value="0b1" description="DMA Mux channel is enabled"/>
    </bit_field>
  </register>
  <register offset="0x7C" width="32" name="CHCFG31" description="Channel 31 Configuration Register">
    <alias type="CMSIS" value="CHCFG[31]"/>
    <bit_field offset="0" width="7" name="SOURCE" access="RW" reset_value="0" description="DMA Channel Source (Slot Number)">
      <alias type="CMSIS" value="DMAMUX_CHCFG_SOURCE(x)"/>
    </bit_field>
    <reserved_bit_field offset="7" width="22" reset_value="0"/>
    <bit_field offset="29" width="1" name="A_ON" access="RW" reset_value="0" description="DMA Channel Always Enable">
      <alias type="CMSIS" value="DMAMUX_CHCFG_A_ON(x)"/>
      <bit_field_value name="CHCFG31_A_ON_0b0" value="0b0" description="DMA Channel Always ON function is disabled"/>
      <bit_field_value name="CHCFG31_A_ON_0b1" value="0b1" description="DMA Channel Always ON function is enabled"/>
    </bit_field>
    <bit_field offset="30" width="1" name="TRIG" access="RW" reset_value="0" description="DMA Channel Trigger Enable">
      <alias type="CMSIS" value="DMAMUX_CHCFG_TRIG(x)"/>
      <bit_field_value name="CHCFG31_TRIG_0b0" value="0b0" description="Triggering is disabled. If triggering is disabled and ENBL is set, the DMA Channel will simply route the specified source to the DMA channel. (Normal mode)"/>
      <bit_field_value name="CHCFG31_TRIG_0b1" value="0b1" description="Triggering is enabled. If triggering is enabled and ENBL is set, the DMA_CH_MUX is in Periodic Trigger mode."/>
    </bit_field>
    <bit_field offset="31" width="1" name="ENBL" access="RW" reset_value="0" description="DMA Mux Channel Enable">
      <alias type="CMSIS" value="DMAMUX_CHCFG_ENBL(x)"/>
      <bit_field_value name="CHCFG31_ENBL_0b0" value="0b0" description="DMA Mux channel is disabled"/>
      <bit_field_value name="CHCFG31_ENBL_0b1" value="0b1" description="DMA Mux channel is enabled"/>
    </bit_field>
  </register>
</regs:peripheral>