<?xml version="1.0"?>
<regs:peripheral xmlns:regs="http://swtools.freescale.net/XSD/registers/4.0/regsPeripheral.xsd" xmlns:xsi="http://www.w3.org/2001/XMLSchema-instance" xsi:schemaLocation="http://swtools.freescale.net/XSD/registers/4.0/regsPeripheral.xsd http://swtools.freescale.net/XSD/registers/4.0/regsPeripheral.xsd">
  <register offset="0" width="16" name="CTRL" description="Control Register">
    <alias type="CMSIS" value="CTRL"/>
    <bit_field offset="0" width="1" name="CMPIE" access="RW" reset_value="0" description="Compare Interrupt Enable">
      <alias type="CMSIS" value="ENC_CTRL_CMPIE(x)"/>
      <bit_field_value name="CTRL_CMPIE_0b0" value="0b0" description="Disabled"/>
      <bit_field_value name="CTRL_CMPIE_0b1" value="0b1" description="Enabled"/>
    </bit_field>
    <bit_field offset="1" width="1" name="CMPIRQ" access="W1C" reset_value="0" description="Compare Interrupt Request">
      <alias type="CMSIS" value="ENC_CTRL_CMPIRQ(x)"/>
      <bit_field_value name="CTRL_CMPIRQ_0b0" value="0b0" description="No match has occurred (the counter does not match the COMP value)"/>
      <bit_field_value name="CTRL_CMPIRQ_0b1" value="0b1" description="COMP match has occurred (the counter matches the COMP value)"/>
    </bit_field>
    <bit_field offset="2" width="1" name="WDE" access="RW" reset_value="0" description="Watchdog Enable">
      <alias type="CMSIS" value="ENC_CTRL_WDE(x)"/>
      <bit_field_value name="CTRL_WDE_0b0" value="0b0" description="Disabled"/>
      <bit_field_value name="CTRL_WDE_0b1" value="0b1" description="Enabled"/>
    </bit_field>
    <bit_field offset="3" width="1" name="DIE" access="RW" reset_value="0" description="Watchdog Timeout Interrupt Enable">
      <alias type="CMSIS" value="ENC_CTRL_DIE(x)"/>
      <bit_field_value name="CTRL_DIE_0b0" value="0b0" description="Disabled"/>
      <bit_field_value name="CTRL_DIE_0b1" value="0b1" description="Enabled"/>
    </bit_field>
    <bit_field offset="4" width="1" name="DIRQ" access="W1C" reset_value="0" description="Watchdog Timeout Interrupt Request">
      <alias type="CMSIS" value="ENC_CTRL_DIRQ(x)"/>
      <bit_field_value name="CTRL_DIRQ_0b0" value="0b0" description="No Watchdog timeout interrupt has occurred"/>
      <bit_field_value name="CTRL_DIRQ_0b1" value="0b1" description="Watchdog timeout interrupt has occurred"/>
    </bit_field>
    <bit_field offset="5" width="1" name="XNE" access="RW" reset_value="0" description="Use Negative Edge of INDEX Pulse">
      <alias type="CMSIS" value="ENC_CTRL_XNE(x)"/>
      <bit_field_value name="CTRL_XNE_0b0" value="0b0" description="Use positive edge of INDEX pulse"/>
      <bit_field_value name="CTRL_XNE_0b1" value="0b1" description="Use negative edge of INDEX pulse"/>
    </bit_field>
    <bit_field offset="6" width="1" name="XIP" access="RW" reset_value="0" description="INDEX Triggered Initialization of Position Counters UPOS and LPOS">
      <alias type="CMSIS" value="ENC_CTRL_XIP(x)"/>
      <bit_field_value name="CTRL_XIP_0b0" value="0b0" description="INDEX pulse does not initialize the position counter"/>
      <bit_field_value name="CTRL_XIP_0b1" value="0b1" description="INDEX pulse initializes the position counter"/>
    </bit_field>
    <bit_field offset="7" width="1" name="XIE" access="RW" reset_value="0" description="INDEX Pulse Interrupt Enable">
      <alias type="CMSIS" value="ENC_CTRL_XIE(x)"/>
      <bit_field_value name="CTRL_XIE_0b0" value="0b0" description="Disabled"/>
      <bit_field_value name="CTRL_XIE_0b1" value="0b1" description="Enabled"/>
    </bit_field>
    <bit_field offset="8" width="1" name="XIRQ" access="W1C" reset_value="0" description="INDEX Pulse Interrupt Request">
      <alias type="CMSIS" value="ENC_CTRL_XIRQ(x)"/>
      <bit_field_value name="CTRL_XIRQ_0b0" value="0b0" description="INDEX pulse has not occurred"/>
      <bit_field_value name="CTRL_XIRQ_0b1" value="0b1" description="INDEX pulse has occurred"/>
    </bit_field>
    <bit_field offset="9" width="1" name="PH1" access="RW" reset_value="0" description="Enable Signal Phase Count Mode">
      <alias type="CMSIS" value="ENC_CTRL_PH1(x)"/>
      <bit_field_value name="CTRL_PH1_0b0" value="0b0" description="Use the standard quadrature decoder, where PHASEA and PHASEB represent a two-phase quadrature signal."/>
      <bit_field_value name="CTRL_PH1_0b1" value="0b1" description="Bypass the quadrature decoder. A positive transition of the PHASEA input generates a count signal. The PHASEB input and the REV bit control the counter direction: If CTRL[REV] = 0, PHASEB = 0, then count up If CTRL[REV] = 1, PHASEB = 1, then count up If CTRL[REV] = 0, PHASEB = 1, then count down If CTRL[REV] = 1, PHASEB = 0, then count down"/>
    </bit_field>
    <bit_field offset="10" width="1" name="REV" access="RW" reset_value="0" description="Enable Reverse Direction Counting">
      <alias type="CMSIS" value="ENC_CTRL_REV(x)"/>
      <bit_field_value name="CTRL_REV_0b0" value="0b0" description="Count normally"/>
      <bit_field_value name="CTRL_REV_0b1" value="0b1" description="Count in the reverse direction"/>
    </bit_field>
    <bit_field offset="11" width="1" name="SWIP" access="WORZ" reset_value="0" description="Software-Triggered Initialization of Position Counters UPOS and LPOS">
      <alias type="CMSIS" value="ENC_CTRL_SWIP(x)"/>
      <bit_field_value name="CTRL_SWIP_0b0" value="0b0" description="No action"/>
      <bit_field_value name="CTRL_SWIP_0b1" value="0b1" description="Initialize position counter (using upper and lower initialization registers, UINIT and LINIT)"/>
    </bit_field>
    <bit_field offset="12" width="1" name="HNE" access="RW" reset_value="0" description="Use Negative Edge of HOME Input">
      <alias type="CMSIS" value="ENC_CTRL_HNE(x)"/>
      <bit_field_value name="CTRL_HNE_0b0" value="0b0" description="Use positive-going edge-to-trigger initialization of position counters UPOS and LPOS"/>
      <bit_field_value name="CTRL_HNE_0b1" value="0b1" description="Use negative-going edge-to-trigger initialization of position counters UPOS and LPOS"/>
    </bit_field>
    <bit_field offset="13" width="1" name="HIP" access="RW" reset_value="0" description="Enable HOME to Initialize Position Counters UPOS and LPOS">
      <alias type="CMSIS" value="ENC_CTRL_HIP(x)"/>
      <bit_field_value name="CTRL_HIP_0b0" value="0b0" description="No action"/>
      <bit_field_value name="CTRL_HIP_0b1" value="0b1" description="HOME signal initializes the position counter"/>
    </bit_field>
    <bit_field offset="14" width="1" name="HIE" access="RW" reset_value="0" description="HOME Interrupt Enable">
      <alias type="CMSIS" value="ENC_CTRL_HIE(x)"/>
      <bit_field_value name="CTRL_HIE_0b0" value="0b0" description="Disabled"/>
      <bit_field_value name="CTRL_HIE_0b1" value="0b1" description="Enabled"/>
    </bit_field>
    <bit_field offset="15" width="1" name="HIRQ" access="W1C" reset_value="0" description="HOME Signal Transition Interrupt Request">
      <alias type="CMSIS" value="ENC_CTRL_HIRQ(x)"/>
      <bit_field_value name="CTRL_HIRQ_0b0" value="0b0" description="No transition on the HOME signal has occurred"/>
      <bit_field_value name="CTRL_HIRQ_0b1" value="0b1" description="A transition on the HOME signal has occurred"/>
    </bit_field>
  </register>
  <register offset="0x2" width="16" name="FILT" description="Input Filter Register">
    <alias type="CMSIS" value="FILT"/>
    <bit_field offset="0" width="8" name="FILT_PER" access="RW" reset_value="0" description="Input Filter Sample Period">
      <alias type="CMSIS" value="ENC_FILT_FILT_PER(x)"/>
    </bit_field>
    <bit_field offset="8" width="3" name="FILT_CNT" access="RW" reset_value="0" description="Input Filter Sample Count">
      <alias type="CMSIS" value="ENC_FILT_FILT_CNT(x)"/>
    </bit_field>
    <reserved_bit_field offset="11" width="5" reset_value="0"/>
  </register>
  <register offset="0x4" width="16" name="WTR" description="Watchdog Timeout Register">
    <alias type="CMSIS" value="WTR"/>
    <bit_field offset="0" width="16" name="WDOG" access="RW" reset_value="0" description="WDOG">
      <alias type="CMSIS" value="ENC_WTR_WDOG(x)"/>
    </bit_field>
  </register>
  <register offset="0x6" width="16" name="POSD" description="Position Difference Counter Register">
    <alias type="CMSIS" value="POSD"/>
    <bit_field offset="0" width="16" name="POSD" access="RW" reset_value="0" description="POSD">
      <alias type="CMSIS" value="ENC_POSD_POSD(x)"/>
    </bit_field>
  </register>
  <register offset="0x8" width="16" name="POSDH" description="Position Difference Hold Register">
    <alias type="CMSIS" value="POSDH"/>
    <bit_field offset="0" width="16" name="POSDH" access="RO" reset_value="0" description="POSDH">
      <alias type="CMSIS" value="ENC_POSDH_POSDH(x)"/>
    </bit_field>
  </register>
  <register offset="0xA" width="16" name="REV" description="Revolution Counter Register">
    <alias type="CMSIS" value="REV"/>
    <bit_field offset="0" width="16" name="REV" access="RW" reset_value="0" description="REV">
      <alias type="CMSIS" value="ENC_REV_REV(x)"/>
    </bit_field>
  </register>
  <register offset="0xC" width="16" name="REVH" description="Revolution Hold Register">
    <alias type="CMSIS" value="REVH"/>
    <bit_field offset="0" width="16" name="REVH" access="RO" reset_value="0" description="REVH">
      <alias type="CMSIS" value="ENC_REVH_REVH(x)"/>
    </bit_field>
  </register>
  <register offset="0xE" width="16" name="UPOS" description="Upper Position Counter Register">
    <alias type="CMSIS" value="UPOS"/>
    <bit_field offset="0" width="16" name="POS" access="RW" reset_value="0" description="POS">
      <alias type="CMSIS" value="ENC_UPOS_POS(x)"/>
    </bit_field>
  </register>
  <register offset="0x10" width="16" name="LPOS" description="Lower Position Counter Register">
    <alias type="CMSIS" value="LPOS"/>
    <bit_field offset="0" width="16" name="POS" access="RW" reset_value="0" description="POS">
      <alias type="CMSIS" value="ENC_LPOS_POS(x)"/>
    </bit_field>
  </register>
  <register offset="0x12" width="16" name="UPOSH" description="Upper Position Hold Register">
    <alias type="CMSIS" value="UPOSH"/>
    <bit_field offset="0" width="16" name="POSH" access="RO" reset_value="0" description="POSH">
      <alias type="CMSIS" value="ENC_UPOSH_POSH(x)"/>
    </bit_field>
  </register>
  <register offset="0x14" width="16" name="LPOSH" description="Lower Position Hold Register">
    <alias type="CMSIS" value="LPOSH"/>
    <bit_field offset="0" width="16" name="POSH" access="RO" reset_value="0" description="POSH">
      <alias type="CMSIS" value="ENC_LPOSH_POSH(x)"/>
    </bit_field>
  </register>
  <register offset="0x16" width="16" name="UINIT" description="Upper Initialization Register">
    <alias type="CMSIS" value="UINIT"/>
    <bit_field offset="0" width="16" name="INIT" access="RW" reset_value="0" description="INIT">
      <alias type="CMSIS" value="ENC_UINIT_INIT(x)"/>
    </bit_field>
  </register>
  <register offset="0x18" width="16" name="LINIT" description="Lower Initialization Register">
    <alias type="CMSIS" value="LINIT"/>
    <bit_field offset="0" width="16" name="INIT" access="RW" reset_value="0" description="INIT">
      <alias type="CMSIS" value="ENC_LINIT_INIT(x)"/>
    </bit_field>
  </register>
  <register offset="0x1A" width="16" name="IMR" description="Input Monitor Register">
    <alias type="CMSIS" value="IMR"/>
    <bit_field offset="0" width="1" name="HOME" access="RO" reset_value="0" description="HOME">
      <alias type="CMSIS" value="ENC_IMR_HOME(x)"/>
    </bit_field>
    <bit_field offset="1" width="1" name="INDEX" access="RO" reset_value="0" description="INDEX">
      <alias type="CMSIS" value="ENC_IMR_INDEX(x)"/>
    </bit_field>
    <bit_field offset="2" width="1" name="PHB" access="RO" reset_value="0" description="PHB">
      <alias type="CMSIS" value="ENC_IMR_PHB(x)"/>
    </bit_field>
    <bit_field offset="3" width="1" name="PHA" access="RO" reset_value="0" description="PHA">
      <alias type="CMSIS" value="ENC_IMR_PHA(x)"/>
    </bit_field>
    <bit_field offset="4" width="1" name="FHOM" access="RO" reset_value="0" description="FHOM">
      <alias type="CMSIS" value="ENC_IMR_FHOM(x)"/>
    </bit_field>
    <bit_field offset="5" width="1" name="FIND" access="RO" reset_value="0" description="FIND">
      <alias type="CMSIS" value="ENC_IMR_FIND(x)"/>
    </bit_field>
    <bit_field offset="6" width="1" name="FPHB" access="RO" reset_value="0" description="FPHB">
      <alias type="CMSIS" value="ENC_IMR_FPHB(x)"/>
    </bit_field>
    <bit_field offset="7" width="1" name="FPHA" access="RO" reset_value="0" description="FPHA">
      <alias type="CMSIS" value="ENC_IMR_FPHA(x)"/>
    </bit_field>
    <reserved_bit_field offset="8" width="8" reset_value="0"/>
  </register>
  <register offset="0x1C" width="16" name="TST" description="Test Register">
    <alias type="CMSIS" value="TST"/>
    <bit_field offset="0" width="8" name="TEST_COUNT" access="RW" reset_value="0" description="TEST_COUNT">
      <alias type="CMSIS" value="ENC_TST_TEST_COUNT(x)"/>
    </bit_field>
    <bit_field offset="8" width="5" name="TEST_PERIOD" access="RW" reset_value="0" description="TEST_PERIOD">
      <alias type="CMSIS" value="ENC_TST_TEST_PERIOD(x)"/>
    </bit_field>
    <bit_field offset="13" width="1" name="QDN" access="RW" reset_value="0" description="Quadrature Decoder Negative Signal">
      <alias type="CMSIS" value="ENC_TST_QDN(x)"/>
      <bit_field_value name="TST_QDN_0b0" value="0b0" description="Generates a positive quadrature decoder signal"/>
      <bit_field_value name="TST_QDN_0b1" value="0b1" description="Generates a negative quadrature decoder signal"/>
    </bit_field>
    <bit_field offset="14" width="1" name="TCE" access="RW" reset_value="0" description="Test Counter Enable">
      <alias type="CMSIS" value="ENC_TST_TCE(x)"/>
      <bit_field_value name="TST_TCE_0b0" value="0b0" description="Disabled"/>
      <bit_field_value name="TST_TCE_0b1" value="0b1" description="Enabled"/>
    </bit_field>
    <bit_field offset="15" width="1" name="TEN" access="RW" reset_value="0" description="Test Mode Enable">
      <alias type="CMSIS" value="ENC_TST_TEN(x)"/>
      <bit_field_value name="TST_TEN_0b0" value="0b0" description="Disabled"/>
      <bit_field_value name="TST_TEN_0b1" value="0b1" description="Enabled"/>
    </bit_field>
  </register>
  <register offset="0x1E" width="16" name="CTRL2" description="Control 2 Register">
    <alias type="CMSIS" value="CTRL2"/>
    <bit_field offset="0" width="1" name="UPDHLD" access="RW" reset_value="0" description="Update Hold Registers">
      <alias type="CMSIS" value="ENC_CTRL2_UPDHLD(x)"/>
      <bit_field_value name="CTRL2_UPDHLD_0b0" value="0b0" description="Disable updates of hold registers on the rising edge of TRIGGER input signal"/>
      <bit_field_value name="CTRL2_UPDHLD_0b1" value="0b1" description="Enable updates of hold registers on the rising edge of TRIGGER input signal"/>
    </bit_field>
    <bit_field offset="1" width="1" name="UPDPOS" access="RW" reset_value="0" description="Update Position Registers">
      <alias type="CMSIS" value="ENC_CTRL2_UPDPOS(x)"/>
      <bit_field_value name="CTRL2_UPDPOS_0b0" value="0b0" description="No action for POSD, REV, UPOS and LPOS registers on rising edge of TRIGGER"/>
      <bit_field_value name="CTRL2_UPDPOS_0b1" value="0b1" description="Clear POSD, REV, UPOS and LPOS registers on rising edge of TRIGGER"/>
    </bit_field>
    <bit_field offset="2" width="1" name="MOD" access="RW" reset_value="0" description="Enable Modulo Counting">
      <alias type="CMSIS" value="ENC_CTRL2_MOD(x)"/>
      <bit_field_value name="CTRL2_MOD_0b0" value="0b0" description="Disable modulo counting"/>
      <bit_field_value name="CTRL2_MOD_0b1" value="0b1" description="Enable modulo counting"/>
    </bit_field>
    <bit_field offset="3" width="1" name="DIR" access="RO" reset_value="0" description="Count Direction Flag">
      <alias type="CMSIS" value="ENC_CTRL2_DIR(x)"/>
      <bit_field_value name="CTRL2_DIR_0b0" value="0b0" description="Last count was in the down direction"/>
      <bit_field_value name="CTRL2_DIR_0b1" value="0b1" description="Last count was in the up direction"/>
    </bit_field>
    <bit_field offset="4" width="1" name="RUIE" access="RW" reset_value="0" description="Roll-under Interrupt Enable">
      <alias type="CMSIS" value="ENC_CTRL2_RUIE(x)"/>
      <bit_field_value name="CTRL2_RUIE_0b0" value="0b0" description="Disabled"/>
      <bit_field_value name="CTRL2_RUIE_0b1" value="0b1" description="Enabled"/>
    </bit_field>
    <bit_field offset="5" width="1" name="RUIRQ" access="W1C" reset_value="0" description="Roll-under Interrupt Request">
      <alias type="CMSIS" value="ENC_CTRL2_RUIRQ(x)"/>
      <bit_field_value name="CTRL2_RUIRQ_0b0" value="0b0" description="No roll-under has occurred"/>
      <bit_field_value name="CTRL2_RUIRQ_0b1" value="0b1" description="Roll-under has occurred"/>
    </bit_field>
    <bit_field offset="6" width="1" name="ROIE" access="RW" reset_value="0" description="Roll-over Interrupt Enable">
      <alias type="CMSIS" value="ENC_CTRL2_ROIE(x)"/>
      <bit_field_value name="CTRL2_ROIE_0b0" value="0b0" description="Disabled"/>
      <bit_field_value name="CTRL2_ROIE_0b1" value="0b1" description="Enabled"/>
    </bit_field>
    <bit_field offset="7" width="1" name="ROIRQ" access="W1C" reset_value="0" description="Roll-over Interrupt Request">
      <alias type="CMSIS" value="ENC_CTRL2_ROIRQ(x)"/>
      <bit_field_value name="CTRL2_ROIRQ_0b0" value="0b0" description="No roll-over has occurred"/>
      <bit_field_value name="CTRL2_ROIRQ_0b1" value="0b1" description="Roll-over has occurred"/>
    </bit_field>
    <bit_field offset="8" width="1" name="REVMOD" access="RW" reset_value="0" description="Revolution Counter Modulus Enable">
      <alias type="CMSIS" value="ENC_CTRL2_REVMOD(x)"/>
      <bit_field_value name="CTRL2_REVMOD_0b0" value="0b0" description="Use INDEX pulse to increment/decrement revolution counter (REV)"/>
      <bit_field_value name="CTRL2_REVMOD_0b1" value="0b1" description="Use modulus counting roll-over/under to increment/decrement revolution counter (REV)"/>
    </bit_field>
    <bit_field offset="9" width="1" name="OUTCTL" access="RW" reset_value="0" description="Output Control">
      <alias type="CMSIS" value="ENC_CTRL2_OUTCTL(x)"/>
      <bit_field_value name="CTRL2_OUTCTL_0b0" value="0b0" description="POSMATCH pulses when a match occurs between the position counters (POS) and the corresponding compare value (COMP )"/>
      <bit_field_value name="CTRL2_OUTCTL_0b1" value="0b1" description="POSMATCH pulses when the UPOS, LPOS, REV, or POSD registers are read"/>
    </bit_field>
    <reserved_bit_field offset="10" width="2" reset_value="0"/>
    <reserved_bit_field offset="12" width="4" reset_value="0"/>
  </register>
  <register offset="0x20" width="16" name="UMOD" description="Upper Modulus Register">
    <alias type="CMSIS" value="UMOD"/>
    <bit_field offset="0" width="16" name="MOD" access="RW" reset_value="0" description="MOD">
      <alias type="CMSIS" value="ENC_UMOD_MOD(x)"/>
    </bit_field>
  </register>
  <register offset="0x22" width="16" name="LMOD" description="Lower Modulus Register">
    <alias type="CMSIS" value="LMOD"/>
    <bit_field offset="0" width="16" name="MOD" access="RW" reset_value="0" description="MOD">
      <alias type="CMSIS" value="ENC_LMOD_MOD(x)"/>
    </bit_field>
  </register>
  <register offset="0x24" width="16" name="UCOMP" description="Upper Position Compare Register">
    <alias type="CMSIS" value="UCOMP"/>
    <bit_field offset="0" width="16" name="COMP" access="RW" reset_value="0xFFFF" description="COMP">
      <alias type="CMSIS" value="ENC_UCOMP_COMP(x)"/>
    </bit_field>
  </register>
  <register offset="0x26" width="16" name="LCOMP" description="Lower Position Compare Register">
    <alias type="CMSIS" value="LCOMP"/>
    <bit_field offset="0" width="16" name="COMP" access="RW" reset_value="0xFFFF" description="COMP">
      <alias type="CMSIS" value="ENC_LCOMP_COMP(x)"/>
    </bit_field>
  </register>
</regs:peripheral>