<?xml version="1.0"?>
<regs:peripheral xmlns:regs="http://swtools.freescale.net/XSD/registers/4.0/regsPeripheral.xsd" xmlns:xsi="http://www.w3.org/2001/XMLSchema-instance" xsi:schemaLocation="http://swtools.freescale.net/XSD/registers/4.0/regsPeripheral.xsd http://swtools.freescale.net/XSD/registers/4.0/regsPeripheral.xsd">
  <register offset="0" width="32" name="TCM_CTRL" description="TCM CRTL Register">
    <alias type="CMSIS" value="TCM_CTRL"/>
    <bit_field offset="0" width="1" name="TCM_WWAIT_EN" access="RW" reset_value="0" description="TCM Write Wait Mode Enable">
      <alias type="CMSIS" value="FLEXRAM_TCM_CTRL_TCM_WWAIT_EN(x)"/>
      <bit_field_value name="TCM_CTRL_TCM_WWAIT_EN_0b0" value="0b0" description="TCM write fast mode: Write RAM accesses are expected to be finished in 1-cycle."/>
      <bit_field_value name="TCM_CTRL_TCM_WWAIT_EN_0b1" value="0b1" description="TCM write wait mode: Write RAM accesses are expected to be finished in 2-cycles."/>
    </bit_field>
    <bit_field offset="1" width="1" name="TCM_RWAIT_EN" access="RW" reset_value="0" description="TCM Read Wait Mode Enable">
      <alias type="CMSIS" value="FLEXRAM_TCM_CTRL_TCM_RWAIT_EN(x)"/>
      <alias type="id" value="FEATURE"/>
      <bit_field_value name="TCM_CTRL_TCM_RWAIT_EN_0b0" value="0b0" description="TCM read fast mode: Read RAM accesses are expected to be finished in 1-cycle."/>
      <bit_field_value name="TCM_CTRL_TCM_RWAIT_EN_0b1" value="0b1" description="TCM read wait mode: Read RAM accesses are expected to be finished in 2-cycles."/>
    </bit_field>
    <bit_field offset="2" width="1" name="FORCE_CLK_ON" access="RW" reset_value="0" description="Force RAM Clock Always On">
      <alias type="CMSIS" value="FLEXRAM_TCM_CTRL_FORCE_CLK_ON(x)"/>
    </bit_field>
    <reserved_bit_field offset="3" width="29" reset_value="0"/>
  </register>
  <register offset="0x10" width="32" name="INT_STATUS" description="Interrupt Status Register">
    <alias type="CMSIS" value="INT_STATUS"/>
    <reserved_bit_field offset="0" width="1" reset_value="0"/>
    <reserved_bit_field offset="1" width="1" reset_value="0"/>
    <reserved_bit_field offset="2" width="1" reset_value="0"/>
    <bit_field offset="3" width="1" name="ITCM_ERR_STATUS" access="W1C" reset_value="0" description="ITCM Access Error Status">
      <alias type="CMSIS" value="FLEXRAM_INT_STATUS_ITCM_ERR_STATUS(x)"/>
      <bit_field_value name="INT_STATUS_ITCM_ERR_STATUS_0b0" value="0b0" description="ITCM access error does not happen"/>
      <bit_field_value name="INT_STATUS_ITCM_ERR_STATUS_0b1" value="0b1" description="ITCM access error happens."/>
    </bit_field>
    <bit_field offset="4" width="1" name="DTCM_ERR_STATUS" access="W1C" reset_value="0" description="DTCM Access Error Status">
      <alias type="CMSIS" value="FLEXRAM_INT_STATUS_DTCM_ERR_STATUS(x)"/>
      <bit_field_value name="INT_STATUS_DTCM_ERR_STATUS_0b0" value="0b0" description="DTCM access error does not happen"/>
      <bit_field_value name="INT_STATUS_DTCM_ERR_STATUS_0b1" value="0b1" description="DTCM access error happens."/>
    </bit_field>
    <bit_field offset="5" width="1" name="OCRAM_ERR_STATUS" access="W1C" reset_value="0" description="OCRAM Access Error Status">
      <alias type="CMSIS" value="FLEXRAM_INT_STATUS_OCRAM_ERR_STATUS(x)"/>
      <bit_field_value name="INT_STATUS_OCRAM_ERR_STATUS_0b0" value="0b0" description="OCRAM access error does not happen"/>
      <bit_field_value name="INT_STATUS_OCRAM_ERR_STATUS_0b1" value="0b1" description="OCRAM access error happens."/>
    </bit_field>
    <reserved_bit_field offset="6" width="26" reset_value="0"/>
  </register>
  <register offset="0x14" width="32" name="INT_STAT_EN" description="Interrupt Status Enable Register">
    <alias type="CMSIS" value="INT_STAT_EN"/>
    <reserved_bit_field offset="0" width="1" reset_value="0"/>
    <reserved_bit_field offset="1" width="1" reset_value="0"/>
    <reserved_bit_field offset="2" width="1" reset_value="0"/>
    <bit_field offset="3" width="1" name="ITCM_ERR_STAT_EN" access="RW" reset_value="0" description="ITCM Access Error Status Enable">
      <alias type="CMSIS" value="FLEXRAM_INT_STAT_EN_ITCM_ERR_STAT_EN(x)"/>
      <bit_field_value name="INT_STAT_EN_ITCM_ERR_STAT_EN_0b0" value="0b0" description="Masked"/>
      <bit_field_value name="INT_STAT_EN_ITCM_ERR_STAT_EN_0b1" value="0b1" description="Enabled"/>
    </bit_field>
    <bit_field offset="4" width="1" name="DTCM_ERR_STAT_EN" access="RW" reset_value="0" description="DTCM Access Error Status Enable">
      <alias type="CMSIS" value="FLEXRAM_INT_STAT_EN_DTCM_ERR_STAT_EN(x)"/>
      <bit_field_value name="INT_STAT_EN_DTCM_ERR_STAT_EN_0b0" value="0b0" description="Masked"/>
      <bit_field_value name="INT_STAT_EN_DTCM_ERR_STAT_EN_0b1" value="0b1" description="Enabled"/>
    </bit_field>
    <bit_field offset="5" width="1" name="OCRAM_ERR_STAT_EN" access="RW" reset_value="0" description="OCRAM Access Error Status Enable">
      <alias type="CMSIS" value="FLEXRAM_INT_STAT_EN_OCRAM_ERR_STAT_EN(x)"/>
      <bit_field_value name="INT_STAT_EN_OCRAM_ERR_STAT_EN_0b0" value="0b0" description="Masked"/>
      <bit_field_value name="INT_STAT_EN_OCRAM_ERR_STAT_EN_0b1" value="0b1" description="Enabled"/>
    </bit_field>
    <reserved_bit_field offset="6" width="26" reset_value="0"/>
  </register>
  <register offset="0x18" width="32" name="INT_SIG_EN" description="Interrupt Enable Register">
    <alias type="CMSIS" value="INT_SIG_EN"/>
    <reserved_bit_field offset="0" width="1" reset_value="0"/>
    <reserved_bit_field offset="1" width="1" reset_value="0"/>
    <reserved_bit_field offset="2" width="1" reset_value="0"/>
    <bit_field offset="3" width="1" name="ITCM_ERR_SIG_EN" access="RW" reset_value="0" description="ITCM Access Error Interrupt Enable">
      <alias type="CMSIS" value="FLEXRAM_INT_SIG_EN_ITCM_ERR_SIG_EN(x)"/>
      <bit_field_value name="INT_SIG_EN_ITCM_ERR_SIG_EN_0b0" value="0b0" description="Masked"/>
      <bit_field_value name="INT_SIG_EN_ITCM_ERR_SIG_EN_0b1" value="0b1" description="Enabled"/>
    </bit_field>
    <bit_field offset="4" width="1" name="DTCM_ERR_SIG_EN" access="RW" reset_value="0" description="DTCM Access Error Interrupt Enable">
      <alias type="CMSIS" value="FLEXRAM_INT_SIG_EN_DTCM_ERR_SIG_EN(x)"/>
      <bit_field_value name="INT_SIG_EN_DTCM_ERR_SIG_EN_0b0" value="0b0" description="Masked"/>
      <bit_field_value name="INT_SIG_EN_DTCM_ERR_SIG_EN_0b1" value="0b1" description="Enabled"/>
    </bit_field>
    <bit_field offset="5" width="1" name="OCRAM_ERR_SIG_EN" access="RW" reset_value="0" description="OCRAM Access Error Interrupt Enable">
      <alias type="CMSIS" value="FLEXRAM_INT_SIG_EN_OCRAM_ERR_SIG_EN(x)"/>
      <bit_field_value name="INT_SIG_EN_OCRAM_ERR_SIG_EN_0b0" value="0b0" description="Masked"/>
      <bit_field_value name="INT_SIG_EN_OCRAM_ERR_SIG_EN_0b1" value="0b1" description="Enabled"/>
    </bit_field>
    <reserved_bit_field offset="6" width="26" reset_value="0"/>
  </register>
</regs:peripheral>