<?xml version="1.0"?>
<regs:peripheral xmlns:regs="http://swtools.freescale.net/XSD/registers/4.0/regsPeripheral.xsd" xmlns:xsi="http://www.w3.org/2001/XMLSchema-instance" xsi:schemaLocation="http://swtools.freescale.net/XSD/registers/4.0/regsPeripheral.xsd http://swtools.freescale.net/XSD/registers/4.0/regsPeripheral.xsd">
  <register offset="0" width="32" name="CNTR" description="GPC Interface control register">
    <alias type="CMSIS" value="CNTR"/>
    <reserved_bit_field offset="0" width="2" reset_value="0"/>
    <bit_field offset="2" width="1" name="MEGA_PDN_REQ" access="RW" reset_value="0" description="MEGA domain (FlexRAM PDRAM1) power down request. Self-clear bit. Writable but read will always return 0. Software can directly power down FlexRAM PDRAM1 by writing this bit, given PGC_MEGA_CTRL[PCR] is set.">
      <alias type="CMSIS" value="GPC_CNTR_MEGA_PDN_REQ(x)"/>
      <bit_field_value name="CNTR_MEGA_PDN_REQ_0b0" value="0b0" description="No Request"/>
      <bit_field_value name="CNTR_MEGA_PDN_REQ_0b1" value="0b1" description="Request power down sequence"/>
    </bit_field>
    <bit_field offset="3" width="1" name="MEGA_PUP_REQ" access="RW" reset_value="0" description="MEGA domain (FlexRAM PDRAM1) power up request. Self-clear bit. Writable but read will always return 0. Software can directly power up FlexRAM PDRAM1 by writing this bit, given PGC_MEGA_CTRL[PCR] is set and FlexRAM PDRAM1 has been powered down by setting MEGA_PDN_REQ.">
      <alias type="CMSIS" value="GPC_CNTR_MEGA_PUP_REQ(x)"/>
      <bit_field_value name="CNTR_MEGA_PUP_REQ_0b0" value="0b0" description="No Request"/>
      <bit_field_value name="CNTR_MEGA_PUP_REQ_0b1" value="0b1" description="Request power up sequence"/>
    </bit_field>
    <reserved_bit_field offset="4" width="1" reset_value="0"/>
    <reserved_bit_field offset="5" width="1" reset_value="0"/>
    <reserved_bit_field offset="6" width="10" reset_value="0"/>
    <reserved_bit_field offset="16" width="1" reset_value="0"/>
    <reserved_bit_field offset="17" width="3" reset_value="0x1"/>
    <reserved_bit_field offset="20" width="1" reset_value="0x1"/>
    <reserved_bit_field offset="21" width="1" reset_value="0"/>
    <bit_field offset="22" width="1" name="PDRAM0_PGE" access="RW" reset_value="0x1" description="FlexRAM PDRAM0 Power Gate Enable">
      <alias type="CMSIS" value="GPC_CNTR_PDRAM0_PGE(x)"/>
      <bit_field_value name="CNTR_PDRAM0_PGE_0b0" value="0b0" description="FlexRAM PDRAM0 domain will keep power even if the CPU core is powered down."/>
      <bit_field_value name="CNTR_PDRAM0_PGE_0b1" value="0b1" description="FlexRAM PDRAM0 domain will be powered down when the CPU core is powered down.."/>
    </bit_field>
    <reserved_bit_field offset="23" width="9" reset_value="0"/>
  </register>
  <register offset="0x8" width="32" name="IMR1" description="IRQ masking register 1">
    <alias type="CMSIS" value="IMR[0]"/>
    <bit_field offset="0" width="32" name="IMR1" access="RW" reset_value="0" description="IRQ[31:0] masking bits: 1-irq masked, 0-irq is not masked">
      <alias type="CMSIS" value="GPC_IMR_IMR1(x)"/>
    </bit_field>
  </register>
  <register offset="0xC" width="32" name="IMR2" description="IRQ masking register 2">
    <alias type="CMSIS" value="IMR[1]"/>
    <bit_field offset="0" width="32" name="IMR2" access="RW" reset_value="0" description="IRQ[63:32] masking bits: 1-irq masked, 0-irq is not masked">
      <alias type="CMSIS" value="GPC_IMR_IMR2(x)"/>
    </bit_field>
  </register>
  <register offset="0x10" width="32" name="IMR3" description="IRQ masking register 3">
    <alias type="CMSIS" value="IMR[2]"/>
    <bit_field offset="0" width="32" name="IMR3" access="RW" reset_value="0" description="IRQ[95:64] masking bits: 1-irq masked, 0-irq is not masked">
      <alias type="CMSIS" value="GPC_IMR_IMR3(x)"/>
    </bit_field>
  </register>
  <register offset="0x14" width="32" name="IMR4" description="IRQ masking register 4">
    <alias type="CMSIS" value="IMR[3]"/>
    <bit_field offset="0" width="32" name="IMR4" access="RW" reset_value="0" description="IRQ[127:96] masking bits: 1-irq masked, 0-irq is not masked">
      <alias type="CMSIS" value="GPC_IMR_IMR4(x)"/>
    </bit_field>
  </register>
  <register offset="0x18" width="32" name="ISR1" description="IRQ status resister 1">
    <alias type="CMSIS" value="ISR[0]"/>
    <bit_field offset="0" width="32" name="ISR1" access="RO" reset_value="0" description="IRQ[31:0] status, read only">
      <alias type="CMSIS" value="GPC_ISR_ISR1(x)"/>
    </bit_field>
  </register>
  <register offset="0x1C" width="32" name="ISR2" description="IRQ status resister 2">
    <alias type="CMSIS" value="ISR[1]"/>
    <bit_field offset="0" width="32" name="ISR2" access="RO" reset_value="0" description="IRQ[63:32] status, read only">
      <alias type="CMSIS" value="GPC_ISR_ISR2(x)"/>
    </bit_field>
  </register>
  <register offset="0x20" width="32" name="ISR3" description="IRQ status resister 3">
    <alias type="CMSIS" value="ISR[2]"/>
    <bit_field offset="0" width="32" name="ISR3" access="RO" reset_value="0" description="IRQ[95:64] status, read only">
      <alias type="CMSIS" value="GPC_ISR_ISR3(x)"/>
    </bit_field>
  </register>
  <register offset="0x24" width="32" name="ISR4" description="IRQ status resister 4">
    <alias type="CMSIS" value="ISR[3]"/>
    <bit_field offset="0" width="32" name="ISR4" access="RO" reset_value="0" description="IRQ[127:96] status, read only">
      <alias type="CMSIS" value="GPC_ISR_ISR4(x)"/>
    </bit_field>
  </register>
  <register offset="0x34" width="32" name="IMR5" description="IRQ masking register 5">
    <alias type="CMSIS" value="IMR5"/>
    <bit_field offset="0" width="32" name="IMR5" access="RW" reset_value="0" description="IRQ[159:128] masking bits: 1-irq masked, 0-irq is not masked">
      <alias type="CMSIS" value="GPC_IMR5_IMR5(x)"/>
    </bit_field>
  </register>
  <register offset="0x38" width="32" name="ISR5" description="IRQ status resister 5">
    <alias type="CMSIS" value="ISR5"/>
    <bit_field offset="0" width="32" name="ISR5" access="RO" reset_value="0" description="IRQ[159:128] status, read only">
      <alias type="CMSIS" value="GPC_ISR5_ISR5(x)"/>
    </bit_field>
  </register>
</regs:peripheral>