<?xml version="1.0"?>
<regs:peripheral xmlns:regs="http://swtools.freescale.net/XSD/registers/4.0/regsPeripheral.xsd" xmlns:xsi="http://www.w3.org/2001/XMLSchema-instance" xsi:schemaLocation="http://swtools.freescale.net/XSD/registers/4.0/regsPeripheral.xsd http://swtools.freescale.net/XSD/registers/4.0/regsPeripheral.xsd">
  <register offset="0" width="32" name="DR" description="GPIO data register">
    <alias type="CMSIS" value="DR"/>
    <bit_field offset="0" width="32" name="DR" access="RW" reset_value="0" description="DR">
      <alias type="CMSIS" value="GPIO_DR_DR(x)"/>
    </bit_field>
  </register>
  <register offset="0x4" width="32" name="GDIR" description="GPIO direction register">
    <alias type="CMSIS" value="GDIR"/>
    <bit_field offset="0" width="32" name="GDIR" access="RW" reset_value="0" description="GDIR">
      <alias type="CMSIS" value="GPIO_GDIR_GDIR(x)"/>
    </bit_field>
  </register>
  <register offset="0x8" width="32" name="PSR" description="GPIO pad status register">
    <alias type="CMSIS" value="PSR"/>
    <bit_field offset="0" width="32" name="PSR" access="RO" reset_value="0" description="PSR">
      <alias type="CMSIS" value="GPIO_PSR_PSR(x)"/>
    </bit_field>
  </register>
  <register offset="0xC" width="32" name="ICR1" description="GPIO interrupt configuration register1">
    <alias type="CMSIS" value="ICR1"/>
    <bit_field offset="0" width="2" name="ICR0" access="RW" reset_value="0" description="ICR0">
      <alias type="CMSIS" value="GPIO_ICR1_ICR0(x)"/>
      <bit_field_value name="ICR1_ICR0_LOW_LEVEL" value="0b00" description="Interrupt n is low-level sensitive."/>
      <bit_field_value name="ICR1_ICR0_HIGH_LEVEL" value="0b01" description="Interrupt n is high-level sensitive."/>
      <bit_field_value name="ICR1_ICR0_RISING_EDGE" value="0b10" description="Interrupt n is rising-edge sensitive."/>
      <bit_field_value name="ICR1_ICR0_FALLING_EDGE" value="0b11" description="Interrupt n is falling-edge sensitive."/>
    </bit_field>
    <bit_field offset="2" width="2" name="ICR1" access="RW" reset_value="0" description="ICR1">
      <alias type="CMSIS" value="GPIO_ICR1_ICR1(x)"/>
      <bit_field_value name="ICR1_ICR1_LOW_LEVEL" value="0b00" description="Interrupt n is low-level sensitive."/>
      <bit_field_value name="ICR1_ICR1_HIGH_LEVEL" value="0b01" description="Interrupt n is high-level sensitive."/>
      <bit_field_value name="ICR1_ICR1_RISING_EDGE" value="0b10" description="Interrupt n is rising-edge sensitive."/>
      <bit_field_value name="ICR1_ICR1_FALLING_EDGE" value="0b11" description="Interrupt n is falling-edge sensitive."/>
    </bit_field>
    <bit_field offset="4" width="2" name="ICR2" access="RW" reset_value="0" description="ICR2">
      <alias type="CMSIS" value="GPIO_ICR1_ICR2(x)"/>
      <bit_field_value name="ICR1_ICR2_LOW_LEVEL" value="0b00" description="Interrupt n is low-level sensitive."/>
      <bit_field_value name="ICR1_ICR2_HIGH_LEVEL" value="0b01" description="Interrupt n is high-level sensitive."/>
      <bit_field_value name="ICR1_ICR2_RISING_EDGE" value="0b10" description="Interrupt n is rising-edge sensitive."/>
      <bit_field_value name="ICR1_ICR2_FALLING_EDGE" value="0b11" description="Interrupt n is falling-edge sensitive."/>
    </bit_field>
    <bit_field offset="6" width="2" name="ICR3" access="RW" reset_value="0" description="ICR3">
      <alias type="CMSIS" value="GPIO_ICR1_ICR3(x)"/>
      <bit_field_value name="ICR1_ICR3_LOW_LEVEL" value="0b00" description="Interrupt n is low-level sensitive."/>
      <bit_field_value name="ICR1_ICR3_HIGH_LEVEL" value="0b01" description="Interrupt n is high-level sensitive."/>
      <bit_field_value name="ICR1_ICR3_RISING_EDGE" value="0b10" description="Interrupt n is rising-edge sensitive."/>
      <bit_field_value name="ICR1_ICR3_FALLING_EDGE" value="0b11" description="Interrupt n is falling-edge sensitive."/>
    </bit_field>
    <bit_field offset="8" width="2" name="ICR4" access="RW" reset_value="0" description="ICR4">
      <alias type="CMSIS" value="GPIO_ICR1_ICR4(x)"/>
      <bit_field_value name="ICR1_ICR4_LOW_LEVEL" value="0b00" description="Interrupt n is low-level sensitive."/>
      <bit_field_value name="ICR1_ICR4_HIGH_LEVEL" value="0b01" description="Interrupt n is high-level sensitive."/>
      <bit_field_value name="ICR1_ICR4_RISING_EDGE" value="0b10" description="Interrupt n is rising-edge sensitive."/>
      <bit_field_value name="ICR1_ICR4_FALLING_EDGE" value="0b11" description="Interrupt n is falling-edge sensitive."/>
    </bit_field>
    <bit_field offset="10" width="2" name="ICR5" access="RW" reset_value="0" description="ICR5">
      <alias type="CMSIS" value="GPIO_ICR1_ICR5(x)"/>
      <bit_field_value name="ICR1_ICR5_LOW_LEVEL" value="0b00" description="Interrupt n is low-level sensitive."/>
      <bit_field_value name="ICR1_ICR5_HIGH_LEVEL" value="0b01" description="Interrupt n is high-level sensitive."/>
      <bit_field_value name="ICR1_ICR5_RISING_EDGE" value="0b10" description="Interrupt n is rising-edge sensitive."/>
      <bit_field_value name="ICR1_ICR5_FALLING_EDGE" value="0b11" description="Interrupt n is falling-edge sensitive."/>
    </bit_field>
    <bit_field offset="12" width="2" name="ICR6" access="RW" reset_value="0" description="ICR6">
      <alias type="CMSIS" value="GPIO_ICR1_ICR6(x)"/>
      <bit_field_value name="ICR1_ICR6_LOW_LEVEL" value="0b00" description="Interrupt n is low-level sensitive."/>
      <bit_field_value name="ICR1_ICR6_HIGH_LEVEL" value="0b01" description="Interrupt n is high-level sensitive."/>
      <bit_field_value name="ICR1_ICR6_RISING_EDGE" value="0b10" description="Interrupt n is rising-edge sensitive."/>
      <bit_field_value name="ICR1_ICR6_FALLING_EDGE" value="0b11" description="Interrupt n is falling-edge sensitive."/>
    </bit_field>
    <bit_field offset="14" width="2" name="ICR7" access="RW" reset_value="0" description="ICR7">
      <alias type="CMSIS" value="GPIO_ICR1_ICR7(x)"/>
      <bit_field_value name="ICR1_ICR7_LOW_LEVEL" value="0b00" description="Interrupt n is low-level sensitive."/>
      <bit_field_value name="ICR1_ICR7_HIGH_LEVEL" value="0b01" description="Interrupt n is high-level sensitive."/>
      <bit_field_value name="ICR1_ICR7_RISING_EDGE" value="0b10" description="Interrupt n is rising-edge sensitive."/>
      <bit_field_value name="ICR1_ICR7_FALLING_EDGE" value="0b11" description="Interrupt n is falling-edge sensitive."/>
    </bit_field>
    <bit_field offset="16" width="2" name="ICR8" access="RW" reset_value="0" description="ICR8">
      <alias type="CMSIS" value="GPIO_ICR1_ICR8(x)"/>
      <bit_field_value name="ICR1_ICR8_LOW_LEVEL" value="0b00" description="Interrupt n is low-level sensitive."/>
      <bit_field_value name="ICR1_ICR8_HIGH_LEVEL" value="0b01" description="Interrupt n is high-level sensitive."/>
      <bit_field_value name="ICR1_ICR8_RISING_EDGE" value="0b10" description="Interrupt n is rising-edge sensitive."/>
      <bit_field_value name="ICR1_ICR8_FALLING_EDGE" value="0b11" description="Interrupt n is falling-edge sensitive."/>
    </bit_field>
    <bit_field offset="18" width="2" name="ICR9" access="RW" reset_value="0" description="ICR9">
      <alias type="CMSIS" value="GPIO_ICR1_ICR9(x)"/>
      <bit_field_value name="ICR1_ICR9_LOW_LEVEL" value="0b00" description="Interrupt n is low-level sensitive."/>
      <bit_field_value name="ICR1_ICR9_HIGH_LEVEL" value="0b01" description="Interrupt n is high-level sensitive."/>
      <bit_field_value name="ICR1_ICR9_RISING_EDGE" value="0b10" description="Interrupt n is rising-edge sensitive."/>
      <bit_field_value name="ICR1_ICR9_FALLING_EDGE" value="0b11" description="Interrupt n is falling-edge sensitive."/>
    </bit_field>
    <bit_field offset="20" width="2" name="ICR10" access="RW" reset_value="0" description="ICR10">
      <alias type="CMSIS" value="GPIO_ICR1_ICR10(x)"/>
      <bit_field_value name="ICR1_ICR10_LOW_LEVEL" value="0b00" description="Interrupt n is low-level sensitive."/>
      <bit_field_value name="ICR1_ICR10_HIGH_LEVEL" value="0b01" description="Interrupt n is high-level sensitive."/>
      <bit_field_value name="ICR1_ICR10_RISING_EDGE" value="0b10" description="Interrupt n is rising-edge sensitive."/>
      <bit_field_value name="ICR1_ICR10_FALLING_EDGE" value="0b11" description="Interrupt n is falling-edge sensitive."/>
    </bit_field>
    <bit_field offset="22" width="2" name="ICR11" access="RW" reset_value="0" description="ICR11">
      <alias type="CMSIS" value="GPIO_ICR1_ICR11(x)"/>
      <bit_field_value name="ICR1_ICR11_LOW_LEVEL" value="0b00" description="Interrupt n is low-level sensitive."/>
      <bit_field_value name="ICR1_ICR11_HIGH_LEVEL" value="0b01" description="Interrupt n is high-level sensitive."/>
      <bit_field_value name="ICR1_ICR11_RISING_EDGE" value="0b10" description="Interrupt n is rising-edge sensitive."/>
      <bit_field_value name="ICR1_ICR11_FALLING_EDGE" value="0b11" description="Interrupt n is falling-edge sensitive."/>
    </bit_field>
    <bit_field offset="24" width="2" name="ICR12" access="RW" reset_value="0" description="ICR12">
      <alias type="CMSIS" value="GPIO_ICR1_ICR12(x)"/>
      <bit_field_value name="ICR1_ICR12_LOW_LEVEL" value="0b00" description="Interrupt n is low-level sensitive."/>
      <bit_field_value name="ICR1_ICR12_HIGH_LEVEL" value="0b01" description="Interrupt n is high-level sensitive."/>
      <bit_field_value name="ICR1_ICR12_RISING_EDGE" value="0b10" description="Interrupt n is rising-edge sensitive."/>
      <bit_field_value name="ICR1_ICR12_FALLING_EDGE" value="0b11" description="Interrupt n is falling-edge sensitive."/>
    </bit_field>
    <bit_field offset="26" width="2" name="ICR13" access="RW" reset_value="0" description="ICR13">
      <alias type="CMSIS" value="GPIO_ICR1_ICR13(x)"/>
      <bit_field_value name="ICR1_ICR13_LOW_LEVEL" value="0b00" description="Interrupt n is low-level sensitive."/>
      <bit_field_value name="ICR1_ICR13_HIGH_LEVEL" value="0b01" description="Interrupt n is high-level sensitive."/>
      <bit_field_value name="ICR1_ICR13_RISING_EDGE" value="0b10" description="Interrupt n is rising-edge sensitive."/>
      <bit_field_value name="ICR1_ICR13_FALLING_EDGE" value="0b11" description="Interrupt n is falling-edge sensitive."/>
    </bit_field>
    <bit_field offset="28" width="2" name="ICR14" access="RW" reset_value="0" description="ICR14">
      <alias type="CMSIS" value="GPIO_ICR1_ICR14(x)"/>
      <bit_field_value name="ICR1_ICR14_LOW_LEVEL" value="0b00" description="Interrupt n is low-level sensitive."/>
      <bit_field_value name="ICR1_ICR14_HIGH_LEVEL" value="0b01" description="Interrupt n is high-level sensitive."/>
      <bit_field_value name="ICR1_ICR14_RISING_EDGE" value="0b10" description="Interrupt n is rising-edge sensitive."/>
      <bit_field_value name="ICR1_ICR14_FALLING_EDGE" value="0b11" description="Interrupt n is falling-edge sensitive."/>
    </bit_field>
    <bit_field offset="30" width="2" name="ICR15" access="RW" reset_value="0" description="ICR15">
      <alias type="CMSIS" value="GPIO_ICR1_ICR15(x)"/>
      <bit_field_value name="ICR1_ICR15_LOW_LEVEL" value="0b00" description="Interrupt n is low-level sensitive."/>
      <bit_field_value name="ICR1_ICR15_HIGH_LEVEL" value="0b01" description="Interrupt n is high-level sensitive."/>
      <bit_field_value name="ICR1_ICR15_RISING_EDGE" value="0b10" description="Interrupt n is rising-edge sensitive."/>
      <bit_field_value name="ICR1_ICR15_FALLING_EDGE" value="0b11" description="Interrupt n is falling-edge sensitive."/>
    </bit_field>
  </register>
  <register offset="0x10" width="32" name="ICR2" description="GPIO interrupt configuration register2">
    <alias type="CMSIS" value="ICR2"/>
    <bit_field offset="0" width="2" name="ICR16" access="RW" reset_value="0" description="ICR16">
      <alias type="CMSIS" value="GPIO_ICR2_ICR16(x)"/>
      <bit_field_value name="ICR2_ICR16_LOW_LEVEL" value="0b00" description="Interrupt n is low-level sensitive."/>
      <bit_field_value name="ICR2_ICR16_HIGH_LEVEL" value="0b01" description="Interrupt n is high-level sensitive."/>
      <bit_field_value name="ICR2_ICR16_RISING_EDGE" value="0b10" description="Interrupt n is rising-edge sensitive."/>
      <bit_field_value name="ICR2_ICR16_FALLING_EDGE" value="0b11" description="Interrupt n is falling-edge sensitive."/>
    </bit_field>
    <bit_field offset="2" width="2" name="ICR17" access="RW" reset_value="0" description="ICR17">
      <alias type="CMSIS" value="GPIO_ICR2_ICR17(x)"/>
      <bit_field_value name="ICR2_ICR17_LOW_LEVEL" value="0b00" description="Interrupt n is low-level sensitive."/>
      <bit_field_value name="ICR2_ICR17_HIGH_LEVEL" value="0b01" description="Interrupt n is high-level sensitive."/>
      <bit_field_value name="ICR2_ICR17_RISING_EDGE" value="0b10" description="Interrupt n is rising-edge sensitive."/>
      <bit_field_value name="ICR2_ICR17_FALLING_EDGE" value="0b11" description="Interrupt n is falling-edge sensitive."/>
    </bit_field>
    <bit_field offset="4" width="2" name="ICR18" access="RW" reset_value="0" description="ICR18">
      <alias type="CMSIS" value="GPIO_ICR2_ICR18(x)"/>
      <bit_field_value name="ICR2_ICR18_LOW_LEVEL" value="0b00" description="Interrupt n is low-level sensitive."/>
      <bit_field_value name="ICR2_ICR18_HIGH_LEVEL" value="0b01" description="Interrupt n is high-level sensitive."/>
      <bit_field_value name="ICR2_ICR18_RISING_EDGE" value="0b10" description="Interrupt n is rising-edge sensitive."/>
      <bit_field_value name="ICR2_ICR18_FALLING_EDGE" value="0b11" description="Interrupt n is falling-edge sensitive."/>
    </bit_field>
    <bit_field offset="6" width="2" name="ICR19" access="RW" reset_value="0" description="ICR19">
      <alias type="CMSIS" value="GPIO_ICR2_ICR19(x)"/>
      <bit_field_value name="ICR2_ICR19_LOW_LEVEL" value="0b00" description="Interrupt n is low-level sensitive."/>
      <bit_field_value name="ICR2_ICR19_HIGH_LEVEL" value="0b01" description="Interrupt n is high-level sensitive."/>
      <bit_field_value name="ICR2_ICR19_RISING_EDGE" value="0b10" description="Interrupt n is rising-edge sensitive."/>
      <bit_field_value name="ICR2_ICR19_FALLING_EDGE" value="0b11" description="Interrupt n is falling-edge sensitive."/>
    </bit_field>
    <bit_field offset="8" width="2" name="ICR20" access="RW" reset_value="0" description="ICR20">
      <alias type="CMSIS" value="GPIO_ICR2_ICR20(x)"/>
      <bit_field_value name="ICR2_ICR20_LOW_LEVEL" value="0b00" description="Interrupt n is low-level sensitive."/>
      <bit_field_value name="ICR2_ICR20_HIGH_LEVEL" value="0b01" description="Interrupt n is high-level sensitive."/>
      <bit_field_value name="ICR2_ICR20_RISING_EDGE" value="0b10" description="Interrupt n is rising-edge sensitive."/>
      <bit_field_value name="ICR2_ICR20_FALLING_EDGE" value="0b11" description="Interrupt n is falling-edge sensitive."/>
    </bit_field>
    <bit_field offset="10" width="2" name="ICR21" access="RW" reset_value="0" description="ICR21">
      <alias type="CMSIS" value="GPIO_ICR2_ICR21(x)"/>
      <bit_field_value name="ICR2_ICR21_LOW_LEVEL" value="0b00" description="Interrupt n is low-level sensitive."/>
      <bit_field_value name="ICR2_ICR21_HIGH_LEVEL" value="0b01" description="Interrupt n is high-level sensitive."/>
      <bit_field_value name="ICR2_ICR21_RISING_EDGE" value="0b10" description="Interrupt n is rising-edge sensitive."/>
      <bit_field_value name="ICR2_ICR21_FALLING_EDGE" value="0b11" description="Interrupt n is falling-edge sensitive."/>
    </bit_field>
    <bit_field offset="12" width="2" name="ICR22" access="RW" reset_value="0" description="ICR22">
      <alias type="CMSIS" value="GPIO_ICR2_ICR22(x)"/>
      <bit_field_value name="ICR2_ICR22_LOW_LEVEL" value="0b00" description="Interrupt n is low-level sensitive."/>
      <bit_field_value name="ICR2_ICR22_HIGH_LEVEL" value="0b01" description="Interrupt n is high-level sensitive."/>
      <bit_field_value name="ICR2_ICR22_RISING_EDGE" value="0b10" description="Interrupt n is rising-edge sensitive."/>
      <bit_field_value name="ICR2_ICR22_FALLING_EDGE" value="0b11" description="Interrupt n is falling-edge sensitive."/>
    </bit_field>
    <bit_field offset="14" width="2" name="ICR23" access="RW" reset_value="0" description="ICR23">
      <alias type="CMSIS" value="GPIO_ICR2_ICR23(x)"/>
      <bit_field_value name="ICR2_ICR23_LOW_LEVEL" value="0b00" description="Interrupt n is low-level sensitive."/>
      <bit_field_value name="ICR2_ICR23_HIGH_LEVEL" value="0b01" description="Interrupt n is high-level sensitive."/>
      <bit_field_value name="ICR2_ICR23_RISING_EDGE" value="0b10" description="Interrupt n is rising-edge sensitive."/>
      <bit_field_value name="ICR2_ICR23_FALLING_EDGE" value="0b11" description="Interrupt n is falling-edge sensitive."/>
    </bit_field>
    <bit_field offset="16" width="2" name="ICR24" access="RW" reset_value="0" description="ICR24">
      <alias type="CMSIS" value="GPIO_ICR2_ICR24(x)"/>
      <bit_field_value name="ICR2_ICR24_LOW_LEVEL" value="0b00" description="Interrupt n is low-level sensitive."/>
      <bit_field_value name="ICR2_ICR24_HIGH_LEVEL" value="0b01" description="Interrupt n is high-level sensitive."/>
      <bit_field_value name="ICR2_ICR24_RISING_EDGE" value="0b10" description="Interrupt n is rising-edge sensitive."/>
      <bit_field_value name="ICR2_ICR24_FALLING_EDGE" value="0b11" description="Interrupt n is falling-edge sensitive."/>
    </bit_field>
    <bit_field offset="18" width="2" name="ICR25" access="RW" reset_value="0" description="ICR25">
      <alias type="CMSIS" value="GPIO_ICR2_ICR25(x)"/>
      <bit_field_value name="ICR2_ICR25_LOW_LEVEL" value="0b00" description="Interrupt n is low-level sensitive."/>
      <bit_field_value name="ICR2_ICR25_HIGH_LEVEL" value="0b01" description="Interrupt n is high-level sensitive."/>
      <bit_field_value name="ICR2_ICR25_RISING_EDGE" value="0b10" description="Interrupt n is rising-edge sensitive."/>
      <bit_field_value name="ICR2_ICR25_FALLING_EDGE" value="0b11" description="Interrupt n is falling-edge sensitive."/>
    </bit_field>
    <bit_field offset="20" width="2" name="ICR26" access="RW" reset_value="0" description="ICR26">
      <alias type="CMSIS" value="GPIO_ICR2_ICR26(x)"/>
      <bit_field_value name="ICR2_ICR26_LOW_LEVEL" value="0b00" description="Interrupt n is low-level sensitive."/>
      <bit_field_value name="ICR2_ICR26_HIGH_LEVEL" value="0b01" description="Interrupt n is high-level sensitive."/>
      <bit_field_value name="ICR2_ICR26_RISING_EDGE" value="0b10" description="Interrupt n is rising-edge sensitive."/>
      <bit_field_value name="ICR2_ICR26_FALLING_EDGE" value="0b11" description="Interrupt n is falling-edge sensitive."/>
    </bit_field>
    <bit_field offset="22" width="2" name="ICR27" access="RW" reset_value="0" description="ICR27">
      <alias type="CMSIS" value="GPIO_ICR2_ICR27(x)"/>
      <bit_field_value name="ICR2_ICR27_LOW_LEVEL" value="0b00" description="Interrupt n is low-level sensitive."/>
      <bit_field_value name="ICR2_ICR27_HIGH_LEVEL" value="0b01" description="Interrupt n is high-level sensitive."/>
      <bit_field_value name="ICR2_ICR27_RISING_EDGE" value="0b10" description="Interrupt n is rising-edge sensitive."/>
      <bit_field_value name="ICR2_ICR27_FALLING_EDGE" value="0b11" description="Interrupt n is falling-edge sensitive."/>
    </bit_field>
    <bit_field offset="24" width="2" name="ICR28" access="RW" reset_value="0" description="ICR28">
      <alias type="CMSIS" value="GPIO_ICR2_ICR28(x)"/>
      <bit_field_value name="ICR2_ICR28_LOW_LEVEL" value="0b00" description="Interrupt n is low-level sensitive."/>
      <bit_field_value name="ICR2_ICR28_HIGH_LEVEL" value="0b01" description="Interrupt n is high-level sensitive."/>
      <bit_field_value name="ICR2_ICR28_RISING_EDGE" value="0b10" description="Interrupt n is rising-edge sensitive."/>
      <bit_field_value name="ICR2_ICR28_FALLING_EDGE" value="0b11" description="Interrupt n is falling-edge sensitive."/>
    </bit_field>
    <bit_field offset="26" width="2" name="ICR29" access="RW" reset_value="0" description="ICR29">
      <alias type="CMSIS" value="GPIO_ICR2_ICR29(x)"/>
      <bit_field_value name="ICR2_ICR29_LOW_LEVEL" value="0b00" description="Interrupt n is low-level sensitive."/>
      <bit_field_value name="ICR2_ICR29_HIGH_LEVEL" value="0b01" description="Interrupt n is high-level sensitive."/>
      <bit_field_value name="ICR2_ICR29_RISING_EDGE" value="0b10" description="Interrupt n is rising-edge sensitive."/>
      <bit_field_value name="ICR2_ICR29_FALLING_EDGE" value="0b11" description="Interrupt n is falling-edge sensitive."/>
    </bit_field>
    <bit_field offset="28" width="2" name="ICR30" access="RW" reset_value="0" description="ICR30">
      <alias type="CMSIS" value="GPIO_ICR2_ICR30(x)"/>
      <bit_field_value name="ICR2_ICR30_LOW_LEVEL" value="0b00" description="Interrupt n is low-level sensitive."/>
      <bit_field_value name="ICR2_ICR30_HIGH_LEVEL" value="0b01" description="Interrupt n is high-level sensitive."/>
      <bit_field_value name="ICR2_ICR30_RISING_EDGE" value="0b10" description="Interrupt n is rising-edge sensitive."/>
      <bit_field_value name="ICR2_ICR30_FALLING_EDGE" value="0b11" description="Interrupt n is falling-edge sensitive."/>
    </bit_field>
    <bit_field offset="30" width="2" name="ICR31" access="RW" reset_value="0" description="ICR31">
      <alias type="CMSIS" value="GPIO_ICR2_ICR31(x)"/>
      <bit_field_value name="ICR2_ICR31_LOW_LEVEL" value="0b00" description="Interrupt n is low-level sensitive."/>
      <bit_field_value name="ICR2_ICR31_HIGH_LEVEL" value="0b01" description="Interrupt n is high-level sensitive."/>
      <bit_field_value name="ICR2_ICR31_RISING_EDGE" value="0b10" description="Interrupt n is rising-edge sensitive."/>
      <bit_field_value name="ICR2_ICR31_FALLING_EDGE" value="0b11" description="Interrupt n is falling-edge sensitive."/>
    </bit_field>
  </register>
  <register offset="0x14" width="32" name="IMR" description="GPIO interrupt mask register">
    <alias type="CMSIS" value="IMR"/>
    <bit_field offset="0" width="32" name="IMR" access="RW" reset_value="0" description="IMR">
      <alias type="CMSIS" value="GPIO_IMR_IMR(x)"/>
    </bit_field>
  </register>
  <register offset="0x18" width="32" name="ISR" description="GPIO interrupt status register">
    <alias type="CMSIS" value="ISR"/>
    <bit_field offset="0" width="32" name="ISR" access="W1C" reset_value="0" description="ISR">
      <alias type="CMSIS" value="GPIO_ISR_ISR(x)"/>
    </bit_field>
  </register>
  <register offset="0x1C" width="32" name="EDGE_SEL" description="GPIO edge select register">
    <alias type="CMSIS" value="EDGE_SEL"/>
    <bit_field offset="0" width="32" name="GPIO_EDGE_SEL" access="RW" reset_value="0" description="GPIO_EDGE_SEL">
      <alias type="CMSIS" value="GPIO_EDGE_SEL_GPIO_EDGE_SEL(x)"/>
    </bit_field>
  </register>
  <register offset="0x84" width="32" name="DR_SET" description="GPIO data register SET">
    <alias type="CMSIS" value="DR_SET"/>
    <bit_field offset="0" width="32" name="DR_SET" access="WO" reset_value="0" description="DR_SET">
      <alias type="CMSIS" value="GPIO_DR_SET_DR_SET(x)"/>
    </bit_field>
  </register>
  <register offset="0x88" width="32" name="DR_CLEAR" description="GPIO data register CLEAR">
    <alias type="CMSIS" value="DR_CLEAR"/>
    <bit_field offset="0" width="32" name="DR_CLEAR" access="WO" reset_value="0" description="DR_CLEAR">
      <alias type="CMSIS" value="GPIO_DR_CLEAR_DR_CLEAR(x)"/>
    </bit_field>
  </register>
  <register offset="0x8C" width="32" name="DR_TOGGLE" description="GPIO data register TOGGLE">
    <alias type="CMSIS" value="DR_TOGGLE"/>
    <bit_field offset="0" width="32" name="DR_TOGGLE" access="WO" reset_value="0" description="DR_TOGGLE">
      <alias type="CMSIS" value="GPIO_DR_TOGGLE_DR_TOGGLE(x)"/>
    </bit_field>
  </register>
</regs:peripheral>