<?xml version="1.0"?>
<regs:peripheral xmlns:regs="http://swtools.freescale.net/XSD/registers/4.0/regsPeripheral.xsd" xmlns:xsi="http://www.w3.org/2001/XMLSchema-instance" xsi:schemaLocation="http://swtools.freescale.net/XSD/registers/4.0/regsPeripheral.xsd http://swtools.freescale.net/XSD/registers/4.0/regsPeripheral.xsd">
  <register offset="0" width="32" name="SW_MUX_CTL_PAD_WAKEUP" description="SW_MUX_CTL_PAD_WAKEUP SW MUX Control Register">
    <alias type="CMSIS" value="SW_MUX_CTL_PAD_WAKEUP"/>
    <bit_field offset="0" width="3" name="MUX_MODE" access="RW" reset_value="0x5" description="MUX Mode Select Field.">
      <alias type="CMSIS" value="IOMUXC_SNVS_SW_MUX_CTL_PAD_WAKEUP_MUX_MODE(x)"/>
      <bit_field_value name="SW_MUX_CTL_PAD_WAKEUP_MUX_MODE_ALT5" value="0b101" description="Select mux mode: ALT5 mux port: GPIO5_IO00 of instance: gpio5"/>
      <bit_field_value name="SW_MUX_CTL_PAD_WAKEUP_MUX_MODE_ALT7" value="0b111" description="Select mux mode: ALT7 mux port: NMI_GLUE_NMI of instance: nmi_glue"/>
    </bit_field>
    <reserved_bit_field offset="3" width="1" reset_value="0"/>
    <bit_field offset="4" width="1" name="SION" access="RW" reset_value="0" description="Software Input On Field.">
      <alias type="CMSIS" value="IOMUXC_SNVS_SW_MUX_CTL_PAD_WAKEUP_SION(x)"/>
      <bit_field_value name="SW_MUX_CTL_PAD_WAKEUP_SION_DISABLED" value="0b0" description="Input Path is determined by functionality"/>
      <bit_field_value name="SW_MUX_CTL_PAD_WAKEUP_SION_ENABLED" value="0b1" description="Force input path of pad WAKEUP"/>
    </bit_field>
    <reserved_bit_field offset="5" width="27" reset_value="0"/>
  </register>
  <register offset="0x4" width="32" name="SW_MUX_CTL_PAD_PMIC_ON_REQ" description="SW_MUX_CTL_PAD_PMIC_ON_REQ SW MUX Control Register">
    <alias type="CMSIS" value="SW_MUX_CTL_PAD_PMIC_ON_REQ"/>
    <bit_field offset="0" width="3" name="MUX_MODE" access="RW" reset_value="0" description="MUX Mode Select Field.">
      <alias type="CMSIS" value="IOMUXC_SNVS_SW_MUX_CTL_PAD_PMIC_ON_REQ_MUX_MODE(x)"/>
      <bit_field_value name="SW_MUX_CTL_PAD_PMIC_ON_REQ_MUX_MODE_ALT0" value="0b000" description="Select mux mode: ALT0 mux port: SNVS_LP_PMIC_ON_REQ of instance: snvs_lp"/>
      <bit_field_value name="SW_MUX_CTL_PAD_PMIC_ON_REQ_MUX_MODE_ALT5" value="0b101" description="Select mux mode: ALT5 mux port: GPIO5_IO01 of instance: gpio5"/>
    </bit_field>
    <reserved_bit_field offset="3" width="1" reset_value="0"/>
    <bit_field offset="4" width="1" name="SION" access="RW" reset_value="0" description="Software Input On Field.">
      <alias type="CMSIS" value="IOMUXC_SNVS_SW_MUX_CTL_PAD_PMIC_ON_REQ_SION(x)"/>
      <bit_field_value name="SW_MUX_CTL_PAD_PMIC_ON_REQ_SION_DISABLED" value="0b0" description="Input Path is determined by functionality"/>
      <bit_field_value name="SW_MUX_CTL_PAD_PMIC_ON_REQ_SION_ENABLED" value="0b1" description="Force input path of pad PMIC_ON_REQ"/>
    </bit_field>
    <reserved_bit_field offset="5" width="27" reset_value="0"/>
  </register>
  <register offset="0x8" width="32" name="SW_MUX_CTL_PAD_PMIC_STBY_REQ" description="SW_MUX_CTL_PAD_PMIC_STBY_REQ SW MUX Control Register">
    <alias type="CMSIS" value="SW_MUX_CTL_PAD_PMIC_STBY_REQ"/>
    <bit_field offset="0" width="3" name="MUX_MODE" access="RW" reset_value="0" description="MUX Mode Select Field.">
      <alias type="CMSIS" value="IOMUXC_SNVS_SW_MUX_CTL_PAD_PMIC_STBY_REQ_MUX_MODE(x)"/>
      <bit_field_value name="SW_MUX_CTL_PAD_PMIC_STBY_REQ_MUX_MODE_ALT0" value="0b000" description="Select mux mode: ALT0 mux port: CCM_PMIC_VSTBY_REQ of instance: ccm"/>
      <bit_field_value name="SW_MUX_CTL_PAD_PMIC_STBY_REQ_MUX_MODE_ALT5" value="0b101" description="Select mux mode: ALT5 mux port: GPIO5_IO02 of instance: gpio5"/>
    </bit_field>
    <reserved_bit_field offset="3" width="1" reset_value="0"/>
    <bit_field offset="4" width="1" name="SION" access="RW" reset_value="0" description="Software Input On Field.">
      <alias type="CMSIS" value="IOMUXC_SNVS_SW_MUX_CTL_PAD_PMIC_STBY_REQ_SION(x)"/>
      <bit_field_value name="SW_MUX_CTL_PAD_PMIC_STBY_REQ_SION_DISABLED" value="0b0" description="Input Path is determined by functionality"/>
      <bit_field_value name="SW_MUX_CTL_PAD_PMIC_STBY_REQ_SION_ENABLED" value="0b1" description="Force input path of pad PMIC_STBY_REQ"/>
    </bit_field>
    <reserved_bit_field offset="5" width="27" reset_value="0"/>
  </register>
  <register offset="0xC" width="32" name="SW_PAD_CTL_PAD_TEST_MODE" description="SW_PAD_CTL_PAD_TEST_MODE SW PAD Control Register">
    <alias type="CMSIS" value="SW_PAD_CTL_PAD_TEST_MODE"/>
    <bit_field offset="0" width="1" name="SRE" access="RW" reset_value="0" description="Slew Rate Field">
      <alias type="CMSIS" value="IOMUXC_SNVS_SW_PAD_CTL_PAD_TEST_MODE_SRE(x)"/>
      <bit_field_value name="SW_PAD_CTL_PAD_TEST_MODE_SRE_SRE_0_Slow_Slew_Rate" value="0b0" description="Slow Slew Rate"/>
      <bit_field_value name="SW_PAD_CTL_PAD_TEST_MODE_SRE_SRE_1_Fast_Slew_Rate" value="0b1" description="Fast Slew Rate"/>
    </bit_field>
    <reserved_bit_field offset="1" width="2" reset_value="0"/>
    <bit_field offset="3" width="3" name="DSE" access="RW" reset_value="0x4" description="Drive Strength Field">
      <alias type="CMSIS" value="IOMUXC_SNVS_SW_PAD_CTL_PAD_TEST_MODE_DSE(x)"/>
      <bit_field_value name="SW_PAD_CTL_PAD_TEST_MODE_DSE_DSE_0_output_driver_disabled_" value="0b000" description="output driver disabled;"/>
      <bit_field_value name="SW_PAD_CTL_PAD_TEST_MODE_DSE_DSE_1_R0_150_Ohm___3_3V__260_Ohm_1_8V" value="0b001" description="R0(150 Ohm @ 3.3V, 260 Ohm@1.8V)"/>
      <bit_field_value name="SW_PAD_CTL_PAD_TEST_MODE_DSE_DSE_2_R0_2" value="0b010" description="R0/2"/>
      <bit_field_value name="SW_PAD_CTL_PAD_TEST_MODE_DSE_DSE_3_R0_3" value="0b011" description="R0/3"/>
      <bit_field_value name="SW_PAD_CTL_PAD_TEST_MODE_DSE_DSE_4_R0_4" value="0b100" description="R0/4"/>
      <bit_field_value name="SW_PAD_CTL_PAD_TEST_MODE_DSE_DSE_5_R0_5" value="0b101" description="R0/5"/>
      <bit_field_value name="SW_PAD_CTL_PAD_TEST_MODE_DSE_DSE_6_R0_6" value="0b110" description="R0/6"/>
      <bit_field_value name="SW_PAD_CTL_PAD_TEST_MODE_DSE_DSE_7_R0_7" value="0b111" description="R0/7"/>
    </bit_field>
    <bit_field offset="6" width="2" name="SPEED" access="RO" reset_value="0x2" description="Speed Field">
      <alias type="CMSIS" value="IOMUXC_SNVS_SW_PAD_CTL_PAD_TEST_MODE_SPEED(x)"/>
      <bit_field_value name="SW_PAD_CTL_PAD_TEST_MODE_SPEED_SPEED" value="0b10" description="medium(100MHz)"/>
    </bit_field>
    <reserved_bit_field offset="8" width="3" reset_value="0"/>
    <bit_field offset="11" width="1" name="ODE" access="RW" reset_value="0" description="Open Drain Enable Field">
      <alias type="CMSIS" value="IOMUXC_SNVS_SW_PAD_CTL_PAD_TEST_MODE_ODE(x)"/>
      <bit_field_value name="SW_PAD_CTL_PAD_TEST_MODE_ODE_ODE_0_Open_Drain_Disabled" value="0b0" description="Open Drain Disabled"/>
      <bit_field_value name="SW_PAD_CTL_PAD_TEST_MODE_ODE_ODE_1_Open_Drain_Enabled" value="0b1" description="Open Drain Enabled"/>
    </bit_field>
    <bit_field offset="12" width="1" name="PKE" access="RW" reset_value="0x1" description="Pull / Keep Enable Field">
      <alias type="CMSIS" value="IOMUXC_SNVS_SW_PAD_CTL_PAD_TEST_MODE_PKE(x)"/>
      <bit_field_value name="SW_PAD_CTL_PAD_TEST_MODE_PKE_PKE_0_Pull_Keeper_Disabled" value="0b0" description="Pull/Keeper Disabled"/>
      <bit_field_value name="SW_PAD_CTL_PAD_TEST_MODE_PKE_PKE_1_Pull_Keeper_Enabled" value="0b1" description="Pull/Keeper Enabled"/>
    </bit_field>
    <bit_field offset="13" width="1" name="PUE" access="RW" reset_value="0x1" description="Pull / Keep Select Field">
      <alias type="CMSIS" value="IOMUXC_SNVS_SW_PAD_CTL_PAD_TEST_MODE_PUE(x)"/>
      <bit_field_value name="SW_PAD_CTL_PAD_TEST_MODE_PUE_PUE_0_Keeper" value="0b0" description="Keeper"/>
      <bit_field_value name="SW_PAD_CTL_PAD_TEST_MODE_PUE_PUE_1_Pull" value="0b1" description="Pull"/>
    </bit_field>
    <bit_field offset="14" width="2" name="PUS" access="RW" reset_value="0" description="Pull Up / Down Config. Field">
      <alias type="CMSIS" value="IOMUXC_SNVS_SW_PAD_CTL_PAD_TEST_MODE_PUS(x)"/>
      <bit_field_value name="SW_PAD_CTL_PAD_TEST_MODE_PUS_PUS_0_100K_Ohm_Pull_Down" value="0b00" description="100K Ohm Pull Down"/>
      <bit_field_value name="SW_PAD_CTL_PAD_TEST_MODE_PUS_PUS_1_47K_Ohm_Pull_Up" value="0b01" description="47K Ohm Pull Up"/>
      <bit_field_value name="SW_PAD_CTL_PAD_TEST_MODE_PUS_PUS_2_100K_Ohm_Pull_Up" value="0b10" description="100K Ohm Pull Up"/>
      <bit_field_value name="SW_PAD_CTL_PAD_TEST_MODE_PUS_PUS_3_22K_Ohm_Pull_Up" value="0b11" description="22K Ohm Pull Up"/>
    </bit_field>
    <bit_field offset="16" width="1" name="HYS" access="RW" reset_value="0" description="Hyst. Enable Field">
      <alias type="CMSIS" value="IOMUXC_SNVS_SW_PAD_CTL_PAD_TEST_MODE_HYS(x)"/>
      <bit_field_value name="SW_PAD_CTL_PAD_TEST_MODE_HYS_HYS_0_Hysteresis_Disabled" value="0b0" description="Hysteresis Disabled"/>
      <bit_field_value name="SW_PAD_CTL_PAD_TEST_MODE_HYS_HYS_1_Hysteresis_Enabled" value="0b1" description="Hysteresis Enabled"/>
    </bit_field>
    <reserved_bit_field offset="17" width="15" reset_value="0"/>
  </register>
  <register offset="0x10" width="32" name="SW_PAD_CTL_PAD_POR_B" description="SW_PAD_CTL_PAD_POR_B SW PAD Control Register">
    <alias type="CMSIS" value="SW_PAD_CTL_PAD_POR_B"/>
    <bit_field offset="0" width="1" name="SRE" access="RW" reset_value="0" description="Slew Rate Field">
      <alias type="CMSIS" value="IOMUXC_SNVS_SW_PAD_CTL_PAD_POR_B_SRE(x)"/>
      <bit_field_value name="SW_PAD_CTL_PAD_POR_B_SRE_SRE_0_Slow_Slew_Rate" value="0b0" description="Slow Slew Rate"/>
      <bit_field_value name="SW_PAD_CTL_PAD_POR_B_SRE_SRE_1_Fast_Slew_Rate" value="0b1" description="Fast Slew Rate"/>
    </bit_field>
    <reserved_bit_field offset="1" width="2" reset_value="0"/>
    <bit_field offset="3" width="3" name="DSE" access="RW" reset_value="0x4" description="Drive Strength Field">
      <alias type="CMSIS" value="IOMUXC_SNVS_SW_PAD_CTL_PAD_POR_B_DSE(x)"/>
      <bit_field_value name="SW_PAD_CTL_PAD_POR_B_DSE_DSE_0_output_driver_disabled_" value="0b000" description="output driver disabled;"/>
      <bit_field_value name="SW_PAD_CTL_PAD_POR_B_DSE_DSE_1_R0_150_Ohm___3_3V__260_Ohm_1_8V" value="0b001" description="R0(150 Ohm @ 3.3V, 260 Ohm@1.8V)"/>
      <bit_field_value name="SW_PAD_CTL_PAD_POR_B_DSE_DSE_2_R0_2" value="0b010" description="R0/2"/>
      <bit_field_value name="SW_PAD_CTL_PAD_POR_B_DSE_DSE_3_R0_3" value="0b011" description="R0/3"/>
      <bit_field_value name="SW_PAD_CTL_PAD_POR_B_DSE_DSE_4_R0_4" value="0b100" description="R0/4"/>
      <bit_field_value name="SW_PAD_CTL_PAD_POR_B_DSE_DSE_5_R0_5" value="0b101" description="R0/5"/>
      <bit_field_value name="SW_PAD_CTL_PAD_POR_B_DSE_DSE_6_R0_6" value="0b110" description="R0/6"/>
      <bit_field_value name="SW_PAD_CTL_PAD_POR_B_DSE_DSE_7_R0_7" value="0b111" description="R0/7"/>
    </bit_field>
    <bit_field offset="6" width="2" name="SPEED" access="RO" reset_value="0x2" description="Speed Field">
      <alias type="CMSIS" value="IOMUXC_SNVS_SW_PAD_CTL_PAD_POR_B_SPEED(x)"/>
      <bit_field_value name="SW_PAD_CTL_PAD_POR_B_SPEED_SPEED" value="0b10" description="medium(100MHz)"/>
    </bit_field>
    <reserved_bit_field offset="8" width="3" reset_value="0"/>
    <bit_field offset="11" width="1" name="ODE" access="RW" reset_value="0" description="Open Drain Enable Field">
      <alias type="CMSIS" value="IOMUXC_SNVS_SW_PAD_CTL_PAD_POR_B_ODE(x)"/>
      <bit_field_value name="SW_PAD_CTL_PAD_POR_B_ODE_ODE_0_Open_Drain_Disabled" value="0b0" description="Open Drain Disabled"/>
      <bit_field_value name="SW_PAD_CTL_PAD_POR_B_ODE_ODE_1_Open_Drain_Enabled" value="0b1" description="Open Drain Enabled"/>
    </bit_field>
    <bit_field offset="12" width="1" name="PKE" access="RW" reset_value="0x1" description="Pull / Keep Enable Field">
      <alias type="CMSIS" value="IOMUXC_SNVS_SW_PAD_CTL_PAD_POR_B_PKE(x)"/>
      <bit_field_value name="SW_PAD_CTL_PAD_POR_B_PKE_PKE_0_Pull_Keeper_Disabled" value="0b0" description="Pull/Keeper Disabled"/>
      <bit_field_value name="SW_PAD_CTL_PAD_POR_B_PKE_PKE_1_Pull_Keeper_Enabled" value="0b1" description="Pull/Keeper Enabled"/>
    </bit_field>
    <bit_field offset="13" width="1" name="PUE" access="RW" reset_value="0x1" description="Pull / Keep Select Field">
      <alias type="CMSIS" value="IOMUXC_SNVS_SW_PAD_CTL_PAD_POR_B_PUE(x)"/>
      <bit_field_value name="SW_PAD_CTL_PAD_POR_B_PUE_PUE_0_Keeper" value="0b0" description="Keeper"/>
      <bit_field_value name="SW_PAD_CTL_PAD_POR_B_PUE_PUE_1_Pull" value="0b1" description="Pull"/>
    </bit_field>
    <bit_field offset="14" width="2" name="PUS" access="RW" reset_value="0x2" description="Pull Up / Down Config. Field">
      <alias type="CMSIS" value="IOMUXC_SNVS_SW_PAD_CTL_PAD_POR_B_PUS(x)"/>
      <bit_field_value name="SW_PAD_CTL_PAD_POR_B_PUS_PUS_0_100K_Ohm_Pull_Down" value="0b00" description="100K Ohm Pull Down"/>
      <bit_field_value name="SW_PAD_CTL_PAD_POR_B_PUS_PUS_1_47K_Ohm_Pull_Up" value="0b01" description="47K Ohm Pull Up"/>
      <bit_field_value name="SW_PAD_CTL_PAD_POR_B_PUS_PUS_2_100K_Ohm_Pull_Up" value="0b10" description="100K Ohm Pull Up"/>
      <bit_field_value name="SW_PAD_CTL_PAD_POR_B_PUS_PUS_3_22K_Ohm_Pull_Up" value="0b11" description="22K Ohm Pull Up"/>
    </bit_field>
    <bit_field offset="16" width="1" name="HYS" access="RW" reset_value="0x1" description="Hyst. Enable Field">
      <alias type="CMSIS" value="IOMUXC_SNVS_SW_PAD_CTL_PAD_POR_B_HYS(x)"/>
      <bit_field_value name="SW_PAD_CTL_PAD_POR_B_HYS_HYS_0_Hysteresis_Disabled" value="0b0" description="Hysteresis Disabled"/>
      <bit_field_value name="SW_PAD_CTL_PAD_POR_B_HYS_HYS_1_Hysteresis_Enabled" value="0b1" description="Hysteresis Enabled"/>
    </bit_field>
    <reserved_bit_field offset="17" width="15" reset_value="0"/>
  </register>
  <register offset="0x14" width="32" name="SW_PAD_CTL_PAD_ONOFF" description="SW_PAD_CTL_PAD_ONOFF SW PAD Control Register">
    <alias type="CMSIS" value="SW_PAD_CTL_PAD_ONOFF"/>
    <bit_field offset="0" width="1" name="SRE" access="RW" reset_value="0" description="Slew Rate Field">
      <alias type="CMSIS" value="IOMUXC_SNVS_SW_PAD_CTL_PAD_ONOFF_SRE(x)"/>
      <bit_field_value name="SW_PAD_CTL_PAD_ONOFF_SRE_SRE_0_Slow_Slew_Rate" value="0b0" description="Slow Slew Rate"/>
      <bit_field_value name="SW_PAD_CTL_PAD_ONOFF_SRE_SRE_1_Fast_Slew_Rate" value="0b1" description="Fast Slew Rate"/>
    </bit_field>
    <reserved_bit_field offset="1" width="2" reset_value="0"/>
    <bit_field offset="3" width="3" name="DSE" access="RW" reset_value="0x4" description="Drive Strength Field">
      <alias type="CMSIS" value="IOMUXC_SNVS_SW_PAD_CTL_PAD_ONOFF_DSE(x)"/>
      <bit_field_value name="SW_PAD_CTL_PAD_ONOFF_DSE_DSE_0_output_driver_disabled_" value="0b000" description="output driver disabled;"/>
      <bit_field_value name="SW_PAD_CTL_PAD_ONOFF_DSE_DSE_1_R0_150_Ohm___3_3V__260_Ohm_1_8V" value="0b001" description="R0(150 Ohm @ 3.3V, 260 Ohm@1.8V)"/>
      <bit_field_value name="SW_PAD_CTL_PAD_ONOFF_DSE_DSE_2_R0_2" value="0b010" description="R0/2"/>
      <bit_field_value name="SW_PAD_CTL_PAD_ONOFF_DSE_DSE_3_R0_3" value="0b011" description="R0/3"/>
      <bit_field_value name="SW_PAD_CTL_PAD_ONOFF_DSE_DSE_4_R0_4" value="0b100" description="R0/4"/>
      <bit_field_value name="SW_PAD_CTL_PAD_ONOFF_DSE_DSE_5_R0_5" value="0b101" description="R0/5"/>
      <bit_field_value name="SW_PAD_CTL_PAD_ONOFF_DSE_DSE_6_R0_6" value="0b110" description="R0/6"/>
      <bit_field_value name="SW_PAD_CTL_PAD_ONOFF_DSE_DSE_7_R0_7" value="0b111" description="R0/7"/>
    </bit_field>
    <bit_field offset="6" width="2" name="SPEED" access="RO" reset_value="0x2" description="Speed Field">
      <alias type="CMSIS" value="IOMUXC_SNVS_SW_PAD_CTL_PAD_ONOFF_SPEED(x)"/>
      <bit_field_value name="SW_PAD_CTL_PAD_ONOFF_SPEED_SPEED" value="0b10" description="medium(100MHz)"/>
    </bit_field>
    <reserved_bit_field offset="8" width="3" reset_value="0"/>
    <bit_field offset="11" width="1" name="ODE" access="RW" reset_value="0" description="Open Drain Enable Field">
      <alias type="CMSIS" value="IOMUXC_SNVS_SW_PAD_CTL_PAD_ONOFF_ODE(x)"/>
      <bit_field_value name="SW_PAD_CTL_PAD_ONOFF_ODE_ODE_0_Open_Drain_Disabled" value="0b0" description="Open Drain Disabled"/>
      <bit_field_value name="SW_PAD_CTL_PAD_ONOFF_ODE_ODE_1_Open_Drain_Enabled" value="0b1" description="Open Drain Enabled"/>
    </bit_field>
    <bit_field offset="12" width="1" name="PKE" access="RW" reset_value="0x1" description="Pull / Keep Enable Field">
      <alias type="CMSIS" value="IOMUXC_SNVS_SW_PAD_CTL_PAD_ONOFF_PKE(x)"/>
      <bit_field_value name="SW_PAD_CTL_PAD_ONOFF_PKE_PKE_0_Pull_Keeper_Disabled" value="0b0" description="Pull/Keeper Disabled"/>
      <bit_field_value name="SW_PAD_CTL_PAD_ONOFF_PKE_PKE_1_Pull_Keeper_Enabled" value="0b1" description="Pull/Keeper Enabled"/>
    </bit_field>
    <bit_field offset="13" width="1" name="PUE" access="RW" reset_value="0x1" description="Pull / Keep Select Field">
      <alias type="CMSIS" value="IOMUXC_SNVS_SW_PAD_CTL_PAD_ONOFF_PUE(x)"/>
      <bit_field_value name="SW_PAD_CTL_PAD_ONOFF_PUE_PUE_0_Keeper" value="0b0" description="Keeper"/>
      <bit_field_value name="SW_PAD_CTL_PAD_ONOFF_PUE_PUE_1_Pull" value="0b1" description="Pull"/>
    </bit_field>
    <bit_field offset="14" width="2" name="PUS" access="RW" reset_value="0x2" description="Pull Up / Down Config. Field">
      <alias type="CMSIS" value="IOMUXC_SNVS_SW_PAD_CTL_PAD_ONOFF_PUS(x)"/>
      <bit_field_value name="SW_PAD_CTL_PAD_ONOFF_PUS_PUS_0_100K_Ohm_Pull_Down" value="0b00" description="100K Ohm Pull Down"/>
      <bit_field_value name="SW_PAD_CTL_PAD_ONOFF_PUS_PUS_1_47K_Ohm_Pull_Up" value="0b01" description="47K Ohm Pull Up"/>
      <bit_field_value name="SW_PAD_CTL_PAD_ONOFF_PUS_PUS_2_100K_Ohm_Pull_Up" value="0b10" description="100K Ohm Pull Up"/>
      <bit_field_value name="SW_PAD_CTL_PAD_ONOFF_PUS_PUS_3_22K_Ohm_Pull_Up" value="0b11" description="22K Ohm Pull Up"/>
    </bit_field>
    <bit_field offset="16" width="1" name="HYS" access="RW" reset_value="0x1" description="Hyst. Enable Field">
      <alias type="CMSIS" value="IOMUXC_SNVS_SW_PAD_CTL_PAD_ONOFF_HYS(x)"/>
      <bit_field_value name="SW_PAD_CTL_PAD_ONOFF_HYS_HYS_0_Hysteresis_Disabled" value="0b0" description="Hysteresis Disabled"/>
      <bit_field_value name="SW_PAD_CTL_PAD_ONOFF_HYS_HYS_1_Hysteresis_Enabled" value="0b1" description="Hysteresis Enabled"/>
    </bit_field>
    <reserved_bit_field offset="17" width="15" reset_value="0"/>
  </register>
  <register offset="0x18" width="32" name="SW_PAD_CTL_PAD_WAKEUP" description="SW_PAD_CTL_PAD_WAKEUP SW PAD Control Register">
    <alias type="CMSIS" value="SW_PAD_CTL_PAD_WAKEUP"/>
    <bit_field offset="0" width="1" name="SRE" access="RW" reset_value="0" description="Slew Rate Field">
      <alias type="CMSIS" value="IOMUXC_SNVS_SW_PAD_CTL_PAD_WAKEUP_SRE(x)"/>
      <bit_field_value name="SW_PAD_CTL_PAD_WAKEUP_SRE_SRE_0_Slow_Slew_Rate" value="0b0" description="Slow Slew Rate"/>
      <bit_field_value name="SW_PAD_CTL_PAD_WAKEUP_SRE_SRE_1_Fast_Slew_Rate" value="0b1" description="Fast Slew Rate"/>
    </bit_field>
    <reserved_bit_field offset="1" width="2" reset_value="0"/>
    <bit_field offset="3" width="3" name="DSE" access="RW" reset_value="0x4" description="Drive Strength Field">
      <alias type="CMSIS" value="IOMUXC_SNVS_SW_PAD_CTL_PAD_WAKEUP_DSE(x)"/>
      <bit_field_value name="SW_PAD_CTL_PAD_WAKEUP_DSE_DSE_0_output_driver_disabled_" value="0b000" description="output driver disabled;"/>
      <bit_field_value name="SW_PAD_CTL_PAD_WAKEUP_DSE_DSE_1_R0_150_Ohm___3_3V__260_Ohm_1_8V" value="0b001" description="R0(150 Ohm @ 3.3V, 260 Ohm@1.8V)"/>
      <bit_field_value name="SW_PAD_CTL_PAD_WAKEUP_DSE_DSE_2_R0_2" value="0b010" description="R0/2"/>
      <bit_field_value name="SW_PAD_CTL_PAD_WAKEUP_DSE_DSE_3_R0_3" value="0b011" description="R0/3"/>
      <bit_field_value name="SW_PAD_CTL_PAD_WAKEUP_DSE_DSE_4_R0_4" value="0b100" description="R0/4"/>
      <bit_field_value name="SW_PAD_CTL_PAD_WAKEUP_DSE_DSE_5_R0_5" value="0b101" description="R0/5"/>
      <bit_field_value name="SW_PAD_CTL_PAD_WAKEUP_DSE_DSE_6_R0_6" value="0b110" description="R0/6"/>
      <bit_field_value name="SW_PAD_CTL_PAD_WAKEUP_DSE_DSE_7_R0_7" value="0b111" description="R0/7"/>
    </bit_field>
    <bit_field offset="6" width="2" name="SPEED" access="RO" reset_value="0x2" description="Speed Field">
      <alias type="CMSIS" value="IOMUXC_SNVS_SW_PAD_CTL_PAD_WAKEUP_SPEED(x)"/>
      <bit_field_value name="SW_PAD_CTL_PAD_WAKEUP_SPEED_SPEED" value="0b10" description="medium(100MHz)"/>
    </bit_field>
    <reserved_bit_field offset="8" width="3" reset_value="0"/>
    <bit_field offset="11" width="1" name="ODE" access="RW" reset_value="0" description="Open Drain Enable Field">
      <alias type="CMSIS" value="IOMUXC_SNVS_SW_PAD_CTL_PAD_WAKEUP_ODE(x)"/>
      <bit_field_value name="SW_PAD_CTL_PAD_WAKEUP_ODE_ODE_0_Open_Drain_Disabled" value="0b0" description="Open Drain Disabled"/>
      <bit_field_value name="SW_PAD_CTL_PAD_WAKEUP_ODE_ODE_1_Open_Drain_Enabled" value="0b1" description="Open Drain Enabled"/>
    </bit_field>
    <bit_field offset="12" width="1" name="PKE" access="RW" reset_value="0x1" description="Pull / Keep Enable Field">
      <alias type="CMSIS" value="IOMUXC_SNVS_SW_PAD_CTL_PAD_WAKEUP_PKE(x)"/>
      <bit_field_value name="SW_PAD_CTL_PAD_WAKEUP_PKE_PKE_0_Pull_Keeper_Disabled" value="0b0" description="Pull/Keeper Disabled"/>
      <bit_field_value name="SW_PAD_CTL_PAD_WAKEUP_PKE_PKE_1_Pull_Keeper_Enabled" value="0b1" description="Pull/Keeper Enabled"/>
    </bit_field>
    <bit_field offset="13" width="1" name="PUE" access="RW" reset_value="0x1" description="Pull / Keep Select Field">
      <alias type="CMSIS" value="IOMUXC_SNVS_SW_PAD_CTL_PAD_WAKEUP_PUE(x)"/>
      <bit_field_value name="SW_PAD_CTL_PAD_WAKEUP_PUE_PUE_0_Keeper" value="0b0" description="Keeper"/>
      <bit_field_value name="SW_PAD_CTL_PAD_WAKEUP_PUE_PUE_1_Pull" value="0b1" description="Pull"/>
    </bit_field>
    <bit_field offset="14" width="2" name="PUS" access="RW" reset_value="0x2" description="Pull Up / Down Config. Field">
      <alias type="CMSIS" value="IOMUXC_SNVS_SW_PAD_CTL_PAD_WAKEUP_PUS(x)"/>
      <bit_field_value name="SW_PAD_CTL_PAD_WAKEUP_PUS_PUS_0_100K_Ohm_Pull_Down" value="0b00" description="100K Ohm Pull Down"/>
      <bit_field_value name="SW_PAD_CTL_PAD_WAKEUP_PUS_PUS_1_47K_Ohm_Pull_Up" value="0b01" description="47K Ohm Pull Up"/>
      <bit_field_value name="SW_PAD_CTL_PAD_WAKEUP_PUS_PUS_2_100K_Ohm_Pull_Up" value="0b10" description="100K Ohm Pull Up"/>
      <bit_field_value name="SW_PAD_CTL_PAD_WAKEUP_PUS_PUS_3_22K_Ohm_Pull_Up" value="0b11" description="22K Ohm Pull Up"/>
    </bit_field>
    <bit_field offset="16" width="1" name="HYS" access="RW" reset_value="0x1" description="Hyst. Enable Field">
      <alias type="CMSIS" value="IOMUXC_SNVS_SW_PAD_CTL_PAD_WAKEUP_HYS(x)"/>
      <bit_field_value name="SW_PAD_CTL_PAD_WAKEUP_HYS_HYS_0_Hysteresis_Disabled" value="0b0" description="Hysteresis Disabled"/>
      <bit_field_value name="SW_PAD_CTL_PAD_WAKEUP_HYS_HYS_1_Hysteresis_Enabled" value="0b1" description="Hysteresis Enabled"/>
    </bit_field>
    <reserved_bit_field offset="17" width="15" reset_value="0"/>
  </register>
  <register offset="0x1C" width="32" name="SW_PAD_CTL_PAD_PMIC_ON_REQ" description="SW_PAD_CTL_PAD_PMIC_ON_REQ SW PAD Control Register">
    <alias type="CMSIS" value="SW_PAD_CTL_PAD_PMIC_ON_REQ"/>
    <bit_field offset="0" width="1" name="SRE" access="RW" reset_value="0" description="Slew Rate Field">
      <alias type="CMSIS" value="IOMUXC_SNVS_SW_PAD_CTL_PAD_PMIC_ON_REQ_SRE(x)"/>
      <bit_field_value name="SW_PAD_CTL_PAD_PMIC_ON_REQ_SRE_SRE_0_Slow_Slew_Rate" value="0b0" description="Slow Slew Rate"/>
      <bit_field_value name="SW_PAD_CTL_PAD_PMIC_ON_REQ_SRE_SRE_1_Fast_Slew_Rate" value="0b1" description="Fast Slew Rate"/>
    </bit_field>
    <reserved_bit_field offset="1" width="2" reset_value="0"/>
    <bit_field offset="3" width="3" name="DSE" access="RW" reset_value="0x4" description="Drive Strength Field">
      <alias type="CMSIS" value="IOMUXC_SNVS_SW_PAD_CTL_PAD_PMIC_ON_REQ_DSE(x)"/>
      <bit_field_value name="SW_PAD_CTL_PAD_PMIC_ON_REQ_DSE_DSE_0_output_driver_disabled_" value="0b000" description="output driver disabled;"/>
      <bit_field_value name="SW_PAD_CTL_PAD_PMIC_ON_REQ_DSE_DSE_1_R0_150_Ohm___3_3V__260_Ohm_1_8V" value="0b001" description="R0(150 Ohm @ 3.3V, 260 Ohm@1.8V)"/>
      <bit_field_value name="SW_PAD_CTL_PAD_PMIC_ON_REQ_DSE_DSE_2_R0_2" value="0b010" description="R0/2"/>
      <bit_field_value name="SW_PAD_CTL_PAD_PMIC_ON_REQ_DSE_DSE_3_R0_3" value="0b011" description="R0/3"/>
      <bit_field_value name="SW_PAD_CTL_PAD_PMIC_ON_REQ_DSE_DSE_4_R0_4" value="0b100" description="R0/4"/>
      <bit_field_value name="SW_PAD_CTL_PAD_PMIC_ON_REQ_DSE_DSE_5_R0_5" value="0b101" description="R0/5"/>
      <bit_field_value name="SW_PAD_CTL_PAD_PMIC_ON_REQ_DSE_DSE_6_R0_6" value="0b110" description="R0/6"/>
      <bit_field_value name="SW_PAD_CTL_PAD_PMIC_ON_REQ_DSE_DSE_7_R0_7" value="0b111" description="R0/7"/>
    </bit_field>
    <bit_field offset="6" width="2" name="SPEED" access="RO" reset_value="0x2" description="Speed Field">
      <alias type="CMSIS" value="IOMUXC_SNVS_SW_PAD_CTL_PAD_PMIC_ON_REQ_SPEED(x)"/>
      <bit_field_value name="SW_PAD_CTL_PAD_PMIC_ON_REQ_SPEED_SPEED" value="0b10" description="medium(100MHz)"/>
    </bit_field>
    <reserved_bit_field offset="8" width="3" reset_value="0"/>
    <bit_field offset="11" width="1" name="ODE" access="RW" reset_value="0x1" description="Open Drain Enable Field">
      <alias type="CMSIS" value="IOMUXC_SNVS_SW_PAD_CTL_PAD_PMIC_ON_REQ_ODE(x)"/>
      <bit_field_value name="SW_PAD_CTL_PAD_PMIC_ON_REQ_ODE_ODE_0_Open_Drain_Disabled" value="0b0" description="Open Drain Disabled"/>
      <bit_field_value name="SW_PAD_CTL_PAD_PMIC_ON_REQ_ODE_ODE_1_Open_Drain_Enabled" value="0b1" description="Open Drain Enabled"/>
    </bit_field>
    <bit_field offset="12" width="1" name="PKE" access="RW" reset_value="0x1" description="Pull / Keep Enable Field">
      <alias type="CMSIS" value="IOMUXC_SNVS_SW_PAD_CTL_PAD_PMIC_ON_REQ_PKE(x)"/>
      <bit_field_value name="SW_PAD_CTL_PAD_PMIC_ON_REQ_PKE_PKE_0_Pull_Keeper_Disabled" value="0b0" description="Pull/Keeper Disabled"/>
      <bit_field_value name="SW_PAD_CTL_PAD_PMIC_ON_REQ_PKE_PKE_1_Pull_Keeper_Enabled" value="0b1" description="Pull/Keeper Enabled"/>
    </bit_field>
    <bit_field offset="13" width="1" name="PUE" access="RW" reset_value="0x1" description="Pull / Keep Select Field">
      <alias type="CMSIS" value="IOMUXC_SNVS_SW_PAD_CTL_PAD_PMIC_ON_REQ_PUE(x)"/>
      <bit_field_value name="SW_PAD_CTL_PAD_PMIC_ON_REQ_PUE_PUE_0_Keeper" value="0b0" description="Keeper"/>
      <bit_field_value name="SW_PAD_CTL_PAD_PMIC_ON_REQ_PUE_PUE_1_Pull" value="0b1" description="Pull"/>
    </bit_field>
    <bit_field offset="14" width="2" name="PUS" access="RW" reset_value="0x2" description="Pull Up / Down Config. Field">
      <alias type="CMSIS" value="IOMUXC_SNVS_SW_PAD_CTL_PAD_PMIC_ON_REQ_PUS(x)"/>
      <bit_field_value name="SW_PAD_CTL_PAD_PMIC_ON_REQ_PUS_PUS_0_100K_Ohm_Pull_Down" value="0b00" description="100K Ohm Pull Down"/>
      <bit_field_value name="SW_PAD_CTL_PAD_PMIC_ON_REQ_PUS_PUS_1_47K_Ohm_Pull_Up" value="0b01" description="47K Ohm Pull Up"/>
      <bit_field_value name="SW_PAD_CTL_PAD_PMIC_ON_REQ_PUS_PUS_2_100K_Ohm_Pull_Up" value="0b10" description="100K Ohm Pull Up"/>
      <bit_field_value name="SW_PAD_CTL_PAD_PMIC_ON_REQ_PUS_PUS_3_22K_Ohm_Pull_Up" value="0b11" description="22K Ohm Pull Up"/>
    </bit_field>
    <bit_field offset="16" width="1" name="HYS" access="RW" reset_value="0" description="Hyst. Enable Field">
      <alias type="CMSIS" value="IOMUXC_SNVS_SW_PAD_CTL_PAD_PMIC_ON_REQ_HYS(x)"/>
      <bit_field_value name="SW_PAD_CTL_PAD_PMIC_ON_REQ_HYS_HYS_0_Hysteresis_Disabled" value="0b0" description="Hysteresis Disabled"/>
      <bit_field_value name="SW_PAD_CTL_PAD_PMIC_ON_REQ_HYS_HYS_1_Hysteresis_Enabled" value="0b1" description="Hysteresis Enabled"/>
    </bit_field>
    <reserved_bit_field offset="17" width="15" reset_value="0"/>
  </register>
  <register offset="0x20" width="32" name="SW_PAD_CTL_PAD_PMIC_STBY_REQ" description="SW_PAD_CTL_PAD_PMIC_STBY_REQ SW PAD Control Register">
    <alias type="CMSIS" value="SW_PAD_CTL_PAD_PMIC_STBY_REQ"/>
    <bit_field offset="0" width="1" name="SRE" access="RW" reset_value="0" description="Slew Rate Field">
      <alias type="CMSIS" value="IOMUXC_SNVS_SW_PAD_CTL_PAD_PMIC_STBY_REQ_SRE(x)"/>
      <bit_field_value name="SW_PAD_CTL_PAD_PMIC_STBY_REQ_SRE_SRE_0_Slow_Slew_Rate" value="0b0" description="Slow Slew Rate"/>
      <bit_field_value name="SW_PAD_CTL_PAD_PMIC_STBY_REQ_SRE_SRE_1_Fast_Slew_Rate" value="0b1" description="Fast Slew Rate"/>
    </bit_field>
    <reserved_bit_field offset="1" width="2" reset_value="0"/>
    <bit_field offset="3" width="3" name="DSE" access="RW" reset_value="0x4" description="Drive Strength Field">
      <alias type="CMSIS" value="IOMUXC_SNVS_SW_PAD_CTL_PAD_PMIC_STBY_REQ_DSE(x)"/>
      <bit_field_value name="SW_PAD_CTL_PAD_PMIC_STBY_REQ_DSE_DSE_0_output_driver_disabled_" value="0b000" description="output driver disabled;"/>
      <bit_field_value name="SW_PAD_CTL_PAD_PMIC_STBY_REQ_DSE_DSE_1_R0_150_Ohm___3_3V__260_Ohm_1_8V" value="0b001" description="R0(150 Ohm @ 3.3V, 260 Ohm@1.8V)"/>
      <bit_field_value name="SW_PAD_CTL_PAD_PMIC_STBY_REQ_DSE_DSE_2_R0_2" value="0b010" description="R0/2"/>
      <bit_field_value name="SW_PAD_CTL_PAD_PMIC_STBY_REQ_DSE_DSE_3_R0_3" value="0b011" description="R0/3"/>
      <bit_field_value name="SW_PAD_CTL_PAD_PMIC_STBY_REQ_DSE_DSE_4_R0_4" value="0b100" description="R0/4"/>
      <bit_field_value name="SW_PAD_CTL_PAD_PMIC_STBY_REQ_DSE_DSE_5_R0_5" value="0b101" description="R0/5"/>
      <bit_field_value name="SW_PAD_CTL_PAD_PMIC_STBY_REQ_DSE_DSE_6_R0_6" value="0b110" description="R0/6"/>
      <bit_field_value name="SW_PAD_CTL_PAD_PMIC_STBY_REQ_DSE_DSE_7_R0_7" value="0b111" description="R0/7"/>
    </bit_field>
    <bit_field offset="6" width="2" name="SPEED" access="RO" reset_value="0x2" description="Speed Field">
      <alias type="CMSIS" value="IOMUXC_SNVS_SW_PAD_CTL_PAD_PMIC_STBY_REQ_SPEED(x)"/>
      <bit_field_value name="SW_PAD_CTL_PAD_PMIC_STBY_REQ_SPEED_SPEED" value="0b10" description="medium(100MHz)"/>
    </bit_field>
    <reserved_bit_field offset="8" width="3" reset_value="0"/>
    <bit_field offset="11" width="1" name="ODE" access="RW" reset_value="0" description="Open Drain Enable Field">
      <alias type="CMSIS" value="IOMUXC_SNVS_SW_PAD_CTL_PAD_PMIC_STBY_REQ_ODE(x)"/>
      <bit_field_value name="SW_PAD_CTL_PAD_PMIC_STBY_REQ_ODE_ODE_0_Open_Drain_Disabled" value="0b0" description="Open Drain Disabled"/>
      <bit_field_value name="SW_PAD_CTL_PAD_PMIC_STBY_REQ_ODE_ODE_1_Open_Drain_Enabled" value="0b1" description="Open Drain Enabled"/>
    </bit_field>
    <bit_field offset="12" width="1" name="PKE" access="RW" reset_value="0" description="Pull / Keep Enable Field">
      <alias type="CMSIS" value="IOMUXC_SNVS_SW_PAD_CTL_PAD_PMIC_STBY_REQ_PKE(x)"/>
      <bit_field_value name="SW_PAD_CTL_PAD_PMIC_STBY_REQ_PKE_PKE_0_Pull_Keeper_Disabled" value="0b0" description="Pull/Keeper Disabled"/>
      <bit_field_value name="SW_PAD_CTL_PAD_PMIC_STBY_REQ_PKE_PKE_1_Pull_Keeper_Enabled" value="0b1" description="Pull/Keeper Enabled"/>
    </bit_field>
    <bit_field offset="13" width="1" name="PUE" access="RW" reset_value="0x1" description="Pull / Keep Select Field">
      <alias type="CMSIS" value="IOMUXC_SNVS_SW_PAD_CTL_PAD_PMIC_STBY_REQ_PUE(x)"/>
      <bit_field_value name="SW_PAD_CTL_PAD_PMIC_STBY_REQ_PUE_PUE_0_Keeper" value="0b0" description="Keeper"/>
      <bit_field_value name="SW_PAD_CTL_PAD_PMIC_STBY_REQ_PUE_PUE_1_Pull" value="0b1" description="Pull"/>
    </bit_field>
    <bit_field offset="14" width="2" name="PUS" access="RW" reset_value="0x2" description="Pull Up / Down Config. Field">
      <alias type="CMSIS" value="IOMUXC_SNVS_SW_PAD_CTL_PAD_PMIC_STBY_REQ_PUS(x)"/>
      <bit_field_value name="SW_PAD_CTL_PAD_PMIC_STBY_REQ_PUS_PUS_0_100K_Ohm_Pull_Down" value="0b00" description="100K Ohm Pull Down"/>
      <bit_field_value name="SW_PAD_CTL_PAD_PMIC_STBY_REQ_PUS_PUS_1_47K_Ohm_Pull_Up" value="0b01" description="47K Ohm Pull Up"/>
      <bit_field_value name="SW_PAD_CTL_PAD_PMIC_STBY_REQ_PUS_PUS_2_100K_Ohm_Pull_Up" value="0b10" description="100K Ohm Pull Up"/>
      <bit_field_value name="SW_PAD_CTL_PAD_PMIC_STBY_REQ_PUS_PUS_3_22K_Ohm_Pull_Up" value="0b11" description="22K Ohm Pull Up"/>
    </bit_field>
    <bit_field offset="16" width="1" name="HYS" access="RW" reset_value="0" description="Hyst. Enable Field">
      <alias type="CMSIS" value="IOMUXC_SNVS_SW_PAD_CTL_PAD_PMIC_STBY_REQ_HYS(x)"/>
      <bit_field_value name="SW_PAD_CTL_PAD_PMIC_STBY_REQ_HYS_HYS_0_Hysteresis_Disabled" value="0b0" description="Hysteresis Disabled"/>
      <bit_field_value name="SW_PAD_CTL_PAD_PMIC_STBY_REQ_HYS_HYS_1_Hysteresis_Enabled" value="0b1" description="Hysteresis Enabled"/>
    </bit_field>
    <reserved_bit_field offset="17" width="15" reset_value="0"/>
  </register>
</regs:peripheral>