<?xml version="1.0"?>
<regs:peripheral xmlns:regs="http://swtools.freescale.net/XSD/registers/4.0/regsPeripheral.xsd" xmlns:xsi="http://www.w3.org/2001/XMLSchema-instance" xsi:schemaLocation="http://swtools.freescale.net/XSD/registers/4.0/regsPeripheral.xsd http://swtools.freescale.net/XSD/registers/4.0/regsPeripheral.xsd">
  <register offset="0" width="32" name="GPR0" description="GPR0 General Purpose Register">
    <alias type="CMSIS" value="GPR0"/>
    <reserved_bit_field offset="0" width="32" reset_value="0"/>
  </register>
  <register offset="0x4" width="32" name="GPR1" description="GPR1 General Purpose Register">
    <alias type="CMSIS" value="GPR1"/>
    <reserved_bit_field offset="0" width="32" reset_value="0"/>
  </register>
  <register offset="0x8" width="32" name="GPR2" description="GPR2 General Purpose Register">
    <alias type="CMSIS" value="GPR2"/>
    <reserved_bit_field offset="0" width="32" reset_value="0"/>
  </register>
  <register offset="0xC" width="32" name="GPR3" description="GPR3 General Purpose Register">
    <alias type="CMSIS" value="GPR3"/>
    <bit_field offset="0" width="1" name="LPSR_MODE_ENABLE" access="RW" reset_value="0" description="Set to enable LPSR mode.">
      <alias type="CMSIS" value="IOMUXC_SNVS_GPR_GPR3_LPSR_MODE_ENABLE(x)"/>
      <bit_field_value name="GPR3_LPSR_MODE_ENABLE_0b0" value="0b0" description="SNVS domain will reset when system reset happens"/>
      <bit_field_value name="GPR3_LPSR_MODE_ENABLE_0b1" value="0b1" description="SNVS domain will only reset with SNVS POR"/>
    </bit_field>
    <bit_field offset="1" width="1" name="DCDC_STATUS_CAPT_CLR" access="RW" reset_value="0" description="DCDC captured status clear">
      <alias type="CMSIS" value="IOMUXC_SNVS_GPR_GPR3_DCDC_STATUS_CAPT_CLR(x)"/>
    </bit_field>
    <bit_field offset="2" width="2" name="POR_PULL_TYPE" access="RW" reset_value="0" description="POR_B pad control">
      <alias type="CMSIS" value="IOMUXC_SNVS_GPR_GPR3_POR_PULL_TYPE(x)"/>
      <bit_field_value name="GPR3_POR_PULL_TYPE_0b00" value="0b00" description="100 Ohm pull up enabled for POR_B always"/>
      <bit_field_value name="GPR3_POR_PULL_TYPE_0b01" value="0b01" description="Disable pull in SNVS mode, 100 Ohm pull up enabled otherwise"/>
      <bit_field_value name="GPR3_POR_PULL_TYPE_0b10" value="0b10" description="Disable pull of POR_B always"/>
      <bit_field_value name="GPR3_POR_PULL_TYPE_0b11" value="0b11" description="100 Ohm pull down enabled in SNVS mode, 100 Ohm pull up enabled otherwise"/>
    </bit_field>
    <reserved_bit_field offset="4" width="12" reset_value="0"/>
    <bit_field offset="16" width="1" name="DCDC_IN_LOW_VOL" access="RO" reset_value="0" description="DCDC_IN low voltage detect.">
      <alias type="CMSIS" value="IOMUXC_SNVS_GPR_GPR3_DCDC_IN_LOW_VOL(x)"/>
      <bit_field_value name="GPR3_DCDC_IN_LOW_VOL_0b0" value="0b0" description="DCDC_IN is ok"/>
      <bit_field_value name="GPR3_DCDC_IN_LOW_VOL_0b1" value="0b1" description="DCDC_IN is too low"/>
    </bit_field>
    <bit_field offset="17" width="1" name="DCDC_OVER_CUR" access="RO" reset_value="0" description="DCDC output over current alert">
      <alias type="CMSIS" value="IOMUXC_SNVS_GPR_GPR3_DCDC_OVER_CUR(x)"/>
      <bit_field_value name="GPR3_DCDC_OVER_CUR_0b0" value="0b0" description="No over current detected"/>
      <bit_field_value name="GPR3_DCDC_OVER_CUR_0b1" value="0b1" description="Over current detected"/>
    </bit_field>
    <bit_field offset="18" width="1" name="DCDC_OVER_VOL" access="RO" reset_value="0" description="DCDC output over voltage alert">
      <alias type="CMSIS" value="IOMUXC_SNVS_GPR_GPR3_DCDC_OVER_VOL(x)"/>
      <bit_field_value name="GPR3_DCDC_OVER_VOL_0b0" value="0b0" description="No over voltage detected"/>
      <bit_field_value name="GPR3_DCDC_OVER_VOL_0b1" value="0b1" description="Over voltage detected"/>
    </bit_field>
    <bit_field offset="19" width="1" name="DCDC_STS_DC_OK" access="RO" reset_value="0" description="DCDC status OK">
      <alias type="CMSIS" value="IOMUXC_SNVS_GPR_GPR3_DCDC_STS_DC_OK(x)"/>
      <bit_field_value name="GPR3_DCDC_STS_DC_OK_0b0" value="0b0" description="DCDC is ramping up and not ready"/>
      <bit_field_value name="GPR3_DCDC_STS_DC_OK_0b1" value="0b1" description="DCDC is ready"/>
    </bit_field>
    <reserved_bit_field offset="20" width="12" reset_value="0"/>
  </register>
</regs:peripheral>