<?xml version="1.0"?>
<regs:peripheral xmlns:regs="http://swtools.freescale.net/XSD/registers/4.0/regsPeripheral.xsd" xmlns:xsi="http://www.w3.org/2001/XMLSchema-instance" xsi:schemaLocation="http://swtools.freescale.net/XSD/registers/4.0/regsPeripheral.xsd http://swtools.freescale.net/XSD/registers/4.0/regsPeripheral.xsd">
  <register offset="0" width="16" name="KPCR" description="Keypad Control Register">
    <alias type="CMSIS" value="KPCR"/>
    <bit_field offset="0" width="8" name="KRE" access="RW" reset_value="0" description="Keypad Row Enable. Setting a row enable control bit in this register enables the corresponding row line to participate in interrupt generation. Likewise, clearing a bit disables that row from being used to generate an interrupt. This register is cleared by a reset, disabling all rows. The row-enable logic is independent of the programmed direction of the pin. Writing a &quot;0&quot; to the data register of the pins configured as outputs will cause a keypad interrupt to be generated if the row enable associated with that bit is set.">
      <alias type="CMSIS" value="KPP_KPCR_KRE(x)"/>
      <bit_field_value name="KPCR_KRE_0b00000000" value="0b00000000" description="Row is not included in the keypad key press detect."/>
      <bit_field_value name="KPCR_KRE_0b00000001" value="0b00000001" description="Row is included in the keypad key press detect."/>
    </bit_field>
    <bit_field offset="8" width="8" name="KCO" access="RW" reset_value="0" description="Keypad Column Strobe Open-Drain Enable. Setting a column open-drain enable bit (KCO7-KCO0) disables the pull-up driver on that pin. Clearing the bit allows the pin to drive to the high state. This bit has no effect when the pin is configured as an input. Configuration of external port control logic (for example, IOMUX) should be done properly so that the KPP controls an open-drain enable of the pin.">
      <alias type="CMSIS" value="KPP_KPCR_KCO(x)"/>
      <bit_field_value name="KPCR_KCO_TOTEM_POLE" value="0b00000000" description="Column strobe output is totem pole drive."/>
      <bit_field_value name="KPCR_KCO_OPEN_DRAIN" value="0b00000001" description="Column strobe output is open drain."/>
    </bit_field>
  </register>
  <register offset="0x2" width="16" name="KPSR" description="Keypad Status Register">
    <alias type="CMSIS" value="KPSR"/>
    <bit_field offset="0" width="1" name="KPKD" access="W1C" reset_value="0" description="Keypad Key Depress. The keypad key depress (KPKD) status bit is set when one or more enabled rows are detected low after synchronization. The KPKD status bit remains set until cleared by the software. The KPKD bit may be used to generate a maskable key depress interrupt. If desired, the software may clear the key press synchronizer chain to allow a repeated interrupt to be generated while a key remains pressed. In this case, a new interrupt will be generated after the synchronizer delay (4 cycles of the low frequency reference clock (ipg_clk_32k) elapses if a key remains pressed. This functionality can be used to detect a long key press. This allows detection of additional key presses of the same key or other keys. Due to the logic function of the release and depress synchronizer chains, it is possible to see the re-assertion of a status flag (KPKD or KPKR) if it is cleared by the software prior to the system exiting the state it represents.">
      <alias type="CMSIS" value="KPP_KPSR_KPKD(x)"/>
      <bit_field_value name="KPSR_KPKD_0b0" value="0b0" description="No key presses detected"/>
      <bit_field_value name="KPSR_KPKD_0b1" value="0b1" description="A key has been depressed"/>
    </bit_field>
    <bit_field offset="1" width="1" name="KPKR" access="W1C" reset_value="0" description="Keypad Key Release. The keypad key release (KPKR) status bit is set when all enabled rows are detected high after synchronization (the KPKR status bit will be set when cleared by a reset). The KPKR bit may be used to generate a maskable key release interrupt. The key release synchronizer may be set high by software after scanning the keypad to ensure a known state. Due to the logic function of the release and depress synchronizer chains, it is possible to see the re-assertion of a status flag (KPKD or KPKR) if it is cleared by software prior to the system exiting the state it represents. Reset value of register is &quot;0&quot; as long as reset is asserted. However when reset is de-asserted, the value of the register depends upon the external row pins and can become &quot;1&quot;.">
      <alias type="CMSIS" value="KPP_KPSR_KPKR(x)"/>
      <bit_field_value name="KPSR_KPKR_0b0" value="0b0" description="No key release detected"/>
      <bit_field_value name="KPSR_KPKR_0b1" value="0b1" description="All keys have been released"/>
    </bit_field>
    <bit_field offset="2" width="1" name="KDSC" access="WORZ" reset_value="0" description="Key Depress Synchronizer Clear. Self-clear bit. The Key depress synchronizer is cleared by writing a logic &quot;1&quot; into this bit. Reads return a value of &quot;0&quot;.">
      <alias type="CMSIS" value="KPP_KPSR_KDSC(x)"/>
      <bit_field_value name="KPSR_KDSC_0b0" value="0b0" description="No effect"/>
      <bit_field_value name="KPSR_KDSC_0b1" value="0b1" description="Set bits that clear the keypad depress synchronizer chain"/>
    </bit_field>
    <bit_field offset="3" width="1" name="KRSS" access="WORZ" reset_value="0" description="Key Release Synchronizer Set. Self-clear bit. The Key release synchronizer is set by writing a logic one into this bit. Reads return a value of &quot;0&quot;.">
      <alias type="CMSIS" value="KPP_KPSR_KRSS(x)"/>
      <bit_field_value name="KPSR_KRSS_0b0" value="0b0" description="No effect"/>
      <bit_field_value name="KPSR_KRSS_0b1" value="0b1" description="Set bits which sets keypad release synchronizer chain"/>
    </bit_field>
    <reserved_bit_field offset="4" width="4" reset_value="0"/>
    <bit_field offset="8" width="1" name="KDIE" access="RW" reset_value="0" description="Keypad Key Depress Interrupt Enable. Software should ensure that the interrupt for a Key Release event is masked until it has entered the key pressed state, and vice-versa, unless this activity is desired (as might be the case when a repeated interrupt is to be generated). The synchronizer chains are capable of being initialized to detect repeated key presses or releases. If they are not initialized when the corresponding event flag is cleared, false interrupts may be generated for depress (or release) events shorter than the length of the corresponding chain.">
      <alias type="CMSIS" value="KPP_KPSR_KDIE(x)"/>
      <bit_field_value name="KPSR_KDIE_0b0" value="0b0" description="No interrupt request is generated when KPKD is set."/>
      <bit_field_value name="KPSR_KDIE_0b1" value="0b1" description="An interrupt request is generated when KPKD is set."/>
    </bit_field>
    <bit_field offset="9" width="1" name="KRIE" access="RW" reset_value="0" description="Keypad Release Interrupt Enable. The software should ensure that the interrupt for a Key Release event is masked until it has entered the key pressed state, and vice versa, unless this activity is desired (as might be the case when a repeated interrupt is to be generated). The synchronizer chains are capable of being initialized to detect repeated key presses or releases. If they are not initialized when the corresponding event flag is cleared, false interrupts may be generated for depress (or release) events shorter than the length of the corresponding chain.">
      <alias type="CMSIS" value="KPP_KPSR_KRIE(x)"/>
      <bit_field_value name="KPSR_KRIE_0b0" value="0b0" description="No interrupt request is generated when KPKR is set."/>
      <bit_field_value name="KPSR_KRIE_0b1" value="0b1" description="An interrupt request is generated when KPKR is set."/>
    </bit_field>
    <reserved_bit_field offset="10" width="6" reset_value="0x1"/>
  </register>
  <register offset="0x4" width="16" name="KDDR" description="Keypad Data Direction Register">
    <alias type="CMSIS" value="KDDR"/>
    <bit_field offset="0" width="8" name="KRDD" access="RW" reset_value="0" description="Keypad Row Data Direction. Setting a bit configures the corresponding ROWn pin as an output (where n = 7 through 0).">
      <alias type="CMSIS" value="KPP_KDDR_KRDD(x)"/>
      <bit_field_value name="KDDR_KRDD_INPUT" value="0b00000000" description="ROWn pin configured as an input."/>
      <bit_field_value name="KDDR_KRDD_OUTPUT" value="0b00000001" description="ROWn pin configured as an output."/>
    </bit_field>
    <bit_field offset="8" width="8" name="KCDD" access="RW" reset_value="0" description="Keypad Column Data Direction Register. Setting a bit configures the corresponding COLn pin as an output (where n = 7 through 0).">
      <alias type="CMSIS" value="KPP_KDDR_KCDD(x)"/>
      <bit_field_value name="KDDR_KCDD_INPUT" value="0b00000000" description="COLn pin is configured as an input."/>
      <bit_field_value name="KDDR_KCDD_OUTPUT" value="0b00000001" description="COLn pin is configured as an output."/>
    </bit_field>
  </register>
  <register offset="0x6" width="16" name="KPDR" description="Keypad Data Register">
    <alias type="CMSIS" value="KPDR"/>
    <bit_field offset="0" width="8" name="KRD" access="RW" reset_value="0" description="Keypad Row Data. A read of these bits returns the value on the pin for those bits configured as inputs. Otherwise, the value read is the value stored in the register. 0 Read/Write &quot;0&quot; from/to row ports 1 Read/Write &quot;1&quot; from/to row ports">
      <alias type="CMSIS" value="KPP_KPDR_KRD(x)"/>
    </bit_field>
    <bit_field offset="8" width="8" name="KCD" access="RW" reset_value="0" description="Keypad Column Data. A read of these bits returns the value on the pin for those bits configured as inputs. Otherwise, the value read is the value stored in the register. 0 Read/Write &quot;0&quot; from/to column ports 1 Read/Write &quot;1&quot; from/to column ports">
      <alias type="CMSIS" value="KPP_KPDR_KCD(x)"/>
    </bit_field>
  </register>
</regs:peripheral>