<?xml version="1.0"?>
<regs:peripheral xmlns:regs="http://swtools.freescale.net/XSD/registers/4.0/regsPeripheral.xsd" xmlns:xsi="http://www.w3.org/2001/XMLSchema-instance" xsi:schemaLocation="http://swtools.freescale.net/XSD/registers/4.0/regsPeripheral.xsd http://swtools.freescale.net/XSD/registers/4.0/regsPeripheral.xsd">
  <register offset="0" width="32" name="VERID" description="Version ID Register">
    <alias type="CMSIS" value="VERID"/>
    <bit_field offset="0" width="16" name="FEATURE" access="RO" reset_value="0x3" description="Feature Specification Number">
      <alias type="CMSIS" value="LPI2C_VERID_FEATURE(x)"/>
      <bit_field_value name="VERID_FEATURE_0b0000000000000010" value="0b0000000000000010" description="Master only, with standard feature set"/>
      <bit_field_value name="VERID_FEATURE_0b0000000000000011" value="0b0000000000000011" description="Master and slave, with standard feature set"/>
    </bit_field>
    <bit_field offset="16" width="8" name="MINOR" access="RO" reset_value="0" description="Minor Version Number">
      <alias type="CMSIS" value="LPI2C_VERID_MINOR(x)"/>
    </bit_field>
    <bit_field offset="24" width="8" name="MAJOR" access="RO" reset_value="0x1" description="Major Version Number">
      <alias type="CMSIS" value="LPI2C_VERID_MAJOR(x)"/>
    </bit_field>
  </register>
  <register offset="0x4" width="32" name="PARAM" description="Parameter Register">
    <alias type="CMSIS" value="PARAM"/>
    <bit_field offset="0" width="4" name="MTXFIFO" access="RO" reset_value="0x2" description="Master Transmit FIFO Size">
      <alias type="CMSIS" value="LPI2C_PARAM_MTXFIFO(x)"/>
    </bit_field>
    <reserved_bit_field offset="4" width="4" reset_value="0"/>
    <bit_field offset="8" width="4" name="MRXFIFO" access="RO" reset_value="0x2" description="Master Receive FIFO Size">
      <alias type="CMSIS" value="LPI2C_PARAM_MRXFIFO(x)"/>
    </bit_field>
    <reserved_bit_field offset="12" width="4" reset_value="0"/>
    <reserved_bit_field offset="16" width="16" reset_value="0"/>
  </register>
  <register offset="0x10" width="32" name="MCR" description="Master Control Register">
    <alias type="CMSIS" value="MCR"/>
    <bit_field offset="0" width="1" name="MEN" access="RW" reset_value="0" description="Master Enable">
      <alias type="CMSIS" value="LPI2C_MCR_MEN(x)"/>
      <bit_field_value name="MCR_MEN_0b0" value="0b0" description="Master logic is disabled"/>
      <bit_field_value name="MCR_MEN_0b1" value="0b1" description="Master logic is enabled"/>
    </bit_field>
    <bit_field offset="1" width="1" name="RST" access="RW" reset_value="0" description="Software Reset">
      <alias type="CMSIS" value="LPI2C_MCR_RST(x)"/>
      <bit_field_value name="MCR_RST_0b0" value="0b0" description="Master logic is not reset"/>
      <bit_field_value name="MCR_RST_0b1" value="0b1" description="Master logic is reset"/>
    </bit_field>
    <bit_field offset="2" width="1" name="DOZEN" access="RW" reset_value="0" description="Doze mode enable">
      <alias type="CMSIS" value="LPI2C_MCR_DOZEN(x)"/>
      <bit_field_value name="MCR_DOZEN_0b0" value="0b0" description="Master is enabled in Doze mode"/>
      <bit_field_value name="MCR_DOZEN_0b1" value="0b1" description="Master is disabled in Doze mode"/>
    </bit_field>
    <bit_field offset="3" width="1" name="DBGEN" access="RW" reset_value="0" description="Debug Enable">
      <alias type="CMSIS" value="LPI2C_MCR_DBGEN(x)"/>
      <bit_field_value name="MCR_DBGEN_0b0" value="0b0" description="Master is disabled in debug mode"/>
      <bit_field_value name="MCR_DBGEN_0b1" value="0b1" description="Master is enabled in debug mode"/>
    </bit_field>
    <reserved_bit_field offset="4" width="4" reset_value="0"/>
    <bit_field offset="8" width="1" name="RTF" access="WORZ" reset_value="0" description="Reset Transmit FIFO">
      <alias type="CMSIS" value="LPI2C_MCR_RTF(x)"/>
      <bit_field_value name="MCR_RTF_0b0" value="0b0" description="No effect"/>
      <bit_field_value name="MCR_RTF_0b1" value="0b1" description="Transmit FIFO is reset"/>
    </bit_field>
    <bit_field offset="9" width="1" name="RRF" access="WORZ" reset_value="0" description="Reset Receive FIFO">
      <alias type="CMSIS" value="LPI2C_MCR_RRF(x)"/>
      <bit_field_value name="MCR_RRF_0b0" value="0b0" description="No effect"/>
      <bit_field_value name="MCR_RRF_0b1" value="0b1" description="Receive FIFO is reset"/>
    </bit_field>
    <reserved_bit_field offset="10" width="22" reset_value="0"/>
  </register>
  <register offset="0x14" width="32" name="MSR" description="Master Status Register">
    <alias type="CMSIS" value="MSR"/>
    <bit_field offset="0" width="1" name="TDF" access="RO" reset_value="0x1" description="Transmit Data Flag">
      <alias type="CMSIS" value="LPI2C_MSR_TDF(x)"/>
      <bit_field_value name="MSR_TDF_0b0" value="0b0" description="Transmit data is not requested"/>
      <bit_field_value name="MSR_TDF_0b1" value="0b1" description="Transmit data is requested"/>
    </bit_field>
    <bit_field offset="1" width="1" name="RDF" access="RO" reset_value="0" description="Receive Data Flag">
      <alias type="CMSIS" value="LPI2C_MSR_RDF(x)"/>
      <bit_field_value name="MSR_RDF_0b0" value="0b0" description="Receive Data is not ready"/>
      <bit_field_value name="MSR_RDF_0b1" value="0b1" description="Receive data is ready"/>
    </bit_field>
    <reserved_bit_field offset="2" width="6" reset_value="0"/>
    <bit_field offset="8" width="1" name="EPF" access="W1C" reset_value="0" description="End Packet Flag">
      <alias type="CMSIS" value="LPI2C_MSR_EPF(x)"/>
      <bit_field_value name="MSR_EPF_0b0" value="0b0" description="Master has not generated a STOP or Repeated START condition"/>
      <bit_field_value name="MSR_EPF_0b1" value="0b1" description="Master has generated a STOP or Repeated START condition"/>
    </bit_field>
    <bit_field offset="9" width="1" name="SDF" access="W1C" reset_value="0" description="STOP Detect Flag">
      <alias type="CMSIS" value="LPI2C_MSR_SDF(x)"/>
      <bit_field_value name="MSR_SDF_0b0" value="0b0" description="Master has not generated a STOP condition"/>
      <bit_field_value name="MSR_SDF_0b1" value="0b1" description="Master has generated a STOP condition"/>
    </bit_field>
    <bit_field offset="10" width="1" name="NDF" access="W1C" reset_value="0" description="NACK Detect Flag">
      <alias type="CMSIS" value="LPI2C_MSR_NDF(x)"/>
      <bit_field_value name="MSR_NDF_0b0" value="0b0" description="Unexpected NACK was not detected"/>
      <bit_field_value name="MSR_NDF_0b1" value="0b1" description="Unexpected NACK was detected"/>
    </bit_field>
    <bit_field offset="11" width="1" name="ALF" access="W1C" reset_value="0" description="Arbitration Lost Flag">
      <alias type="CMSIS" value="LPI2C_MSR_ALF(x)"/>
      <bit_field_value name="MSR_ALF_0b0" value="0b0" description="Master has not lost arbitration"/>
      <bit_field_value name="MSR_ALF_0b1" value="0b1" description="Master has lost arbitration"/>
    </bit_field>
    <bit_field offset="12" width="1" name="FEF" access="W1C" reset_value="0" description="FIFO Error Flag">
      <alias type="CMSIS" value="LPI2C_MSR_FEF(x)"/>
      <bit_field_value name="MSR_FEF_0b0" value="0b0" description="No error"/>
      <bit_field_value name="MSR_FEF_0b1" value="0b1" description="Master sending or receiving data without a START condition"/>
    </bit_field>
    <bit_field offset="13" width="1" name="PLTF" access="W1C" reset_value="0" description="Pin Low Timeout Flag">
      <alias type="CMSIS" value="LPI2C_MSR_PLTF(x)"/>
      <bit_field_value name="MSR_PLTF_0b0" value="0b0" description="Pin low timeout has not occurred or is disabled"/>
      <bit_field_value name="MSR_PLTF_0b1" value="0b1" description="Pin low timeout has occurred"/>
    </bit_field>
    <bit_field offset="14" width="1" name="DMF" access="W1C" reset_value="0" description="Data Match Flag">
      <alias type="CMSIS" value="LPI2C_MSR_DMF(x)"/>
      <bit_field_value name="MSR_DMF_0b0" value="0b0" description="Have not received matching data"/>
      <bit_field_value name="MSR_DMF_0b1" value="0b1" description="Have received matching data"/>
    </bit_field>
    <reserved_bit_field offset="15" width="1" reset_value="0"/>
    <reserved_bit_field offset="16" width="8" reset_value="0"/>
    <bit_field offset="24" width="1" name="MBF" access="RO" reset_value="0" description="Master Busy Flag">
      <alias type="CMSIS" value="LPI2C_MSR_MBF(x)"/>
      <bit_field_value name="MSR_MBF_0b0" value="0b0" description="I2C Master is idle"/>
      <bit_field_value name="MSR_MBF_0b1" value="0b1" description="I2C Master is busy"/>
    </bit_field>
    <bit_field offset="25" width="1" name="BBF" access="RO" reset_value="0" description="Bus Busy Flag">
      <alias type="CMSIS" value="LPI2C_MSR_BBF(x)"/>
      <bit_field_value name="MSR_BBF_0b0" value="0b0" description="I2C Bus is idle"/>
      <bit_field_value name="MSR_BBF_0b1" value="0b1" description="I2C Bus is busy"/>
    </bit_field>
    <reserved_bit_field offset="26" width="6" reset_value="0"/>
  </register>
  <register offset="0x18" width="32" name="MIER" description="Master Interrupt Enable Register">
    <alias type="CMSIS" value="MIER"/>
    <bit_field offset="0" width="1" name="TDIE" access="RW" reset_value="0" description="Transmit Data Interrupt Enable">
      <alias type="CMSIS" value="LPI2C_MIER_TDIE(x)"/>
      <bit_field_value name="MIER_TDIE_0b0" value="0b0" description="Disabled"/>
      <bit_field_value name="MIER_TDIE_0b1" value="0b1" description="Enabled"/>
    </bit_field>
    <bit_field offset="1" width="1" name="RDIE" access="RW" reset_value="0" description="Receive Data Interrupt Enable">
      <alias type="CMSIS" value="LPI2C_MIER_RDIE(x)"/>
      <bit_field_value name="MIER_RDIE_0b0" value="0b0" description="Disabled"/>
      <bit_field_value name="MIER_RDIE_0b1" value="0b1" description="Enabled"/>
    </bit_field>
    <reserved_bit_field offset="2" width="6" reset_value="0"/>
    <bit_field offset="8" width="1" name="EPIE" access="RW" reset_value="0" description="End Packet Interrupt Enable">
      <alias type="CMSIS" value="LPI2C_MIER_EPIE(x)"/>
      <bit_field_value name="MIER_EPIE_0b0" value="0b0" description="Disabled"/>
      <bit_field_value name="MIER_EPIE_0b1" value="0b1" description="Enabled"/>
    </bit_field>
    <bit_field offset="9" width="1" name="SDIE" access="RW" reset_value="0" description="STOP Detect Interrupt Enable">
      <alias type="CMSIS" value="LPI2C_MIER_SDIE(x)"/>
      <bit_field_value name="MIER_SDIE_0b0" value="0b0" description="Disabled"/>
      <bit_field_value name="MIER_SDIE_0b1" value="0b1" description="Enabled"/>
    </bit_field>
    <bit_field offset="10" width="1" name="NDIE" access="RW" reset_value="0" description="NACK Detect Interrupt Enable">
      <alias type="CMSIS" value="LPI2C_MIER_NDIE(x)"/>
      <bit_field_value name="MIER_NDIE_0b0" value="0b0" description="Disabled"/>
      <bit_field_value name="MIER_NDIE_0b1" value="0b1" description="Enabled"/>
    </bit_field>
    <bit_field offset="11" width="1" name="ALIE" access="RW" reset_value="0" description="Arbitration Lost Interrupt Enable">
      <alias type="CMSIS" value="LPI2C_MIER_ALIE(x)"/>
      <bit_field_value name="MIER_ALIE_0b0" value="0b0" description="Disabled"/>
      <bit_field_value name="MIER_ALIE_0b1" value="0b1" description="Enabled"/>
    </bit_field>
    <bit_field offset="12" width="1" name="FEIE" access="RW" reset_value="0" description="FIFO Error Interrupt Enable">
      <alias type="CMSIS" value="LPI2C_MIER_FEIE(x)"/>
      <bit_field_value name="MIER_FEIE_0b0" value="0b0" description="Enabled"/>
      <bit_field_value name="MIER_FEIE_0b1" value="0b1" description="Disabled"/>
    </bit_field>
    <bit_field offset="13" width="1" name="PLTIE" access="RW" reset_value="0" description="Pin Low Timeout Interrupt Enable">
      <alias type="CMSIS" value="LPI2C_MIER_PLTIE(x)"/>
      <bit_field_value name="MIER_PLTIE_0b0" value="0b0" description="Disabled"/>
      <bit_field_value name="MIER_PLTIE_0b1" value="0b1" description="Enabled"/>
    </bit_field>
    <bit_field offset="14" width="1" name="DMIE" access="RW" reset_value="0" description="Data Match Interrupt Enable">
      <alias type="CMSIS" value="LPI2C_MIER_DMIE(x)"/>
      <bit_field_value name="MIER_DMIE_0b0" value="0b0" description="Disabled"/>
      <bit_field_value name="MIER_DMIE_0b1" value="0b1" description="Enabled"/>
    </bit_field>
    <reserved_bit_field offset="15" width="1" reset_value="0"/>
    <reserved_bit_field offset="16" width="16" reset_value="0"/>
  </register>
  <register offset="0x1C" width="32" name="MDER" description="Master DMA Enable Register">
    <alias type="CMSIS" value="MDER"/>
    <bit_field offset="0" width="1" name="TDDE" access="RW" reset_value="0" description="Transmit Data DMA Enable">
      <alias type="CMSIS" value="LPI2C_MDER_TDDE(x)"/>
      <bit_field_value name="MDER_TDDE_0b0" value="0b0" description="DMA request is disabled"/>
      <bit_field_value name="MDER_TDDE_0b1" value="0b1" description="DMA request is enabled"/>
    </bit_field>
    <bit_field offset="1" width="1" name="RDDE" access="RW" reset_value="0" description="Receive Data DMA Enable">
      <alias type="CMSIS" value="LPI2C_MDER_RDDE(x)"/>
      <bit_field_value name="MDER_RDDE_0b0" value="0b0" description="DMA request is disabled"/>
      <bit_field_value name="MDER_RDDE_0b1" value="0b1" description="DMA request is enabled"/>
    </bit_field>
    <reserved_bit_field offset="2" width="30" reset_value="0"/>
  </register>
  <register offset="0x20" width="32" name="MCFGR0" description="Master Configuration Register 0">
    <alias type="CMSIS" value="MCFGR0"/>
    <bit_field offset="0" width="1" name="HREN" access="RW" reset_value="0" description="Host Request Enable">
      <alias type="CMSIS" value="LPI2C_MCFGR0_HREN(x)"/>
      <bit_field_value name="MCFGR0_HREN_0b0" value="0b0" description="Host request input is disabled"/>
      <bit_field_value name="MCFGR0_HREN_0b1" value="0b1" description="Host request input is enabled"/>
    </bit_field>
    <bit_field offset="1" width="1" name="HRPOL" access="RW" reset_value="0" description="Host Request Polarity">
      <alias type="CMSIS" value="LPI2C_MCFGR0_HRPOL(x)"/>
      <bit_field_value name="MCFGR0_HRPOL_0b0" value="0b0" description="Active low"/>
      <bit_field_value name="MCFGR0_HRPOL_0b1" value="0b1" description="Active high"/>
    </bit_field>
    <bit_field offset="2" width="1" name="HRSEL" access="RW" reset_value="0" description="Host Request Select">
      <alias type="CMSIS" value="LPI2C_MCFGR0_HRSEL(x)"/>
      <bit_field_value name="MCFGR0_HRSEL_0b0" value="0b0" description="Host request input is pin HREQ"/>
      <bit_field_value name="MCFGR0_HRSEL_0b1" value="0b1" description="Host request input is input trigger"/>
    </bit_field>
    <reserved_bit_field offset="3" width="1" reset_value="0"/>
    <reserved_bit_field offset="4" width="4" reset_value="0"/>
    <bit_field offset="8" width="1" name="CIRFIFO" access="RW" reset_value="0" description="Circular FIFO Enable">
      <alias type="CMSIS" value="LPI2C_MCFGR0_CIRFIFO(x)"/>
      <bit_field_value name="MCFGR0_CIRFIFO_0b0" value="0b0" description="Circular FIFO is disabled"/>
      <bit_field_value name="MCFGR0_CIRFIFO_0b1" value="0b1" description="Circular FIFO is enabled"/>
    </bit_field>
    <bit_field offset="9" width="1" name="RDMO" access="RW" reset_value="0" description="Receive Data Match Only">
      <alias type="CMSIS" value="LPI2C_MCFGR0_RDMO(x)"/>
      <bit_field_value name="MCFGR0_RDMO_0b0" value="0b0" description="Received data is stored in the receive FIFO"/>
      <bit_field_value name="MCFGR0_RDMO_0b1" value="0b1" description="Received data is discarded unless the the Data Match Flag (MSR[DMF]) is set"/>
    </bit_field>
    <reserved_bit_field offset="10" width="6" reset_value="0"/>
    <reserved_bit_field offset="16" width="2" reset_value="0"/>
    <reserved_bit_field offset="18" width="14" reset_value="0"/>
  </register>
  <register offset="0x24" width="32" name="MCFGR1" description="Master Configuration Register 1">
    <alias type="CMSIS" value="MCFGR1"/>
    <bit_field offset="0" width="3" name="PRESCALE" access="RW" reset_value="0" description="Prescaler">
      <alias type="CMSIS" value="LPI2C_MCFGR1_PRESCALE(x)"/>
      <bit_field_value name="MCFGR1_PRESCALE_0b000" value="0b000" description="Divide by 1"/>
      <bit_field_value name="MCFGR1_PRESCALE_0b001" value="0b001" description="Divide by 2"/>
      <bit_field_value name="MCFGR1_PRESCALE_0b010" value="0b010" description="Divide by 4"/>
      <bit_field_value name="MCFGR1_PRESCALE_0b011" value="0b011" description="Divide by 8"/>
      <bit_field_value name="MCFGR1_PRESCALE_0b100" value="0b100" description="Divide by 16"/>
      <bit_field_value name="MCFGR1_PRESCALE_0b101" value="0b101" description="Divide by 32"/>
      <bit_field_value name="MCFGR1_PRESCALE_0b110" value="0b110" description="Divide by 64"/>
      <bit_field_value name="MCFGR1_PRESCALE_0b111" value="0b111" description="Divide by 128"/>
    </bit_field>
    <reserved_bit_field offset="3" width="5" reset_value="0"/>
    <bit_field offset="8" width="1" name="AUTOSTOP" access="RW" reset_value="0" description="Automatic STOP Generation">
      <alias type="CMSIS" value="LPI2C_MCFGR1_AUTOSTOP(x)"/>
      <bit_field_value name="MCFGR1_AUTOSTOP_0b0" value="0b0" description="No effect"/>
      <bit_field_value name="MCFGR1_AUTOSTOP_0b1" value="0b1" description="STOP condition is automatically generated whenever the transmit FIFO is empty and the LPI2C master is busy"/>
    </bit_field>
    <bit_field offset="9" width="1" name="IGNACK" access="RW" reset_value="0" description="IGNACK">
      <alias type="CMSIS" value="LPI2C_MCFGR1_IGNACK(x)"/>
      <bit_field_value name="MCFGR1_IGNACK_0b0" value="0b0" description="LPI2C Master will receive ACK and NACK normally"/>
      <bit_field_value name="MCFGR1_IGNACK_0b1" value="0b1" description="LPI2C Master will treat a received NACK as if it (NACK) was an ACK"/>
    </bit_field>
    <bit_field offset="10" width="1" name="TIMECFG" access="RW" reset_value="0" description="Timeout Configuration">
      <alias type="CMSIS" value="LPI2C_MCFGR1_TIMECFG(x)"/>
      <bit_field_value name="MCFGR1_TIMECFG_0b0" value="0b0" description="Pin Low Timeout Flag will set if SCL is low for longer than the configured timeout"/>
      <bit_field_value name="MCFGR1_TIMECFG_0b1" value="0b1" description="Pin Low Timeout Flag will set if either SCL or SDA is low for longer than the configured timeout"/>
    </bit_field>
    <reserved_bit_field offset="11" width="2" reset_value="0"/>
    <reserved_bit_field offset="13" width="3" reset_value="0"/>
    <bit_field offset="16" width="3" name="MATCFG" access="RW" reset_value="0" description="Match Configuration">
      <alias type="CMSIS" value="LPI2C_MCFGR1_MATCFG(x)"/>
      <bit_field_value name="MCFGR1_MATCFG_0b000" value="0b000" description="Match is disabled"/>
      <bit_field_value name="MCFGR1_MATCFG_0b001" value="0b001" description="Reserved"/>
      <bit_field_value name="MCFGR1_MATCFG_0b010" value="0b010" description="Match is enabled (1st data word equals MATCH0 OR MATCH1)"/>
      <bit_field_value name="MCFGR1_MATCFG_0b011" value="0b011" description="Match is enabled (any data word equals MATCH0 OR MATCH1)"/>
      <bit_field_value name="MCFGR1_MATCFG_0b100" value="0b100" description="Match is enabled (1st data word equals MATCH0 AND 2nd data word equals MATCH1)"/>
      <bit_field_value name="MCFGR1_MATCFG_0b101" value="0b101" description="Match is enabled (any data word equals MATCH0 AND next data word equals MATCH1)"/>
      <bit_field_value name="MCFGR1_MATCFG_0b110" value="0b110" description="Match is enabled (1st data word AND MATCH1 equals MATCH0 AND MATCH1)"/>
      <bit_field_value name="MCFGR1_MATCFG_0b111" value="0b111" description="Match is enabled (any data word AND MATCH1 equals MATCH0 AND MATCH1)"/>
    </bit_field>
    <reserved_bit_field offset="19" width="5" reset_value="0"/>
    <bit_field offset="24" width="3" name="PINCFG" access="RW" reset_value="0" description="Pin Configuration">
      <alias type="CMSIS" value="LPI2C_MCFGR1_PINCFG(x)"/>
      <bit_field_value name="MCFGR1_PINCFG_0b000" value="0b000" description="2-pin open drain mode"/>
      <bit_field_value name="MCFGR1_PINCFG_0b001" value="0b001" description="2-pin output only mode (ultra-fast mode)"/>
      <bit_field_value name="MCFGR1_PINCFG_0b010" value="0b010" description="2-pin push-pull mode"/>
      <bit_field_value name="MCFGR1_PINCFG_0b011" value="0b011" description="4-pin push-pull mode"/>
      <bit_field_value name="MCFGR1_PINCFG_0b100" value="0b100" description="2-pin open drain mode with separate LPI2C slave"/>
      <bit_field_value name="MCFGR1_PINCFG_0b101" value="0b101" description="2-pin output only mode (ultra-fast mode) with separate LPI2C slave"/>
      <bit_field_value name="MCFGR1_PINCFG_0b110" value="0b110" description="2-pin push-pull mode with separate LPI2C slave"/>
      <bit_field_value name="MCFGR1_PINCFG_0b111" value="0b111" description="4-pin push-pull mode (inverted outputs)"/>
    </bit_field>
    <reserved_bit_field offset="27" width="1" reset_value="0"/>
    <reserved_bit_field offset="28" width="4" reset_value="0"/>
  </register>
  <register offset="0x28" width="32" name="MCFGR2" description="Master Configuration Register 2">
    <alias type="CMSIS" value="MCFGR2"/>
    <bit_field offset="0" width="12" name="BUSIDLE" access="RW" reset_value="0" description="Bus Idle Timeout">
      <alias type="CMSIS" value="LPI2C_MCFGR2_BUSIDLE(x)"/>
    </bit_field>
    <reserved_bit_field offset="12" width="4" reset_value="0"/>
    <bit_field offset="16" width="4" name="FILTSCL" access="RW" reset_value="0" description="Glitch Filter SCL">
      <alias type="CMSIS" value="LPI2C_MCFGR2_FILTSCL(x)"/>
    </bit_field>
    <reserved_bit_field offset="20" width="4" reset_value="0"/>
    <bit_field offset="24" width="4" name="FILTSDA" access="RW" reset_value="0" description="Glitch Filter SDA">
      <alias type="CMSIS" value="LPI2C_MCFGR2_FILTSDA(x)"/>
    </bit_field>
    <reserved_bit_field offset="28" width="4" reset_value="0"/>
  </register>
  <register offset="0x2C" width="32" name="MCFGR3" description="Master Configuration Register 3">
    <alias type="CMSIS" value="MCFGR3"/>
    <reserved_bit_field offset="0" width="8" reset_value="0"/>
    <bit_field offset="8" width="12" name="PINLOW" access="RW" reset_value="0" description="Pin Low Timeout">
      <alias type="CMSIS" value="LPI2C_MCFGR3_PINLOW(x)"/>
    </bit_field>
    <reserved_bit_field offset="20" width="12" reset_value="0"/>
  </register>
  <register offset="0x40" width="32" name="MDMR" description="Master Data Match Register">
    <alias type="CMSIS" value="MDMR"/>
    <bit_field offset="0" width="8" name="MATCH0" access="RW" reset_value="0" description="Match 0 Value">
      <alias type="CMSIS" value="LPI2C_MDMR_MATCH0(x)"/>
    </bit_field>
    <reserved_bit_field offset="8" width="8" reset_value="0"/>
    <bit_field offset="16" width="8" name="MATCH1" access="RW" reset_value="0" description="Match 1 Value">
      <alias type="CMSIS" value="LPI2C_MDMR_MATCH1(x)"/>
    </bit_field>
    <reserved_bit_field offset="24" width="8" reset_value="0"/>
  </register>
  <register offset="0x48" width="32" name="MCCR0" description="Master Clock Configuration Register 0">
    <alias type="CMSIS" value="MCCR0"/>
    <bit_field offset="0" width="6" name="CLKLO" access="RW" reset_value="0" description="Clock Low Period">
      <alias type="CMSIS" value="LPI2C_MCCR0_CLKLO(x)"/>
    </bit_field>
    <reserved_bit_field offset="6" width="2" reset_value="0"/>
    <bit_field offset="8" width="6" name="CLKHI" access="RW" reset_value="0" description="Clock High Period">
      <alias type="CMSIS" value="LPI2C_MCCR0_CLKHI(x)"/>
    </bit_field>
    <reserved_bit_field offset="14" width="2" reset_value="0"/>
    <bit_field offset="16" width="6" name="SETHOLD" access="RW" reset_value="0" description="Setup Hold Delay">
      <alias type="CMSIS" value="LPI2C_MCCR0_SETHOLD(x)"/>
    </bit_field>
    <reserved_bit_field offset="22" width="2" reset_value="0"/>
    <bit_field offset="24" width="6" name="DATAVD" access="RW" reset_value="0" description="Data Valid Delay">
      <alias type="CMSIS" value="LPI2C_MCCR0_DATAVD(x)"/>
    </bit_field>
    <reserved_bit_field offset="30" width="2" reset_value="0"/>
  </register>
  <register offset="0x50" width="32" name="MCCR1" description="Master Clock Configuration Register 1">
    <alias type="CMSIS" value="MCCR1"/>
    <bit_field offset="0" width="6" name="CLKLO" access="RW" reset_value="0" description="Clock Low Period">
      <alias type="CMSIS" value="LPI2C_MCCR1_CLKLO(x)"/>
    </bit_field>
    <reserved_bit_field offset="6" width="2" reset_value="0"/>
    <bit_field offset="8" width="6" name="CLKHI" access="RW" reset_value="0" description="Clock High Period">
      <alias type="CMSIS" value="LPI2C_MCCR1_CLKHI(x)"/>
    </bit_field>
    <reserved_bit_field offset="14" width="2" reset_value="0"/>
    <bit_field offset="16" width="6" name="SETHOLD" access="RW" reset_value="0" description="Setup Hold Delay">
      <alias type="CMSIS" value="LPI2C_MCCR1_SETHOLD(x)"/>
    </bit_field>
    <reserved_bit_field offset="22" width="2" reset_value="0"/>
    <bit_field offset="24" width="6" name="DATAVD" access="RW" reset_value="0" description="Data Valid Delay">
      <alias type="CMSIS" value="LPI2C_MCCR1_DATAVD(x)"/>
    </bit_field>
    <reserved_bit_field offset="30" width="2" reset_value="0"/>
  </register>
  <register offset="0x58" width="32" name="MFCR" description="Master FIFO Control Register">
    <alias type="CMSIS" value="MFCR"/>
    <bit_field offset="0" width="2" name="TXWATER" access="RW" reset_value="0" description="Transmit FIFO Watermark">
      <alias type="CMSIS" value="LPI2C_MFCR_TXWATER(x)"/>
    </bit_field>
    <reserved_bit_field offset="2" width="14" reset_value="0"/>
    <bit_field offset="16" width="2" name="RXWATER" access="RW" reset_value="0" description="Receive FIFO Watermark">
      <alias type="CMSIS" value="LPI2C_MFCR_RXWATER(x)"/>
    </bit_field>
    <reserved_bit_field offset="18" width="14" reset_value="0"/>
  </register>
  <register offset="0x5C" width="32" name="MFSR" description="Master FIFO Status Register">
    <alias type="CMSIS" value="MFSR"/>
    <bit_field offset="0" width="3" name="TXCOUNT" access="RO" reset_value="0" description="Transmit FIFO Count">
      <alias type="CMSIS" value="LPI2C_MFSR_TXCOUNT(x)"/>
    </bit_field>
    <reserved_bit_field offset="3" width="13" reset_value="0"/>
    <bit_field offset="16" width="3" name="RXCOUNT" access="RO" reset_value="0" description="Receive FIFO Count">
      <alias type="CMSIS" value="LPI2C_MFSR_RXCOUNT(x)"/>
    </bit_field>
    <reserved_bit_field offset="19" width="13" reset_value="0"/>
  </register>
  <register offset="0x60" width="32" name="MTDR" description="Master Transmit Data Register">
    <alias type="CMSIS" value="MTDR"/>
    <bit_field offset="0" width="8" name="DATA" access="WO" reset_value="0" description="Transmit Data">
      <alias type="CMSIS" value="LPI2C_MTDR_DATA(x)"/>
    </bit_field>
    <bit_field offset="8" width="3" name="CMD" access="WO" reset_value="0" description="Command Data">
      <alias type="CMSIS" value="LPI2C_MTDR_CMD(x)"/>
      <bit_field_value name="MTDR_CMD_0b000" value="0b000" description="Transmit DATA[7:0]"/>
      <bit_field_value name="MTDR_CMD_0b001" value="0b001" description="Receive (DATA[7:0] + 1) bytes"/>
      <bit_field_value name="MTDR_CMD_0b010" value="0b010" description="Generate STOP condition"/>
      <bit_field_value name="MTDR_CMD_0b011" value="0b011" description="Receive and discard (DATA[7:0] + 1) bytes"/>
      <bit_field_value name="MTDR_CMD_0b100" value="0b100" description="Generate (repeated) START and transmit address in DATA[7:0]"/>
      <bit_field_value name="MTDR_CMD_0b101" value="0b101" description="Generate (repeated) START and transmit address in DATA[7:0]. This transfer expects a NACK to be returned."/>
      <bit_field_value name="MTDR_CMD_0b110" value="0b110" description="Generate (repeated) START and transmit address in DATA[7:0] using high speed mode"/>
      <bit_field_value name="MTDR_CMD_0b111" value="0b111" description="Generate (repeated) START and transmit address in DATA[7:0] using high speed mode. This transfer expects a NACK to be returned."/>
    </bit_field>
    <reserved_bit_field offset="11" width="21" reset_value="0"/>
  </register>
  <register offset="0x70" width="32" name="MRDR" description="Master Receive Data Register">
    <alias type="CMSIS" value="MRDR"/>
    <bit_field offset="0" width="8" name="DATA" access="RO" reset_value="0" description="Receive Data">
      <alias type="CMSIS" value="LPI2C_MRDR_DATA(x)"/>
    </bit_field>
    <reserved_bit_field offset="8" width="6" reset_value="0"/>
    <bit_field offset="14" width="1" name="RXEMPTY" access="RO" reset_value="0x1" description="RX Empty">
      <alias type="CMSIS" value="LPI2C_MRDR_RXEMPTY(x)"/>
      <bit_field_value name="MRDR_RXEMPTY_0b0" value="0b0" description="Receive FIFO is not empty"/>
      <bit_field_value name="MRDR_RXEMPTY_0b1" value="0b1" description="Receive FIFO is empty"/>
    </bit_field>
    <reserved_bit_field offset="15" width="17" reset_value="0"/>
  </register>
  <register offset="0x110" width="32" name="SCR" description="Slave Control Register">
    <alias type="CMSIS" value="SCR"/>
    <bit_field offset="0" width="1" name="SEN" access="RW" reset_value="0" description="Slave Enable">
      <alias type="CMSIS" value="LPI2C_SCR_SEN(x)"/>
      <bit_field_value name="SCR_SEN_0b0" value="0b0" description="I2C Slave mode is disabled"/>
      <bit_field_value name="SCR_SEN_0b1" value="0b1" description="I2C Slave mode is enabled"/>
    </bit_field>
    <bit_field offset="1" width="1" name="RST" access="RW" reset_value="0" description="Software Reset">
      <alias type="CMSIS" value="LPI2C_SCR_RST(x)"/>
      <bit_field_value name="SCR_RST_0b0" value="0b0" description="Slave mode logic is not reset"/>
      <bit_field_value name="SCR_RST_0b1" value="0b1" description="Slave mode logic is reset"/>
    </bit_field>
    <reserved_bit_field offset="2" width="2" reset_value="0"/>
    <bit_field offset="4" width="1" name="FILTEN" access="RW" reset_value="0" description="Filter Enable">
      <alias type="CMSIS" value="LPI2C_SCR_FILTEN(x)"/>
      <bit_field_value name="SCR_FILTEN_0b0" value="0b0" description="Disable digital filter and output delay counter for slave mode"/>
      <bit_field_value name="SCR_FILTEN_0b1" value="0b1" description="Enable digital filter and output delay counter for slave mode"/>
    </bit_field>
    <bit_field offset="5" width="1" name="FILTDZ" access="RW" reset_value="0" description="Filter Doze Enable">
      <alias type="CMSIS" value="LPI2C_SCR_FILTDZ(x)"/>
      <bit_field_value name="SCR_FILTDZ_0b0" value="0b0" description="Filter remains enabled in Doze mode"/>
      <bit_field_value name="SCR_FILTDZ_0b1" value="0b1" description="Filter is disabled in Doze mode"/>
    </bit_field>
    <reserved_bit_field offset="6" width="2" reset_value="0"/>
    <bit_field offset="8" width="1" name="RTF" access="WORZ" reset_value="0" description="Reset Transmit FIFO">
      <alias type="CMSIS" value="LPI2C_SCR_RTF(x)"/>
      <bit_field_value name="SCR_RTF_0b0" value="0b0" description="No effect"/>
      <bit_field_value name="SCR_RTF_0b1" value="0b1" description="Transmit Data Register is now empty"/>
    </bit_field>
    <bit_field offset="9" width="1" name="RRF" access="WORZ" reset_value="0" description="Reset Receive FIFO">
      <alias type="CMSIS" value="LPI2C_SCR_RRF(x)"/>
      <bit_field_value name="SCR_RRF_0b0" value="0b0" description="No effect"/>
      <bit_field_value name="SCR_RRF_0b1" value="0b1" description="Receive Data Register is now empty"/>
    </bit_field>
    <reserved_bit_field offset="10" width="22" reset_value="0"/>
  </register>
  <register offset="0x114" width="32" name="SSR" description="Slave Status Register">
    <alias type="CMSIS" value="SSR"/>
    <bit_field offset="0" width="1" name="TDF" access="RO" reset_value="0" description="Transmit Data Flag">
      <alias type="CMSIS" value="LPI2C_SSR_TDF(x)"/>
      <bit_field_value name="SSR_TDF_0b0" value="0b0" description="Transmit data not requested"/>
      <bit_field_value name="SSR_TDF_0b1" value="0b1" description="Transmit data is requested"/>
    </bit_field>
    <bit_field offset="1" width="1" name="RDF" access="RO" reset_value="0" description="Receive Data Flag">
      <alias type="CMSIS" value="LPI2C_SSR_RDF(x)"/>
      <bit_field_value name="SSR_RDF_0b0" value="0b0" description="Receive data is not ready"/>
      <bit_field_value name="SSR_RDF_0b1" value="0b1" description="Receive data is ready"/>
    </bit_field>
    <bit_field offset="2" width="1" name="AVF" access="RO" reset_value="0" description="Address Valid Flag">
      <alias type="CMSIS" value="LPI2C_SSR_AVF(x)"/>
      <bit_field_value name="SSR_AVF_0b0" value="0b0" description="Address Status Register is not valid"/>
      <bit_field_value name="SSR_AVF_0b1" value="0b1" description="Address Status Register is valid"/>
    </bit_field>
    <bit_field offset="3" width="1" name="TAF" access="RO" reset_value="0" description="Transmit ACK Flag">
      <alias type="CMSIS" value="LPI2C_SSR_TAF(x)"/>
      <bit_field_value name="SSR_TAF_0b0" value="0b0" description="Transmit ACK/NACK is not required"/>
      <bit_field_value name="SSR_TAF_0b1" value="0b1" description="Transmit ACK/NACK is required"/>
    </bit_field>
    <reserved_bit_field offset="4" width="4" reset_value="0"/>
    <bit_field offset="8" width="1" name="RSF" access="W1C" reset_value="0" description="Repeated Start Flag">
      <alias type="CMSIS" value="LPI2C_SSR_RSF(x)"/>
      <bit_field_value name="SSR_RSF_0b0" value="0b0" description="Slave has not detected a Repeated START condition"/>
      <bit_field_value name="SSR_RSF_0b1" value="0b1" description="Slave has detected a Repeated START condition"/>
    </bit_field>
    <bit_field offset="9" width="1" name="SDF" access="W1C" reset_value="0" description="STOP Detect Flag">
      <alias type="CMSIS" value="LPI2C_SSR_SDF(x)"/>
      <bit_field_value name="SSR_SDF_0b0" value="0b0" description="Slave has not detected a STOP condition"/>
      <bit_field_value name="SSR_SDF_0b1" value="0b1" description="Slave has detected a STOP condition"/>
    </bit_field>
    <bit_field offset="10" width="1" name="BEF" access="W1C" reset_value="0" description="Bit Error Flag">
      <alias type="CMSIS" value="LPI2C_SSR_BEF(x)"/>
      <bit_field_value name="SSR_BEF_0b0" value="0b0" description="Slave has not detected a bit error"/>
      <bit_field_value name="SSR_BEF_0b1" value="0b1" description="Slave has detected a bit error"/>
    </bit_field>
    <bit_field offset="11" width="1" name="FEF" access="W1C" reset_value="0" description="FIFO Error Flag">
      <alias type="CMSIS" value="LPI2C_SSR_FEF(x)"/>
      <bit_field_value name="SSR_FEF_0b0" value="0b0" description="FIFO underflow or overflow was not detected"/>
      <bit_field_value name="SSR_FEF_0b1" value="0b1" description="FIFO underflow or overflow was detected"/>
    </bit_field>
    <bit_field offset="12" width="1" name="AM0F" access="RO" reset_value="0" description="Address Match 0 Flag">
      <alias type="CMSIS" value="LPI2C_SSR_AM0F(x)"/>
      <bit_field_value name="SSR_AM0F_0b0" value="0b0" description="Have not received an ADDR0 matching address"/>
      <bit_field_value name="SSR_AM0F_0b1" value="0b1" description="Have received an ADDR0 matching address"/>
    </bit_field>
    <bit_field offset="13" width="1" name="AM1F" access="RO" reset_value="0" description="Address Match 1 Flag">
      <alias type="CMSIS" value="LPI2C_SSR_AM1F(x)"/>
      <bit_field_value name="SSR_AM1F_0b0" value="0b0" description="Have not received an ADDR1 or ADDR0/ADDR1 range matching address"/>
      <bit_field_value name="SSR_AM1F_0b1" value="0b1" description="Have received an ADDR1 or ADDR0/ADDR1 range matching address"/>
    </bit_field>
    <bit_field offset="14" width="1" name="GCF" access="RO" reset_value="0" description="General Call Flag">
      <alias type="CMSIS" value="LPI2C_SSR_GCF(x)"/>
      <bit_field_value name="SSR_GCF_0b0" value="0b0" description="Slave has not detected the General Call Address or the General Call Address is disabled"/>
      <bit_field_value name="SSR_GCF_0b1" value="0b1" description="Slave has detected the General Call Address"/>
    </bit_field>
    <bit_field offset="15" width="1" name="SARF" access="RO" reset_value="0" description="SMBus Alert Response Flag">
      <alias type="CMSIS" value="LPI2C_SSR_SARF(x)"/>
      <bit_field_value name="SSR_SARF_0b0" value="0b0" description="SMBus Alert Response is disabled or not detected"/>
      <bit_field_value name="SSR_SARF_0b1" value="0b1" description="SMBus Alert Response is enabled and detected"/>
    </bit_field>
    <reserved_bit_field offset="16" width="8" reset_value="0"/>
    <bit_field offset="24" width="1" name="SBF" access="RO" reset_value="0" description="Slave Busy Flag">
      <alias type="CMSIS" value="LPI2C_SSR_SBF(x)"/>
      <bit_field_value name="SSR_SBF_0b0" value="0b0" description="I2C Slave is idle"/>
      <bit_field_value name="SSR_SBF_0b1" value="0b1" description="I2C Slave is busy"/>
    </bit_field>
    <bit_field offset="25" width="1" name="BBF" access="RO" reset_value="0" description="Bus Busy Flag">
      <alias type="CMSIS" value="LPI2C_SSR_BBF(x)"/>
      <bit_field_value name="SSR_BBF_0b0" value="0b0" description="I2C Bus is idle"/>
      <bit_field_value name="SSR_BBF_0b1" value="0b1" description="I2C Bus is busy"/>
    </bit_field>
    <reserved_bit_field offset="26" width="6" reset_value="0"/>
  </register>
  <register offset="0x118" width="32" name="SIER" description="Slave Interrupt Enable Register">
    <alias type="CMSIS" value="SIER"/>
    <bit_field offset="0" width="1" name="TDIE" access="RW" reset_value="0" description="Transmit Data Interrupt Enable">
      <alias type="CMSIS" value="LPI2C_SIER_TDIE(x)"/>
      <bit_field_value name="SIER_TDIE_0b0" value="0b0" description="Disabled"/>
      <bit_field_value name="SIER_TDIE_0b1" value="0b1" description="Enabled"/>
    </bit_field>
    <bit_field offset="1" width="1" name="RDIE" access="RW" reset_value="0" description="Receive Data Interrupt Enable">
      <alias type="CMSIS" value="LPI2C_SIER_RDIE(x)"/>
      <bit_field_value name="SIER_RDIE_0b0" value="0b0" description="Disabled"/>
      <bit_field_value name="SIER_RDIE_0b1" value="0b1" description="Enabled"/>
    </bit_field>
    <bit_field offset="2" width="1" name="AVIE" access="RW" reset_value="0" description="Address Valid Interrupt Enable">
      <alias type="CMSIS" value="LPI2C_SIER_AVIE(x)"/>
      <bit_field_value name="SIER_AVIE_0b0" value="0b0" description="Disabled"/>
      <bit_field_value name="SIER_AVIE_0b1" value="0b1" description="Enabled"/>
    </bit_field>
    <bit_field offset="3" width="1" name="TAIE" access="RW" reset_value="0" description="Transmit ACK Interrupt Enable">
      <alias type="CMSIS" value="LPI2C_SIER_TAIE(x)"/>
      <bit_field_value name="SIER_TAIE_0b0" value="0b0" description="Disabled"/>
      <bit_field_value name="SIER_TAIE_0b1" value="0b1" description="Enabled"/>
    </bit_field>
    <reserved_bit_field offset="4" width="4" reset_value="0"/>
    <bit_field offset="8" width="1" name="RSIE" access="RW" reset_value="0" description="Repeated Start Interrupt Enable">
      <alias type="CMSIS" value="LPI2C_SIER_RSIE(x)"/>
      <bit_field_value name="SIER_RSIE_0b0" value="0b0" description="Disabled"/>
      <bit_field_value name="SIER_RSIE_0b1" value="0b1" description="Enabled"/>
    </bit_field>
    <bit_field offset="9" width="1" name="SDIE" access="RW" reset_value="0" description="STOP Detect Interrupt Enable">
      <alias type="CMSIS" value="LPI2C_SIER_SDIE(x)"/>
      <bit_field_value name="SIER_SDIE_0b0" value="0b0" description="Disabled"/>
      <bit_field_value name="SIER_SDIE_0b1" value="0b1" description="Enabled"/>
    </bit_field>
    <bit_field offset="10" width="1" name="BEIE" access="RW" reset_value="0" description="Bit Error Interrupt Enable">
      <alias type="CMSIS" value="LPI2C_SIER_BEIE(x)"/>
      <bit_field_value name="SIER_BEIE_0b0" value="0b0" description="Disabled"/>
      <bit_field_value name="SIER_BEIE_0b1" value="0b1" description="Enabled"/>
    </bit_field>
    <bit_field offset="11" width="1" name="FEIE" access="RW" reset_value="0" description="FIFO Error Interrupt Enable">
      <alias type="CMSIS" value="LPI2C_SIER_FEIE(x)"/>
      <bit_field_value name="SIER_FEIE_0b0" value="0b0" description="Disabled"/>
      <bit_field_value name="SIER_FEIE_0b1" value="0b1" description="Enabled"/>
    </bit_field>
    <bit_field offset="12" width="1" name="AM0IE" access="RW" reset_value="0" description="Address Match 0 Interrupt Enable">
      <alias type="CMSIS" value="LPI2C_SIER_AM0IE(x)"/>
      <bit_field_value name="SIER_AM0IE_0b0" value="0b0" description="Enabled"/>
      <bit_field_value name="SIER_AM0IE_0b1" value="0b1" description="Disabled"/>
    </bit_field>
    <bit_field offset="13" width="1" name="AM1F" access="RW" reset_value="0" description="Address Match 1 Interrupt Enable">
      <alias type="CMSIS" value="LPI2C_SIER_AM1F(x)"/>
      <bit_field_value name="SIER_AM1F_0b0" value="0b0" description="Disabled"/>
      <bit_field_value name="SIER_AM1F_0b1" value="0b1" description="Enabled"/>
    </bit_field>
    <bit_field offset="14" width="1" name="GCIE" access="RW" reset_value="0" description="General Call Interrupt Enable">
      <alias type="CMSIS" value="LPI2C_SIER_GCIE(x)"/>
      <bit_field_value name="SIER_GCIE_0b0" value="0b0" description="Disabled"/>
      <bit_field_value name="SIER_GCIE_0b1" value="0b1" description="Enabled"/>
    </bit_field>
    <bit_field offset="15" width="1" name="SARIE" access="RW" reset_value="0" description="SMBus Alert Response Interrupt Enable">
      <alias type="CMSIS" value="LPI2C_SIER_SARIE(x)"/>
      <bit_field_value name="SIER_SARIE_0b0" value="0b0" description="Disabled"/>
      <bit_field_value name="SIER_SARIE_0b1" value="0b1" description="Enabled"/>
    </bit_field>
    <reserved_bit_field offset="16" width="16" reset_value="0"/>
  </register>
  <register offset="0x11C" width="32" name="SDER" description="Slave DMA Enable Register">
    <alias type="CMSIS" value="SDER"/>
    <bit_field offset="0" width="1" name="TDDE" access="RW" reset_value="0" description="Transmit Data DMA Enable">
      <alias type="CMSIS" value="LPI2C_SDER_TDDE(x)"/>
      <bit_field_value name="SDER_TDDE_0b0" value="0b0" description="DMA request is disabled"/>
      <bit_field_value name="SDER_TDDE_0b1" value="0b1" description="DMA request is enabled"/>
    </bit_field>
    <bit_field offset="1" width="1" name="RDDE" access="RW" reset_value="0" description="Receive Data DMA Enable">
      <alias type="CMSIS" value="LPI2C_SDER_RDDE(x)"/>
      <bit_field_value name="SDER_RDDE_0b0" value="0b0" description="DMA request is disabled"/>
      <bit_field_value name="SDER_RDDE_0b1" value="0b1" description="DMA request is enabled"/>
    </bit_field>
    <bit_field offset="2" width="1" name="AVDE" access="RW" reset_value="0" description="Address Valid DMA Enable">
      <alias type="CMSIS" value="LPI2C_SDER_AVDE(x)"/>
      <bit_field_value name="SDER_AVDE_0b0" value="0b0" description="DMA request is disabled"/>
      <bit_field_value name="SDER_AVDE_0b1" value="0b1" description="DMA request is enabled"/>
    </bit_field>
    <reserved_bit_field offset="3" width="29" reset_value="0"/>
  </register>
  <register offset="0x124" width="32" name="SCFGR1" description="Slave Configuration Register 1">
    <alias type="CMSIS" value="SCFGR1"/>
    <bit_field offset="0" width="1" name="ADRSTALL" access="RW" reset_value="0" description="Address SCL Stall">
      <alias type="CMSIS" value="LPI2C_SCFGR1_ADRSTALL(x)"/>
      <bit_field_value name="SCFGR1_ADRSTALL_0b0" value="0b0" description="Clock stretching is disabled"/>
      <bit_field_value name="SCFGR1_ADRSTALL_0b1" value="0b1" description="Clock stretching is enabled"/>
    </bit_field>
    <bit_field offset="1" width="1" name="RXSTALL" access="RW" reset_value="0" description="RX SCL Stall">
      <alias type="CMSIS" value="LPI2C_SCFGR1_RXSTALL(x)"/>
      <bit_field_value name="SCFGR1_RXSTALL_0b0" value="0b0" description="Clock stretching is disabled"/>
      <bit_field_value name="SCFGR1_RXSTALL_0b1" value="0b1" description="Clock stretching is enabled"/>
    </bit_field>
    <bit_field offset="2" width="1" name="TXDSTALL" access="RW" reset_value="0" description="TX Data SCL Stall">
      <alias type="CMSIS" value="LPI2C_SCFGR1_TXDSTALL(x)"/>
      <bit_field_value name="SCFGR1_TXDSTALL_0b0" value="0b0" description="Clock stretching is disabled"/>
      <bit_field_value name="SCFGR1_TXDSTALL_0b1" value="0b1" description="Clock stretching is enabled"/>
    </bit_field>
    <bit_field offset="3" width="1" name="ACKSTALL" access="RW" reset_value="0" description="ACK SCL Stall">
      <alias type="CMSIS" value="LPI2C_SCFGR1_ACKSTALL(x)"/>
      <bit_field_value name="SCFGR1_ACKSTALL_0b0" value="0b0" description="Clock stretching is disabled"/>
      <bit_field_value name="SCFGR1_ACKSTALL_0b1" value="0b1" description="Clock stretching is enabled"/>
    </bit_field>
    <reserved_bit_field offset="4" width="1" reset_value="0"/>
    <reserved_bit_field offset="5" width="3" reset_value="0"/>
    <bit_field offset="8" width="1" name="GCEN" access="RW" reset_value="0" description="General Call Enable">
      <alias type="CMSIS" value="LPI2C_SCFGR1_GCEN(x)"/>
      <bit_field_value name="SCFGR1_GCEN_0b0" value="0b0" description="General Call address is disabled"/>
      <bit_field_value name="SCFGR1_GCEN_0b1" value="0b1" description="General Call address is enabled"/>
    </bit_field>
    <bit_field offset="9" width="1" name="SAEN" access="RW" reset_value="0" description="SMBus Alert Enable">
      <alias type="CMSIS" value="LPI2C_SCFGR1_SAEN(x)"/>
      <bit_field_value name="SCFGR1_SAEN_0b0" value="0b0" description="Disables match on SMBus Alert"/>
      <bit_field_value name="SCFGR1_SAEN_0b1" value="0b1" description="Enables match on SMBus Alert"/>
    </bit_field>
    <bit_field offset="10" width="1" name="TXCFG" access="RW" reset_value="0" description="Transmit Flag Configuration">
      <alias type="CMSIS" value="LPI2C_SCFGR1_TXCFG(x)"/>
      <bit_field_value name="SCFGR1_TXCFG_0b0" value="0b0" description="Transmit Data Flag will only assert during a slave-transmit transfer when the Transmit Data register is empty"/>
      <bit_field_value name="SCFGR1_TXCFG_0b1" value="0b1" description="Transmit Data Flag will assert whenever the Transmit Data register is empty"/>
    </bit_field>
    <bit_field offset="11" width="1" name="RXCFG" access="RW" reset_value="0" description="Receive Data Configuration">
      <alias type="CMSIS" value="LPI2C_SCFGR1_RXCFG(x)"/>
      <bit_field_value name="SCFGR1_RXCFG_0b0" value="0b0" description="Reading the Receive Data register will return received data and clear the Receive Data flag (MSR[RDF])."/>
      <bit_field_value name="SCFGR1_RXCFG_0b1" value="0b1" description="Reading the Receive Data register when the Address Valid flag (SSR[AVF])is set, will return the Address Status register and clear the Address Valid flag. Reading the Receive Data register when the Address Valid flag is clear, will return received data and clear the Receive Data flag (MSR[RDF])."/>
    </bit_field>
    <bit_field offset="12" width="1" name="IGNACK" access="RW" reset_value="0" description="Ignore NACK">
      <alias type="CMSIS" value="LPI2C_SCFGR1_IGNACK(x)"/>
      <bit_field_value name="SCFGR1_IGNACK_0b0" value="0b0" description="Slave will end transfer when NACK is detected"/>
      <bit_field_value name="SCFGR1_IGNACK_0b1" value="0b1" description="Slave will not end transfer when NACK detected"/>
    </bit_field>
    <bit_field offset="13" width="1" name="HSMEN" access="RW" reset_value="0" description="High Speed Mode Enable">
      <alias type="CMSIS" value="LPI2C_SCFGR1_HSMEN(x)"/>
      <bit_field_value name="SCFGR1_HSMEN_0b0" value="0b0" description="Disables detection of HS-mode master code"/>
      <bit_field_value name="SCFGR1_HSMEN_0b1" value="0b1" description="Enables detection of HS-mode master code"/>
    </bit_field>
    <reserved_bit_field offset="14" width="2" reset_value="0"/>
    <bit_field offset="16" width="3" name="ADDRCFG" access="RW" reset_value="0" description="Address Configuration">
      <alias type="CMSIS" value="LPI2C_SCFGR1_ADDRCFG(x)"/>
      <bit_field_value name="SCFGR1_ADDRCFG_0b000" value="0b000" description="Address match 0 (7-bit)"/>
      <bit_field_value name="SCFGR1_ADDRCFG_0b001" value="0b001" description="Address match 0 (10-bit)"/>
      <bit_field_value name="SCFGR1_ADDRCFG_0b010" value="0b010" description="Address match 0 (7-bit) or Address match 1 (7-bit)"/>
      <bit_field_value name="SCFGR1_ADDRCFG_0b011" value="0b011" description="Address match 0 (10-bit) or Address match 1 (10-bit)"/>
      <bit_field_value name="SCFGR1_ADDRCFG_0b100" value="0b100" description="Address match 0 (7-bit) or Address match 1 (10-bit)"/>
      <bit_field_value name="SCFGR1_ADDRCFG_0b101" value="0b101" description="Address match 0 (10-bit) or Address match 1 (7-bit)"/>
      <bit_field_value name="SCFGR1_ADDRCFG_0b110" value="0b110" description="From Address match 0 (7-bit) to Address match 1 (7-bit)"/>
      <bit_field_value name="SCFGR1_ADDRCFG_0b111" value="0b111" description="From Address match 0 (10-bit) to Address match 1 (10-bit)"/>
    </bit_field>
    <reserved_bit_field offset="19" width="5" reset_value="0"/>
    <reserved_bit_field offset="24" width="3" reset_value="0"/>
    <reserved_bit_field offset="27" width="5" reset_value="0"/>
  </register>
  <register offset="0x128" width="32" name="SCFGR2" description="Slave Configuration Register 2">
    <alias type="CMSIS" value="SCFGR2"/>
    <bit_field offset="0" width="4" name="CLKHOLD" access="RW" reset_value="0" description="Clock Hold Time">
      <alias type="CMSIS" value="LPI2C_SCFGR2_CLKHOLD(x)"/>
    </bit_field>
    <reserved_bit_field offset="4" width="4" reset_value="0"/>
    <bit_field offset="8" width="6" name="DATAVD" access="RW" reset_value="0" description="Data Valid Delay">
      <alias type="CMSIS" value="LPI2C_SCFGR2_DATAVD(x)"/>
    </bit_field>
    <reserved_bit_field offset="14" width="2" reset_value="0"/>
    <bit_field offset="16" width="4" name="FILTSCL" access="RW" reset_value="0" description="Glitch Filter SCL">
      <alias type="CMSIS" value="LPI2C_SCFGR2_FILTSCL(x)"/>
    </bit_field>
    <reserved_bit_field offset="20" width="4" reset_value="0"/>
    <bit_field offset="24" width="4" name="FILTSDA" access="RW" reset_value="0" description="Glitch Filter SDA">
      <alias type="CMSIS" value="LPI2C_SCFGR2_FILTSDA(x)"/>
    </bit_field>
    <reserved_bit_field offset="28" width="4" reset_value="0"/>
  </register>
  <register offset="0x140" width="32" name="SAMR" description="Slave Address Match Register">
    <alias type="CMSIS" value="SAMR"/>
    <reserved_bit_field offset="0" width="1" reset_value="0"/>
    <bit_field offset="1" width="10" name="ADDR0" access="RW" reset_value="0" description="Address 0 Value">
      <alias type="CMSIS" value="LPI2C_SAMR_ADDR0(x)"/>
    </bit_field>
    <reserved_bit_field offset="11" width="6" reset_value="0"/>
    <bit_field offset="17" width="10" name="ADDR1" access="RW" reset_value="0" description="Address 1 Value">
      <alias type="CMSIS" value="LPI2C_SAMR_ADDR1(x)"/>
    </bit_field>
    <reserved_bit_field offset="27" width="5" reset_value="0"/>
  </register>
  <register offset="0x150" width="32" name="SASR" description="Slave Address Status Register">
    <alias type="CMSIS" value="SASR"/>
    <bit_field offset="0" width="11" name="RADDR" access="RO" reset_value="0" description="Received Address">
      <alias type="CMSIS" value="LPI2C_SASR_RADDR(x)"/>
    </bit_field>
    <reserved_bit_field offset="11" width="3" reset_value="0"/>
    <bit_field offset="14" width="1" name="ANV" access="RO" reset_value="0x1" description="Address Not Valid">
      <alias type="CMSIS" value="LPI2C_SASR_ANV(x)"/>
      <bit_field_value name="SASR_ANV_0b0" value="0b0" description="Received Address (RADDR) is valid"/>
      <bit_field_value name="SASR_ANV_0b1" value="0b1" description="Received Address (RADDR) is not valid"/>
    </bit_field>
    <reserved_bit_field offset="15" width="17" reset_value="0"/>
  </register>
  <register offset="0x154" width="32" name="STAR" description="Slave Transmit ACK Register">
    <alias type="CMSIS" value="STAR"/>
    <bit_field offset="0" width="1" name="TXNACK" access="RW" reset_value="0" description="Transmit NACK">
      <alias type="CMSIS" value="LPI2C_STAR_TXNACK(x)"/>
      <bit_field_value name="STAR_TXNACK_0b0" value="0b0" description="Write a Transmit ACK for each received word"/>
      <bit_field_value name="STAR_TXNACK_0b1" value="0b1" description="Write a Transmit NACK for each received word"/>
    </bit_field>
    <reserved_bit_field offset="1" width="31" reset_value="0"/>
  </register>
  <register offset="0x160" width="32" name="STDR" description="Slave Transmit Data Register">
    <alias type="CMSIS" value="STDR"/>
    <bit_field offset="0" width="8" name="DATA" access="WO" reset_value="0" description="Transmit Data">
      <alias type="CMSIS" value="LPI2C_STDR_DATA(x)"/>
    </bit_field>
    <reserved_bit_field offset="8" width="24" reset_value="0"/>
  </register>
  <register offset="0x170" width="32" name="SRDR" description="Slave Receive Data Register">
    <alias type="CMSIS" value="SRDR"/>
    <bit_field offset="0" width="8" name="DATA" access="RO" reset_value="0" description="Receive Data">
      <alias type="CMSIS" value="LPI2C_SRDR_DATA(x)"/>
    </bit_field>
    <reserved_bit_field offset="8" width="6" reset_value="0"/>
    <bit_field offset="14" width="1" name="RXEMPTY" access="RO" reset_value="0x1" description="RX Empty">
      <alias type="CMSIS" value="LPI2C_SRDR_RXEMPTY(x)"/>
      <bit_field_value name="SRDR_RXEMPTY_0b0" value="0b0" description="The Receive Data Register is not empty"/>
      <bit_field_value name="SRDR_RXEMPTY_0b1" value="0b1" description="The Receive Data Register is empty"/>
    </bit_field>
    <bit_field offset="15" width="1" name="SOF" access="RO" reset_value="0" description="Start Of Frame">
      <alias type="CMSIS" value="LPI2C_SRDR_SOF(x)"/>
      <bit_field_value name="SRDR_SOF_0b0" value="0b0" description="Indicates this is not the first data word since a (repeated) START or STOP condition"/>
      <bit_field_value name="SRDR_SOF_0b1" value="0b1" description="Indicates this is the first data word since a (repeated) START or STOP condition"/>
    </bit_field>
    <reserved_bit_field offset="16" width="16" reset_value="0"/>
  </register>
</regs:peripheral>