<?xml version="1.0"?>
<regs:peripheral xmlns:regs="http://swtools.freescale.net/XSD/registers/4.0/regsPeripheral.xsd" xmlns:xsi="http://www.w3.org/2001/XMLSchema-instance" xsi:schemaLocation="http://swtools.freescale.net/XSD/registers/4.0/regsPeripheral.xsd http://swtools.freescale.net/XSD/registers/4.0/regsPeripheral.xsd">
  <register offset="0" width="32" name="NVICISER0" description="Interrupt Set Enable Register n">
    <bit_field offset="0" width="32" name="SETENA" access="W1C" reset_value="0" description="Interrupt set enable bits"/>
  </register>
  <register offset="0x4" width="32" name="NVICISER1" description="Interrupt Set Enable Register n">
    <bit_field offset="0" width="32" name="SETENA" access="W1C" reset_value="0" description="Interrupt set enable bits"/>
  </register>
  <register offset="0x8" width="32" name="NVICISER2" description="Interrupt Set Enable Register n">
    <bit_field offset="0" width="32" name="SETENA" access="W1C" reset_value="0" description="Interrupt set enable bits"/>
  </register>
  <register offset="0xC" width="32" name="NVICISER3" description="Interrupt Set Enable Register n">
    <bit_field offset="0" width="32" name="SETENA" access="W1C" reset_value="0" description="Interrupt set enable bits"/>
  </register>
  <register offset="0x10" width="32" name="NVICISER4" description="Interrupt Set Enable Register n">
    <bit_field offset="0" width="32" name="SETENA" access="W1C" reset_value="0" description="Interrupt set enable bits"/>
  </register>
  <register offset="0x80" width="32" name="NVICICER0" description="Interrupt Clear Enable Register n">
    <bit_field offset="0" width="32" name="CLRENA" access="W1C" reset_value="0" description="Interrupt clear-enable bits"/>
  </register>
  <register offset="0x84" width="32" name="NVICICER1" description="Interrupt Clear Enable Register n">
    <bit_field offset="0" width="32" name="CLRENA" access="W1C" reset_value="0" description="Interrupt clear-enable bits"/>
  </register>
  <register offset="0x88" width="32" name="NVICICER2" description="Interrupt Clear Enable Register n">
    <bit_field offset="0" width="32" name="CLRENA" access="W1C" reset_value="0" description="Interrupt clear-enable bits"/>
  </register>
  <register offset="0x8C" width="32" name="NVICICER3" description="Interrupt Clear Enable Register n">
    <bit_field offset="0" width="32" name="CLRENA" access="W1C" reset_value="0" description="Interrupt clear-enable bits"/>
  </register>
  <register offset="0x90" width="32" name="NVICICER4" description="Interrupt Clear Enable Register n">
    <bit_field offset="0" width="32" name="CLRENA" access="W1C" reset_value="0" description="Interrupt clear-enable bits"/>
  </register>
  <register offset="0x100" width="32" name="NVICISPR0" description="Interrupt Set Pending Register n">
    <bit_field offset="0" width="32" name="SETPEND" access="W1C" reset_value="0" description="Interrupt set-pending bits"/>
  </register>
  <register offset="0x104" width="32" name="NVICISPR1" description="Interrupt Set Pending Register n">
    <bit_field offset="0" width="32" name="SETPEND" access="W1C" reset_value="0" description="Interrupt set-pending bits"/>
  </register>
  <register offset="0x108" width="32" name="NVICISPR2" description="Interrupt Set Pending Register n">
    <bit_field offset="0" width="32" name="SETPEND" access="W1C" reset_value="0" description="Interrupt set-pending bits"/>
  </register>
  <register offset="0x10C" width="32" name="NVICISPR3" description="Interrupt Set Pending Register n">
    <bit_field offset="0" width="32" name="SETPEND" access="W1C" reset_value="0" description="Interrupt set-pending bits"/>
  </register>
  <register offset="0x110" width="32" name="NVICISPR4" description="Interrupt Set Pending Register n">
    <bit_field offset="0" width="32" name="SETPEND" access="W1C" reset_value="0" description="Interrupt set-pending bits"/>
  </register>
  <register offset="0x180" width="32" name="NVICICPR0" description="Interrupt Clear Pending Register n">
    <bit_field offset="0" width="32" name="CLRPEND" access="W1C" reset_value="0" description="Interrupt clear-pending bits"/>
  </register>
  <register offset="0x184" width="32" name="NVICICPR1" description="Interrupt Clear Pending Register n">
    <bit_field offset="0" width="32" name="CLRPEND" access="W1C" reset_value="0" description="Interrupt clear-pending bits"/>
  </register>
  <register offset="0x188" width="32" name="NVICICPR2" description="Interrupt Clear Pending Register n">
    <bit_field offset="0" width="32" name="CLRPEND" access="W1C" reset_value="0" description="Interrupt clear-pending bits"/>
  </register>
  <register offset="0x18C" width="32" name="NVICICPR3" description="Interrupt Clear Pending Register n">
    <bit_field offset="0" width="32" name="CLRPEND" access="W1C" reset_value="0" description="Interrupt clear-pending bits"/>
  </register>
  <register offset="0x190" width="32" name="NVICICPR4" description="Interrupt Clear Pending Register n">
    <bit_field offset="0" width="32" name="CLRPEND" access="W1C" reset_value="0" description="Interrupt clear-pending bits"/>
  </register>
  <register offset="0x200" width="32" name="NVICIABR0" description="Interrupt Active bit Register n">
    <bit_field offset="0" width="32" name="ACTIVE" access="RW" reset_value="0" description="Interrupt active flags"/>
  </register>
  <register offset="0x204" width="32" name="NVICIABR1" description="Interrupt Active bit Register n">
    <bit_field offset="0" width="32" name="ACTIVE" access="RW" reset_value="0" description="Interrupt active flags"/>
  </register>
  <register offset="0x208" width="32" name="NVICIABR2" description="Interrupt Active bit Register n">
    <bit_field offset="0" width="32" name="ACTIVE" access="RW" reset_value="0" description="Interrupt active flags"/>
  </register>
  <register offset="0x20C" width="32" name="NVICIABR3" description="Interrupt Active bit Register n">
    <bit_field offset="0" width="32" name="ACTIVE" access="RW" reset_value="0" description="Interrupt active flags"/>
  </register>
  <register offset="0x210" width="32" name="NVICIABR4" description="Interrupt Active bit Register n">
    <bit_field offset="0" width="32" name="ACTIVE" access="RW" reset_value="0" description="Interrupt active flags"/>
  </register>
  <register offset="0x300" width="8" name="NVICIP0" description="Interrupt Priority Register 0">
    <reserved_bit_field offset="0" width="1" reset_value="0"/>
    <reserved_bit_field offset="1" width="1" reset_value="0"/>
    <reserved_bit_field offset="2" width="1" reset_value="0"/>
    <reserved_bit_field offset="3" width="1" reset_value="0"/>
    <bit_field offset="4" width="4" name="PRI0" access="RW" reset_value="0" description="Priority of the INT_DMA0_DMA16 interrupt 0"/>
  </register>
  <register offset="0x301" width="8" name="NVICIP1" description="Interrupt Priority Register 1">
    <reserved_bit_field offset="0" width="1" reset_value="0"/>
    <reserved_bit_field offset="1" width="1" reset_value="0"/>
    <reserved_bit_field offset="2" width="1" reset_value="0"/>
    <reserved_bit_field offset="3" width="1" reset_value="0"/>
    <bit_field offset="4" width="4" name="PRI1" access="RW" reset_value="0" description="Priority of the INT_DMA1_DMA17 interrupt 1"/>
  </register>
  <register offset="0x302" width="8" name="NVICIP2" description="Interrupt Priority Register 2">
    <reserved_bit_field offset="0" width="1" reset_value="0"/>
    <reserved_bit_field offset="1" width="1" reset_value="0"/>
    <reserved_bit_field offset="2" width="1" reset_value="0"/>
    <reserved_bit_field offset="3" width="1" reset_value="0"/>
    <bit_field offset="4" width="4" name="PRI2" access="RW" reset_value="0" description="Priority of the INT_DMA2_DMA18 interrupt 2"/>
  </register>
  <register offset="0x303" width="8" name="NVICIP3" description="Interrupt Priority Register 3">
    <reserved_bit_field offset="0" width="1" reset_value="0"/>
    <reserved_bit_field offset="1" width="1" reset_value="0"/>
    <reserved_bit_field offset="2" width="1" reset_value="0"/>
    <reserved_bit_field offset="3" width="1" reset_value="0"/>
    <bit_field offset="4" width="4" name="PRI3" access="RW" reset_value="0" description="Priority of the INT_DMA3_DMA19 interrupt 3"/>
  </register>
  <register offset="0x304" width="8" name="NVICIP4" description="Interrupt Priority Register 4">
    <reserved_bit_field offset="0" width="1" reset_value="0"/>
    <reserved_bit_field offset="1" width="1" reset_value="0"/>
    <reserved_bit_field offset="2" width="1" reset_value="0"/>
    <reserved_bit_field offset="3" width="1" reset_value="0"/>
    <bit_field offset="4" width="4" name="PRI4" access="RW" reset_value="0" description="Priority of the INT_DMA4_DMA20 interrupt 4"/>
  </register>
  <register offset="0x305" width="8" name="NVICIP5" description="Interrupt Priority Register 5">
    <reserved_bit_field offset="0" width="1" reset_value="0"/>
    <reserved_bit_field offset="1" width="1" reset_value="0"/>
    <reserved_bit_field offset="2" width="1" reset_value="0"/>
    <reserved_bit_field offset="3" width="1" reset_value="0"/>
    <bit_field offset="4" width="4" name="PRI5" access="RW" reset_value="0" description="Priority of the INT_DMA5_DMA21 interrupt 5"/>
  </register>
  <register offset="0x306" width="8" name="NVICIP6" description="Interrupt Priority Register 6">
    <reserved_bit_field offset="0" width="1" reset_value="0"/>
    <reserved_bit_field offset="1" width="1" reset_value="0"/>
    <reserved_bit_field offset="2" width="1" reset_value="0"/>
    <reserved_bit_field offset="3" width="1" reset_value="0"/>
    <bit_field offset="4" width="4" name="PRI6" access="RW" reset_value="0" description="Priority of the INT_DMA6_DMA22 interrupt 6"/>
  </register>
  <register offset="0x307" width="8" name="NVICIP7" description="Interrupt Priority Register 7">
    <reserved_bit_field offset="0" width="1" reset_value="0"/>
    <reserved_bit_field offset="1" width="1" reset_value="0"/>
    <reserved_bit_field offset="2" width="1" reset_value="0"/>
    <reserved_bit_field offset="3" width="1" reset_value="0"/>
    <bit_field offset="4" width="4" name="PRI7" access="RW" reset_value="0" description="Priority of the INT_DMA7_DMA23 interrupt 7"/>
  </register>
  <register offset="0x308" width="8" name="NVICIP8" description="Interrupt Priority Register 8">
    <reserved_bit_field offset="0" width="1" reset_value="0"/>
    <reserved_bit_field offset="1" width="1" reset_value="0"/>
    <reserved_bit_field offset="2" width="1" reset_value="0"/>
    <reserved_bit_field offset="3" width="1" reset_value="0"/>
    <bit_field offset="4" width="4" name="PRI8" access="RW" reset_value="0" description="Priority of the INT_DMA8_DMA24 interrupt 8"/>
  </register>
  <register offset="0x309" width="8" name="NVICIP9" description="Interrupt Priority Register 9">
    <reserved_bit_field offset="0" width="1" reset_value="0"/>
    <reserved_bit_field offset="1" width="1" reset_value="0"/>
    <reserved_bit_field offset="2" width="1" reset_value="0"/>
    <reserved_bit_field offset="3" width="1" reset_value="0"/>
    <bit_field offset="4" width="4" name="PRI9" access="RW" reset_value="0" description="Priority of the INT_DMA9_DMA25 interrupt 9"/>
  </register>
  <register offset="0x30A" width="8" name="NVICIP10" description="Interrupt Priority Register 10">
    <reserved_bit_field offset="0" width="1" reset_value="0"/>
    <reserved_bit_field offset="1" width="1" reset_value="0"/>
    <reserved_bit_field offset="2" width="1" reset_value="0"/>
    <reserved_bit_field offset="3" width="1" reset_value="0"/>
    <bit_field offset="4" width="4" name="PRI10" access="RW" reset_value="0" description="Priority of the INT_DMA10_DMA26 interrupt 10"/>
  </register>
  <register offset="0x30B" width="8" name="NVICIP11" description="Interrupt Priority Register 11">
    <reserved_bit_field offset="0" width="1" reset_value="0"/>
    <reserved_bit_field offset="1" width="1" reset_value="0"/>
    <reserved_bit_field offset="2" width="1" reset_value="0"/>
    <reserved_bit_field offset="3" width="1" reset_value="0"/>
    <bit_field offset="4" width="4" name="PRI11" access="RW" reset_value="0" description="Priority of the INT_DMA11_DMA27 interrupt 11"/>
  </register>
  <register offset="0x30C" width="8" name="NVICIP12" description="Interrupt Priority Register 12">
    <reserved_bit_field offset="0" width="1" reset_value="0"/>
    <reserved_bit_field offset="1" width="1" reset_value="0"/>
    <reserved_bit_field offset="2" width="1" reset_value="0"/>
    <reserved_bit_field offset="3" width="1" reset_value="0"/>
    <bit_field offset="4" width="4" name="PRI12" access="RW" reset_value="0" description="Priority of the INT_DMA12_DMA28 interrupt 12"/>
  </register>
  <register offset="0x30D" width="8" name="NVICIP13" description="Interrupt Priority Register 13">
    <reserved_bit_field offset="0" width="1" reset_value="0"/>
    <reserved_bit_field offset="1" width="1" reset_value="0"/>
    <reserved_bit_field offset="2" width="1" reset_value="0"/>
    <reserved_bit_field offset="3" width="1" reset_value="0"/>
    <bit_field offset="4" width="4" name="PRI13" access="RW" reset_value="0" description="Priority of the INT_DMA13_DMA29 interrupt 13"/>
  </register>
  <register offset="0x30E" width="8" name="NVICIP14" description="Interrupt Priority Register 14">
    <reserved_bit_field offset="0" width="1" reset_value="0"/>
    <reserved_bit_field offset="1" width="1" reset_value="0"/>
    <reserved_bit_field offset="2" width="1" reset_value="0"/>
    <reserved_bit_field offset="3" width="1" reset_value="0"/>
    <bit_field offset="4" width="4" name="PRI14" access="RW" reset_value="0" description="Priority of the INT_DMA14_DMA30 interrupt 14"/>
  </register>
  <register offset="0x30F" width="8" name="NVICIP15" description="Interrupt Priority Register 15">
    <reserved_bit_field offset="0" width="1" reset_value="0"/>
    <reserved_bit_field offset="1" width="1" reset_value="0"/>
    <reserved_bit_field offset="2" width="1" reset_value="0"/>
    <reserved_bit_field offset="3" width="1" reset_value="0"/>
    <bit_field offset="4" width="4" name="PRI15" access="RW" reset_value="0" description="Priority of the INT_DMA15_DMA31 interrupt 15"/>
  </register>
  <register offset="0x310" width="8" name="NVICIP16" description="Interrupt Priority Register 16">
    <reserved_bit_field offset="0" width="1" reset_value="0"/>
    <reserved_bit_field offset="1" width="1" reset_value="0"/>
    <reserved_bit_field offset="2" width="1" reset_value="0"/>
    <reserved_bit_field offset="3" width="1" reset_value="0"/>
    <bit_field offset="4" width="4" name="PRI16" access="RW" reset_value="0" description="Priority of the INT_DMA_ERROR interrupt 16"/>
  </register>
  <register offset="0x311" width="8" name="NVICIP17" description="Interrupt Priority Register 17">
    <reserved_bit_field offset="0" width="1" reset_value="0"/>
    <reserved_bit_field offset="1" width="1" reset_value="0"/>
    <reserved_bit_field offset="2" width="1" reset_value="0"/>
    <reserved_bit_field offset="3" width="1" reset_value="0"/>
    <bit_field offset="4" width="4" name="PRI17" access="RW" reset_value="0" description="Priority of the INT_CTI0_ERROR interrupt 17"/>
  </register>
  <register offset="0x312" width="8" name="NVICIP18" description="Interrupt Priority Register 18">
    <reserved_bit_field offset="0" width="1" reset_value="0"/>
    <reserved_bit_field offset="1" width="1" reset_value="0"/>
    <reserved_bit_field offset="2" width="1" reset_value="0"/>
    <reserved_bit_field offset="3" width="1" reset_value="0"/>
    <bit_field offset="4" width="4" name="PRI18" access="RW" reset_value="0" description="Priority of the INT_CTI1_ERROR interrupt 18"/>
  </register>
  <register offset="0x313" width="8" name="NVICIP19" description="Interrupt Priority Register 19">
    <reserved_bit_field offset="0" width="1" reset_value="0"/>
    <reserved_bit_field offset="1" width="1" reset_value="0"/>
    <reserved_bit_field offset="2" width="1" reset_value="0"/>
    <reserved_bit_field offset="3" width="1" reset_value="0"/>
    <bit_field offset="4" width="4" name="PRI19" access="RW" reset_value="0" description="Priority of the INT_CORE interrupt 19"/>
  </register>
  <register offset="0x314" width="8" name="NVICIP20" description="Interrupt Priority Register 20">
    <reserved_bit_field offset="0" width="1" reset_value="0"/>
    <reserved_bit_field offset="1" width="1" reset_value="0"/>
    <reserved_bit_field offset="2" width="1" reset_value="0"/>
    <reserved_bit_field offset="3" width="1" reset_value="0"/>
    <bit_field offset="4" width="4" name="PRI20" access="RW" reset_value="0" description="Priority of the INT_LPUART1 interrupt 20"/>
  </register>
  <register offset="0x315" width="8" name="NVICIP21" description="Interrupt Priority Register 21">
    <reserved_bit_field offset="0" width="1" reset_value="0"/>
    <reserved_bit_field offset="1" width="1" reset_value="0"/>
    <reserved_bit_field offset="2" width="1" reset_value="0"/>
    <reserved_bit_field offset="3" width="1" reset_value="0"/>
    <bit_field offset="4" width="4" name="PRI21" access="RW" reset_value="0" description="Priority of the INT_LPUART2 interrupt 21"/>
  </register>
  <register offset="0x316" width="8" name="NVICIP22" description="Interrupt Priority Register 22">
    <reserved_bit_field offset="0" width="1" reset_value="0"/>
    <reserved_bit_field offset="1" width="1" reset_value="0"/>
    <reserved_bit_field offset="2" width="1" reset_value="0"/>
    <reserved_bit_field offset="3" width="1" reset_value="0"/>
    <bit_field offset="4" width="4" name="PRI22" access="RW" reset_value="0" description="Priority of the INT_LPUART3 interrupt 22"/>
  </register>
  <register offset="0x317" width="8" name="NVICIP23" description="Interrupt Priority Register 23">
    <reserved_bit_field offset="0" width="1" reset_value="0"/>
    <reserved_bit_field offset="1" width="1" reset_value="0"/>
    <reserved_bit_field offset="2" width="1" reset_value="0"/>
    <reserved_bit_field offset="3" width="1" reset_value="0"/>
    <bit_field offset="4" width="4" name="PRI23" access="RW" reset_value="0" description="Priority of the INT_LPUART4 interrupt 23"/>
  </register>
  <register offset="0x318" width="8" name="NVICIP24" description="Interrupt Priority Register 24">
    <reserved_bit_field offset="0" width="1" reset_value="0"/>
    <reserved_bit_field offset="1" width="1" reset_value="0"/>
    <reserved_bit_field offset="2" width="1" reset_value="0"/>
    <reserved_bit_field offset="3" width="1" reset_value="0"/>
    <bit_field offset="4" width="4" name="PRI24" access="RW" reset_value="0" description="Priority of the INT_LPUART5 interrupt 24"/>
  </register>
  <register offset="0x319" width="8" name="NVICIP25" description="Interrupt Priority Register 25">
    <reserved_bit_field offset="0" width="1" reset_value="0"/>
    <reserved_bit_field offset="1" width="1" reset_value="0"/>
    <reserved_bit_field offset="2" width="1" reset_value="0"/>
    <reserved_bit_field offset="3" width="1" reset_value="0"/>
    <bit_field offset="4" width="4" name="PRI25" access="RW" reset_value="0" description="Priority of the INT_LPUART6 interrupt 25"/>
  </register>
  <register offset="0x31A" width="8" name="NVICIP26" description="Interrupt Priority Register 26">
    <reserved_bit_field offset="0" width="1" reset_value="0"/>
    <reserved_bit_field offset="1" width="1" reset_value="0"/>
    <reserved_bit_field offset="2" width="1" reset_value="0"/>
    <reserved_bit_field offset="3" width="1" reset_value="0"/>
    <bit_field offset="4" width="4" name="PRI26" access="RW" reset_value="0" description="Priority of the INT_LPUART7 interrupt 26"/>
  </register>
  <register offset="0x31B" width="8" name="NVICIP27" description="Interrupt Priority Register 27">
    <reserved_bit_field offset="0" width="1" reset_value="0"/>
    <reserved_bit_field offset="1" width="1" reset_value="0"/>
    <reserved_bit_field offset="2" width="1" reset_value="0"/>
    <reserved_bit_field offset="3" width="1" reset_value="0"/>
    <bit_field offset="4" width="4" name="PRI27" access="RW" reset_value="0" description="Priority of the INT_LPUART8 interrupt 27"/>
  </register>
  <register offset="0x31C" width="8" name="NVICIP28" description="Interrupt Priority Register 28">
    <reserved_bit_field offset="0" width="1" reset_value="0"/>
    <reserved_bit_field offset="1" width="1" reset_value="0"/>
    <reserved_bit_field offset="2" width="1" reset_value="0"/>
    <reserved_bit_field offset="3" width="1" reset_value="0"/>
    <bit_field offset="4" width="4" name="PRI28" access="RW" reset_value="0" description="Priority of the INT_LPI2C1 interrupt 28"/>
  </register>
  <register offset="0x31D" width="8" name="NVICIP29" description="Interrupt Priority Register 29">
    <reserved_bit_field offset="0" width="1" reset_value="0"/>
    <reserved_bit_field offset="1" width="1" reset_value="0"/>
    <reserved_bit_field offset="2" width="1" reset_value="0"/>
    <reserved_bit_field offset="3" width="1" reset_value="0"/>
    <bit_field offset="4" width="4" name="PRI29" access="RW" reset_value="0" description="Priority of the INT_LPI2C2 interrupt 29"/>
  </register>
  <register offset="0x31E" width="8" name="NVICIP30" description="Interrupt Priority Register 30">
    <reserved_bit_field offset="0" width="1" reset_value="0"/>
    <reserved_bit_field offset="1" width="1" reset_value="0"/>
    <reserved_bit_field offset="2" width="1" reset_value="0"/>
    <reserved_bit_field offset="3" width="1" reset_value="0"/>
    <bit_field offset="4" width="4" name="PRI30" access="RW" reset_value="0" description="Priority of the INT_LPI2C3 interrupt 30"/>
  </register>
  <register offset="0x31F" width="8" name="NVICIP31" description="Interrupt Priority Register 31">
    <reserved_bit_field offset="0" width="1" reset_value="0"/>
    <reserved_bit_field offset="1" width="1" reset_value="0"/>
    <reserved_bit_field offset="2" width="1" reset_value="0"/>
    <reserved_bit_field offset="3" width="1" reset_value="0"/>
    <bit_field offset="4" width="4" name="PRI31" access="RW" reset_value="0" description="Priority of the INT_LPI2C4 interrupt 31"/>
  </register>
  <register offset="0x320" width="8" name="NVICIP32" description="Interrupt Priority Register 32">
    <reserved_bit_field offset="0" width="1" reset_value="0"/>
    <reserved_bit_field offset="1" width="1" reset_value="0"/>
    <reserved_bit_field offset="2" width="1" reset_value="0"/>
    <reserved_bit_field offset="3" width="1" reset_value="0"/>
    <bit_field offset="4" width="4" name="PRI32" access="RW" reset_value="0" description="Priority of the INT_LPSPI1 interrupt 32"/>
  </register>
  <register offset="0x321" width="8" name="NVICIP33" description="Interrupt Priority Register 33">
    <reserved_bit_field offset="0" width="1" reset_value="0"/>
    <reserved_bit_field offset="1" width="1" reset_value="0"/>
    <reserved_bit_field offset="2" width="1" reset_value="0"/>
    <reserved_bit_field offset="3" width="1" reset_value="0"/>
    <bit_field offset="4" width="4" name="PRI33" access="RW" reset_value="0" description="Priority of the INT_LPSPI2 interrupt 33"/>
  </register>
  <register offset="0x322" width="8" name="NVICIP34" description="Interrupt Priority Register 34">
    <reserved_bit_field offset="0" width="1" reset_value="0"/>
    <reserved_bit_field offset="1" width="1" reset_value="0"/>
    <reserved_bit_field offset="2" width="1" reset_value="0"/>
    <reserved_bit_field offset="3" width="1" reset_value="0"/>
    <bit_field offset="4" width="4" name="PRI34" access="RW" reset_value="0" description="Priority of the INT_LPSPI3 interrupt 34"/>
  </register>
  <register offset="0x323" width="8" name="NVICIP35" description="Interrupt Priority Register 35">
    <reserved_bit_field offset="0" width="1" reset_value="0"/>
    <reserved_bit_field offset="1" width="1" reset_value="0"/>
    <reserved_bit_field offset="2" width="1" reset_value="0"/>
    <reserved_bit_field offset="3" width="1" reset_value="0"/>
    <bit_field offset="4" width="4" name="PRI35" access="RW" reset_value="0" description="Priority of the INT_LPSPI4 interrupt 35"/>
  </register>
  <register offset="0x324" width="8" name="NVICIP36" description="Interrupt Priority Register 36">
    <reserved_bit_field offset="0" width="1" reset_value="0"/>
    <reserved_bit_field offset="1" width="1" reset_value="0"/>
    <reserved_bit_field offset="2" width="1" reset_value="0"/>
    <reserved_bit_field offset="3" width="1" reset_value="0"/>
    <bit_field offset="4" width="4" name="PRI36" access="RW" reset_value="0" description="Priority of the INT_CAN1 interrupt 36"/>
  </register>
  <register offset="0x325" width="8" name="NVICIP37" description="Interrupt Priority Register 37">
    <reserved_bit_field offset="0" width="1" reset_value="0"/>
    <reserved_bit_field offset="1" width="1" reset_value="0"/>
    <reserved_bit_field offset="2" width="1" reset_value="0"/>
    <reserved_bit_field offset="3" width="1" reset_value="0"/>
    <bit_field offset="4" width="4" name="PRI37" access="RW" reset_value="0" description="Priority of the INT_CAN2 interrupt 37"/>
  </register>
  <register offset="0x326" width="8" name="NVICIP38" description="Interrupt Priority Register 38">
    <reserved_bit_field offset="0" width="1" reset_value="0"/>
    <reserved_bit_field offset="1" width="1" reset_value="0"/>
    <reserved_bit_field offset="2" width="1" reset_value="0"/>
    <reserved_bit_field offset="3" width="1" reset_value="0"/>
    <bit_field offset="4" width="4" name="PRI38" access="RW" reset_value="0" description="Priority of the INT_FLEXRAM interrupt 38"/>
  </register>
  <register offset="0x327" width="8" name="NVICIP39" description="Interrupt Priority Register 39">
    <reserved_bit_field offset="0" width="1" reset_value="0"/>
    <reserved_bit_field offset="1" width="1" reset_value="0"/>
    <reserved_bit_field offset="2" width="1" reset_value="0"/>
    <reserved_bit_field offset="3" width="1" reset_value="0"/>
    <bit_field offset="4" width="4" name="PRI39" access="RW" reset_value="0" description="Priority of the INT_KPP interrupt 39"/>
  </register>
  <register offset="0x328" width="8" name="NVICIP40" description="Interrupt Priority Register 40">
    <reserved_bit_field offset="0" width="1" reset_value="0"/>
    <reserved_bit_field offset="1" width="1" reset_value="0"/>
    <reserved_bit_field offset="2" width="1" reset_value="0"/>
    <reserved_bit_field offset="3" width="1" reset_value="0"/>
    <bit_field offset="4" width="4" name="PRI40" access="RW" reset_value="0" description="Priority of the INT_Reserved56 interrupt 40"/>
  </register>
  <register offset="0x329" width="8" name="NVICIP41" description="Interrupt Priority Register 41">
    <reserved_bit_field offset="0" width="1" reset_value="0"/>
    <reserved_bit_field offset="1" width="1" reset_value="0"/>
    <reserved_bit_field offset="2" width="1" reset_value="0"/>
    <reserved_bit_field offset="3" width="1" reset_value="0"/>
    <bit_field offset="4" width="4" name="PRI41" access="RW" reset_value="0" description="Priority of the INT_GPR_IRQ interrupt 41"/>
  </register>
  <register offset="0x32A" width="8" name="NVICIP42" description="Interrupt Priority Register 42">
    <reserved_bit_field offset="0" width="1" reset_value="0"/>
    <reserved_bit_field offset="1" width="1" reset_value="0"/>
    <reserved_bit_field offset="2" width="1" reset_value="0"/>
    <reserved_bit_field offset="3" width="1" reset_value="0"/>
    <bit_field offset="4" width="4" name="PRI42" access="RW" reset_value="0" description="Priority of the INT_Reserved58 interrupt 42"/>
  </register>
  <register offset="0x32B" width="8" name="NVICIP43" description="Interrupt Priority Register 43">
    <reserved_bit_field offset="0" width="1" reset_value="0"/>
    <reserved_bit_field offset="1" width="1" reset_value="0"/>
    <reserved_bit_field offset="2" width="1" reset_value="0"/>
    <reserved_bit_field offset="3" width="1" reset_value="0"/>
    <bit_field offset="4" width="4" name="PRI43" access="RW" reset_value="0" description="Priority of the INT_Reserved59 interrupt 43"/>
  </register>
  <register offset="0x32C" width="8" name="NVICIP44" description="Interrupt Priority Register 44">
    <reserved_bit_field offset="0" width="1" reset_value="0"/>
    <reserved_bit_field offset="1" width="1" reset_value="0"/>
    <reserved_bit_field offset="2" width="1" reset_value="0"/>
    <reserved_bit_field offset="3" width="1" reset_value="0"/>
    <bit_field offset="4" width="4" name="PRI44" access="RW" reset_value="0" description="Priority of the INT_Reserved60 interrupt 44"/>
  </register>
  <register offset="0x32D" width="8" name="NVICIP45" description="Interrupt Priority Register 45">
    <reserved_bit_field offset="0" width="1" reset_value="0"/>
    <reserved_bit_field offset="1" width="1" reset_value="0"/>
    <reserved_bit_field offset="2" width="1" reset_value="0"/>
    <reserved_bit_field offset="3" width="1" reset_value="0"/>
    <bit_field offset="4" width="4" name="PRI45" access="RW" reset_value="0" description="Priority of the INT_WDOG2 interrupt 45"/>
  </register>
  <register offset="0x32E" width="8" name="NVICIP46" description="Interrupt Priority Register 46">
    <reserved_bit_field offset="0" width="1" reset_value="0"/>
    <reserved_bit_field offset="1" width="1" reset_value="0"/>
    <reserved_bit_field offset="2" width="1" reset_value="0"/>
    <reserved_bit_field offset="3" width="1" reset_value="0"/>
    <bit_field offset="4" width="4" name="PRI46" access="RW" reset_value="0" description="Priority of the INT_SNVS_HP_WRAPPER interrupt 46"/>
  </register>
  <register offset="0x32F" width="8" name="NVICIP47" description="Interrupt Priority Register 47">
    <reserved_bit_field offset="0" width="1" reset_value="0"/>
    <reserved_bit_field offset="1" width="1" reset_value="0"/>
    <reserved_bit_field offset="2" width="1" reset_value="0"/>
    <reserved_bit_field offset="3" width="1" reset_value="0"/>
    <bit_field offset="4" width="4" name="PRI47" access="RW" reset_value="0" description="Priority of the INT_SNVS_HP_WRAPPER_TZ interrupt 47"/>
  </register>
  <register offset="0x330" width="8" name="NVICIP48" description="Interrupt Priority Register 48">
    <reserved_bit_field offset="0" width="1" reset_value="0"/>
    <reserved_bit_field offset="1" width="1" reset_value="0"/>
    <reserved_bit_field offset="2" width="1" reset_value="0"/>
    <reserved_bit_field offset="3" width="1" reset_value="0"/>
    <bit_field offset="4" width="4" name="PRI48" access="RW" reset_value="0" description="Priority of the INT_SNVS_LP_HP_WRAPPER interrupt 48"/>
  </register>
  <register offset="0x331" width="8" name="NVICIP49" description="Interrupt Priority Register 49">
    <reserved_bit_field offset="0" width="1" reset_value="0"/>
    <reserved_bit_field offset="1" width="1" reset_value="0"/>
    <reserved_bit_field offset="2" width="1" reset_value="0"/>
    <reserved_bit_field offset="3" width="1" reset_value="0"/>
    <bit_field offset="4" width="4" name="PRI49" access="RW" reset_value="0" description="Priority of the INT_CSU interrupt 49"/>
  </register>
  <register offset="0x332" width="8" name="NVICIP50" description="Interrupt Priority Register 50">
    <reserved_bit_field offset="0" width="1" reset_value="0"/>
    <reserved_bit_field offset="1" width="1" reset_value="0"/>
    <reserved_bit_field offset="2" width="1" reset_value="0"/>
    <reserved_bit_field offset="3" width="1" reset_value="0"/>
    <bit_field offset="4" width="4" name="PRI50" access="RW" reset_value="0" description="Priority of the INT_DCP interrupt 50"/>
  </register>
  <register offset="0x333" width="8" name="NVICIP51" description="Interrupt Priority Register 51">
    <reserved_bit_field offset="0" width="1" reset_value="0"/>
    <reserved_bit_field offset="1" width="1" reset_value="0"/>
    <reserved_bit_field offset="2" width="1" reset_value="0"/>
    <reserved_bit_field offset="3" width="1" reset_value="0"/>
    <bit_field offset="4" width="4" name="PRI51" access="RW" reset_value="0" description="Priority of the INT_DCP_VMI interrupt 51"/>
  </register>
  <register offset="0x334" width="8" name="NVICIP52" description="Interrupt Priority Register 52">
    <reserved_bit_field offset="0" width="1" reset_value="0"/>
    <reserved_bit_field offset="1" width="1" reset_value="0"/>
    <reserved_bit_field offset="2" width="1" reset_value="0"/>
    <reserved_bit_field offset="3" width="1" reset_value="0"/>
    <bit_field offset="4" width="4" name="PRI52" access="RW" reset_value="0" description="Priority of the INT_Reserved68 interrupt 52"/>
  </register>
  <register offset="0x335" width="8" name="NVICIP53" description="Interrupt Priority Register 53">
    <reserved_bit_field offset="0" width="1" reset_value="0"/>
    <reserved_bit_field offset="1" width="1" reset_value="0"/>
    <reserved_bit_field offset="2" width="1" reset_value="0"/>
    <reserved_bit_field offset="3" width="1" reset_value="0"/>
    <bit_field offset="4" width="4" name="PRI53" access="RW" reset_value="0" description="Priority of the INT_TRNG interrupt 53"/>
  </register>
  <register offset="0x336" width="8" name="NVICIP54" description="Interrupt Priority Register 54">
    <reserved_bit_field offset="0" width="1" reset_value="0"/>
    <reserved_bit_field offset="1" width="1" reset_value="0"/>
    <reserved_bit_field offset="2" width="1" reset_value="0"/>
    <reserved_bit_field offset="3" width="1" reset_value="0"/>
    <bit_field offset="4" width="4" name="PRI54" access="RW" reset_value="0" description="Priority of interrupt 54"/>
  </register>
  <register offset="0x337" width="8" name="NVICIP55" description="Interrupt Priority Register 55">
    <reserved_bit_field offset="0" width="1" reset_value="0"/>
    <reserved_bit_field offset="1" width="1" reset_value="0"/>
    <reserved_bit_field offset="2" width="1" reset_value="0"/>
    <reserved_bit_field offset="3" width="1" reset_value="0"/>
    <bit_field offset="4" width="4" name="PRI55" access="RW" reset_value="0" description="Priority of the INT_BEE interrupt 55"/>
  </register>
  <register offset="0x338" width="8" name="NVICIP56" description="Interrupt Priority Register 56">
    <reserved_bit_field offset="0" width="1" reset_value="0"/>
    <reserved_bit_field offset="1" width="1" reset_value="0"/>
    <reserved_bit_field offset="2" width="1" reset_value="0"/>
    <reserved_bit_field offset="3" width="1" reset_value="0"/>
    <bit_field offset="4" width="4" name="PRI56" access="RW" reset_value="0" description="Priority of the INT_SAI1 interrupt 56"/>
  </register>
  <register offset="0x339" width="8" name="NVICIP57" description="Interrupt Priority Register 57">
    <reserved_bit_field offset="0" width="1" reset_value="0"/>
    <reserved_bit_field offset="1" width="1" reset_value="0"/>
    <reserved_bit_field offset="2" width="1" reset_value="0"/>
    <reserved_bit_field offset="3" width="1" reset_value="0"/>
    <bit_field offset="4" width="4" name="PRI57" access="RW" reset_value="0" description="Priority of the INT_SAI2 interrupt 57"/>
  </register>
  <register offset="0x33A" width="8" name="NVICIP58" description="Interrupt Priority Register 58">
    <reserved_bit_field offset="0" width="1" reset_value="0"/>
    <reserved_bit_field offset="1" width="1" reset_value="0"/>
    <reserved_bit_field offset="2" width="1" reset_value="0"/>
    <reserved_bit_field offset="3" width="1" reset_value="0"/>
    <bit_field offset="4" width="4" name="PRI58" access="RW" reset_value="0" description="Priority of the INT_SAI3_RX interrupt 58"/>
  </register>
  <register offset="0x33B" width="8" name="NVICIP59" description="Interrupt Priority Register 59">
    <reserved_bit_field offset="0" width="1" reset_value="0"/>
    <reserved_bit_field offset="1" width="1" reset_value="0"/>
    <reserved_bit_field offset="2" width="1" reset_value="0"/>
    <reserved_bit_field offset="3" width="1" reset_value="0"/>
    <bit_field offset="4" width="4" name="PRI59" access="RW" reset_value="0" description="Priority of the INT_SAI3_TX interrupt 59"/>
  </register>
  <register offset="0x33C" width="8" name="NVICIP60" description="Interrupt Priority Register 60">
    <reserved_bit_field offset="0" width="1" reset_value="0"/>
    <reserved_bit_field offset="1" width="1" reset_value="0"/>
    <reserved_bit_field offset="2" width="1" reset_value="0"/>
    <reserved_bit_field offset="3" width="1" reset_value="0"/>
    <bit_field offset="4" width="4" name="PRI60" access="RW" reset_value="0" description="Priority of the INT_SPDIF interrupt 60"/>
  </register>
  <register offset="0x33D" width="8" name="NVICIP61" description="Interrupt Priority Register 61">
    <reserved_bit_field offset="0" width="1" reset_value="0"/>
    <reserved_bit_field offset="1" width="1" reset_value="0"/>
    <reserved_bit_field offset="2" width="1" reset_value="0"/>
    <reserved_bit_field offset="3" width="1" reset_value="0"/>
    <bit_field offset="4" width="4" name="PRI61" access="RW" reset_value="0" description="Priority of the INT_PMU interrupt 61"/>
  </register>
  <register offset="0x33E" width="8" name="NVICIP62" description="Interrupt Priority Register 62">
    <reserved_bit_field offset="0" width="1" reset_value="0"/>
    <reserved_bit_field offset="1" width="1" reset_value="0"/>
    <reserved_bit_field offset="2" width="1" reset_value="0"/>
    <reserved_bit_field offset="3" width="1" reset_value="0"/>
    <bit_field offset="4" width="4" name="PRI62" access="RW" reset_value="0" description="Priority of the INT_Reserved78 interrupt 62"/>
  </register>
  <register offset="0x33F" width="8" name="NVICIP63" description="Interrupt Priority Register 63">
    <reserved_bit_field offset="0" width="1" reset_value="0"/>
    <reserved_bit_field offset="1" width="1" reset_value="0"/>
    <reserved_bit_field offset="2" width="1" reset_value="0"/>
    <reserved_bit_field offset="3" width="1" reset_value="0"/>
    <bit_field offset="4" width="4" name="PRI63" access="RW" reset_value="0" description="Priority of the INT_TEMP_LOW_HIGH interrupt 63"/>
  </register>
  <register offset="0x340" width="8" name="NVICIP64" description="Interrupt Priority Register 64">
    <reserved_bit_field offset="0" width="1" reset_value="0"/>
    <reserved_bit_field offset="1" width="1" reset_value="0"/>
    <reserved_bit_field offset="2" width="1" reset_value="0"/>
    <reserved_bit_field offset="3" width="1" reset_value="0"/>
    <bit_field offset="4" width="4" name="PRI64" access="RW" reset_value="0" description="Priority of the INT_TEMP_PANIC interrupt 64"/>
  </register>
  <register offset="0x341" width="8" name="NVICIP65" description="Interrupt Priority Register 65">
    <reserved_bit_field offset="0" width="1" reset_value="0"/>
    <reserved_bit_field offset="1" width="1" reset_value="0"/>
    <reserved_bit_field offset="2" width="1" reset_value="0"/>
    <reserved_bit_field offset="3" width="1" reset_value="0"/>
    <bit_field offset="4" width="4" name="PRI65" access="RW" reset_value="0" description="Priority of the INT_USB_PHY interrupt 65"/>
  </register>
  <register offset="0x342" width="8" name="NVICIP66" description="Interrupt Priority Register 66">
    <reserved_bit_field offset="0" width="1" reset_value="0"/>
    <reserved_bit_field offset="1" width="1" reset_value="0"/>
    <reserved_bit_field offset="2" width="1" reset_value="0"/>
    <reserved_bit_field offset="3" width="1" reset_value="0"/>
    <bit_field offset="4" width="4" name="PRI66" access="RW" reset_value="0" description="Priority of the INT_Reserved82 interrupt 66"/>
  </register>
  <register offset="0x343" width="8" name="NVICIP67" description="Interrupt Priority Register 67">
    <reserved_bit_field offset="0" width="1" reset_value="0"/>
    <reserved_bit_field offset="1" width="1" reset_value="0"/>
    <reserved_bit_field offset="2" width="1" reset_value="0"/>
    <reserved_bit_field offset="3" width="1" reset_value="0"/>
    <bit_field offset="4" width="4" name="PRI67" access="RW" reset_value="0" description="Priority of the INT_ADC1 interrupt 67"/>
  </register>
  <register offset="0x344" width="8" name="NVICIP68" description="Interrupt Priority Register 68">
    <reserved_bit_field offset="0" width="1" reset_value="0"/>
    <reserved_bit_field offset="1" width="1" reset_value="0"/>
    <reserved_bit_field offset="2" width="1" reset_value="0"/>
    <reserved_bit_field offset="3" width="1" reset_value="0"/>
    <bit_field offset="4" width="4" name="PRI68" access="RW" reset_value="0" description="Priority of the INT_ADC2 interrupt 68"/>
  </register>
  <register offset="0x345" width="8" name="NVICIP69" description="Interrupt Priority Register 69">
    <reserved_bit_field offset="0" width="1" reset_value="0"/>
    <reserved_bit_field offset="1" width="1" reset_value="0"/>
    <reserved_bit_field offset="2" width="1" reset_value="0"/>
    <reserved_bit_field offset="3" width="1" reset_value="0"/>
    <bit_field offset="4" width="4" name="PRI69" access="RW" reset_value="0" description="Priority of the INT_DCDC interrupt 69"/>
  </register>
  <register offset="0x346" width="8" name="NVICIP70" description="Interrupt Priority Register 70">
    <reserved_bit_field offset="0" width="1" reset_value="0"/>
    <reserved_bit_field offset="1" width="1" reset_value="0"/>
    <reserved_bit_field offset="2" width="1" reset_value="0"/>
    <reserved_bit_field offset="3" width="1" reset_value="0"/>
    <bit_field offset="4" width="4" name="PRI70" access="RW" reset_value="0" description="Priority of the INT_Reserved86 interrupt 70"/>
  </register>
  <register offset="0x347" width="8" name="NVICIP71" description="Interrupt Priority Register 71">
    <reserved_bit_field offset="0" width="1" reset_value="0"/>
    <reserved_bit_field offset="1" width="1" reset_value="0"/>
    <reserved_bit_field offset="2" width="1" reset_value="0"/>
    <reserved_bit_field offset="3" width="1" reset_value="0"/>
    <bit_field offset="4" width="4" name="PRI71" access="RW" reset_value="0" description="Priority of the INT_Reserved87 interrupt 71"/>
  </register>
  <register offset="0x348" width="8" name="NVICIP72" description="Interrupt Priority Register 72">
    <reserved_bit_field offset="0" width="1" reset_value="0"/>
    <reserved_bit_field offset="1" width="1" reset_value="0"/>
    <reserved_bit_field offset="2" width="1" reset_value="0"/>
    <reserved_bit_field offset="3" width="1" reset_value="0"/>
    <bit_field offset="4" width="4" name="PRI72" access="RW" reset_value="0" description="Priority of the INT_GPIO1_INT0 interrupt 72"/>
  </register>
  <register offset="0x349" width="8" name="NVICIP73" description="Interrupt Priority Register 73">
    <reserved_bit_field offset="0" width="1" reset_value="0"/>
    <reserved_bit_field offset="1" width="1" reset_value="0"/>
    <reserved_bit_field offset="2" width="1" reset_value="0"/>
    <reserved_bit_field offset="3" width="1" reset_value="0"/>
    <bit_field offset="4" width="4" name="PRI73" access="RW" reset_value="0" description="Priority of the INT_GPIO1_INT1 interrupt 73"/>
  </register>
  <register offset="0x34A" width="8" name="NVICIP74" description="Interrupt Priority Register 74">
    <reserved_bit_field offset="0" width="1" reset_value="0"/>
    <reserved_bit_field offset="1" width="1" reset_value="0"/>
    <reserved_bit_field offset="2" width="1" reset_value="0"/>
    <reserved_bit_field offset="3" width="1" reset_value="0"/>
    <bit_field offset="4" width="4" name="PRI74" access="RW" reset_value="0" description="Priority of the INT_GPIO1_INT2 interrupt 74"/>
  </register>
  <register offset="0x34B" width="8" name="NVICIP75" description="Interrupt Priority Register 75">
    <reserved_bit_field offset="0" width="1" reset_value="0"/>
    <reserved_bit_field offset="1" width="1" reset_value="0"/>
    <reserved_bit_field offset="2" width="1" reset_value="0"/>
    <reserved_bit_field offset="3" width="1" reset_value="0"/>
    <bit_field offset="4" width="4" name="PRI75" access="RW" reset_value="0" description="Priority of the INT_GPIO1_INT3 interrupt 75"/>
  </register>
  <register offset="0x34C" width="8" name="NVICIP76" description="Interrupt Priority Register 76">
    <reserved_bit_field offset="0" width="1" reset_value="0"/>
    <reserved_bit_field offset="1" width="1" reset_value="0"/>
    <reserved_bit_field offset="2" width="1" reset_value="0"/>
    <reserved_bit_field offset="3" width="1" reset_value="0"/>
    <bit_field offset="4" width="4" name="PRI76" access="RW" reset_value="0" description="Priority of the INT_GPIO1_INT4 interrupt 76"/>
  </register>
  <register offset="0x34D" width="8" name="NVICIP77" description="Interrupt Priority Register 77">
    <reserved_bit_field offset="0" width="1" reset_value="0"/>
    <reserved_bit_field offset="1" width="1" reset_value="0"/>
    <reserved_bit_field offset="2" width="1" reset_value="0"/>
    <reserved_bit_field offset="3" width="1" reset_value="0"/>
    <bit_field offset="4" width="4" name="PRI77" access="RW" reset_value="0" description="Priority of the INT_GPIO1_INT5 interrupt 77"/>
  </register>
  <register offset="0x34E" width="8" name="NVICIP78" description="Interrupt Priority Register 78">
    <reserved_bit_field offset="0" width="1" reset_value="0"/>
    <reserved_bit_field offset="1" width="1" reset_value="0"/>
    <reserved_bit_field offset="2" width="1" reset_value="0"/>
    <reserved_bit_field offset="3" width="1" reset_value="0"/>
    <bit_field offset="4" width="4" name="PRI78" access="RW" reset_value="0" description="Priority of the INT_GPIO1_INT6 interrupt 78"/>
  </register>
  <register offset="0x34F" width="8" name="NVICIP79" description="Interrupt Priority Register 79">
    <reserved_bit_field offset="0" width="1" reset_value="0"/>
    <reserved_bit_field offset="1" width="1" reset_value="0"/>
    <reserved_bit_field offset="2" width="1" reset_value="0"/>
    <reserved_bit_field offset="3" width="1" reset_value="0"/>
    <bit_field offset="4" width="4" name="PRI79" access="RW" reset_value="0" description="Priority of the INT_GPIO1_INT7 interrupt 79"/>
  </register>
  <register offset="0x350" width="8" name="NVICIP80" description="Interrupt Priority Register 80">
    <reserved_bit_field offset="0" width="1" reset_value="0"/>
    <reserved_bit_field offset="1" width="1" reset_value="0"/>
    <reserved_bit_field offset="2" width="1" reset_value="0"/>
    <reserved_bit_field offset="3" width="1" reset_value="0"/>
    <bit_field offset="4" width="4" name="PRI80" access="RW" reset_value="0" description="Priority of the INT_GPIO1_Combined_0_15 interrupt 80"/>
  </register>
  <register offset="0x351" width="8" name="NVICIP81" description="Interrupt Priority Register 81">
    <reserved_bit_field offset="0" width="1" reset_value="0"/>
    <reserved_bit_field offset="1" width="1" reset_value="0"/>
    <reserved_bit_field offset="2" width="1" reset_value="0"/>
    <reserved_bit_field offset="3" width="1" reset_value="0"/>
    <bit_field offset="4" width="4" name="PRI81" access="RW" reset_value="0" description="Priority of the INT_GPIO1_Combined_16_31 interrupt 81"/>
  </register>
  <register offset="0x352" width="8" name="NVICIP82" description="Interrupt Priority Register 82">
    <reserved_bit_field offset="0" width="1" reset_value="0"/>
    <reserved_bit_field offset="1" width="1" reset_value="0"/>
    <reserved_bit_field offset="2" width="1" reset_value="0"/>
    <reserved_bit_field offset="3" width="1" reset_value="0"/>
    <bit_field offset="4" width="4" name="PRI82" access="RW" reset_value="0" description="Priority of the INT_GPIO2_Combined_0_15 interrupt 82"/>
  </register>
  <register offset="0x353" width="8" name="NVICIP83" description="Interrupt Priority Register 83">
    <reserved_bit_field offset="0" width="1" reset_value="0"/>
    <reserved_bit_field offset="1" width="1" reset_value="0"/>
    <reserved_bit_field offset="2" width="1" reset_value="0"/>
    <reserved_bit_field offset="3" width="1" reset_value="0"/>
    <bit_field offset="4" width="4" name="PRI83" access="RW" reset_value="0" description="Priority of the INT_GPIO2_Combined_16_31 interrupt 83"/>
  </register>
  <register offset="0x354" width="8" name="NVICIP84" description="Interrupt Priority Register 84">
    <reserved_bit_field offset="0" width="1" reset_value="0"/>
    <reserved_bit_field offset="1" width="1" reset_value="0"/>
    <reserved_bit_field offset="2" width="1" reset_value="0"/>
    <reserved_bit_field offset="3" width="1" reset_value="0"/>
    <bit_field offset="4" width="4" name="PRI84" access="RW" reset_value="0" description="Priority of the INT_GPIO3_Combined_0_15 interrupt 84"/>
  </register>
  <register offset="0x355" width="8" name="NVICIP85" description="Interrupt Priority Register 85">
    <reserved_bit_field offset="0" width="1" reset_value="0"/>
    <reserved_bit_field offset="1" width="1" reset_value="0"/>
    <reserved_bit_field offset="2" width="1" reset_value="0"/>
    <reserved_bit_field offset="3" width="1" reset_value="0"/>
    <bit_field offset="4" width="4" name="PRI85" access="RW" reset_value="0" description="Priority of the INT_GPIO3_Combined_16_31 interrupt 85"/>
  </register>
  <register offset="0x356" width="8" name="NVICIP86" description="Interrupt Priority Register 86">
    <reserved_bit_field offset="0" width="1" reset_value="0"/>
    <reserved_bit_field offset="1" width="1" reset_value="0"/>
    <reserved_bit_field offset="2" width="1" reset_value="0"/>
    <reserved_bit_field offset="3" width="1" reset_value="0"/>
    <bit_field offset="4" width="4" name="PRI86" access="RW" reset_value="0" description="Priority of the INT_Reserved102 interrupt 86"/>
  </register>
  <register offset="0x357" width="8" name="NVICIP87" description="Interrupt Priority Register 87">
    <reserved_bit_field offset="0" width="1" reset_value="0"/>
    <reserved_bit_field offset="1" width="1" reset_value="0"/>
    <reserved_bit_field offset="2" width="1" reset_value="0"/>
    <reserved_bit_field offset="3" width="1" reset_value="0"/>
    <bit_field offset="4" width="4" name="PRI87" access="RW" reset_value="0" description="Priority of the INT_Reserved103 interrupt 87"/>
  </register>
  <register offset="0x358" width="8" name="NVICIP88" description="Interrupt Priority Register 88">
    <reserved_bit_field offset="0" width="1" reset_value="0"/>
    <reserved_bit_field offset="1" width="1" reset_value="0"/>
    <reserved_bit_field offset="2" width="1" reset_value="0"/>
    <reserved_bit_field offset="3" width="1" reset_value="0"/>
    <bit_field offset="4" width="4" name="PRI88" access="RW" reset_value="0" description="Priority of the INT_GPIO5_Combined_0_15 interrupt 88"/>
  </register>
  <register offset="0x359" width="8" name="NVICIP89" description="Interrupt Priority Register 89">
    <reserved_bit_field offset="0" width="1" reset_value="0"/>
    <reserved_bit_field offset="1" width="1" reset_value="0"/>
    <reserved_bit_field offset="2" width="1" reset_value="0"/>
    <reserved_bit_field offset="3" width="1" reset_value="0"/>
    <bit_field offset="4" width="4" name="PRI89" access="RW" reset_value="0" description="Priority of the INT_GPIO5_Combined_16_31 interrupt 89"/>
  </register>
  <register offset="0x35A" width="8" name="NVICIP90" description="Interrupt Priority Register 90">
    <reserved_bit_field offset="0" width="1" reset_value="0"/>
    <reserved_bit_field offset="1" width="1" reset_value="0"/>
    <reserved_bit_field offset="2" width="1" reset_value="0"/>
    <reserved_bit_field offset="3" width="1" reset_value="0"/>
    <bit_field offset="4" width="4" name="PRI90" access="RW" reset_value="0" description="Priority of the INT_FLEXIO1 interrupt 90"/>
  </register>
  <register offset="0x35B" width="8" name="NVICIP91" description="Interrupt Priority Register 91">
    <reserved_bit_field offset="0" width="1" reset_value="0"/>
    <reserved_bit_field offset="1" width="1" reset_value="0"/>
    <reserved_bit_field offset="2" width="1" reset_value="0"/>
    <reserved_bit_field offset="3" width="1" reset_value="0"/>
    <bit_field offset="4" width="4" name="PRI91" access="RW" reset_value="0" description="Priority of the INT_Reserved107 interrupt 91"/>
  </register>
  <register offset="0x35C" width="8" name="NVICIP92" description="Interrupt Priority Register 92">
    <reserved_bit_field offset="0" width="1" reset_value="0"/>
    <reserved_bit_field offset="1" width="1" reset_value="0"/>
    <reserved_bit_field offset="2" width="1" reset_value="0"/>
    <reserved_bit_field offset="3" width="1" reset_value="0"/>
    <bit_field offset="4" width="4" name="PRI92" access="RW" reset_value="0" description="Priority of the INT_WDOG1 interrupt 92"/>
  </register>
  <register offset="0x35D" width="8" name="NVICIP93" description="Interrupt Priority Register 93">
    <reserved_bit_field offset="0" width="1" reset_value="0"/>
    <reserved_bit_field offset="1" width="1" reset_value="0"/>
    <reserved_bit_field offset="2" width="1" reset_value="0"/>
    <reserved_bit_field offset="3" width="1" reset_value="0"/>
    <bit_field offset="4" width="4" name="PRI93" access="RW" reset_value="0" description="Priority of the INT_RTWDOG interrupt 93"/>
  </register>
  <register offset="0x35E" width="8" name="NVICIP94" description="Interrupt Priority Register 94">
    <reserved_bit_field offset="0" width="1" reset_value="0"/>
    <reserved_bit_field offset="1" width="1" reset_value="0"/>
    <reserved_bit_field offset="2" width="1" reset_value="0"/>
    <reserved_bit_field offset="3" width="1" reset_value="0"/>
    <bit_field offset="4" width="4" name="PRI94" access="RW" reset_value="0" description="Priority of the INT_EWM interrupt 94"/>
  </register>
  <register offset="0x35F" width="8" name="NVICIP95" description="Interrupt Priority Register 95">
    <reserved_bit_field offset="0" width="1" reset_value="0"/>
    <reserved_bit_field offset="1" width="1" reset_value="0"/>
    <reserved_bit_field offset="2" width="1" reset_value="0"/>
    <reserved_bit_field offset="3" width="1" reset_value="0"/>
    <bit_field offset="4" width="4" name="PRI95" access="RW" reset_value="0" description="Priority of the INT_CCM_1 interrupt 95"/>
  </register>
  <register offset="0x360" width="8" name="NVICIP96" description="Interrupt Priority Register 96">
    <reserved_bit_field offset="0" width="1" reset_value="0"/>
    <reserved_bit_field offset="1" width="1" reset_value="0"/>
    <reserved_bit_field offset="2" width="1" reset_value="0"/>
    <reserved_bit_field offset="3" width="1" reset_value="0"/>
    <bit_field offset="4" width="4" name="PRI96" access="RW" reset_value="0" description="Priority of the INT_CCM_2 interrupt 96"/>
  </register>
  <register offset="0x361" width="8" name="NVICIP97" description="Interrupt Priority Register 97">
    <reserved_bit_field offset="0" width="1" reset_value="0"/>
    <reserved_bit_field offset="1" width="1" reset_value="0"/>
    <reserved_bit_field offset="2" width="1" reset_value="0"/>
    <reserved_bit_field offset="3" width="1" reset_value="0"/>
    <bit_field offset="4" width="4" name="PRI97" access="RW" reset_value="0" description="Priority of the INT_GPC interrupt 97"/>
  </register>
  <register offset="0x362" width="8" name="NVICIP98" description="Interrupt Priority Register 98">
    <reserved_bit_field offset="0" width="1" reset_value="0"/>
    <reserved_bit_field offset="1" width="1" reset_value="0"/>
    <reserved_bit_field offset="2" width="1" reset_value="0"/>
    <reserved_bit_field offset="3" width="1" reset_value="0"/>
    <bit_field offset="4" width="4" name="PRI98" access="RW" reset_value="0" description="Priority of the INT_SRC interrupt 98"/>
  </register>
  <register offset="0x363" width="8" name="NVICIP99" description="Interrupt Priority Register 99">
    <reserved_bit_field offset="0" width="1" reset_value="0"/>
    <reserved_bit_field offset="1" width="1" reset_value="0"/>
    <reserved_bit_field offset="2" width="1" reset_value="0"/>
    <reserved_bit_field offset="3" width="1" reset_value="0"/>
    <bit_field offset="4" width="4" name="PRI99" access="RW" reset_value="0" description="Priority of the INT_Reserved115 interrupt 99"/>
  </register>
  <register offset="0x364" width="8" name="NVICIP100" description="Interrupt Priority Register 100">
    <reserved_bit_field offset="0" width="1" reset_value="0"/>
    <reserved_bit_field offset="1" width="1" reset_value="0"/>
    <reserved_bit_field offset="2" width="1" reset_value="0"/>
    <reserved_bit_field offset="3" width="1" reset_value="0"/>
    <bit_field offset="4" width="4" name="PRI100" access="RW" reset_value="0" description="Priority of the INT_GPT1 interrupt 100"/>
  </register>
  <register offset="0x365" width="8" name="NVICIP101" description="Interrupt Priority Register 101">
    <reserved_bit_field offset="0" width="1" reset_value="0"/>
    <reserved_bit_field offset="1" width="1" reset_value="0"/>
    <reserved_bit_field offset="2" width="1" reset_value="0"/>
    <reserved_bit_field offset="3" width="1" reset_value="0"/>
    <bit_field offset="4" width="4" name="PRI101" access="RW" reset_value="0" description="Priority of the INT_GPT2 interrupt 101"/>
  </register>
  <register offset="0x366" width="8" name="NVICIP102" description="Interrupt Priority Register 102">
    <reserved_bit_field offset="0" width="1" reset_value="0"/>
    <reserved_bit_field offset="1" width="1" reset_value="0"/>
    <reserved_bit_field offset="2" width="1" reset_value="0"/>
    <reserved_bit_field offset="3" width="1" reset_value="0"/>
    <bit_field offset="4" width="4" name="PRI102" access="RW" reset_value="0" description="Priority of the INT_PWM1_0 interrupt 102"/>
  </register>
  <register offset="0x367" width="8" name="NVICIP103" description="Interrupt Priority Register 103">
    <reserved_bit_field offset="0" width="1" reset_value="0"/>
    <reserved_bit_field offset="1" width="1" reset_value="0"/>
    <reserved_bit_field offset="2" width="1" reset_value="0"/>
    <reserved_bit_field offset="3" width="1" reset_value="0"/>
    <bit_field offset="4" width="4" name="PRI103" access="RW" reset_value="0" description="Priority of the INT_PWM1_1 interrupt 103"/>
  </register>
  <register offset="0x368" width="8" name="NVICIP104" description="Interrupt Priority Register 104">
    <reserved_bit_field offset="0" width="1" reset_value="0"/>
    <reserved_bit_field offset="1" width="1" reset_value="0"/>
    <reserved_bit_field offset="2" width="1" reset_value="0"/>
    <reserved_bit_field offset="3" width="1" reset_value="0"/>
    <bit_field offset="4" width="4" name="PRI104" access="RW" reset_value="0" description="Priority of the INT_PWM1_2 interrupt 104"/>
  </register>
  <register offset="0x369" width="8" name="NVICIP105" description="Interrupt Priority Register 105">
    <reserved_bit_field offset="0" width="1" reset_value="0"/>
    <reserved_bit_field offset="1" width="1" reset_value="0"/>
    <reserved_bit_field offset="2" width="1" reset_value="0"/>
    <reserved_bit_field offset="3" width="1" reset_value="0"/>
    <bit_field offset="4" width="4" name="PRI105" access="RW" reset_value="0" description="Priority of the INT_PWM1_3 interrupt 105"/>
  </register>
  <register offset="0x36A" width="8" name="NVICIP106" description="Interrupt Priority Register 106">
    <reserved_bit_field offset="0" width="1" reset_value="0"/>
    <reserved_bit_field offset="1" width="1" reset_value="0"/>
    <reserved_bit_field offset="2" width="1" reset_value="0"/>
    <reserved_bit_field offset="3" width="1" reset_value="0"/>
    <bit_field offset="4" width="4" name="PRI106" access="RW" reset_value="0" description="Priority of the INT_PWM1_FAULT interrupt 106"/>
  </register>
  <register offset="0x36B" width="8" name="NVICIP107" description="Interrupt Priority Register 107">
    <reserved_bit_field offset="0" width="1" reset_value="0"/>
    <reserved_bit_field offset="1" width="1" reset_value="0"/>
    <reserved_bit_field offset="2" width="1" reset_value="0"/>
    <reserved_bit_field offset="3" width="1" reset_value="0"/>
    <bit_field offset="4" width="4" name="PRI107" access="RW" reset_value="0" description="Priority of the INT_Reserved123 interrupt 107"/>
  </register>
  <register offset="0x36C" width="8" name="NVICIP108" description="Interrupt Priority Register 108">
    <reserved_bit_field offset="0" width="1" reset_value="0"/>
    <reserved_bit_field offset="1" width="1" reset_value="0"/>
    <reserved_bit_field offset="2" width="1" reset_value="0"/>
    <reserved_bit_field offset="3" width="1" reset_value="0"/>
    <bit_field offset="4" width="4" name="PRI108" access="RW" reset_value="0" description="Priority of the INT_FLEXSPI interrupt 108"/>
  </register>
  <register offset="0x36D" width="8" name="NVICIP109" description="Interrupt Priority Register 109">
    <reserved_bit_field offset="0" width="1" reset_value="0"/>
    <reserved_bit_field offset="1" width="1" reset_value="0"/>
    <reserved_bit_field offset="2" width="1" reset_value="0"/>
    <reserved_bit_field offset="3" width="1" reset_value="0"/>
    <bit_field offset="4" width="4" name="PRI109" access="RW" reset_value="0" description="Priority of the INT_SEMC interrupt 109"/>
  </register>
  <register offset="0x36E" width="8" name="NVICIP110" description="Interrupt Priority Register 110">
    <reserved_bit_field offset="0" width="1" reset_value="0"/>
    <reserved_bit_field offset="1" width="1" reset_value="0"/>
    <reserved_bit_field offset="2" width="1" reset_value="0"/>
    <reserved_bit_field offset="3" width="1" reset_value="0"/>
    <bit_field offset="4" width="4" name="PRI110" access="RW" reset_value="0" description="Priority of the INT_USDHC1 interrupt 110"/>
  </register>
  <register offset="0x36F" width="8" name="NVICIP111" description="Interrupt Priority Register 111">
    <reserved_bit_field offset="0" width="1" reset_value="0"/>
    <reserved_bit_field offset="1" width="1" reset_value="0"/>
    <reserved_bit_field offset="2" width="1" reset_value="0"/>
    <reserved_bit_field offset="3" width="1" reset_value="0"/>
    <bit_field offset="4" width="4" name="PRI111" access="RW" reset_value="0" description="Priority of the INT_USDHC2 interrupt 111"/>
  </register>
  <register offset="0x370" width="8" name="NVICIP112" description="Interrupt Priority Register 112">
    <reserved_bit_field offset="0" width="1" reset_value="0"/>
    <reserved_bit_field offset="1" width="1" reset_value="0"/>
    <reserved_bit_field offset="2" width="1" reset_value="0"/>
    <reserved_bit_field offset="3" width="1" reset_value="0"/>
    <bit_field offset="4" width="4" name="PRI112" access="RW" reset_value="0" description="Priority of the INT_Reserved128 interrupt 112"/>
  </register>
  <register offset="0x371" width="8" name="NVICIP113" description="Interrupt Priority Register 113">
    <reserved_bit_field offset="0" width="1" reset_value="0"/>
    <reserved_bit_field offset="1" width="1" reset_value="0"/>
    <reserved_bit_field offset="2" width="1" reset_value="0"/>
    <reserved_bit_field offset="3" width="1" reset_value="0"/>
    <bit_field offset="4" width="4" name="PRI113" access="RW" reset_value="0" description="Priority of the INT_USB_OTG1 interrupt 113"/>
  </register>
  <register offset="0x372" width="8" name="NVICIP114" description="Interrupt Priority Register 114">
    <reserved_bit_field offset="0" width="1" reset_value="0"/>
    <reserved_bit_field offset="1" width="1" reset_value="0"/>
    <reserved_bit_field offset="2" width="1" reset_value="0"/>
    <reserved_bit_field offset="3" width="1" reset_value="0"/>
    <bit_field offset="4" width="4" name="PRI114" access="RW" reset_value="0" description="Priority of the INT_ENET interrupt 114"/>
  </register>
  <register offset="0x373" width="8" name="NVICIP115" description="Interrupt Priority Register 115">
    <reserved_bit_field offset="0" width="1" reset_value="0"/>
    <reserved_bit_field offset="1" width="1" reset_value="0"/>
    <reserved_bit_field offset="2" width="1" reset_value="0"/>
    <reserved_bit_field offset="3" width="1" reset_value="0"/>
    <bit_field offset="4" width="4" name="PRI115" access="RW" reset_value="0" description="Priority of the INT_ENET_1588_Timer interrupt 115"/>
  </register>
  <register offset="0x374" width="8" name="NVICIP116" description="Interrupt Priority Register 116">
    <reserved_bit_field offset="0" width="1" reset_value="0"/>
    <reserved_bit_field offset="1" width="1" reset_value="0"/>
    <reserved_bit_field offset="2" width="1" reset_value="0"/>
    <reserved_bit_field offset="3" width="1" reset_value="0"/>
    <bit_field offset="4" width="4" name="PRI116" access="RW" reset_value="0" description="Priority of the INT_XBAR1_IRQ_0_1 interrupt 116"/>
  </register>
  <register offset="0x375" width="8" name="NVICIP117" description="Interrupt Priority Register 117">
    <reserved_bit_field offset="0" width="1" reset_value="0"/>
    <reserved_bit_field offset="1" width="1" reset_value="0"/>
    <reserved_bit_field offset="2" width="1" reset_value="0"/>
    <reserved_bit_field offset="3" width="1" reset_value="0"/>
    <bit_field offset="4" width="4" name="PRI117" access="RW" reset_value="0" description="Priority of the INT_XBAR1_IRQ_2_3 interrupt 117"/>
  </register>
  <register offset="0x376" width="8" name="NVICIP118" description="Interrupt Priority Register 118">
    <reserved_bit_field offset="0" width="1" reset_value="0"/>
    <reserved_bit_field offset="1" width="1" reset_value="0"/>
    <reserved_bit_field offset="2" width="1" reset_value="0"/>
    <reserved_bit_field offset="3" width="1" reset_value="0"/>
    <bit_field offset="4" width="4" name="PRI118" access="RW" reset_value="0" description="Priority of the INT_ADC_ETC_IRQ0 interrupt 118"/>
  </register>
  <register offset="0x377" width="8" name="NVICIP119" description="Interrupt Priority Register 119">
    <reserved_bit_field offset="0" width="1" reset_value="0"/>
    <reserved_bit_field offset="1" width="1" reset_value="0"/>
    <reserved_bit_field offset="2" width="1" reset_value="0"/>
    <reserved_bit_field offset="3" width="1" reset_value="0"/>
    <bit_field offset="4" width="4" name="PRI119" access="RW" reset_value="0" description="Priority of the INT_ADC_ETC_IRQ1 interrupt 119"/>
  </register>
  <register offset="0x378" width="8" name="NVICIP120" description="Interrupt Priority Register 120">
    <reserved_bit_field offset="0" width="1" reset_value="0"/>
    <reserved_bit_field offset="1" width="1" reset_value="0"/>
    <reserved_bit_field offset="2" width="1" reset_value="0"/>
    <reserved_bit_field offset="3" width="1" reset_value="0"/>
    <bit_field offset="4" width="4" name="PRI120" access="RW" reset_value="0" description="Priority of the INT_ADC_ETC_IRQ2 interrupt 120"/>
  </register>
  <register offset="0x379" width="8" name="NVICIP121" description="Interrupt Priority Register 121">
    <reserved_bit_field offset="0" width="1" reset_value="0"/>
    <reserved_bit_field offset="1" width="1" reset_value="0"/>
    <reserved_bit_field offset="2" width="1" reset_value="0"/>
    <reserved_bit_field offset="3" width="1" reset_value="0"/>
    <bit_field offset="4" width="4" name="PRI121" access="RW" reset_value="0" description="Priority of the INT_ADC_ETC_ERROR_IRQ interrupt 121"/>
  </register>
  <register offset="0x37A" width="8" name="NVICIP122" description="Interrupt Priority Register 122">
    <reserved_bit_field offset="0" width="1" reset_value="0"/>
    <reserved_bit_field offset="1" width="1" reset_value="0"/>
    <reserved_bit_field offset="2" width="1" reset_value="0"/>
    <reserved_bit_field offset="3" width="1" reset_value="0"/>
    <bit_field offset="4" width="4" name="PRI122" access="RW" reset_value="0" description="Priority of the INT_PIT interrupt 122"/>
  </register>
  <register offset="0x37B" width="8" name="NVICIP123" description="Interrupt Priority Register 123">
    <reserved_bit_field offset="0" width="1" reset_value="0"/>
    <reserved_bit_field offset="1" width="1" reset_value="0"/>
    <reserved_bit_field offset="2" width="1" reset_value="0"/>
    <reserved_bit_field offset="3" width="1" reset_value="0"/>
    <bit_field offset="4" width="4" name="PRI123" access="RW" reset_value="0" description="Priority of the INT_ACMP1 interrupt 123"/>
  </register>
  <register offset="0x37C" width="8" name="NVICIP124" description="Interrupt Priority Register 124">
    <reserved_bit_field offset="0" width="1" reset_value="0"/>
    <reserved_bit_field offset="1" width="1" reset_value="0"/>
    <reserved_bit_field offset="2" width="1" reset_value="0"/>
    <reserved_bit_field offset="3" width="1" reset_value="0"/>
    <bit_field offset="4" width="4" name="PRI124" access="RW" reset_value="0" description="Priority of the INT_ACMP2 interrupt 124"/>
  </register>
  <register offset="0x37D" width="8" name="NVICIP125" description="Interrupt Priority Register 125">
    <reserved_bit_field offset="0" width="1" reset_value="0"/>
    <reserved_bit_field offset="1" width="1" reset_value="0"/>
    <reserved_bit_field offset="2" width="1" reset_value="0"/>
    <reserved_bit_field offset="3" width="1" reset_value="0"/>
    <bit_field offset="4" width="4" name="PRI125" access="RW" reset_value="0" description="Priority of the INT_ACMP3 interrupt 125"/>
  </register>
  <register offset="0x37E" width="8" name="NVICIP126" description="Interrupt Priority Register 126">
    <reserved_bit_field offset="0" width="1" reset_value="0"/>
    <reserved_bit_field offset="1" width="1" reset_value="0"/>
    <reserved_bit_field offset="2" width="1" reset_value="0"/>
    <reserved_bit_field offset="3" width="1" reset_value="0"/>
    <bit_field offset="4" width="4" name="PRI126" access="RW" reset_value="0" description="Priority of the INT_ACMP4 interrupt 126"/>
  </register>
  <register offset="0x37F" width="8" name="NVICIP127" description="Interrupt Priority Register 127">
    <reserved_bit_field offset="0" width="1" reset_value="0"/>
    <reserved_bit_field offset="1" width="1" reset_value="0"/>
    <reserved_bit_field offset="2" width="1" reset_value="0"/>
    <reserved_bit_field offset="3" width="1" reset_value="0"/>
    <bit_field offset="4" width="4" name="PRI127" access="RW" reset_value="0" description="Priority of the INT_Reserved143 interrupt 127"/>
  </register>
  <register offset="0x380" width="8" name="NVICIP128" description="Interrupt Priority Register 128">
    <reserved_bit_field offset="0" width="1" reset_value="0"/>
    <reserved_bit_field offset="1" width="1" reset_value="0"/>
    <reserved_bit_field offset="2" width="1" reset_value="0"/>
    <reserved_bit_field offset="3" width="1" reset_value="0"/>
    <bit_field offset="4" width="4" name="PRI128" access="RW" reset_value="0" description="Priority of the INT_Reserved144 interrupt 128"/>
  </register>
  <register offset="0x381" width="8" name="NVICIP129" description="Interrupt Priority Register 129">
    <reserved_bit_field offset="0" width="1" reset_value="0"/>
    <reserved_bit_field offset="1" width="1" reset_value="0"/>
    <reserved_bit_field offset="2" width="1" reset_value="0"/>
    <reserved_bit_field offset="3" width="1" reset_value="0"/>
    <bit_field offset="4" width="4" name="PRI129" access="RW" reset_value="0" description="Priority of the INT_ENC1 interrupt 129"/>
  </register>
  <register offset="0x382" width="8" name="NVICIP130" description="Interrupt Priority Register 130">
    <reserved_bit_field offset="0" width="1" reset_value="0"/>
    <reserved_bit_field offset="1" width="1" reset_value="0"/>
    <reserved_bit_field offset="2" width="1" reset_value="0"/>
    <reserved_bit_field offset="3" width="1" reset_value="0"/>
    <bit_field offset="4" width="4" name="PRI130" access="RW" reset_value="0" description="Priority of the INT_ENC2 interrupt 130"/>
  </register>
  <register offset="0x383" width="8" name="NVICIP131" description="Interrupt Priority Register 131">
    <reserved_bit_field offset="0" width="1" reset_value="0"/>
    <reserved_bit_field offset="1" width="1" reset_value="0"/>
    <reserved_bit_field offset="2" width="1" reset_value="0"/>
    <reserved_bit_field offset="3" width="1" reset_value="0"/>
    <bit_field offset="4" width="4" name="PRI131" access="RW" reset_value="0" description="Priority of the INT_Reserved147 interrupt 131"/>
  </register>
  <register offset="0x384" width="8" name="NVICIP132" description="Interrupt Priority Register 132">
    <reserved_bit_field offset="0" width="1" reset_value="0"/>
    <reserved_bit_field offset="1" width="1" reset_value="0"/>
    <reserved_bit_field offset="2" width="1" reset_value="0"/>
    <reserved_bit_field offset="3" width="1" reset_value="0"/>
    <bit_field offset="4" width="4" name="PRI132" access="RW" reset_value="0" description="Priority of the INT_Reserved148 interrupt 132"/>
  </register>
  <register offset="0x385" width="8" name="NVICIP133" description="Interrupt Priority Register 133">
    <reserved_bit_field offset="0" width="1" reset_value="0"/>
    <reserved_bit_field offset="1" width="1" reset_value="0"/>
    <reserved_bit_field offset="2" width="1" reset_value="0"/>
    <reserved_bit_field offset="3" width="1" reset_value="0"/>
    <bit_field offset="4" width="4" name="PRI133" access="RW" reset_value="0" description="Priority of the INT_TMR1 interrupt 133"/>
  </register>
  <register offset="0x386" width="8" name="NVICIP134" description="Interrupt Priority Register 134">
    <reserved_bit_field offset="0" width="1" reset_value="0"/>
    <reserved_bit_field offset="1" width="1" reset_value="0"/>
    <reserved_bit_field offset="2" width="1" reset_value="0"/>
    <reserved_bit_field offset="3" width="1" reset_value="0"/>
    <bit_field offset="4" width="4" name="PRI134" access="RW" reset_value="0" description="Priority of the INT_TMR2 interrupt 134"/>
  </register>
  <register offset="0x387" width="8" name="NVICIP135" description="Interrupt Priority Register 135">
    <reserved_bit_field offset="0" width="1" reset_value="0"/>
    <reserved_bit_field offset="1" width="1" reset_value="0"/>
    <reserved_bit_field offset="2" width="1" reset_value="0"/>
    <reserved_bit_field offset="3" width="1" reset_value="0"/>
    <bit_field offset="4" width="4" name="PRI135" access="RW" reset_value="0" description="Priority of the INT_Reserved151 interrupt 135"/>
  </register>
  <register offset="0x388" width="8" name="NVICIP136" description="Interrupt Priority Register 136">
    <reserved_bit_field offset="0" width="1" reset_value="0"/>
    <reserved_bit_field offset="1" width="1" reset_value="0"/>
    <reserved_bit_field offset="2" width="1" reset_value="0"/>
    <reserved_bit_field offset="3" width="1" reset_value="0"/>
    <bit_field offset="4" width="4" name="PRI136" access="RW" reset_value="0" description="Priority of the INT_Reserved152 interrupt 136"/>
  </register>
  <register offset="0x389" width="8" name="NVICIP137" description="Interrupt Priority Register 137">
    <reserved_bit_field offset="0" width="1" reset_value="0"/>
    <reserved_bit_field offset="1" width="1" reset_value="0"/>
    <reserved_bit_field offset="2" width="1" reset_value="0"/>
    <reserved_bit_field offset="3" width="1" reset_value="0"/>
    <bit_field offset="4" width="4" name="PRI137" access="RW" reset_value="0" description="Priority of the INT_PWM2_0 interrupt 137"/>
  </register>
  <register offset="0x38A" width="8" name="NVICIP138" description="Interrupt Priority Register 138">
    <reserved_bit_field offset="0" width="1" reset_value="0"/>
    <reserved_bit_field offset="1" width="1" reset_value="0"/>
    <reserved_bit_field offset="2" width="1" reset_value="0"/>
    <reserved_bit_field offset="3" width="1" reset_value="0"/>
    <bit_field offset="4" width="4" name="PRI138" access="RW" reset_value="0" description="Priority of the INT_PWM2_1 interrupt 138"/>
  </register>
  <register offset="0x38B" width="8" name="NVICIP139" description="Interrupt Priority Register 139">
    <reserved_bit_field offset="0" width="1" reset_value="0"/>
    <reserved_bit_field offset="1" width="1" reset_value="0"/>
    <reserved_bit_field offset="2" width="1" reset_value="0"/>
    <reserved_bit_field offset="3" width="1" reset_value="0"/>
    <bit_field offset="4" width="4" name="PRI139" access="RW" reset_value="0" description="Priority of the INT_PWM2_2 interrupt 139"/>
  </register>
  <register offset="0x38C" width="8" name="NVICIP140" description="Interrupt Priority Register 140">
    <reserved_bit_field offset="0" width="1" reset_value="0"/>
    <reserved_bit_field offset="1" width="1" reset_value="0"/>
    <reserved_bit_field offset="2" width="1" reset_value="0"/>
    <reserved_bit_field offset="3" width="1" reset_value="0"/>
    <bit_field offset="4" width="4" name="PRI140" access="RW" reset_value="0" description="Priority of the INT_PWM2_3 interrupt 140"/>
  </register>
  <register offset="0x38D" width="8" name="NVICIP141" description="Interrupt Priority Register 141">
    <reserved_bit_field offset="0" width="1" reset_value="0"/>
    <reserved_bit_field offset="1" width="1" reset_value="0"/>
    <reserved_bit_field offset="2" width="1" reset_value="0"/>
    <reserved_bit_field offset="3" width="1" reset_value="0"/>
    <bit_field offset="4" width="4" name="PRI141" access="RW" reset_value="0" description="Priority of the INT_PWM2_FAULT interrupt 141"/>
  </register>
  <register offset="0xE00" width="32" name="NVICSTIR" description="Software Trigger Interrupt Register">
    <bit_field offset="0" width="9" name="INTID" access="RW" reset_value="0" description="Interrupt ID of the interrupt to trigger, in the range 0-239. For example, a value of 0x03 specifies interrupt IRQ3."/>
    <reserved_bit_field offset="9" width="1" reset_value="0"/>
    <reserved_bit_field offset="10" width="1" reset_value="0"/>
    <reserved_bit_field offset="11" width="1" reset_value="0"/>
    <reserved_bit_field offset="12" width="1" reset_value="0"/>
    <reserved_bit_field offset="13" width="1" reset_value="0"/>
    <reserved_bit_field offset="14" width="1" reset_value="0"/>
    <reserved_bit_field offset="15" width="1" reset_value="0"/>
    <reserved_bit_field offset="16" width="1" reset_value="0"/>
    <reserved_bit_field offset="17" width="1" reset_value="0"/>
    <reserved_bit_field offset="18" width="1" reset_value="0"/>
    <reserved_bit_field offset="19" width="1" reset_value="0"/>
    <reserved_bit_field offset="20" width="1" reset_value="0"/>
    <reserved_bit_field offset="21" width="1" reset_value="0"/>
    <reserved_bit_field offset="22" width="1" reset_value="0"/>
    <reserved_bit_field offset="23" width="1" reset_value="0"/>
    <reserved_bit_field offset="24" width="1" reset_value="0"/>
    <reserved_bit_field offset="25" width="1" reset_value="0"/>
    <reserved_bit_field offset="26" width="1" reset_value="0"/>
    <reserved_bit_field offset="27" width="1" reset_value="0"/>
    <reserved_bit_field offset="28" width="1" reset_value="0"/>
    <reserved_bit_field offset="29" width="1" reset_value="0"/>
    <reserved_bit_field offset="30" width="1" reset_value="0"/>
    <reserved_bit_field offset="31" width="1" reset_value="0"/>
  </register>
</regs:peripheral>