<?xml version="1.0"?>
<regs:peripheral xmlns:regs="http://swtools.freescale.net/XSD/registers/4.0/regsPeripheral.xsd" xmlns:xsi="http://www.w3.org/2001/XMLSchema-instance" xsi:schemaLocation="http://swtools.freescale.net/XSD/registers/4.0/regsPeripheral.xsd http://swtools.freescale.net/XSD/registers/4.0/regsPeripheral.xsd">
  <register offset="0" width="32" name="HW_CTRL" description="OTP Controller Control and Status Register">
    <alias type="id" value="HW_OCOTP_CTRL"/>
    <alias type="CMSIS" value="CTRL"/>
    <bit_field offset="0" width="6" name="ADDR" access="RW" reset_value="0" description="OTP write and read access address register">
      <alias type="CMSIS" value="OCOTP_CTRL_ADDR(x)"/>
      <alias type="id" value="ANADIG_HW_OCOTP_CTRL_ADDR"/>
    </bit_field>
    <reserved_bit_field offset="6" width="2" reset_value="0"/>
    <bit_field offset="8" width="1" name="BUSY" access="RO" reset_value="0" description="OTP controller status bit">
      <alias type="CMSIS" value="OCOTP_CTRL_BUSY(x)"/>
      <alias type="id" value="ANADIG_HW_OCOTP_CTRL_BUSY"/>
      <bit_field_value name="HW_CTRL_BUSY_not_busy" value="0b0" description="No write or read access to OTP started."/>
      <bit_field_value name="HW_CTRL_BUSY_busy" value="0b1" description="Write or read access to OTP started."/>
    </bit_field>
    <bit_field offset="9" width="1" name="ERROR" access="RW" reset_value="0" description="Locked Region Access Error">
      <alias type="CMSIS" value="OCOTP_CTRL_ERROR(x)"/>
      <alias type="id" value="ANADIG_HW_OCOTP_CTRL_ERROR"/>
      <bit_field_value name="HW_CTRL_ERROR_no_error" value="0b0" description="No error."/>
      <bit_field_value name="HW_CTRL_ERROR_error" value="0b1" description="Error - access to a locked region requested."/>
    </bit_field>
    <bit_field offset="10" width="1" name="RELOAD_SHADOWS" access="RW" reset_value="0" description="Reload Shadow Registers">
      <alias type="CMSIS" value="OCOTP_CTRL_RELOAD_SHADOWS(x)"/>
      <alias type="id" value="ANADIG_HW_OCOTP_CTRL_RELOAD_SHADOWS"/>
      <bit_field_value name="HW_CTRL_RELOAD_SHADOWS_shadow_noforce_reload" value="0b0" description="Do not force shadow register re-load."/>
      <bit_field_value name="HW_CTRL_RELOAD_SHADOWS_shadow_force_reload" value="0b1" description="Force shadow register re-load. This bit is cleared automatically after shadow registers are re-loaded."/>
    </bit_field>
    <reserved_bit_field offset="11" width="2" reset_value="0"/>
    <reserved_bit_field offset="13" width="3" reset_value="0"/>
    <bit_field offset="16" width="16" name="WR_UNLOCK" access="RW" reset_value="0" description="Write Unlock">
      <alias type="CMSIS" value="OCOTP_CTRL_WR_UNLOCK(x)"/>
      <alias type="id" value="ANADIG_HW_OCOTP_CTRL_WR_UNLOCK"/>
      <bit_field_value name="HW_CTRL_WR_UNLOCK_otp_w_locked" value="0b0000000000000000" description="OTP write access is locked."/>
      <bit_field_value name="HW_CTRL_WR_UNLOCK_otp_w_unlocked" value="0b0011111001110111" description="OTP write access is unlocked."/>
    </bit_field>
  </register>
  <register offset="0x4" width="32" name="HW_CTRL_SET" description="OTP Controller Control and Status Register">
    <alias type="id" value="HW_OCOTP_CTRL_SET"/>
    <alias type="CMSIS" value="CTRL_SET"/>
    <bit_field offset="0" width="6" name="ADDR" access="RW" reset_value="0" description="OTP write and read access address register">
      <alias type="CMSIS" value="OCOTP_CTRL_SET_ADDR(x)"/>
      <alias type="id" value="ANADIG_HW_OCOTP_CTRL_ADDR"/>
    </bit_field>
    <reserved_bit_field offset="6" width="2" reset_value="0"/>
    <bit_field offset="8" width="1" name="BUSY" access="RO" reset_value="0" description="OTP controller status bit">
      <alias type="CMSIS" value="OCOTP_CTRL_SET_BUSY(x)"/>
      <alias type="id" value="ANADIG_HW_OCOTP_CTRL_BUSY"/>
    </bit_field>
    <bit_field offset="9" width="1" name="ERROR" access="RW" reset_value="0" description="Locked Region Access Error">
      <alias type="CMSIS" value="OCOTP_CTRL_SET_ERROR(x)"/>
      <alias type="id" value="ANADIG_HW_OCOTP_CTRL_ERROR"/>
    </bit_field>
    <bit_field offset="10" width="1" name="RELOAD_SHADOWS" access="RW" reset_value="0" description="Reload Shadow Registers">
      <alias type="CMSIS" value="OCOTP_CTRL_SET_RELOAD_SHADOWS(x)"/>
      <alias type="id" value="ANADIG_HW_OCOTP_CTRL_RELOAD_SHADOWS"/>
    </bit_field>
    <reserved_bit_field offset="11" width="2" reset_value="0"/>
    <reserved_bit_field offset="13" width="3" reset_value="0"/>
    <bit_field offset="16" width="16" name="WR_UNLOCK" access="RW" reset_value="0" description="Write Unlock">
      <alias type="CMSIS" value="OCOTP_CTRL_SET_WR_UNLOCK(x)"/>
      <alias type="id" value="ANADIG_HW_OCOTP_CTRL_WR_UNLOCK"/>
    </bit_field>
  </register>
  <register offset="0x8" width="32" name="HW_CTRL_CLR" description="OTP Controller Control and Status Register">
    <alias type="id" value="HW_OCOTP_CTRL_CLR"/>
    <alias type="CMSIS" value="CTRL_CLR"/>
    <bit_field offset="0" width="6" name="ADDR" access="RW" reset_value="0" description="OTP write and read access address register">
      <alias type="CMSIS" value="OCOTP_CTRL_CLR_ADDR(x)"/>
      <alias type="id" value="ANADIG_HW_OCOTP_CTRL_ADDR"/>
    </bit_field>
    <reserved_bit_field offset="6" width="2" reset_value="0"/>
    <bit_field offset="8" width="1" name="BUSY" access="RO" reset_value="0" description="OTP controller status bit">
      <alias type="CMSIS" value="OCOTP_CTRL_CLR_BUSY(x)"/>
      <alias type="id" value="ANADIG_HW_OCOTP_CTRL_BUSY"/>
    </bit_field>
    <bit_field offset="9" width="1" name="ERROR" access="RW" reset_value="0" description="Locked Region Access Error">
      <alias type="CMSIS" value="OCOTP_CTRL_CLR_ERROR(x)"/>
      <alias type="id" value="ANADIG_HW_OCOTP_CTRL_ERROR"/>
    </bit_field>
    <bit_field offset="10" width="1" name="RELOAD_SHADOWS" access="RW" reset_value="0" description="Reload Shadow Registers">
      <alias type="CMSIS" value="OCOTP_CTRL_CLR_RELOAD_SHADOWS(x)"/>
      <alias type="id" value="ANADIG_HW_OCOTP_CTRL_RELOAD_SHADOWS"/>
    </bit_field>
    <reserved_bit_field offset="11" width="2" reset_value="0"/>
    <reserved_bit_field offset="13" width="3" reset_value="0"/>
    <bit_field offset="16" width="16" name="WR_UNLOCK" access="RW" reset_value="0" description="Write Unlock">
      <alias type="CMSIS" value="OCOTP_CTRL_CLR_WR_UNLOCK(x)"/>
      <alias type="id" value="ANADIG_HW_OCOTP_CTRL_WR_UNLOCK"/>
    </bit_field>
  </register>
  <register offset="0xC" width="32" name="HW_CTRL_TOG" description="OTP Controller Control and Status Register">
    <alias type="id" value="HW_OCOTP_CTRL_TOG"/>
    <alias type="CMSIS" value="CTRL_TOG"/>
    <bit_field offset="0" width="6" name="ADDR" access="RW" reset_value="0" description="OTP write and read access address register">
      <alias type="CMSIS" value="OCOTP_CTRL_TOG_ADDR(x)"/>
      <alias type="id" value="ANADIG_HW_OCOTP_CTRL_ADDR"/>
    </bit_field>
    <reserved_bit_field offset="6" width="2" reset_value="0"/>
    <bit_field offset="8" width="1" name="BUSY" access="RO" reset_value="0" description="OTP controller status bit">
      <alias type="CMSIS" value="OCOTP_CTRL_TOG_BUSY(x)"/>
      <alias type="id" value="ANADIG_HW_OCOTP_CTRL_BUSY"/>
    </bit_field>
    <bit_field offset="9" width="1" name="ERROR" access="RW" reset_value="0" description="Locked Region Access Error">
      <alias type="CMSIS" value="OCOTP_CTRL_TOG_ERROR(x)"/>
      <alias type="id" value="ANADIG_HW_OCOTP_CTRL_ERROR"/>
    </bit_field>
    <bit_field offset="10" width="1" name="RELOAD_SHADOWS" access="RW" reset_value="0" description="Reload Shadow Registers">
      <alias type="CMSIS" value="OCOTP_CTRL_TOG_RELOAD_SHADOWS(x)"/>
      <alias type="id" value="ANADIG_HW_OCOTP_CTRL_RELOAD_SHADOWS"/>
    </bit_field>
    <reserved_bit_field offset="11" width="2" reset_value="0"/>
    <reserved_bit_field offset="13" width="3" reset_value="0"/>
    <bit_field offset="16" width="16" name="WR_UNLOCK" access="RW" reset_value="0" description="Write Unlock">
      <alias type="CMSIS" value="OCOTP_CTRL_TOG_WR_UNLOCK(x)"/>
      <alias type="id" value="ANADIG_HW_OCOTP_CTRL_WR_UNLOCK"/>
    </bit_field>
  </register>
  <register offset="0x10" width="32" name="HW_TIMING" description="OTP Controller Timing Register">
    <alias type="id" value="HW_OCOTP_TIMING"/>
    <alias type="CMSIS" value="TIMING"/>
    <bit_field offset="0" width="12" name="STROBE_PROG" access="RW" reset_value="0x755" description="Write Strobe Period">
      <alias type="CMSIS" value="OCOTP_TIMING_STROBE_PROG(x)"/>
      <alias type="id" value="ANADIG_HW_OCOTP_TIMING_STROBE_PROG"/>
    </bit_field>
    <bit_field offset="12" width="4" name="RELAX" access="RW" reset_value="0x9" description="Relax Count Value">
      <alias type="CMSIS" value="OCOTP_TIMING_RELAX(x)"/>
      <alias type="id" value="ANADIG_HW_OCOTP_TIMING_RELAX"/>
    </bit_field>
    <bit_field offset="16" width="6" name="STROBE_READ" access="RW" reset_value="0xD" description="Read Strobe Period">
      <alias type="CMSIS" value="OCOTP_TIMING_STROBE_READ(x)"/>
      <alias type="id" value="ANADIG_HW_OCOTP_TIMING_STROBE_READ"/>
    </bit_field>
    <bit_field offset="22" width="6" name="WAIT" access="RW" reset_value="0x18" description="Wait Interval">
      <alias type="CMSIS" value="OCOTP_TIMING_WAIT(x)"/>
      <alias type="id" value="ANADIG_HW_OCOTP_TIMING_WAIT"/>
    </bit_field>
    <reserved_bit_field offset="28" width="4" reset_value="0"/>
  </register>
  <register offset="0x20" width="32" name="HW_DATA" description="OTP Controller Write Data Register">
    <alias type="id" value="HW_OCOTP_DATA"/>
    <alias type="CMSIS" value="DATA"/>
    <bit_field offset="0" width="32" name="DATA" access="RW" reset_value="0" description="Data">
      <alias type="CMSIS" value="OCOTP_DATA_DATA(x)"/>
      <alias type="id" value="ANADIG_HW_OCOTP_DATA_DATA"/>
    </bit_field>
  </register>
  <register offset="0x30" width="32" name="HW_READ_CTRL" description="OTP Controller Write Data Register">
    <alias type="id" value="HW_OCOTP_READ_CTRL"/>
    <alias type="CMSIS" value="READ_CTRL"/>
    <bit_field offset="0" width="1" name="READ_FUSE" access="RW" reset_value="0" description="Read Fuse">
      <alias type="CMSIS" value="OCOTP_READ_CTRL_READ_FUSE(x)"/>
      <alias type="id" value="ANADIG_HW_OCOTP_READ_CTRL_READ_FUSE"/>
    </bit_field>
    <reserved_bit_field offset="1" width="31" reset_value="0"/>
  </register>
  <register offset="0x40" width="32" name="HW_READ_FUSE_DATA" description="OTP Controller Read Data Register">
    <alias type="id" value="HW_OCOTP_READ_FUSE_DATA"/>
    <alias type="CMSIS" value="READ_FUSE_DATA"/>
    <bit_field offset="0" width="32" name="DATA" access="RW" reset_value="0" description="Data">
      <alias type="CMSIS" value="OCOTP_READ_FUSE_DATA_DATA(x)"/>
      <alias type="id" value="ANADIG_HW_OCOTP_READ_FUSE_DATA_DATA"/>
    </bit_field>
  </register>
  <register offset="0x50" width="32" name="HW_SW_STICKY" description="Sticky bit Register">
    <alias type="id" value="HW_OCOTP_SW_STICKY"/>
    <alias type="CMSIS" value="SW_STICKY"/>
    <reserved_bit_field offset="0" width="1" reset_value="0"/>
    <bit_field offset="1" width="1" name="SRK_REVOKE_LOCK" access="RW" reset_value="0" description="SRK Revoke Lock">
      <alias type="CMSIS" value="OCOTP_SW_STICKY_SRK_REVOKE_LOCK(x)"/>
      <alias type="id" value="ANADIG_HW_OCOTP_SW_STICKY_SRK_REVOKE_LOCK"/>
      <bit_field_value name="HW_SW_STICKY_SRK_REVOKE_LOCK_notblocked" value="0b0" description="The writing of this region's shadow register and OTP fuse word are not blocked."/>
      <bit_field_value name="HW_SW_STICKY_SRK_REVOKE_LOCK_blocked" value="0b1" description="The writing of this region's shadow register and OTP fuse word are blocked. Once this bit is set, it is always high unless a POR is issued."/>
    </bit_field>
    <bit_field offset="2" width="1" name="FIELD_RETURN_LOCK" access="RW" reset_value="0" description="Field Return Lock">
      <alias type="CMSIS" value="OCOTP_SW_STICKY_FIELD_RETURN_LOCK(x)"/>
      <alias type="id" value="ANADIG_HW_OCOTP_SW_STICKY_FIELD_RETURN_LOCK"/>
      <bit_field_value name="HW_SW_STICKY_FIELD_RETURN_LOCK_notblocked" value="0b0" description="Writing to this region's shadow register and OTP fuse word are not blocked."/>
      <bit_field_value name="HW_SW_STICKY_FIELD_RETURN_LOCK_blocked" value="0b1" description="Writing to this region's shadow register and OTP fuse word are blocked. Once this bit is set, it is always high unless a POR is issued."/>
    </bit_field>
    <reserved_bit_field offset="3" width="1" reset_value="0"/>
    <reserved_bit_field offset="4" width="1" reset_value="0"/>
    <reserved_bit_field offset="5" width="27" reset_value="0"/>
  </register>
  <register offset="0x60" width="32" name="HW_SCS" description="Software Controllable Signals Register">
    <alias type="id" value="HW_OCOTP_SCS"/>
    <alias type="CMSIS" value="SCS"/>
    <bit_field offset="0" width="1" name="HAB_JDE" access="RW" reset_value="0" description="HAB JTAG Debug Enable">
      <alias type="CMSIS" value="OCOTP_SCS_HAB_JDE(x)"/>
      <alias type="id" value="ANADIG_HW_OCOTP_SCS_HAB_JDE"/>
      <bit_field_value name="HW_SCS_HAB_JDE_jtag_dbg_dis" value="0b0" description="JTAG debugging is not enabled by the HAB (it may still be enabled by other mechanisms)."/>
      <bit_field_value name="HW_SCS_HAB_JDE_jtag_dbg_en" value="0b1" description="JTAG debugging is enabled by the HAB (though this signal may be gated off)."/>
    </bit_field>
    <bit_field offset="1" width="30" name="SPARE" access="RW" reset_value="0" description="Spare">
      <alias type="CMSIS" value="OCOTP_SCS_SPARE(x)"/>
      <alias type="id" value="ANADIG_HW_OCOTP_SCS_SPARE"/>
    </bit_field>
    <bit_field offset="31" width="1" name="LOCK" access="RW" reset_value="0" description="Lock">
      <alias type="CMSIS" value="OCOTP_SCS_LOCK(x)"/>
      <alias type="id" value="ANADIG_HW_OCOTP_SCS_LOCK"/>
      <bit_field_value name="HW_SCS_LOCK_unlocked" value="0b0" description="Bits in this register are unlocked."/>
      <bit_field_value name="HW_SCS_LOCK_locked" value="0b1" description="Bits in this register are locked. When set, all of the bits in this register are locked and can not be changed through SW programming. After this bit is set, it can only be cleared by a POR."/>
    </bit_field>
  </register>
  <register offset="0x64" width="32" name="HW_SCS_SET" description="Software Controllable Signals Register">
    <alias type="id" value="HW_OCOTP_SCS_SET"/>
    <alias type="CMSIS" value="SCS_SET"/>
    <bit_field offset="0" width="1" name="HAB_JDE" access="RW" reset_value="0" description="HAB JTAG Debug Enable">
      <alias type="CMSIS" value="OCOTP_SCS_SET_HAB_JDE(x)"/>
      <alias type="id" value="ANADIG_HW_OCOTP_SCS_HAB_JDE"/>
    </bit_field>
    <bit_field offset="1" width="30" name="SPARE" access="RW" reset_value="0" description="Spare">
      <alias type="CMSIS" value="OCOTP_SCS_SET_SPARE(x)"/>
      <alias type="id" value="ANADIG_HW_OCOTP_SCS_SPARE"/>
    </bit_field>
    <bit_field offset="31" width="1" name="LOCK" access="RW" reset_value="0" description="Lock">
      <alias type="CMSIS" value="OCOTP_SCS_SET_LOCK(x)"/>
      <alias type="id" value="ANADIG_HW_OCOTP_SCS_LOCK"/>
    </bit_field>
  </register>
  <register offset="0x68" width="32" name="HW_SCS_CLR" description="Software Controllable Signals Register">
    <alias type="id" value="HW_OCOTP_SCS_CLR"/>
    <alias type="CMSIS" value="SCS_CLR"/>
    <bit_field offset="0" width="1" name="HAB_JDE" access="RW" reset_value="0" description="HAB JTAG Debug Enable">
      <alias type="CMSIS" value="OCOTP_SCS_CLR_HAB_JDE(x)"/>
      <alias type="id" value="ANADIG_HW_OCOTP_SCS_HAB_JDE"/>
    </bit_field>
    <bit_field offset="1" width="30" name="SPARE" access="RW" reset_value="0" description="Spare">
      <alias type="CMSIS" value="OCOTP_SCS_CLR_SPARE(x)"/>
      <alias type="id" value="ANADIG_HW_OCOTP_SCS_SPARE"/>
    </bit_field>
    <bit_field offset="31" width="1" name="LOCK" access="RW" reset_value="0" description="Lock">
      <alias type="CMSIS" value="OCOTP_SCS_CLR_LOCK(x)"/>
      <alias type="id" value="ANADIG_HW_OCOTP_SCS_LOCK"/>
    </bit_field>
  </register>
  <register offset="0x6C" width="32" name="HW_SCS_TOG" description="Software Controllable Signals Register">
    <alias type="id" value="HW_OCOTP_SCS_TOG"/>
    <alias type="CMSIS" value="SCS_TOG"/>
    <bit_field offset="0" width="1" name="HAB_JDE" access="RW" reset_value="0" description="HAB JTAG Debug Enable">
      <alias type="CMSIS" value="OCOTP_SCS_TOG_HAB_JDE(x)"/>
      <alias type="id" value="ANADIG_HW_OCOTP_SCS_HAB_JDE"/>
    </bit_field>
    <bit_field offset="1" width="30" name="SPARE" access="RW" reset_value="0" description="Spare">
      <alias type="CMSIS" value="OCOTP_SCS_TOG_SPARE(x)"/>
      <alias type="id" value="ANADIG_HW_OCOTP_SCS_SPARE"/>
    </bit_field>
    <bit_field offset="31" width="1" name="LOCK" access="RW" reset_value="0" description="Lock">
      <alias type="CMSIS" value="OCOTP_SCS_TOG_LOCK(x)"/>
      <alias type="id" value="ANADIG_HW_OCOTP_SCS_LOCK"/>
    </bit_field>
  </register>
  <register offset="0x90" width="32" name="HW_VERSION" description="OTP Controller Version Register">
    <alias type="id" value="HW_OCOTP_VERSION"/>
    <alias type="CMSIS" value="VERSION"/>
    <bit_field offset="0" width="16" name="STEP" access="RO" reset_value="0" description="RTL Version Steping">
      <alias type="CMSIS" value="OCOTP_VERSION_STEP(x)"/>
      <alias type="id" value="ANADIG_HW_OCOTP_VERSION_STEP"/>
    </bit_field>
    <bit_field offset="16" width="8" name="MINOR" access="RO" reset_value="0" description="Minor RTL Version">
      <alias type="CMSIS" value="OCOTP_VERSION_MINOR(x)"/>
      <alias type="id" value="ANADIG_HW_OCOTP_VERSION_MINOR"/>
    </bit_field>
    <bit_field offset="24" width="8" name="MAJOR" access="RO" reset_value="0x6" description="Major RTL Version">
      <alias type="CMSIS" value="OCOTP_VERSION_MAJOR(x)"/>
      <alias type="id" value="ANADIG_HW_OCOTP_VERSION_MAJOR"/>
    </bit_field>
  </register>
  <register offset="0x100" width="32" name="HW_TIMING2" description="OTP Controller Timing Register 2">
    <alias type="id" value="HW_OCOTP_TIMING2"/>
    <alias type="CMSIS" value="TIMING2"/>
    <bit_field offset="0" width="12" name="RELAX_PROG" access="RW" reset_value="0x92" description="Relax Prog. count value">
      <alias type="CMSIS" value="OCOTP_TIMING2_RELAX_PROG(x)"/>
      <alias type="id" value="ANADIG_HW_OCOTP_TIMING2_RELAX_PROG"/>
    </bit_field>
    <reserved_bit_field offset="12" width="4" reset_value="0"/>
    <bit_field offset="16" width="6" name="RELAX_READ" access="RW" reset_value="0x3" description="Relax Read count value">
      <alias type="CMSIS" value="OCOTP_TIMING2_RELAX_READ(x)"/>
      <alias type="id" value="ANADIG_HW_OCOTP_TIMING2_RELAX_READ"/>
    </bit_field>
    <bit_field offset="22" width="8" name="RELAX1" access="RW" reset_value="0x7" description="Auto read and write time interval">
      <alias type="CMSIS" value="OCOTP_TIMING2_RELAX1(x)"/>
      <alias type="id" value="ANADIG_HW_OCOTP_TIMING2_RELAX1"/>
    </bit_field>
    <reserved_bit_field offset="30" width="2" reset_value="0"/>
  </register>
  <register offset="0x400" width="32" name="HW_LOCK" description="Value of OTP Bank0 Word0 (Lock controls)">
    <alias type="id" value="HW_OCOTP_LOCK"/>
    <alias type="CMSIS" value="LOCK"/>
    <reserved_bit_field offset="0" width="2" reset_value="0x3"/>
    <bit_field offset="2" width="2" name="BOOT_CFG" access="RO" reset_value="0" description="BOOT_CFG Write Lock Status">
      <alias type="CMSIS" value="OCOTP_LOCK_BOOT_CFG(x)"/>
      <alias type="id" value="ANADIG_HW_OCOTP_LOCK_BOOT_CFG"/>
    </bit_field>
    <reserved_bit_field offset="4" width="2" reset_value="0"/>
    <bit_field offset="6" width="1" name="SJC_RESP" access="RO" reset_value="0" description="SJC_RESP Lock Status">
      <alias type="CMSIS" value="OCOTP_LOCK_SJC_RESP(x)"/>
      <alias type="id" value="ANADIG_HW_OCOTP_LOCK_SJC_RESP"/>
      <bit_field_value name="HW_LOCK_SJC_RESP_notblocked" value="0b0" description="The writing or reading of this region's shadow register and OTP fuse word are not blocked."/>
      <bit_field_value name="HW_LOCK_SJC_RESP_blocked" value="0b1" description="When set, the writing of this region's shadow register and OTP fuse word are blocked. The read of this region's shadow register and OTP fuse word are also blocked"/>
    </bit_field>
    <reserved_bit_field offset="7" width="1" reset_value="0"/>
    <bit_field offset="8" width="2" name="MAC_ADDR" access="RO" reset_value="0" description="MAC_ADDR Write Lock Status">
      <alias type="CMSIS" value="OCOTP_LOCK_MAC_ADDR(x)"/>
      <alias type="id" value="ANADIG_HW_OCOTP_LOCK_MAC_ADDR"/>
    </bit_field>
    <bit_field offset="10" width="2" name="GP1" access="RO" reset_value="0" description="GP1 Write Lock Status">
      <alias type="CMSIS" value="OCOTP_LOCK_GP1(x)"/>
      <alias type="id" value="ANADIG_HW_OCOTP_LOCK_GP1"/>
    </bit_field>
    <bit_field offset="12" width="2" name="GP2" access="RO" reset_value="0" description="GP2 Write Lock Status">
      <alias type="CMSIS" value="OCOTP_LOCK_GP2(x)"/>
      <alias type="id" value="ANADIG_HW_OCOTP_LOCK_GP2"/>
    </bit_field>
    <reserved_bit_field offset="14" width="1" reset_value="0"/>
    <reserved_bit_field offset="15" width="1" reset_value="0x1"/>
    <bit_field offset="16" width="1" name="SW_GP1" access="RO" reset_value="0" description="SW_GP1 Write Lock Status">
      <alias type="CMSIS" value="OCOTP_LOCK_SW_GP1(x)"/>
      <alias type="id" value="ANADIG_HW_OCOTP_LOCK_SW_GP1"/>
      <bit_field_value name="HW_LOCK_SW_GP1_notblocked" value="0b0" description="Writing of this region's shadow register and OTP fuse word are not blocked."/>
      <bit_field_value name="HW_LOCK_SW_GP1_blocked" value="0b1" description="When set, the writing of this region's shadow register and OTP fuse word are blocked."/>
    </bit_field>
    <reserved_bit_field offset="17" width="1" reset_value="0x1"/>
    <bit_field offset="18" width="2" name="ANALOG" access="RO" reset_value="0" description="ANALOG Write Lock Status">
      <alias type="CMSIS" value="OCOTP_LOCK_ANALOG(x)"/>
      <alias type="id" value="ANADIG_HW_OCOTP_LOCK_ANALOG"/>
    </bit_field>
    <reserved_bit_field offset="20" width="1" reset_value="0x1"/>
    <bit_field offset="21" width="1" name="SW_GP2_LOCK" access="RO" reset_value="0" description="SW_GP2 Write Lock Status">
      <alias type="CMSIS" value="OCOTP_LOCK_SW_GP2_LOCK(x)"/>
      <alias type="id" value="ANADIG_HW_OCOTP_LOCK_SW_GP2_LOCK"/>
      <bit_field_value name="HW_LOCK_SW_GP2_LOCK_notblocked" value="0b0" description="Writing of this region's shadow register and OTP fuse word are not blocked."/>
      <bit_field_value name="HW_LOCK_SW_GP2_LOCK_blocked" value="0b1" description="When set, the writing of this region's shadow register and OTP fuse word are blocked."/>
    </bit_field>
    <bit_field offset="22" width="1" name="MISC_CONF" access="RO" reset_value="0" description="MISC_CONF Write Lock Status">
      <alias type="CMSIS" value="OCOTP_LOCK_MISC_CONF(x)"/>
      <alias type="id" value="ANADIG_HW_OCOTP_LOCK_MISC_CONF"/>
      <bit_field_value name="HW_LOCK_MISC_CONF_notblocked" value="0b0" description="Writing of this region's shadow register and OTP fuse word are not blocked."/>
      <bit_field_value name="HW_LOCK_MISC_CONF_blocked" value="0b1" description="When set, the writing of this region's shadow register and OTP fuse word are blocked."/>
    </bit_field>
    <bit_field offset="23" width="1" name="SW_GP2_RLOCK" access="RO" reset_value="0" description="SW_GP2 Read Lock Status">
      <alias type="CMSIS" value="OCOTP_LOCK_SW_GP2_RLOCK(x)"/>
      <alias type="id" value="ANADIG_HW_OCOTP_LOCK_SW_GP2_RLOCK"/>
      <bit_field_value name="HW_LOCK_SW_GP2_RLOCK_notblocked" value="0b0" description="The reading of this region's shadow register and OTP fuse word are not blocked."/>
      <bit_field_value name="HW_LOCK_SW_GP2_RLOCK_blocked" value="0b1" description="When set, the reading of this region's shadow register and OTP fuse word are blocked."/>
    </bit_field>
    <reserved_bit_field offset="24" width="2" reset_value="0"/>
    <bit_field offset="26" width="2" name="GP3" access="RO" reset_value="0" description="GP3 Write Lock Status">
      <alias type="CMSIS" value="OCOTP_LOCK_GP3(x)"/>
      <alias type="id" value="ANADIG_HW_OCOTP_LOCK_GP3"/>
    </bit_field>
    <reserved_bit_field offset="28" width="3" reset_value="0x4"/>
    <bit_field offset="31" width="1" name="FIELD_RETURN" access="RW" reset_value="0" description="FIELD RETURN Status">
      <alias type="CMSIS" value="OCOTP_LOCK_FIELD_RETURN(x)"/>
      <alias type="id" value="ANADIG_HW_OCOTP_LOCK_FIELD_RETURN"/>
      <bit_field_value name="HW_LOCK_FIELD_RETURN_functional" value="0b0" description="The device is a functional part."/>
      <bit_field_value name="HW_LOCK_FIELD_RETURN_field_returned" value="0b1" description="The device is a field returned part."/>
    </bit_field>
  </register>
  <register offset="0x410" width="32" name="HW_CFG0" description="Value of OTP Bank0 Word1 (Configuration and Manufacturing Info.)">
    <alias type="id" value="HW_OCOTP_CFG0"/>
    <alias type="CMSIS" value="CFG0"/>
    <bit_field offset="0" width="32" name="BITS" access="RW" reset_value="0" description="BITS">
      <alias type="CMSIS" value="OCOTP_CFG0_BITS(x)"/>
      <alias type="id" value="ANADIG_HW_OCOTP_CFG0_BITS"/>
    </bit_field>
  </register>
  <register offset="0x420" width="32" name="HW_CFG1" description="Value of OTP Bank0 Word2 (Configuration and Manufacturing Info.)">
    <alias type="id" value="HW_OCOTP_CFG1"/>
    <alias type="CMSIS" value="CFG1"/>
    <bit_field offset="0" width="32" name="BITS" access="RW" reset_value="0" description="BITS">
      <alias type="CMSIS" value="OCOTP_CFG1_BITS(x)"/>
      <alias type="id" value="ANADIG_HW_OCOTP_CFG1_BITS"/>
    </bit_field>
  </register>
  <register offset="0x430" width="32" name="HW_CFG2" description="Value of OTP Bank0 Word3 (Configuration and Manufacturing Info.)">
    <alias type="id" value="HW_OCOTP_CFG2"/>
    <alias type="CMSIS" value="CFG2"/>
    <bit_field offset="0" width="32" name="BITS" access="RW" reset_value="0" description="BITS">
      <alias type="CMSIS" value="OCOTP_CFG2_BITS(x)"/>
      <alias type="id" value="ANADIG_HW_OCOTP_CFG2_BITS"/>
    </bit_field>
  </register>
  <register offset="0x440" width="32" name="HW_CFG3" description="Value of OTP Bank0 Word4 (Configuration and Manufacturing Info.)">
    <alias type="id" value="HW_OCOTP_CFG3"/>
    <alias type="CMSIS" value="CFG3"/>
    <bit_field offset="0" width="32" name="BITS" access="RW" reset_value="0" description="BITS">
      <alias type="CMSIS" value="OCOTP_CFG3_BITS(x)"/>
      <alias type="id" value="ANADIG_HW_OCOTP_CFG3_BITS"/>
    </bit_field>
  </register>
  <register offset="0x450" width="32" name="HW_CFG4" description="Value of OTP Bank0 Word5 (Configuration and Manufacturing Info.)">
    <alias type="id" value="HW_OCOTP_CFG4"/>
    <alias type="CMSIS" value="CFG4"/>
    <bit_field offset="0" width="32" name="BITS" access="RW" reset_value="0" description="BITS">
      <alias type="CMSIS" value="OCOTP_CFG4_BITS(x)"/>
      <alias type="id" value="ANADIG_HW_OCOTP_CFG4_BITS"/>
    </bit_field>
  </register>
  <register offset="0x460" width="32" name="HW_CFG5" description="Value of OTP Bank0 Word6 (Configuration and Manufacturing Info.)">
    <alias type="id" value="HW_OCOTP_CFG5"/>
    <alias type="CMSIS" value="CFG5"/>
    <bit_field offset="0" width="32" name="BITS" access="RW" reset_value="0" description="BITS">
      <alias type="CMSIS" value="OCOTP_CFG5_BITS(x)"/>
      <alias type="id" value="ANADIG_HW_OCOTP_CFG5_BITS"/>
    </bit_field>
  </register>
  <register offset="0x470" width="32" name="HW_CFG6" description="Value of OTP Bank0 Word7 (Configuration and Manufacturing Info.)">
    <alias type="id" value="HW_OCOTP_CFG6"/>
    <alias type="CMSIS" value="CFG6"/>
    <bit_field offset="0" width="32" name="BITS" access="RW" reset_value="0" description="BITS">
      <alias type="CMSIS" value="OCOTP_CFG6_BITS(x)"/>
      <alias type="id" value="ANADIG_HW_OCOTP_CFG6_BITS"/>
    </bit_field>
  </register>
  <register offset="0x480" width="32" name="HW_MEM0" description="Value of OTP Bank1 Word0 (Memory Related Info.)">
    <alias type="id" value="HW_OCOTP_MEM0"/>
    <alias type="CMSIS" value="MEM0"/>
    <bit_field offset="0" width="32" name="BITS" access="RW" reset_value="0" description="BITS">
      <alias type="CMSIS" value="OCOTP_MEM0_BITS(x)"/>
      <alias type="id" value="ANADIG_HW_OCOTP_MEM0_BITS"/>
    </bit_field>
  </register>
  <register offset="0x490" width="32" name="HW_MEM1" description="Value of OTP Bank1 Word1 (Memory Related Info.)">
    <alias type="id" value="HW_OCOTP_MEM1"/>
    <alias type="CMSIS" value="MEM1"/>
    <bit_field offset="0" width="32" name="BITS" access="RW" reset_value="0" description="BITS">
      <alias type="CMSIS" value="OCOTP_MEM1_BITS(x)"/>
      <alias type="id" value="ANADIG_HW_OCOTP_MEM1_BITS"/>
    </bit_field>
  </register>
  <register offset="0x4A0" width="32" name="HW_MEM2" description="Value of OTP Bank1 Word2 (Memory Related Info.)">
    <alias type="id" value="HW_OCOTP_MEM2"/>
    <alias type="CMSIS" value="MEM2"/>
    <bit_field offset="0" width="32" name="BITS" access="RW" reset_value="0" description="BITS">
      <alias type="CMSIS" value="OCOTP_MEM2_BITS(x)"/>
      <alias type="id" value="ANADIG_HW_OCOTP_MEM2_BITS"/>
    </bit_field>
  </register>
  <register offset="0x4B0" width="32" name="HW_MEM3" description="Value of OTP Bank1 Word3 (Memory Related Info.)">
    <alias type="id" value="HW_OCOTP_MEM3"/>
    <alias type="CMSIS" value="MEM3"/>
    <bit_field offset="0" width="32" name="BITS" access="RW" reset_value="0" description="BITS">
      <alias type="CMSIS" value="OCOTP_MEM3_BITS(x)"/>
      <alias type="id" value="ANADIG_HW_OCOTP_MEM3_BITS"/>
    </bit_field>
  </register>
  <register offset="0x4C0" width="32" name="HW_MEM4" description="Value of OTP Bank 1 Word 4 (Memory Related Info.)">
    <alias type="id" value="HW_OCOTP_MEM4"/>
    <alias type="CMSIS" value="MEM4"/>
    <bit_field offset="0" width="32" name="BITS" access="RW" reset_value="0" description="BITS">
      <alias type="CMSIS" value="OCOTP_MEM4_BITS(x)"/>
      <alias type="id" value="ANADIG_HW_OCOTP_MEM4_BITS"/>
    </bit_field>
  </register>
  <register offset="0x4D0" width="32" name="HW_ANA0" description="Value of OTP Bank 1 Word 5 (Analog Info.)">
    <alias type="id" value="HW_OCOTP_ANA0"/>
    <alias type="CMSIS" value="ANA0"/>
    <bit_field offset="0" width="32" name="BITS" access="RW" reset_value="0" description="BITS">
      <alias type="CMSIS" value="OCOTP_ANA0_BITS(x)"/>
      <alias type="id" value="ANADIG_HW_OCOTP_ANA0_BITS"/>
    </bit_field>
  </register>
  <register offset="0x4E0" width="32" name="HW_ANA1" description="Value of OTP Bank 1 Word 6 (Analog Info.)">
    <alias type="id" value="HW_OCOTP_ANA1"/>
    <alias type="CMSIS" value="ANA1"/>
    <bit_field offset="0" width="32" name="BITS" access="RW" reset_value="0" description="BITS">
      <alias type="CMSIS" value="OCOTP_ANA1_BITS(x)"/>
      <alias type="id" value="ANADIG_HW_OCOTP_ANA1_BITS"/>
    </bit_field>
  </register>
  <register offset="0x4F0" width="32" name="HW_ANA2" description="Value of OTP Bank 1 Word 7 (Analog Info.)">
    <alias type="id" value="HW_OCOTP_ANA2"/>
    <alias type="CMSIS" value="ANA2"/>
    <bit_field offset="0" width="32" name="BITS" access="RW" reset_value="0" description="BITS">
      <alias type="CMSIS" value="OCOTP_ANA2_BITS(x)"/>
      <alias type="id" value="ANADIG_HW_OCOTP_ANA2_BITS"/>
    </bit_field>
  </register>
  <register offset="0x580" width="32" name="HW_SRK0" description="Shadow Register for OTP Bank3 Word0 (SRK Hash)">
    <alias type="id" value="HW_OCOTP_SRK0"/>
    <alias type="CMSIS" value="SRK0"/>
    <bit_field offset="0" width="32" name="BITS" access="RW" reset_value="0" description="BITS">
      <alias type="CMSIS" value="OCOTP_SRK0_BITS(x)"/>
      <alias type="id" value="ANADIG_HW_OCOTP_SRK0_BITS"/>
    </bit_field>
  </register>
  <register offset="0x590" width="32" name="HW_SRK1" description="Shadow Register for OTP Bank3 Word1 (SRK Hash)">
    <alias type="id" value="HW_OCOTP_SRK1"/>
    <alias type="CMSIS" value="SRK1"/>
    <bit_field offset="0" width="32" name="BITS" access="RW" reset_value="0" description="BITS">
      <alias type="CMSIS" value="OCOTP_SRK1_BITS(x)"/>
      <alias type="id" value="ANADIG_HW_OCOTP_SRK1_BITS"/>
    </bit_field>
  </register>
  <register offset="0x5A0" width="32" name="HW_SRK2" description="Shadow Register for OTP Bank3 Word2 (SRK Hash)">
    <alias type="id" value="HW_OCOTP_SRK2"/>
    <alias type="CMSIS" value="SRK2"/>
    <bit_field offset="0" width="32" name="BITS" access="RW" reset_value="0" description="BITS">
      <alias type="CMSIS" value="OCOTP_SRK2_BITS(x)"/>
      <alias type="id" value="ANADIG_HW_OCOTP_SRK2_BITS"/>
    </bit_field>
  </register>
  <register offset="0x5B0" width="32" name="HW_SRK3" description="Shadow Register for OTP Bank3 Word3 (SRK Hash)">
    <alias type="id" value="HW_OCOTP_SRK3"/>
    <alias type="CMSIS" value="SRK3"/>
    <bit_field offset="0" width="32" name="BITS" access="RW" reset_value="0" description="BITS">
      <alias type="CMSIS" value="OCOTP_SRK3_BITS(x)"/>
      <alias type="id" value="ANADIG_HW_OCOTP_SRK3_BITS"/>
    </bit_field>
  </register>
  <register offset="0x5C0" width="32" name="HW_SRK4" description="Shadow Register for OTP Bank3 Word4 (SRK Hash)">
    <alias type="id" value="HW_OCOTP_SRK4"/>
    <alias type="CMSIS" value="SRK4"/>
    <bit_field offset="0" width="32" name="BITS" access="RW" reset_value="0" description="BITS">
      <alias type="CMSIS" value="OCOTP_SRK4_BITS(x)"/>
      <alias type="id" value="ANADIG_HW_OCOTP_SRK4_BITS"/>
    </bit_field>
  </register>
  <register offset="0x5D0" width="32" name="HW_SRK5" description="Shadow Register for OTP Bank3 Word5 (SRK Hash)">
    <alias type="id" value="HW_OCOTP_SRK5"/>
    <alias type="CMSIS" value="SRK5"/>
    <bit_field offset="0" width="32" name="BITS" access="RW" reset_value="0" description="BITS">
      <alias type="CMSIS" value="OCOTP_SRK5_BITS(x)"/>
      <alias type="id" value="ANADIG_HW_OCOTP_SRK5_BITS"/>
    </bit_field>
  </register>
  <register offset="0x5E0" width="32" name="HW_SRK6" description="Shadow Register for OTP Bank3 Word6 (SRK Hash)">
    <alias type="id" value="HW_OCOTP_SRK6"/>
    <alias type="CMSIS" value="SRK6"/>
    <bit_field offset="0" width="32" name="BITS" access="RW" reset_value="0" description="BITS">
      <alias type="CMSIS" value="OCOTP_SRK6_BITS(x)"/>
      <alias type="id" value="ANADIG_HW_OCOTP_SRK6_BITS"/>
    </bit_field>
  </register>
  <register offset="0x5F0" width="32" name="HW_SRK7" description="Shadow Register for OTP Bank3 Word7 (SRK Hash)">
    <alias type="id" value="HW_OCOTP_SRK7"/>
    <alias type="CMSIS" value="SRK7"/>
    <bit_field offset="0" width="32" name="BITS" access="RW" reset_value="0" description="BITS">
      <alias type="CMSIS" value="OCOTP_SRK7_BITS(x)"/>
      <alias type="id" value="ANADIG_HW_OCOTP_SRK7_BITS"/>
    </bit_field>
  </register>
  <register offset="0x600" width="32" name="HW_SJC_RESP0" description="Value of OTP Bank4 Word0 (Secure JTAG Response Field)">
    <alias type="id" value="HW_OCOTP_SJC_RESP0"/>
    <alias type="CMSIS" value="SJC_RESP0"/>
    <bit_field offset="0" width="32" name="BITS" access="RW" reset_value="0" description="BITS">
      <alias type="CMSIS" value="OCOTP_SJC_RESP0_BITS(x)"/>
      <alias type="id" value="ANADIG_HW_OCOTP_SJC_RESP0_BITS"/>
    </bit_field>
  </register>
  <register offset="0x610" width="32" name="HW_SJC_RESP1" description="Value of OTP Bank4 Word1 (Secure JTAG Response Field)">
    <alias type="id" value="HW_OCOTP_SJC_RESP1"/>
    <alias type="CMSIS" value="SJC_RESP1"/>
    <bit_field offset="0" width="32" name="BITS" access="RW" reset_value="0" description="BITS">
      <alias type="CMSIS" value="OCOTP_SJC_RESP1_BITS(x)"/>
      <alias type="id" value="ANADIG_HW_OCOTP_SJC_RESP1_BITS"/>
    </bit_field>
  </register>
  <register offset="0x620" width="32" name="HW_MAC0" description="Value of OTP Bank4 Word2 (MAC Address)">
    <alias type="id" value="HW_OCOTP_MAC0"/>
    <alias type="CMSIS" value="MAC0"/>
    <bit_field offset="0" width="32" name="BITS" access="RW" reset_value="0" description="BITS">
      <alias type="CMSIS" value="OCOTP_MAC0_BITS(x)"/>
      <alias type="id" value="ANADIG_HW_OCOTP_MAC0_BITS"/>
    </bit_field>
  </register>
  <register offset="0x630" width="32" name="HW_MAC1" description="Value of OTP Bank4 Word3 (MAC Address)">
    <alias type="id" value="HW_OCOTP_MAC1"/>
    <alias type="CMSIS" value="MAC1"/>
    <bit_field offset="0" width="32" name="BITS" access="RW" reset_value="0" description="BITS">
      <alias type="CMSIS" value="OCOTP_MAC1_BITS(x)"/>
      <alias type="id" value="ANADIG_HW_OCOTP_MAC1_BITS"/>
    </bit_field>
  </register>
  <register offset="0x640" width="32" name="HW_GP3" description="Value of OTP Bank4 Word4 (MAC Address)">
    <alias type="id" value="HW_OCOTP_GP3"/>
    <alias type="CMSIS" value="GP3"/>
    <bit_field offset="0" width="32" name="BITS" access="RW" reset_value="0" description="BITS">
      <alias type="CMSIS" value="OCOTP_GP3_BITS(x)"/>
      <alias type="id" value="ANADIG_HW_OCOTP_GP3_BITS"/>
    </bit_field>
  </register>
  <register offset="0x660" width="32" name="HW_GP1" description="Value of OTP Bank4 Word6 (General Purpose Customer Defined Info)">
    <alias type="id" value="HW_OCOTP_GP1"/>
    <alias type="CMSIS" value="GP1"/>
    <bit_field offset="0" width="32" name="BITS" access="RW" reset_value="0" description="BITS">
      <alias type="CMSIS" value="OCOTP_GP1_BITS(x)"/>
      <alias type="id" value="ANADIG_HW_OCOTP_GP1_BITS"/>
    </bit_field>
  </register>
  <register offset="0x670" width="32" name="HW_GP2" description="Value of OTP Bank4 Word7 (General Purpose Customer Defined Info)">
    <alias type="id" value="HW_OCOTP_GP2"/>
    <alias type="CMSIS" value="GP2"/>
    <bit_field offset="0" width="32" name="BITS" access="RW" reset_value="0" description="BITS">
      <alias type="CMSIS" value="OCOTP_GP2_BITS(x)"/>
      <alias type="id" value="ANADIG_HW_OCOTP_GP2_BITS"/>
    </bit_field>
  </register>
  <register offset="0x680" width="32" name="HW_SW_GP1" description="Value of OTP Bank5 Word0 (SW GP1)">
    <alias type="id" value="HW_OCOTP_SW_GP1"/>
    <alias type="CMSIS" value="SW_GP1"/>
    <bit_field offset="0" width="32" name="BITS" access="RW" reset_value="0" description="BITS">
      <alias type="CMSIS" value="OCOTP_SW_GP1_BITS(x)"/>
      <alias type="id" value="ANADIG_HW_OCOTP_SW_GP1_BITS"/>
    </bit_field>
  </register>
  <register offset="0x690" width="32" name="HW_SW_GP20" description="Value of OTP Bank5 Word1 (SW GP2)">
    <alias type="id" value="HW_OCOTP_SW_GP20"/>
    <alias type="CMSIS" value="SW_GP20"/>
    <bit_field offset="0" width="32" name="BITS" access="RW" reset_value="0" description="BITS">
      <alias type="CMSIS" value="OCOTP_SW_GP20_BITS(x)"/>
      <alias type="id" value="ANADIG_HW_OCOTP_SW_GP20_BITS"/>
    </bit_field>
  </register>
  <register offset="0x6A0" width="32" name="HW_SW_GP21" description="Value of OTP Bank5 Word2 (SW GP2)">
    <alias type="id" value="HW_OCOTP_SW_GP21"/>
    <alias type="CMSIS" value="SW_GP21"/>
    <bit_field offset="0" width="32" name="BITS" access="RW" reset_value="0" description="BITS">
      <alias type="CMSIS" value="OCOTP_SW_GP21_BITS(x)"/>
      <alias type="id" value="ANADIG_HW_OCOTP_SW_GP21_BITS"/>
    </bit_field>
  </register>
  <register offset="0x6B0" width="32" name="HW_SW_GP22" description="Value of OTP Bank5 Word3 (SW GP2)">
    <alias type="id" value="HW_OCOTP_SW_GP22"/>
    <alias type="CMSIS" value="SW_GP22"/>
    <bit_field offset="0" width="32" name="BITS" access="RW" reset_value="0" description="BITS">
      <alias type="CMSIS" value="OCOTP_SW_GP22_BITS(x)"/>
      <alias type="id" value="ANADIG_HW_OCOTP_SW_GP22_BITS"/>
    </bit_field>
  </register>
  <register offset="0x6C0" width="32" name="HW_SW_GP23" description="Value of OTP Bank5 Word4 (SW GP2)">
    <alias type="id" value="HW_OCOTP_SW_GP23"/>
    <alias type="CMSIS" value="SW_GP23"/>
    <bit_field offset="0" width="32" name="BITS" access="RW" reset_value="0" description="BITS">
      <alias type="CMSIS" value="OCOTP_SW_GP23_BITS(x)"/>
      <alias type="id" value="ANADIG_HW_OCOTP_SW_GP23_BITS"/>
    </bit_field>
  </register>
  <register offset="0x6D0" width="32" name="HW_MISC_CONF0" description="Value of OTP Bank5 Word5 (Misc Conf)">
    <alias type="id" value="HW_OCOTP_MISC_CONF0"/>
    <alias type="CMSIS" value="MISC_CONF0"/>
    <bit_field offset="0" width="32" name="BITS" access="RW" reset_value="0" description="BITS">
      <alias type="CMSIS" value="OCOTP_MISC_CONF0_BITS(x)"/>
      <alias type="id" value="ANADIG_HW_OCOTP_MISC_CONF0_BITS"/>
    </bit_field>
  </register>
  <register offset="0x6E0" width="32" name="HW_MISC_CONF1" description="Value of OTP Bank5 Word6 (Misc Conf)">
    <alias type="id" value="HW_OCOTP_MISC_CONF1"/>
    <alias type="CMSIS" value="MISC_CONF1"/>
    <bit_field offset="0" width="32" name="BITS" access="RW" reset_value="0" description="BITS">
      <alias type="CMSIS" value="OCOTP_MISC_CONF1_BITS(x)"/>
      <alias type="id" value="ANADIG_HW_OCOTP_MISC_CONF1_BITS"/>
    </bit_field>
  </register>
  <register offset="0x6F0" width="32" name="HW_SRK_REVOKE" description="Value of OTP Bank5 Word7 (SRK Revoke)">
    <alias type="id" value="HW_OCOTP_SRK_REVOKE"/>
    <alias type="CMSIS" value="SRK_REVOKE"/>
    <bit_field offset="0" width="32" name="BITS" access="RW" reset_value="0" description="BITS">
      <alias type="CMSIS" value="OCOTP_SRK_REVOKE_BITS(x)"/>
      <alias type="id" value="ANADIG_HW_OCOTP_SRK_REVOKE_BITS"/>
    </bit_field>
  </register>
</regs:peripheral>