<?xml version="1.0"?>
<regs:peripheral xmlns:regs="http://swtools.freescale.net/XSD/registers/4.0/regsPeripheral.xsd" xmlns:xsi="http://www.w3.org/2001/XMLSchema-instance" xsi:schemaLocation="http://swtools.freescale.net/XSD/registers/4.0/regsPeripheral.xsd http://swtools.freescale.net/XSD/registers/4.0/regsPeripheral.xsd">
  <register offset="0x220" width="32" name="MEGA_CTRL" description="PGC Mega Control Register">
    <alias type="CMSIS" value="MEGA_CTRL"/>
    <bit_field offset="0" width="1" name="PCR" access="RW" reset_value="0" description="Power Control PCR must not change from power-down request (pdn_req) assertion until the target subsystem is completely powered up.">
      <alias type="CMSIS" value="PGC_MEGA_CTRL_PCR(x)"/>
      <bit_field_value name="MEGA_CTRL_PCR_0b0" value="0b0" description="Do not switch off power even if pdn_req is asserted."/>
      <bit_field_value name="MEGA_CTRL_PCR_0b1" value="0b1" description="Switch off power when pdn_req is asserted."/>
    </bit_field>
    <reserved_bit_field offset="1" width="31" reset_value="0"/>
  </register>
  <register offset="0x224" width="32" name="MEGA_PUPSCR" description="PGC Mega Power Up Sequence Control Register">
    <alias type="CMSIS" value="MEGA_PUPSCR"/>
    <bit_field offset="0" width="6" name="SW" access="RW" reset_value="0x1" description="After a power-up request (pup_req assertion), the PGC waits a number of IPG clocks equal to the value of SW before asserting power toggle on/off signal (switch_b) to switch on power. SW must not be programmed to zero. The PGC clock is generated from the IPG_CLK_ROOT. for frequency configuration of the IPG_CLK_ROOT. See Clock Controller Module (CCM).">
      <alias type="CMSIS" value="PGC_MEGA_PUPSCR_SW(x)"/>
    </bit_field>
    <reserved_bit_field offset="6" width="2" reset_value="0"/>
    <bit_field offset="8" width="6" name="SW2ISO" access="RW" reset_value="0xF" description="After asserting power toggle on/off signal (switch_b) to switch on power, the PGC waits a number of IPG clocks equal to the value of SW2ISO before negating isolation. SW2ISO must not be programmed to zero.">
      <alias type="CMSIS" value="PGC_MEGA_PUPSCR_SW2ISO(x)"/>
    </bit_field>
    <reserved_bit_field offset="14" width="18" reset_value="0"/>
  </register>
  <register offset="0x228" width="32" name="MEGA_PDNSCR" description="PGC Mega Pull Down Sequence Control Register">
    <alias type="CMSIS" value="MEGA_PDNSCR"/>
    <bit_field offset="0" width="6" name="ISO" access="RW" reset_value="0x1" description="After a power-down request (pdn_req assertion), the PGC waits a number of IPG clocks equal to the value of ISO before asserting isolation. ISO must not be programmed to zero.">
      <alias type="CMSIS" value="PGC_MEGA_PDNSCR_ISO(x)"/>
    </bit_field>
    <reserved_bit_field offset="6" width="2" reset_value="0"/>
    <bit_field offset="8" width="6" name="ISO2SW" access="RW" reset_value="0x1" description="After asserting isolation, the PGC waits a number of IPG clocks equal to the value of ISO2SW before negating power toggle on/off signal (switch_b) to switch off power. ISO2SW must not be programmed to zero.">
      <alias type="CMSIS" value="PGC_MEGA_PDNSCR_ISO2SW(x)"/>
    </bit_field>
    <reserved_bit_field offset="14" width="18" reset_value="0"/>
  </register>
  <register offset="0x22C" width="32" name="MEGA_SR" description="PGC Mega Power Gating Controller Status Register">
    <alias type="CMSIS" value="MEGA_SR"/>
    <bit_field offset="0" width="1" name="PSR" access="RW" reset_value="0" description="Power status. When in functional (or software-controlled debug) mode, PGC hardware sets PSR as soon as any of the power control output changes its state to one (isolation or power off occurs). Write one to clear this bit. Software should clear this bit after power up; otherwise, PSR continues to reflect the power status of the initial power down.">
      <alias type="CMSIS" value="PGC_MEGA_SR_PSR(x)"/>
      <bit_field_value name="MEGA_SR_PSR_0b0" value="0b0" description="The target subsystem was not powered down for the previous power-down request."/>
      <bit_field_value name="MEGA_SR_PSR_0b1" value="0b1" description="The target subsystem was powered down for the previous power-down request."/>
    </bit_field>
    <reserved_bit_field offset="1" width="31" reset_value="0"/>
  </register>
  <register offset="0x2A0" width="32" name="CPU_CTRL" description="PGC CPU Control Register">
    <alias type="CMSIS" value="CPU_CTRL"/>
    <bit_field offset="0" width="1" name="PCR" access="RW" reset_value="0" description="Power Control PCR must not change from power-down request (pdn_req) assertion until the target subsystem is completely powered up.">
      <alias type="CMSIS" value="PGC_CPU_CTRL_PCR(x)"/>
      <bit_field_value name="CPU_CTRL_PCR_0b0" value="0b0" description="Do not switch off power even if pdn_req is asserted."/>
      <bit_field_value name="CPU_CTRL_PCR_0b1" value="0b1" description="Switch off power when pdn_req is asserted."/>
    </bit_field>
    <reserved_bit_field offset="1" width="31" reset_value="0"/>
  </register>
  <register offset="0x2A4" width="32" name="CPU_PUPSCR" description="PGC CPU Power Up Sequence Control Register">
    <alias type="CMSIS" value="CPU_PUPSCR"/>
    <bit_field offset="0" width="6" name="SW" access="RW" reset_value="0x1" description="After a power-up request (pup_req assertion), the PGC waits a number of IPG clocks equal to the value of SW before asserting power toggle on/off signal (switch_b) to switch on power. SW must not be programmed to zero. The PGC clock is generated from the IPG_CLK_ROOT. for frequency configuration of the IPG_CLK_ROOT. See Clock Controller Module (CCM).">
      <alias type="CMSIS" value="PGC_CPU_PUPSCR_SW(x)"/>
    </bit_field>
    <reserved_bit_field offset="6" width="2" reset_value="0"/>
    <bit_field offset="8" width="6" name="SW2ISO" access="RW" reset_value="0xF" description="After asserting power toggle on/off signal (switch_b) to switch on power, the PGC waits a number of IPG clocks equal to the value of SW2ISO before negating isolation. SW2ISO must not be programmed to zero.">
      <alias type="CMSIS" value="PGC_CPU_PUPSCR_SW2ISO(x)"/>
    </bit_field>
    <reserved_bit_field offset="14" width="18" reset_value="0"/>
  </register>
  <register offset="0x2A8" width="32" name="CPU_PDNSCR" description="PGC CPU Pull Down Sequence Control Register">
    <alias type="CMSIS" value="CPU_PDNSCR"/>
    <bit_field offset="0" width="6" name="ISO" access="RW" reset_value="0x1" description="After a power-down request (pdn_req assertion), the PGC waits a number of IPG clocks equal to the value of ISO before asserting isolation. ISO must not be programmed to zero.">
      <alias type="CMSIS" value="PGC_CPU_PDNSCR_ISO(x)"/>
    </bit_field>
    <reserved_bit_field offset="6" width="2" reset_value="0"/>
    <bit_field offset="8" width="6" name="ISO2SW" access="RW" reset_value="0x1" description="After asserting isolation, the PGC waits a number of IPG clocks equal to the value of ISO2SW before negating power toggle on/off signal (switch_b) to switch off power. ISO2SW must not be programmed to zero.">
      <alias type="CMSIS" value="PGC_CPU_PDNSCR_ISO2SW(x)"/>
    </bit_field>
    <reserved_bit_field offset="14" width="18" reset_value="0"/>
  </register>
  <register offset="0x2AC" width="32" name="CPU_SR" description="PGC CPU Power Gating Controller Status Register">
    <alias type="CMSIS" value="CPU_SR"/>
    <bit_field offset="0" width="1" name="PSR" access="RW" reset_value="0" description="Power status. When in functional (or software-controlled debug) mode, PGC hardware sets PSR as soon as any of the power control output changes its state to one (isolation or power off occurs). Write one to clear this bit. Software should clear this bit after power up; otherwise, PSR continues to reflect the power status of the initial power down.">
      <alias type="CMSIS" value="PGC_CPU_SR_PSR(x)"/>
      <bit_field_value name="CPU_SR_PSR_0b0" value="0b0" description="The target subsystem was not powered down for the previous power-down request."/>
      <bit_field_value name="CPU_SR_PSR_0b1" value="0b1" description="The target subsystem was powered down for the previous power-down request."/>
    </bit_field>
    <reserved_bit_field offset="1" width="31" reset_value="0"/>
  </register>
</regs:peripheral>