<?xml version="1.0"?>
<regs:registers version="4.0" xmlns:regs="http://swtools.freescale.net/XSD/registers/4.0" xmlns:xsi="http://www.w3.org/2001/XMLSchema-instance" xsi:schemaLocation="http://swtools.freescale.net/XSD/registers/4.0 http://swtools.freescale.net/XSD/registers/4.0/registers.xsd">
  <part_information>
    <part_number id="MIMXRT1021xxxxx" family="i.MX" endian="little"/>
  </part_information>
  <peripherals>
    <peripheral name="XTALOSC24M" full_name="Crystal Oscillator" link="XTALOSC24M.xml" size="720">
      <base_address addr="0x400D8000"/>
      <alias type="type" value="XTALOSC24M"/>
    </peripheral>
    <peripheral name="XBARB" full_name="Crossbar Switch" link="XBARB.xml" size="16">
      <base_address addr="0x403C0000"/>
      <alias type="type" value="XBARB"/>
    </peripheral>
    <peripheral name="XBARA" full_name="Crossbar Switch" link="XBARA.xml" size="136">
      <base_address addr="0x403BC000"/>
      <alias type="type" value="XBARA"/>
    </peripheral>
    <peripheral name="WDOG2" full_name="Watchdog Timer" link="WDOG2.xml" size="10">
      <base_address addr="0x400D0000"/>
      <alias type="type" value="WDOG"/>
    </peripheral>
    <peripheral name="WDOG1" full_name="Watchdog Timer" link="WDOG1.xml" size="10">
      <base_address addr="0x400B8000"/>
      <alias type="type" value="WDOG"/>
    </peripheral>
    <peripheral name="USDHC2" full_name="Ultra Secure Digital Host Controller" link="USDHC2.xml" size="208">
      <base_address addr="0x402C4000"/>
      <alias type="type" value="USDHC"/>
    </peripheral>
    <peripheral name="USDHC1" full_name="Ultra Secure Digital Host Controller" link="USDHC1.xml" size="208">
      <base_address addr="0x402C0000"/>
      <alias type="type" value="USDHC"/>
    </peripheral>
    <peripheral name="USB_ANALOG" full_name="USB Analog" link="USB_ANALOG.xml" size="612">
      <base_address addr="0x400D8000"/>
      <alias type="type" value="USB_ANALOG"/>
    </peripheral>
    <peripheral name="USBPHY" full_name="Universal Serial Bus Controller PHY" link="USBPHY.xml" size="132">
      <base_address addr="0x400D9000"/>
      <alias type="type" value="USBPHY"/>
    </peripheral>
    <peripheral name="USBNC" full_name="USB" link="USBNC.xml" size="2076">
      <base_address addr="0x402E0000"/>
      <alias type="type" value="USBNC"/>
    </peripheral>
    <peripheral name="USB" full_name="Universal Serial Bus Controller" link="USB.xml" size="480">
      <base_address addr="0x402E0000"/>
      <alias type="type" value="USB"/>
    </peripheral>
    <peripheral name="TRNG" full_name="TRNG" link="TRNG.xml" size="255">
      <base_address addr="0x400CC000"/>
      <alias type="type" value="TRNG"/>
    </peripheral>
    <peripheral name="TMR2" full_name="Quad Timer" link="TMR2.xml" size="122">
      <base_address addr="0x401E0000"/>
      <alias type="type" value="TMR"/>
    </peripheral>
    <peripheral name="TMR1" full_name="Quad Timer" link="TMR1.xml" size="122">
      <base_address addr="0x401DC000"/>
      <alias type="type" value="TMR"/>
    </peripheral>
    <peripheral name="TEMPMON" full_name="Temperature Monitor" link="TEMPMON.xml" size="672">
      <base_address addr="0x400D8000"/>
      <alias type="type" value="TEMPMON"/>
    </peripheral>
    <peripheral name="SystemControl" full_name="System Control Block" link="SystemControl.xml" size="4012">
      <base_address addr="0xE000E000"/>
      <alias type="type" value="SCB"/>
    </peripheral>
    <peripheral name="SRC" full_name="SRC" link="SRC.xml" size="72">
      <base_address addr="0x400F8000"/>
      <alias type="type" value="SRC"/>
    </peripheral>
    <peripheral name="SPDIF" full_name="Sony/Philips Digital Interface" link="SPDIF.xml" size="84">
      <base_address addr="0x40380000"/>
      <alias type="type" value="SPDIF"/>
    </peripheral>
    <peripheral name="SNVS" full_name="Secure Non-Volatile Storage" link="SNVS.xml" size="65536">
      <base_address addr="0x400D4000"/>
      <alias type="type" value="SNVS"/>
    </peripheral>
    <peripheral name="SEMC" full_name="Smart External Memory Controllers" link="SEMC.xml" size="4096">
      <base_address addr="0x402F0000"/>
      <alias type="type" value="SEMC"/>
    </peripheral>
    <peripheral name="SAI3" full_name="Synchronous Audio Interface" link="SAI3.xml" size="228">
      <base_address addr="0x4038C000"/>
      <alias type="type" value="I2S"/>
    </peripheral>
    <peripheral name="SAI2" full_name="Synchronous Audio Interface" link="SAI2.xml" size="228">
      <base_address addr="0x40388000"/>
      <alias type="type" value="I2S"/>
    </peripheral>
    <peripheral name="SAI1" full_name="Synchronous Audio Interface" link="SAI1.xml" size="228">
      <base_address addr="0x40384000"/>
      <alias type="type" value="I2S"/>
    </peripheral>
    <peripheral name="RTWDOG" full_name="WDOG" link="RTWDOG.xml" size="16">
      <base_address addr="0x400BC000"/>
      <alias type="type" value="RTWDOG"/>
    </peripheral>
    <peripheral name="PWM2" full_name="PWM" link="PWM2.xml" size="406">
      <base_address addr="0x403E0000"/>
      <alias type="type" value="PWM"/>
    </peripheral>
    <peripheral name="PWM1" full_name="PWM" link="PWM1.xml" size="406">
      <base_address addr="0x403DC000"/>
      <alias type="type" value="PWM"/>
    </peripheral>
    <peripheral name="PMU" full_name="PMU" link="PMU.xml" size="384">
      <base_address addr="0x400D8000"/>
      <alias type="type" value="PMU"/>
    </peripheral>
    <peripheral name="PIT" full_name="Periodic Interrupt Timer" link="PIT.xml" size="320">
      <base_address addr="0x40084000"/>
      <alias type="type" value="PIT"/>
    </peripheral>
    <peripheral name="PGC" full_name="PGC" link="PGC.xml" size="688">
      <base_address addr="0x400F4000"/>
      <alias type="type" value="PGC"/>
    </peripheral>
    <peripheral name="OCOTP" full_name="" link="OCOTP.xml" size="1780">
      <base_address addr="0x401F4000"/>
      <alias type="type" value="OCOTP"/>
    </peripheral>
    <peripheral name="NVIC" full_name="Nested Vectored Interrupt Controller" link="NVIC.xml" size="3588">
      <base_address addr="0xE000E100"/>
      <alias type="type" value="NVIC"/>
    </peripheral>
    <peripheral name="LPUART8" full_name="Low Power Universal Asynchronous Receiver/Transmitter" link="LPUART8.xml" size="48">
      <base_address addr="0x401A0000"/>
      <alias type="type" value="LPUART"/>
    </peripheral>
    <peripheral name="LPUART7" full_name="Low Power Universal Asynchronous Receiver/Transmitter" link="LPUART7.xml" size="48">
      <base_address addr="0x4019C000"/>
      <alias type="type" value="LPUART"/>
    </peripheral>
    <peripheral name="LPUART6" full_name="Low Power Universal Asynchronous Receiver/Transmitter" link="LPUART6.xml" size="48">
      <base_address addr="0x40198000"/>
      <alias type="type" value="LPUART"/>
    </peripheral>
    <peripheral name="LPUART5" full_name="Low Power Universal Asynchronous Receiver/Transmitter" link="LPUART5.xml" size="48">
      <base_address addr="0x40194000"/>
      <alias type="type" value="LPUART"/>
    </peripheral>
    <peripheral name="LPUART4" full_name="Low Power Universal Asynchronous Receiver/Transmitter" link="LPUART4.xml" size="48">
      <base_address addr="0x40190000"/>
      <alias type="type" value="LPUART"/>
    </peripheral>
    <peripheral name="LPUART3" full_name="Low Power Universal Asynchronous Receiver/Transmitter" link="LPUART3.xml" size="48">
      <base_address addr="0x4018C000"/>
      <alias type="type" value="LPUART"/>
    </peripheral>
    <peripheral name="LPUART2" full_name="Low Power Universal Asynchronous Receiver/Transmitter" link="LPUART2.xml" size="48">
      <base_address addr="0x40188000"/>
      <alias type="type" value="LPUART"/>
    </peripheral>
    <peripheral name="LPUART1" full_name="Low Power Universal Asynchronous Receiver/Transmitter" link="LPUART1.xml" size="48">
      <base_address addr="0x40184000"/>
      <alias type="type" value="LPUART"/>
    </peripheral>
    <peripheral name="LPSPI4" full_name="Low Power Serial Peripheral Interface" link="LPSPI4.xml" size="120">
      <base_address addr="0x403A0000"/>
      <alias type="type" value="LPSPI"/>
    </peripheral>
    <peripheral name="LPSPI3" full_name="Low Power Serial Peripheral Interface" link="LPSPI3.xml" size="120">
      <base_address addr="0x4039C000"/>
      <alias type="type" value="LPSPI"/>
    </peripheral>
    <peripheral name="LPSPI2" full_name="Low Power Serial Peripheral Interface" link="LPSPI2.xml" size="120">
      <base_address addr="0x40398000"/>
      <alias type="type" value="LPSPI"/>
    </peripheral>
    <peripheral name="LPSPI1" full_name="Low Power Serial Peripheral Interface" link="LPSPI1.xml" size="120">
      <base_address addr="0x40394000"/>
      <alias type="type" value="LPSPI"/>
    </peripheral>
    <peripheral name="LPI2C4" full_name="Low Power Inter-Integrated Circuit" link="LPI2C4.xml" size="372">
      <base_address addr="0x403FC000"/>
      <alias type="type" value="LPI2C"/>
    </peripheral>
    <peripheral name="LPI2C3" full_name="Low Power Inter-Integrated Circuit" link="LPI2C3.xml" size="372">
      <base_address addr="0x403F8000"/>
      <alias type="type" value="LPI2C"/>
    </peripheral>
    <peripheral name="LPI2C2" full_name="Low Power Inter-Integrated Circuit" link="LPI2C2.xml" size="372">
      <base_address addr="0x403F4000"/>
      <alias type="type" value="LPI2C"/>
    </peripheral>
    <peripheral name="LPI2C1" full_name="Low Power Inter-Integrated Circuit" link="LPI2C1.xml" size="372">
      <base_address addr="0x403F0000"/>
      <alias type="type" value="LPI2C"/>
    </peripheral>
    <peripheral name="KPP" full_name="Keypad Port" link="KPP.xml" size="8">
      <base_address addr="0x401FC000"/>
      <alias type="type" value="KPP"/>
    </peripheral>
    <peripheral name="IOMUXC_SNVS_GPR" full_name="IOMUXC" link="IOMUXC_SNVS_GPR.xml" size="16">
      <base_address addr="0x400A4000"/>
      <alias type="type" value="IOMUXC_SNVS_GPR"/>
    </peripheral>
    <peripheral name="IOMUXC_SNVS" full_name="IOMUXC_SNVS" link="IOMUXC_SNVS.xml" size="36">
      <base_address addr="0x400A8000"/>
      <alias type="type" value="IOMUXC_SNVS"/>
    </peripheral>
    <peripheral name="IOMUXC_GPR" full_name="IOMUXC_GPR" link="IOMUXC_GPR.xml" size="104">
      <base_address addr="0x400AC000"/>
      <alias type="type" value="IOMUXC_GPR"/>
    </peripheral>
    <peripheral name="IOMUXC" full_name="IOMUXC" link="IOMUXC.xml" size="1220">
      <base_address addr="0x401F8000"/>
      <alias type="type" value="IOMUXC"/>
    </peripheral>
    <peripheral name="GPT2" full_name="General Purpose Timer" link="GPT2.xml" size="40">
      <base_address addr="0x401F0000"/>
      <alias type="type" value="GPT"/>
    </peripheral>
    <peripheral name="GPT1" full_name="General Purpose Timer" link="GPT1.xml" size="40">
      <base_address addr="0x401EC000"/>
      <alias type="type" value="GPT"/>
    </peripheral>
    <peripheral name="GPIO5" full_name="General Purpose Input/Output" link="GPIO5.xml" size="144">
      <base_address addr="0x400C0000"/>
      <alias type="type" value="GPIO"/>
    </peripheral>
    <peripheral name="GPIO3" full_name="General Purpose Input/Output" link="GPIO3.xml" size="144">
      <base_address addr="0x401C0000"/>
      <alias type="type" value="GPIO"/>
    </peripheral>
    <peripheral name="GPIO2" full_name="General Purpose Input/Output" link="GPIO2.xml" size="144">
      <base_address addr="0x401BC000"/>
      <alias type="type" value="GPIO"/>
    </peripheral>
    <peripheral name="GPIO1" full_name="General Purpose Input/Output" link="GPIO1.xml" size="144">
      <base_address addr="0x401B8000"/>
      <alias type="type" value="GPIO"/>
    </peripheral>
    <peripheral name="GPC" full_name="GPC" link="GPC.xml" size="60">
      <base_address addr="0x400F4000"/>
      <alias type="type" value="GPC"/>
    </peripheral>
    <peripheral name="FLEXSPI" full_name="FlexSPI" link="FLEXSPI.xml" size="1024">
      <base_address addr="0x402A8000"/>
      <alias type="type" value="FLEXSPI"/>
    </peripheral>
    <peripheral name="FLEXRAM" full_name="FLEXRAM" link="FLEXRAM.xml" size="4096">
      <base_address addr="0x400B0000"/>
      <alias type="type" value="FLEXRAM"/>
    </peripheral>
    <peripheral name="FLEXIO1" full_name="FLEXIO" link="FLEXIO1.xml" size="1952">
      <base_address addr="0x401AC000"/>
      <alias type="type" value="FLEXIO"/>
    </peripheral>
    <peripheral name="EWM" full_name="EWM" link="EWM.xml" size="6">
      <base_address addr="0x400B4000"/>
      <alias type="type" value="EWM"/>
    </peripheral>
    <peripheral name="ENET" full_name="10/100-Mbps Ethernet MAC" link="ENET.xml" size="1576">
      <base_address addr="0x402D8000"/>
      <alias type="type" value="ENET"/>
    </peripheral>
    <peripheral name="ENC2" full_name="Quadrature Decoder" link="ENC2.xml" size="40">
      <base_address addr="0x403CC000"/>
      <alias type="type" value="ENC"/>
    </peripheral>
    <peripheral name="ENC1" full_name="Quadrature Decoder" link="ENC1.xml" size="40">
      <base_address addr="0x403C8000"/>
      <alias type="type" value="ENC"/>
    </peripheral>
    <peripheral name="DMAMUX" full_name="DMAMUX" link="DMAMUX.xml" size="128">
      <base_address addr="0x400EC000"/>
      <alias type="type" value="DMAMUX"/>
    </peripheral>
    <peripheral name="DMA0" full_name="Enhanced direct memory access controller" link="DMA0.xml" size="5120">
      <base_address addr="0x400E8000"/>
      <alias type="type" value="DMA"/>
    </peripheral>
    <peripheral name="DCP" full_name="DCP register reference index" link="DCP.xml" size="1076">
      <base_address addr="0x402FC000"/>
      <alias type="type" value="DCP"/>
    </peripheral>
    <peripheral name="DCDC" full_name="DCDC" link="DCDC.xml" size="4096">
      <base_address addr="0x40080000"/>
      <alias type="type" value="DCDC"/>
    </peripheral>
    <peripheral name="CSU" full_name="Central Security Unit " link="CSU.xml" size="860">
      <base_address addr="0x400DC000"/>
      <alias type="type" value="CSU"/>
    </peripheral>
    <peripheral name="CMP4" full_name="Comparator" link="CMP4.xml" size="6">
      <base_address addr="0x40094018"/>
      <alias type="type" value="CMP"/>
    </peripheral>
    <peripheral name="CMP3" full_name="Comparator" link="CMP3.xml" size="6">
      <base_address addr="0x40094010"/>
      <alias type="type" value="CMP"/>
    </peripheral>
    <peripheral name="CMP2" full_name="Comparator" link="CMP2.xml" size="6">
      <base_address addr="0x40094008"/>
      <alias type="type" value="CMP"/>
    </peripheral>
    <peripheral name="CMP1" full_name="Comparator" link="CMP1.xml" size="6">
      <base_address addr="0x40094000"/>
      <alias type="type" value="CMP"/>
    </peripheral>
    <peripheral name="CM7_MCM" full_name="CM7_MCM" link="CM7_MCM.xml" size="4096">
      <base_address addr="0xE0080000"/>
      <alias type="type" value="CM7_MCM"/>
    </peripheral>
    <peripheral name="CCM_ANALOG" full_name="CCM_ANALOG" link="CCM_ANALOG.xml" size="384">
      <base_address addr="0x400D8000"/>
      <alias type="type" value="CCM_ANALOG"/>
    </peripheral>
    <peripheral name="CCM" full_name="Clock Controller Module" link="CCM.xml" size="140">
      <base_address addr="0x400FC000"/>
      <alias type="type" value="CCM"/>
    </peripheral>
    <peripheral name="CAN2" full_name="Flexible Controller Area Network" link="CAN2.xml" size="2532">
      <base_address addr="0x401D4000"/>
      <alias type="type" value="CAN"/>
    </peripheral>
    <peripheral name="CAN1" full_name="Flexible Controller Area Network" link="CAN1.xml" size="2532">
      <base_address addr="0x401D0000"/>
      <alias type="type" value="CAN"/>
    </peripheral>
    <peripheral name="BEE" full_name="Bus Encryption Engine" link="BEE.xml" size="72">
      <base_address addr="0x403EC000"/>
      <alias type="type" value="BEE"/>
    </peripheral>
    <peripheral name="AOI" full_name="AND/OR/INVERT module" link="AOI.xml" size="16">
      <base_address addr="0x403B4000"/>
      <alias type="type" value="AOI"/>
    </peripheral>
    <peripheral name="AIPSTZ4" full_name="AIPSTZ Control Registers" link="AIPSTZ4.xml" size="84">
      <base_address addr="0x4037C000"/>
      <alias type="type" value="AIPSTZ"/>
    </peripheral>
    <peripheral name="AIPSTZ3" full_name="AIPSTZ Control Registers" link="AIPSTZ3.xml" size="84">
      <base_address addr="0x4027C000"/>
      <alias type="type" value="AIPSTZ"/>
    </peripheral>
    <peripheral name="AIPSTZ2" full_name="AIPSTZ Control Registers" link="AIPSTZ2.xml" size="84">
      <base_address addr="0x4017C000"/>
      <alias type="type" value="AIPSTZ"/>
    </peripheral>
    <peripheral name="AIPSTZ1" full_name="AIPSTZ Control Registers" link="AIPSTZ1.xml" size="84">
      <base_address addr="0x4007C000"/>
      <alias type="type" value="AIPSTZ"/>
    </peripheral>
    <peripheral name="ADC_ETC" full_name="Analog-to-Digital Converter External Trigger Control" link="ADC_ETC.xml" size="336">
      <base_address addr="0x403B0000"/>
      <alias type="type" value="ADC_ETC"/>
    </peripheral>
    <peripheral name="ADC2" full_name="Analog-to-Digital Converter Input" link="ADC2.xml" size="92">
      <base_address addr="0x400C8000"/>
      <alias type="type" value="ADC"/>
    </peripheral>
    <peripheral name="ADC1" full_name="Analog-to-Digital Converter Input" link="ADC1.xml" size="92">
      <base_address addr="0x400C4000"/>
      <alias type="type" value="ADC"/>
    </peripheral>
  </peripherals>
  <clock_gates>
    <clock_gate name="DMAMUX">
      <control peripheral="CCM" register="CCGR5" bit_field="CG3">
        <state name="enabled" value="3"/>
        <state name="disabled" value="0"/>
      </control>
      <peripheral name="DMAMUX"/>
    </clock_gate>
    <clock_gate name="IOMUXC">
      <control peripheral="CCM" register="CCGR4" bit_field="CG1">
        <state name="enabled" value="3"/>
        <state name="disabled" value="0"/>
      </control>
      <peripheral name="IOMUXC"/>
    </clock_gate>
    <clock_gate name="IOMUXC_SNVS">
      <control peripheral="CCM" register="CCGR2" bit_field="CG2">
        <state name="enabled" value="3"/>
        <state name="disabled" value="0"/>
      </control>
      <peripheral name="IOMUXC_SNVS"/>
    </clock_gate>
    <clock_gate name="XBARA">
      <control peripheral="CCM" register="CCGR2" bit_field="CG11">
        <state name="enabled" value="3"/>
        <state name="disabled" value="0"/>
      </control>
      <peripheral name="XBARA"/>
    </clock_gate>
    <clock_gate name="XBARB">
      <control peripheral="CCM" register="CCGR2" bit_field="CG12">
        <state name="enabled" value="3"/>
        <state name="disabled" value="0"/>
      </control>
      <peripheral name="XBARB"/>
    </clock_gate>
  </clock_gates>
</regs:registers>