<?xml version="1.0"?>
<regs:peripheral xmlns:regs="http://swtools.freescale.net/XSD/registers/4.0/regsPeripheral.xsd" xmlns:xsi="http://www.w3.org/2001/XMLSchema-instance" xsi:schemaLocation="http://swtools.freescale.net/XSD/registers/4.0/regsPeripheral.xsd http://swtools.freescale.net/XSD/registers/4.0/regsPeripheral.xsd">
  <register offset="0xD4" width="32" name="ROMPATCH7D" description="ROMC Data Registers">
    <alias type="CMSIS" value="ROMPATCHD[0]"/>
    <bit_field offset="0" width="32" name="DATAX" access="RW" reset_value="0" description="Data Fix Registers - Stores the data used for 1-word data fix operations. The values stored within these registers do not affect the writes to the memory system. They are selected over the read data from ROM when a data fix event occurs. If any part of the 1-word data fix is read, then the entire word is replaced. Therefore, a byte or half-word read will cause the ROMC to replace the entire word. The word is word address aligned.">
      <alias type="CMSIS" value="ROMC_ROMPATCHD_DATAX(x)"/>
    </bit_field>
  </register>
  <register offset="0xD8" width="32" name="ROMPATCH6D" description="ROMC Data Registers">
    <alias type="CMSIS" value="ROMPATCHD[1]"/>
    <bit_field offset="0" width="32" name="DATAX" access="RW" reset_value="0" description="Data Fix Registers - Stores the data used for 1-word data fix operations. The values stored within these registers do not affect the writes to the memory system. They are selected over the read data from ROM when a data fix event occurs. If any part of the 1-word data fix is read, then the entire word is replaced. Therefore, a byte or half-word read will cause the ROMC to replace the entire word. The word is word address aligned.">
      <alias type="CMSIS" value="ROMC_ROMPATCHD_DATAX(x)"/>
    </bit_field>
  </register>
  <register offset="0xDC" width="32" name="ROMPATCH5D" description="ROMC Data Registers">
    <alias type="CMSIS" value="ROMPATCHD[2]"/>
    <bit_field offset="0" width="32" name="DATAX" access="RW" reset_value="0" description="Data Fix Registers - Stores the data used for 1-word data fix operations. The values stored within these registers do not affect the writes to the memory system. They are selected over the read data from ROM when a data fix event occurs. If any part of the 1-word data fix is read, then the entire word is replaced. Therefore, a byte or half-word read will cause the ROMC to replace the entire word. The word is word address aligned.">
      <alias type="CMSIS" value="ROMC_ROMPATCHD_DATAX(x)"/>
    </bit_field>
  </register>
  <register offset="0xE0" width="32" name="ROMPATCH4D" description="ROMC Data Registers">
    <alias type="CMSIS" value="ROMPATCHD[3]"/>
    <bit_field offset="0" width="32" name="DATAX" access="RW" reset_value="0" description="Data Fix Registers - Stores the data used for 1-word data fix operations. The values stored within these registers do not affect the writes to the memory system. They are selected over the read data from ROM when a data fix event occurs. If any part of the 1-word data fix is read, then the entire word is replaced. Therefore, a byte or half-word read will cause the ROMC to replace the entire word. The word is word address aligned.">
      <alias type="CMSIS" value="ROMC_ROMPATCHD_DATAX(x)"/>
    </bit_field>
  </register>
  <register offset="0xE4" width="32" name="ROMPATCH3D" description="ROMC Data Registers">
    <alias type="CMSIS" value="ROMPATCHD[4]"/>
    <bit_field offset="0" width="32" name="DATAX" access="RW" reset_value="0" description="Data Fix Registers - Stores the data used for 1-word data fix operations. The values stored within these registers do not affect the writes to the memory system. They are selected over the read data from ROM when a data fix event occurs. If any part of the 1-word data fix is read, then the entire word is replaced. Therefore, a byte or half-word read will cause the ROMC to replace the entire word. The word is word address aligned.">
      <alias type="CMSIS" value="ROMC_ROMPATCHD_DATAX(x)"/>
    </bit_field>
  </register>
  <register offset="0xE8" width="32" name="ROMPATCH2D" description="ROMC Data Registers">
    <alias type="CMSIS" value="ROMPATCHD[5]"/>
    <bit_field offset="0" width="32" name="DATAX" access="RW" reset_value="0" description="Data Fix Registers - Stores the data used for 1-word data fix operations. The values stored within these registers do not affect the writes to the memory system. They are selected over the read data from ROM when a data fix event occurs. If any part of the 1-word data fix is read, then the entire word is replaced. Therefore, a byte or half-word read will cause the ROMC to replace the entire word. The word is word address aligned.">
      <alias type="CMSIS" value="ROMC_ROMPATCHD_DATAX(x)"/>
    </bit_field>
  </register>
  <register offset="0xEC" width="32" name="ROMPATCH1D" description="ROMC Data Registers">
    <alias type="CMSIS" value="ROMPATCHD[6]"/>
    <bit_field offset="0" width="32" name="DATAX" access="RW" reset_value="0" description="Data Fix Registers - Stores the data used for 1-word data fix operations. The values stored within these registers do not affect the writes to the memory system. They are selected over the read data from ROM when a data fix event occurs. If any part of the 1-word data fix is read, then the entire word is replaced. Therefore, a byte or half-word read will cause the ROMC to replace the entire word. The word is word address aligned.">
      <alias type="CMSIS" value="ROMC_ROMPATCHD_DATAX(x)"/>
    </bit_field>
  </register>
  <register offset="0xF0" width="32" name="ROMPATCH0D" description="ROMC Data Registers">
    <alias type="CMSIS" value="ROMPATCHD[7]"/>
    <bit_field offset="0" width="32" name="DATAX" access="RW" reset_value="0" description="Data Fix Registers - Stores the data used for 1-word data fix operations. The values stored within these registers do not affect the writes to the memory system. They are selected over the read data from ROM when a data fix event occurs. If any part of the 1-word data fix is read, then the entire word is replaced. Therefore, a byte or half-word read will cause the ROMC to replace the entire word. The word is word address aligned.">
      <alias type="CMSIS" value="ROMC_ROMPATCHD_DATAX(x)"/>
    </bit_field>
  </register>
  <register offset="0xF4" width="32" name="ROMPATCHCNTL" description="ROMC Control Register">
    <alias type="CMSIS" value="ROMPATCHCNTL"/>
    <bit_field offset="0" width="8" name="DATAFIX" access="RW" reset_value="0" description="Data Fix Enable - Controls the use of the first 8 address comparators for 1-word data fix or for code patch routine.">
      <alias type="CMSIS" value="ROMC_ROMPATCHCNTL_DATAFIX(x)"/>
      <bit_field_value name="ROMPATCHCNTL_DATAFIX_0b00000000" value="0b00000000" description="Address comparator triggers a opcode patch"/>
      <bit_field_value name="ROMPATCHCNTL_DATAFIX_0b00000001" value="0b00000001" description="Address comparator triggers a data fix"/>
    </bit_field>
    <reserved_bit_field offset="8" width="21" reset_value="0x84000"/>
    <bit_field offset="29" width="1" name="DIS" access="RW" reset_value="0" description="ROMC Disable -- This bit, when set, disables all ROMC operations. This bit is used to enable secure operations.">
      <alias type="CMSIS" value="ROMC_ROMPATCHCNTL_DIS(x)"/>
      <bit_field_value name="ROMPATCHCNTL_DIS_0b0" value="0b0" description="Does not affect any ROMC functions (default)"/>
      <bit_field_value name="ROMPATCHCNTL_DIS_0b1" value="0b1" description="Disable all ROMC functions: data fixing, and opcode patching"/>
    </bit_field>
    <reserved_bit_field offset="30" width="2" reset_value="0"/>
  </register>
  <register offset="0xF8" width="32" name="ROMPATCHENH" description="ROMC Enable Register High">
    <alias type="CMSIS" value="ROMPATCHENH"/>
    <reserved_bit_field offset="0" width="32" reset_value="0"/>
  </register>
  <register offset="0xFC" width="32" name="ROMPATCHENL" description="ROMC Enable Register Low">
    <alias type="CMSIS" value="ROMPATCHENL"/>
    <bit_field_array offset="0" width="16" item_width="1" name="ENABLE" access="RW" reset_value="0" description="Enable Address Comparator - This bit enables the corresponding address comparator to trigger an event.">
      <alias type="CMSIS" value="ROMC_ROMPATCHENL_ENABLE(x)"/>
      <bit_field_value name="ROMPATCHENL_ENABLE_0b0000000000000000" value="0b0" description="Address comparator disabled"/>
      <bit_field_value name="ROMPATCHENL_ENABLE_0b0000000000000001" value="0b1" description="Address comparator enabled, ROMC will trigger a opcode patch or data fix event upon matching of the associated address"/>
    </bit_field_array>
    <reserved_bit_field offset="16" width="16" reset_value="0"/>
  </register>
  <register offset="0x100" width="32" name="ROMPATCH0A" description="ROMC Address Registers">
    <alias type="CMSIS" value="ROMPATCHA[0]"/>
    <bit_field offset="0" width="1" name="THUMBX" access="RW" reset_value="0" description="THUMB Comparator Select - Indicates that this address will trigger a THUMB opcode patch or an Arm opcode patch. If this watchpoint is selected to be a data fix, then this bit is ignored as all data fixes are 1-word data fixes.">
      <alias type="CMSIS" value="ROMC_ROMPATCHA_THUMBX(x)"/>
      <bit_field_value name="ROMPATCHA_THUMBX_0b0" value="0b0" description="Arm patch"/>
      <bit_field_value name="ROMPATCHA_THUMBX_0b1" value="0b1" description="THUMB patch (ignore if data fix)"/>
    </bit_field>
    <bit_field offset="1" width="22" name="ADDRX" access="RW" reset_value="0" description="Address Comparator Registers - Indicates the memory address to be watched. All 16 registers can be used for code patch address comparison. Only the first 8 registers can be used for a 1-word data fix address comparison. Bit 1 is ignored if data fix. Only used in code patch">
      <alias type="CMSIS" value="ROMC_ROMPATCHA_ADDRX(x)"/>
    </bit_field>
    <reserved_bit_field offset="23" width="9" reset_value="0"/>
  </register>
  <register offset="0x104" width="32" name="ROMPATCH1A" description="ROMC Address Registers">
    <alias type="CMSIS" value="ROMPATCHA[1]"/>
    <bit_field offset="0" width="1" name="THUMBX" access="RW" reset_value="0" description="THUMB Comparator Select - Indicates that this address will trigger a THUMB opcode patch or an Arm opcode patch. If this watchpoint is selected to be a data fix, then this bit is ignored as all data fixes are 1-word data fixes.">
      <alias type="CMSIS" value="ROMC_ROMPATCHA_THUMBX(x)"/>
      <bit_field_value name="ROMPATCHA_THUMBX_0b0" value="0b0" description="Arm patch"/>
      <bit_field_value name="ROMPATCHA_THUMBX_0b1" value="0b1" description="THUMB patch (ignore if data fix)"/>
    </bit_field>
    <bit_field offset="1" width="22" name="ADDRX" access="RW" reset_value="0" description="Address Comparator Registers - Indicates the memory address to be watched. All 16 registers can be used for code patch address comparison. Only the first 8 registers can be used for a 1-word data fix address comparison. Bit 1 is ignored if data fix. Only used in code patch">
      <alias type="CMSIS" value="ROMC_ROMPATCHA_ADDRX(x)"/>
    </bit_field>
    <reserved_bit_field offset="23" width="9" reset_value="0"/>
  </register>
  <register offset="0x108" width="32" name="ROMPATCH2A" description="ROMC Address Registers">
    <alias type="CMSIS" value="ROMPATCHA[2]"/>
    <bit_field offset="0" width="1" name="THUMBX" access="RW" reset_value="0" description="THUMB Comparator Select - Indicates that this address will trigger a THUMB opcode patch or an Arm opcode patch. If this watchpoint is selected to be a data fix, then this bit is ignored as all data fixes are 1-word data fixes.">
      <alias type="CMSIS" value="ROMC_ROMPATCHA_THUMBX(x)"/>
      <bit_field_value name="ROMPATCHA_THUMBX_0b0" value="0b0" description="Arm patch"/>
      <bit_field_value name="ROMPATCHA_THUMBX_0b1" value="0b1" description="THUMB patch (ignore if data fix)"/>
    </bit_field>
    <bit_field offset="1" width="22" name="ADDRX" access="RW" reset_value="0" description="Address Comparator Registers - Indicates the memory address to be watched. All 16 registers can be used for code patch address comparison. Only the first 8 registers can be used for a 1-word data fix address comparison. Bit 1 is ignored if data fix. Only used in code patch">
      <alias type="CMSIS" value="ROMC_ROMPATCHA_ADDRX(x)"/>
    </bit_field>
    <reserved_bit_field offset="23" width="9" reset_value="0"/>
  </register>
  <register offset="0x10C" width="32" name="ROMPATCH3A" description="ROMC Address Registers">
    <alias type="CMSIS" value="ROMPATCHA[3]"/>
    <bit_field offset="0" width="1" name="THUMBX" access="RW" reset_value="0" description="THUMB Comparator Select - Indicates that this address will trigger a THUMB opcode patch or an Arm opcode patch. If this watchpoint is selected to be a data fix, then this bit is ignored as all data fixes are 1-word data fixes.">
      <alias type="CMSIS" value="ROMC_ROMPATCHA_THUMBX(x)"/>
      <bit_field_value name="ROMPATCHA_THUMBX_0b0" value="0b0" description="Arm patch"/>
      <bit_field_value name="ROMPATCHA_THUMBX_0b1" value="0b1" description="THUMB patch (ignore if data fix)"/>
    </bit_field>
    <bit_field offset="1" width="22" name="ADDRX" access="RW" reset_value="0" description="Address Comparator Registers - Indicates the memory address to be watched. All 16 registers can be used for code patch address comparison. Only the first 8 registers can be used for a 1-word data fix address comparison. Bit 1 is ignored if data fix. Only used in code patch">
      <alias type="CMSIS" value="ROMC_ROMPATCHA_ADDRX(x)"/>
    </bit_field>
    <reserved_bit_field offset="23" width="9" reset_value="0"/>
  </register>
  <register offset="0x110" width="32" name="ROMPATCH4A" description="ROMC Address Registers">
    <alias type="CMSIS" value="ROMPATCHA[4]"/>
    <bit_field offset="0" width="1" name="THUMBX" access="RW" reset_value="0" description="THUMB Comparator Select - Indicates that this address will trigger a THUMB opcode patch or an Arm opcode patch. If this watchpoint is selected to be a data fix, then this bit is ignored as all data fixes are 1-word data fixes.">
      <alias type="CMSIS" value="ROMC_ROMPATCHA_THUMBX(x)"/>
      <bit_field_value name="ROMPATCHA_THUMBX_0b0" value="0b0" description="Arm patch"/>
      <bit_field_value name="ROMPATCHA_THUMBX_0b1" value="0b1" description="THUMB patch (ignore if data fix)"/>
    </bit_field>
    <bit_field offset="1" width="22" name="ADDRX" access="RW" reset_value="0" description="Address Comparator Registers - Indicates the memory address to be watched. All 16 registers can be used for code patch address comparison. Only the first 8 registers can be used for a 1-word data fix address comparison. Bit 1 is ignored if data fix. Only used in code patch">
      <alias type="CMSIS" value="ROMC_ROMPATCHA_ADDRX(x)"/>
    </bit_field>
    <reserved_bit_field offset="23" width="9" reset_value="0"/>
  </register>
  <register offset="0x114" width="32" name="ROMPATCH5A" description="ROMC Address Registers">
    <alias type="CMSIS" value="ROMPATCHA[5]"/>
    <bit_field offset="0" width="1" name="THUMBX" access="RW" reset_value="0" description="THUMB Comparator Select - Indicates that this address will trigger a THUMB opcode patch or an Arm opcode patch. If this watchpoint is selected to be a data fix, then this bit is ignored as all data fixes are 1-word data fixes.">
      <alias type="CMSIS" value="ROMC_ROMPATCHA_THUMBX(x)"/>
      <bit_field_value name="ROMPATCHA_THUMBX_0b0" value="0b0" description="Arm patch"/>
      <bit_field_value name="ROMPATCHA_THUMBX_0b1" value="0b1" description="THUMB patch (ignore if data fix)"/>
    </bit_field>
    <bit_field offset="1" width="22" name="ADDRX" access="RW" reset_value="0" description="Address Comparator Registers - Indicates the memory address to be watched. All 16 registers can be used for code patch address comparison. Only the first 8 registers can be used for a 1-word data fix address comparison. Bit 1 is ignored if data fix. Only used in code patch">
      <alias type="CMSIS" value="ROMC_ROMPATCHA_ADDRX(x)"/>
    </bit_field>
    <reserved_bit_field offset="23" width="9" reset_value="0"/>
  </register>
  <register offset="0x118" width="32" name="ROMPATCH6A" description="ROMC Address Registers">
    <alias type="CMSIS" value="ROMPATCHA[6]"/>
    <bit_field offset="0" width="1" name="THUMBX" access="RW" reset_value="0" description="THUMB Comparator Select - Indicates that this address will trigger a THUMB opcode patch or an Arm opcode patch. If this watchpoint is selected to be a data fix, then this bit is ignored as all data fixes are 1-word data fixes.">
      <alias type="CMSIS" value="ROMC_ROMPATCHA_THUMBX(x)"/>
      <bit_field_value name="ROMPATCHA_THUMBX_0b0" value="0b0" description="Arm patch"/>
      <bit_field_value name="ROMPATCHA_THUMBX_0b1" value="0b1" description="THUMB patch (ignore if data fix)"/>
    </bit_field>
    <bit_field offset="1" width="22" name="ADDRX" access="RW" reset_value="0" description="Address Comparator Registers - Indicates the memory address to be watched. All 16 registers can be used for code patch address comparison. Only the first 8 registers can be used for a 1-word data fix address comparison. Bit 1 is ignored if data fix. Only used in code patch">
      <alias type="CMSIS" value="ROMC_ROMPATCHA_ADDRX(x)"/>
    </bit_field>
    <reserved_bit_field offset="23" width="9" reset_value="0"/>
  </register>
  <register offset="0x11C" width="32" name="ROMPATCH7A" description="ROMC Address Registers">
    <alias type="CMSIS" value="ROMPATCHA[7]"/>
    <bit_field offset="0" width="1" name="THUMBX" access="RW" reset_value="0" description="THUMB Comparator Select - Indicates that this address will trigger a THUMB opcode patch or an Arm opcode patch. If this watchpoint is selected to be a data fix, then this bit is ignored as all data fixes are 1-word data fixes.">
      <alias type="CMSIS" value="ROMC_ROMPATCHA_THUMBX(x)"/>
      <bit_field_value name="ROMPATCHA_THUMBX_0b0" value="0b0" description="Arm patch"/>
      <bit_field_value name="ROMPATCHA_THUMBX_0b1" value="0b1" description="THUMB patch (ignore if data fix)"/>
    </bit_field>
    <bit_field offset="1" width="22" name="ADDRX" access="RW" reset_value="0" description="Address Comparator Registers - Indicates the memory address to be watched. All 16 registers can be used for code patch address comparison. Only the first 8 registers can be used for a 1-word data fix address comparison. Bit 1 is ignored if data fix. Only used in code patch">
      <alias type="CMSIS" value="ROMC_ROMPATCHA_ADDRX(x)"/>
    </bit_field>
    <reserved_bit_field offset="23" width="9" reset_value="0"/>
  </register>
  <register offset="0x120" width="32" name="ROMPATCH8A" description="ROMC Address Registers">
    <alias type="CMSIS" value="ROMPATCHA[8]"/>
    <bit_field offset="0" width="1" name="THUMBX" access="RW" reset_value="0" description="THUMB Comparator Select - Indicates that this address will trigger a THUMB opcode patch or an Arm opcode patch. If this watchpoint is selected to be a data fix, then this bit is ignored as all data fixes are 1-word data fixes.">
      <alias type="CMSIS" value="ROMC_ROMPATCHA_THUMBX(x)"/>
      <bit_field_value name="ROMPATCHA_THUMBX_0b0" value="0b0" description="Arm patch"/>
      <bit_field_value name="ROMPATCHA_THUMBX_0b1" value="0b1" description="THUMB patch (ignore if data fix)"/>
    </bit_field>
    <bit_field offset="1" width="22" name="ADDRX" access="RW" reset_value="0" description="Address Comparator Registers - Indicates the memory address to be watched. All 16 registers can be used for code patch address comparison. Only the first 8 registers can be used for a 1-word data fix address comparison. Bit 1 is ignored if data fix. Only used in code patch">
      <alias type="CMSIS" value="ROMC_ROMPATCHA_ADDRX(x)"/>
    </bit_field>
    <reserved_bit_field offset="23" width="9" reset_value="0"/>
  </register>
  <register offset="0x124" width="32" name="ROMPATCH9A" description="ROMC Address Registers">
    <alias type="CMSIS" value="ROMPATCHA[9]"/>
    <bit_field offset="0" width="1" name="THUMBX" access="RW" reset_value="0" description="THUMB Comparator Select - Indicates that this address will trigger a THUMB opcode patch or an Arm opcode patch. If this watchpoint is selected to be a data fix, then this bit is ignored as all data fixes are 1-word data fixes.">
      <alias type="CMSIS" value="ROMC_ROMPATCHA_THUMBX(x)"/>
      <bit_field_value name="ROMPATCHA_THUMBX_0b0" value="0b0" description="Arm patch"/>
      <bit_field_value name="ROMPATCHA_THUMBX_0b1" value="0b1" description="THUMB patch (ignore if data fix)"/>
    </bit_field>
    <bit_field offset="1" width="22" name="ADDRX" access="RW" reset_value="0" description="Address Comparator Registers - Indicates the memory address to be watched. All 16 registers can be used for code patch address comparison. Only the first 8 registers can be used for a 1-word data fix address comparison. Bit 1 is ignored if data fix. Only used in code patch">
      <alias type="CMSIS" value="ROMC_ROMPATCHA_ADDRX(x)"/>
    </bit_field>
    <reserved_bit_field offset="23" width="9" reset_value="0"/>
  </register>
  <register offset="0x128" width="32" name="ROMPATCH10A" description="ROMC Address Registers">
    <alias type="CMSIS" value="ROMPATCHA[10]"/>
    <bit_field offset="0" width="1" name="THUMBX" access="RW" reset_value="0" description="THUMB Comparator Select - Indicates that this address will trigger a THUMB opcode patch or an Arm opcode patch. If this watchpoint is selected to be a data fix, then this bit is ignored as all data fixes are 1-word data fixes.">
      <alias type="CMSIS" value="ROMC_ROMPATCHA_THUMBX(x)"/>
      <bit_field_value name="ROMPATCHA_THUMBX_0b0" value="0b0" description="Arm patch"/>
      <bit_field_value name="ROMPATCHA_THUMBX_0b1" value="0b1" description="THUMB patch (ignore if data fix)"/>
    </bit_field>
    <bit_field offset="1" width="22" name="ADDRX" access="RW" reset_value="0" description="Address Comparator Registers - Indicates the memory address to be watched. All 16 registers can be used for code patch address comparison. Only the first 8 registers can be used for a 1-word data fix address comparison. Bit 1 is ignored if data fix. Only used in code patch">
      <alias type="CMSIS" value="ROMC_ROMPATCHA_ADDRX(x)"/>
    </bit_field>
    <reserved_bit_field offset="23" width="9" reset_value="0"/>
  </register>
  <register offset="0x12C" width="32" name="ROMPATCH11A" description="ROMC Address Registers">
    <alias type="CMSIS" value="ROMPATCHA[11]"/>
    <bit_field offset="0" width="1" name="THUMBX" access="RW" reset_value="0" description="THUMB Comparator Select - Indicates that this address will trigger a THUMB opcode patch or an Arm opcode patch. If this watchpoint is selected to be a data fix, then this bit is ignored as all data fixes are 1-word data fixes.">
      <alias type="CMSIS" value="ROMC_ROMPATCHA_THUMBX(x)"/>
      <bit_field_value name="ROMPATCHA_THUMBX_0b0" value="0b0" description="Arm patch"/>
      <bit_field_value name="ROMPATCHA_THUMBX_0b1" value="0b1" description="THUMB patch (ignore if data fix)"/>
    </bit_field>
    <bit_field offset="1" width="22" name="ADDRX" access="RW" reset_value="0" description="Address Comparator Registers - Indicates the memory address to be watched. All 16 registers can be used for code patch address comparison. Only the first 8 registers can be used for a 1-word data fix address comparison. Bit 1 is ignored if data fix. Only used in code patch">
      <alias type="CMSIS" value="ROMC_ROMPATCHA_ADDRX(x)"/>
    </bit_field>
    <reserved_bit_field offset="23" width="9" reset_value="0"/>
  </register>
  <register offset="0x130" width="32" name="ROMPATCH12A" description="ROMC Address Registers">
    <alias type="CMSIS" value="ROMPATCHA[12]"/>
    <bit_field offset="0" width="1" name="THUMBX" access="RW" reset_value="0" description="THUMB Comparator Select - Indicates that this address will trigger a THUMB opcode patch or an Arm opcode patch. If this watchpoint is selected to be a data fix, then this bit is ignored as all data fixes are 1-word data fixes.">
      <alias type="CMSIS" value="ROMC_ROMPATCHA_THUMBX(x)"/>
      <bit_field_value name="ROMPATCHA_THUMBX_0b0" value="0b0" description="Arm patch"/>
      <bit_field_value name="ROMPATCHA_THUMBX_0b1" value="0b1" description="THUMB patch (ignore if data fix)"/>
    </bit_field>
    <bit_field offset="1" width="22" name="ADDRX" access="RW" reset_value="0" description="Address Comparator Registers - Indicates the memory address to be watched. All 16 registers can be used for code patch address comparison. Only the first 8 registers can be used for a 1-word data fix address comparison. Bit 1 is ignored if data fix. Only used in code patch">
      <alias type="CMSIS" value="ROMC_ROMPATCHA_ADDRX(x)"/>
    </bit_field>
    <reserved_bit_field offset="23" width="9" reset_value="0"/>
  </register>
  <register offset="0x134" width="32" name="ROMPATCH13A" description="ROMC Address Registers">
    <alias type="CMSIS" value="ROMPATCHA[13]"/>
    <bit_field offset="0" width="1" name="THUMBX" access="RW" reset_value="0" description="THUMB Comparator Select - Indicates that this address will trigger a THUMB opcode patch or an Arm opcode patch. If this watchpoint is selected to be a data fix, then this bit is ignored as all data fixes are 1-word data fixes.">
      <alias type="CMSIS" value="ROMC_ROMPATCHA_THUMBX(x)"/>
      <bit_field_value name="ROMPATCHA_THUMBX_0b0" value="0b0" description="Arm patch"/>
      <bit_field_value name="ROMPATCHA_THUMBX_0b1" value="0b1" description="THUMB patch (ignore if data fix)"/>
    </bit_field>
    <bit_field offset="1" width="22" name="ADDRX" access="RW" reset_value="0" description="Address Comparator Registers - Indicates the memory address to be watched. All 16 registers can be used for code patch address comparison. Only the first 8 registers can be used for a 1-word data fix address comparison. Bit 1 is ignored if data fix. Only used in code patch">
      <alias type="CMSIS" value="ROMC_ROMPATCHA_ADDRX(x)"/>
    </bit_field>
    <reserved_bit_field offset="23" width="9" reset_value="0"/>
  </register>
  <register offset="0x138" width="32" name="ROMPATCH14A" description="ROMC Address Registers">
    <alias type="CMSIS" value="ROMPATCHA[14]"/>
    <bit_field offset="0" width="1" name="THUMBX" access="RW" reset_value="0" description="THUMB Comparator Select - Indicates that this address will trigger a THUMB opcode patch or an Arm opcode patch. If this watchpoint is selected to be a data fix, then this bit is ignored as all data fixes are 1-word data fixes.">
      <alias type="CMSIS" value="ROMC_ROMPATCHA_THUMBX(x)"/>
      <bit_field_value name="ROMPATCHA_THUMBX_0b0" value="0b0" description="Arm patch"/>
      <bit_field_value name="ROMPATCHA_THUMBX_0b1" value="0b1" description="THUMB patch (ignore if data fix)"/>
    </bit_field>
    <bit_field offset="1" width="22" name="ADDRX" access="RW" reset_value="0" description="Address Comparator Registers - Indicates the memory address to be watched. All 16 registers can be used for code patch address comparison. Only the first 8 registers can be used for a 1-word data fix address comparison. Bit 1 is ignored if data fix. Only used in code patch">
      <alias type="CMSIS" value="ROMC_ROMPATCHA_ADDRX(x)"/>
    </bit_field>
    <reserved_bit_field offset="23" width="9" reset_value="0"/>
  </register>
  <register offset="0x13C" width="32" name="ROMPATCH15A" description="ROMC Address Registers">
    <alias type="CMSIS" value="ROMPATCHA[15]"/>
    <bit_field offset="0" width="1" name="THUMBX" access="RW" reset_value="0" description="THUMB Comparator Select - Indicates that this address will trigger a THUMB opcode patch or an Arm opcode patch. If this watchpoint is selected to be a data fix, then this bit is ignored as all data fixes are 1-word data fixes.">
      <alias type="CMSIS" value="ROMC_ROMPATCHA_THUMBX(x)"/>
      <bit_field_value name="ROMPATCHA_THUMBX_0b0" value="0b0" description="Arm patch"/>
      <bit_field_value name="ROMPATCHA_THUMBX_0b1" value="0b1" description="THUMB patch (ignore if data fix)"/>
    </bit_field>
    <bit_field offset="1" width="22" name="ADDRX" access="RW" reset_value="0" description="Address Comparator Registers - Indicates the memory address to be watched. All 16 registers can be used for code patch address comparison. Only the first 8 registers can be used for a 1-word data fix address comparison. Bit 1 is ignored if data fix. Only used in code patch">
      <alias type="CMSIS" value="ROMC_ROMPATCHA_ADDRX(x)"/>
    </bit_field>
    <reserved_bit_field offset="23" width="9" reset_value="0"/>
  </register>
  <register offset="0x208" width="32" name="ROMPATCHSR" description="ROMC Status Register">
    <alias type="CMSIS" value="ROMPATCHSR"/>
    <bit_field offset="0" width="6" name="SOURCE" access="RO" reset_value="0" description="ROMC Source Number - Binary encoding of the number of the address comparator which has an address match in the most recent patch event on ROMC AHB. If multiple matches occurred, the highest priority source number is used.">
      <alias type="CMSIS" value="ROMC_ROMPATCHSR_SOURCE(x)"/>
      <bit_field_value name="ROMPATCHSR_SOURCE_0b000000" value="0b000000" description="Address Comparator 0 matched"/>
      <bit_field_value name="ROMPATCHSR_SOURCE_0b000001" value="0b000001" description="Address Comparator 1 matched"/>
      <bit_field_value name="ROMPATCHSR_SOURCE_0b001111" value="0b001111" description="Address Comparator 15 matched"/>
    </bit_field>
    <reserved_bit_field offset="6" width="11" reset_value="0"/>
    <bit_field offset="17" width="1" name="SW" access="W1C" reset_value="0" description="ROMC AHB Multiple Address Comparator matches Indicator - Indicates that multiple address comparator matches occurred. Writing a 1 to this bit will clear this it.">
      <alias type="CMSIS" value="ROMC_ROMPATCHSR_SW(x)"/>
      <bit_field_value name="ROMPATCHSR_SW_0b0" value="0b0" description="no event or comparator collisions"/>
      <bit_field_value name="ROMPATCHSR_SW_0b1" value="0b1" description="a collision has occurred"/>
    </bit_field>
    <reserved_bit_field offset="18" width="14" reset_value="0"/>
  </register>
</regs:peripheral>