<?xml version="1.0"?>
<regs:peripheral xmlns:regs="http://swtools.freescale.net/XSD/registers/4.0/regsPeripheral.xsd" xmlns:xsi="http://www.w3.org/2001/XMLSchema-instance" xsi:schemaLocation="http://swtools.freescale.net/XSD/registers/4.0/regsPeripheral.xsd http://swtools.freescale.net/XSD/registers/4.0/regsPeripheral.xsd">
  <register offset="0" width="32" name="MCR" description="Module Control Register">
    <alias type="CMSIS" value="MCR"/>
    <bit_field offset="0" width="1" name="SWRST" access="RW" reset_value="0" description="Software Reset">
      <alias type="CMSIS" value="SEMC_MCR_SWRST(x)"/>
    </bit_field>
    <bit_field offset="1" width="1" name="MDIS" access="RW" reset_value="0x1" description="Module Disable">
      <alias type="CMSIS" value="SEMC_MCR_MDIS(x)"/>
      <bit_field_value name="MCR_MDIS_0b0" value="0b0" description="Module enabled"/>
      <bit_field_value name="MCR_MDIS_0b1" value="0b1" description="Module disabled"/>
    </bit_field>
    <bit_field offset="2" width="1" name="DQSMD" access="RW" reset_value="0" description="DQS (read strobe) mode">
      <alias type="CMSIS" value="SEMC_MCR_DQSMD(x)"/>
      <bit_field_value name="MCR_DQSMD_0b0" value="0b0" description="Dummy read strobe loopbacked internally"/>
      <bit_field_value name="MCR_DQSMD_0b1" value="0b1" description="Dummy read strobe loopbacked from DQS pad"/>
    </bit_field>
    <reserved_bit_field offset="3" width="3" reset_value="0"/>
    <bit_field offset="6" width="1" name="WPOL0" access="RW" reset_value="0" description="WAIT/RDY# polarity for NOR/PSRAM">
      <alias type="CMSIS" value="SEMC_MCR_WPOL0(x)"/>
      <bit_field_value name="MCR_WPOL0_0b0" value="0b0" description="Active low"/>
      <bit_field_value name="MCR_WPOL0_0b1" value="0b1" description="Active high"/>
    </bit_field>
    <bit_field offset="7" width="1" name="WPOL1" access="RW" reset_value="0" description="WAIT/RDY# polarity for NAND">
      <alias type="CMSIS" value="SEMC_MCR_WPOL1(x)"/>
      <bit_field_value name="MCR_WPOL1_0b0" value="0b0" description="Active low"/>
      <bit_field_value name="MCR_WPOL1_0b1" value="0b1" description="Active high"/>
    </bit_field>
    <reserved_bit_field offset="8" width="8" reset_value="0"/>
    <bit_field offset="16" width="8" name="CTO" access="RW" reset_value="0" description="Command Execution timeout cycles">
      <alias type="CMSIS" value="SEMC_MCR_CTO(x)"/>
    </bit_field>
    <bit_field offset="24" width="5" name="BTO" access="RW" reset_value="0x10" description="Bus timeout cycles">
      <alias type="CMSIS" value="SEMC_MCR_BTO(x)"/>
      <bit_field_value name="MCR_BTO_0b00000" value="0b00000" description="255*1"/>
      <bit_field_value name="MCR_BTO_0b00001to0b11110" value="0b00001-0b11110" description="255*2 - 255*2^30"/>
      <bit_field_value name="MCR_BTO_0b11111" value="0b11111" description="255*2^31"/>
    </bit_field>
    <reserved_bit_field offset="29" width="3" reset_value="0"/>
  </register>
  <register offset="0x4" width="32" name="IOCR" description="IO Mux Control Register">
    <alias type="CMSIS" value="IOCR"/>
    <bit_field offset="0" width="3" name="MUX_A8" access="RW" reset_value="0" description="SEMC_A8 output selection">
      <alias type="CMSIS" value="SEMC_IOCR_MUX_A8(x)"/>
      <bit_field_value name="IOCR_MUX_A8_0b000" value="0b000" description="SDRAM Address bit (A8)"/>
      <bit_field_value name="IOCR_MUX_A8_0b001" value="0b001" description="NAND CE#"/>
      <bit_field_value name="IOCR_MUX_A8_0b010" value="0b010" description="NOR CE#"/>
      <bit_field_value name="IOCR_MUX_A8_0b011" value="0b011" description="PSRAM CE#"/>
      <bit_field_value name="IOCR_MUX_A8_0b100" value="0b100" description="DBI CSX"/>
      <bit_field_value name="IOCR_MUX_A8_0b101" value="0b101" description="SDRAM Address bit (A8)"/>
      <bit_field_value name="IOCR_MUX_A8_0b110" value="0b110" description="SDRAM Address bit (A8)"/>
      <bit_field_value name="IOCR_MUX_A8_0b111" value="0b111" description="SDRAM Address bit (A8)"/>
    </bit_field>
    <bit_field offset="3" width="3" name="MUX_CSX0" access="RW" reset_value="0" description="SEMC_CSX0 output selection">
      <alias type="CMSIS" value="SEMC_IOCR_MUX_CSX0(x)"/>
      <bit_field_value name="IOCR_MUX_CSX0_0b000" value="0b000" description="NOR/PSRAM Address bit 24 (A24)"/>
      <bit_field_value name="IOCR_MUX_CSX0_0b001" value="0b001" description="SDRAM CS1"/>
      <bit_field_value name="IOCR_MUX_CSX0_0b010" value="0b010" description="SDRAM CS2"/>
      <bit_field_value name="IOCR_MUX_CSX0_0b011" value="0b011" description="SDRAM CS3"/>
      <bit_field_value name="IOCR_MUX_CSX0_0b100" value="0b100" description="NAND CE#"/>
      <bit_field_value name="IOCR_MUX_CSX0_0b101" value="0b101" description="NOR CE#"/>
      <bit_field_value name="IOCR_MUX_CSX0_0b110" value="0b110" description="PSRAM CE#"/>
      <bit_field_value name="IOCR_MUX_CSX0_0b111" value="0b111" description="DBI CSX"/>
    </bit_field>
    <bit_field offset="6" width="3" name="MUX_CSX1" access="RW" reset_value="0" description="SEMC_CSX1 output selection">
      <alias type="CMSIS" value="SEMC_IOCR_MUX_CSX1(x)"/>
      <bit_field_value name="IOCR_MUX_CSX1_0b000" value="0b000" description="NOR/PSRAM Address bit 25 (A25)"/>
      <bit_field_value name="IOCR_MUX_CSX1_0b001" value="0b001" description="SDRAM CS1"/>
      <bit_field_value name="IOCR_MUX_CSX1_0b010" value="0b010" description="SDRAM CS2"/>
      <bit_field_value name="IOCR_MUX_CSX1_0b011" value="0b011" description="SDRAM CS3"/>
      <bit_field_value name="IOCR_MUX_CSX1_0b100" value="0b100" description="NAND CE#"/>
      <bit_field_value name="IOCR_MUX_CSX1_0b101" value="0b101" description="NOR CE#"/>
      <bit_field_value name="IOCR_MUX_CSX1_0b110" value="0b110" description="PSRAM CE#"/>
      <bit_field_value name="IOCR_MUX_CSX1_0b111" value="0b111" description="DBI CSX"/>
    </bit_field>
    <bit_field offset="9" width="3" name="MUX_CSX2" access="RW" reset_value="0" description="SEMC_CSX2 output selection">
      <alias type="CMSIS" value="SEMC_IOCR_MUX_CSX2(x)"/>
      <bit_field_value name="IOCR_MUX_CSX2_0b000" value="0b000" description="NOR/PSRAM Address bit 26 (A26)"/>
      <bit_field_value name="IOCR_MUX_CSX2_0b001" value="0b001" description="SDRAM CS1"/>
      <bit_field_value name="IOCR_MUX_CSX2_0b010" value="0b010" description="SDRAM CS2"/>
      <bit_field_value name="IOCR_MUX_CSX2_0b011" value="0b011" description="SDRAM CS3"/>
      <bit_field_value name="IOCR_MUX_CSX2_0b100" value="0b100" description="NAND CE#"/>
      <bit_field_value name="IOCR_MUX_CSX2_0b101" value="0b101" description="NOR CE#"/>
      <bit_field_value name="IOCR_MUX_CSX2_0b110" value="0b110" description="PSRAM CE#"/>
      <bit_field_value name="IOCR_MUX_CSX2_0b111" value="0b111" description="DBI CSX"/>
    </bit_field>
    <bit_field offset="12" width="3" name="MUX_CSX3" access="RW" reset_value="0" description="SEMC_CSX3 output selection">
      <alias type="CMSIS" value="SEMC_IOCR_MUX_CSX3(x)"/>
      <bit_field_value name="IOCR_MUX_CSX3_0b000" value="0b000" description="NOR/PSRAM Address bit 27 (A27)"/>
      <bit_field_value name="IOCR_MUX_CSX3_0b001" value="0b001" description="SDRAM CS1"/>
      <bit_field_value name="IOCR_MUX_CSX3_0b010" value="0b010" description="SDRAM CS2"/>
      <bit_field_value name="IOCR_MUX_CSX3_0b011" value="0b011" description="SDRAM CS3"/>
      <bit_field_value name="IOCR_MUX_CSX3_0b100" value="0b100" description="NAND CE#"/>
      <bit_field_value name="IOCR_MUX_CSX3_0b101" value="0b101" description="NOR CE#"/>
      <bit_field_value name="IOCR_MUX_CSX3_0b110" value="0b110" description="PSRAM CE#"/>
      <bit_field_value name="IOCR_MUX_CSX3_0b111" value="0b111" description="DBI CSX"/>
    </bit_field>
    <bit_field offset="15" width="3" name="MUX_RDY" access="RW" reset_value="0" description="SEMC_RDY function selection">
      <alias type="CMSIS" value="SEMC_IOCR_MUX_RDY(x)"/>
      <bit_field_value name="IOCR_MUX_RDY_0b000" value="0b000" description="NAND Ready/Wait# input"/>
      <bit_field_value name="IOCR_MUX_RDY_0b001" value="0b001" description="SDRAM CS1"/>
      <bit_field_value name="IOCR_MUX_RDY_0b010" value="0b010" description="SDRAM CS2"/>
      <bit_field_value name="IOCR_MUX_RDY_0b011" value="0b011" description="SDRAM CS3"/>
      <bit_field_value name="IOCR_MUX_RDY_0b100" value="0b100" description="NOR CE#"/>
      <bit_field_value name="IOCR_MUX_RDY_0b101" value="0b101" description="PSRAM CE#"/>
      <bit_field_value name="IOCR_MUX_RDY_0b110" value="0b110" description="DBI CSX"/>
      <bit_field_value name="IOCR_MUX_RDY_0b111" value="0b111" description="NOR/PSRAM Address bit 27"/>
    </bit_field>
    <reserved_bit_field offset="18" width="14" reset_value="0"/>
  </register>
  <register offset="0x8" width="32" name="BMCR0" description="Bus (AXI) Master Control Register 0">
    <alias type="CMSIS" value="BMCR0"/>
    <bit_field offset="0" width="4" name="WQOS" access="RW" reset_value="0" description="Weight of QOS calculation. AXI bus access has AxQOS signal set, which is used as a priority indicator for the associated write or read transaction. A higher value indicates a higher priority transaction. AxQOS is multiplied by WQOS to get weight score.">
      <alias type="CMSIS" value="SEMC_BMCR0_WQOS(x)"/>
    </bit_field>
    <bit_field offset="4" width="4" name="WAGE" access="RW" reset_value="0" description="Weight of AGE calculation. Each command in queue has an age signal to indicate its wait period. It is multiplied by WAGE to get weight score.">
      <alias type="CMSIS" value="SEMC_BMCR0_WAGE(x)"/>
    </bit_field>
    <bit_field offset="8" width="8" name="WSH" access="RW" reset_value="0" description="Weight of Slave Hit without read/write switch. This weight score is valid when queue command's slave is same as current executing command without read/write operation switch.">
      <alias type="CMSIS" value="SEMC_BMCR0_WSH(x)"/>
    </bit_field>
    <bit_field offset="16" width="8" name="WRWS" access="RW" reset_value="0" description="Weight of slave hit with Read/Write Switch. This weight score is valid when queue command's slave is same as current executing command with read/write operation switch.">
      <alias type="CMSIS" value="SEMC_BMCR0_WRWS(x)"/>
    </bit_field>
    <reserved_bit_field offset="24" width="8" reset_value="0"/>
  </register>
  <register offset="0xC" width="32" name="BMCR1" description="Bus (AXI) Master Control Register 1">
    <alias type="CMSIS" value="BMCR1"/>
    <bit_field offset="0" width="4" name="WQOS" access="RW" reset_value="0" description="Weight of QOS calculation. AXI bus access has AxQOS signal set, which is used as a priority indicator for the associated write or read transaction. A higher value indicates a higher priority transaction. AxQOS is multiplied by WQOS to get weight score.">
      <alias type="CMSIS" value="SEMC_BMCR1_WQOS(x)"/>
    </bit_field>
    <bit_field offset="4" width="4" name="WAGE" access="RW" reset_value="0" description="Weight of AGE calculation. Each command in queue has an age signal to indicate its wait period. It is multiplied by WAGE to get weight score.">
      <alias type="CMSIS" value="SEMC_BMCR1_WAGE(x)"/>
    </bit_field>
    <bit_field offset="8" width="8" name="WPH" access="RW" reset_value="0" description="Weight of Page Hit. This weight score is valid when queue command's page hits current executing command.">
      <alias type="CMSIS" value="SEMC_BMCR1_WPH(x)"/>
    </bit_field>
    <bit_field offset="16" width="8" name="WRWS" access="RW" reset_value="0" description="Weight of slave hit without Read/Write Switch. This weight score is valid when queue command's read/write operation is same as current executing command.">
      <alias type="CMSIS" value="SEMC_BMCR1_WRWS(x)"/>
    </bit_field>
    <bit_field offset="24" width="8" name="WBR" access="RW" reset_value="0" description="Weight of Bank Rotation. This weight score is valid when queue command's bank is not same as current executing command.">
      <alias type="CMSIS" value="SEMC_BMCR1_WBR(x)"/>
    </bit_field>
  </register>
  <register offset="0x10" width="32" name="BR0" description="Base Register 0 (For SDRAM CS0 device)">
    <alias type="CMSIS" value="BR[0]"/>
    <bit_field offset="0" width="1" name="VLD" access="RW" reset_value="0x1" description="Valid">
      <alias type="CMSIS" value="SEMC_BR_VLD(x)"/>
    </bit_field>
    <bit_field offset="1" width="5" name="MS" access="RW" reset_value="0xE" description="Memory size">
      <alias type="CMSIS" value="SEMC_BR_MS(x)"/>
      <bit_field_value name="BR_MS_0b00000" value="0b00000" description="4KB"/>
      <bit_field_value name="BR_MS_0b00001" value="0b00001" description="8KB"/>
      <bit_field_value name="BR_MS_0b00010" value="0b00010" description="16KB"/>
      <bit_field_value name="BR_MS_0b00011" value="0b00011" description="32KB"/>
      <bit_field_value name="BR_MS_0b00100" value="0b00100" description="64KB"/>
      <bit_field_value name="BR_MS_0b00101" value="0b00101" description="128KB"/>
      <bit_field_value name="BR_MS_0b00110" value="0b00110" description="256KB"/>
      <bit_field_value name="BR_MS_0b00111" value="0b00111" description="512KB"/>
      <bit_field_value name="BR_MS_0b01000" value="0b01000" description="1MB"/>
      <bit_field_value name="BR_MS_0b01001" value="0b01001" description="2MB"/>
      <bit_field_value name="BR_MS_0b01010" value="0b01010" description="4MB"/>
      <bit_field_value name="BR_MS_0b01011" value="0b01011" description="8MB"/>
      <bit_field_value name="BR_MS_0b01100" value="0b01100" description="16MB"/>
      <bit_field_value name="BR_MS_0b01101" value="0b01101" description="32MB"/>
      <bit_field_value name="BR_MS_0b01110" value="0b01110" description="64MB"/>
      <bit_field_value name="BR_MS_0b01111" value="0b01111" description="128MB"/>
      <bit_field_value name="BR_MS_0b10000" value="0b10000" description="256MB"/>
      <bit_field_value name="BR_MS_0b10001" value="0b10001" description="512MB"/>
      <bit_field_value name="BR_MS_0b10010" value="0b10010" description="1GB"/>
      <bit_field_value name="BR_MS_0b10011" value="0b10011" description="2GB"/>
      <bit_field_value name="BR_MS_0b10100to0b11111" value="0b10100-0b11111" description="4GB"/>
    </bit_field>
    <reserved_bit_field offset="6" width="6" reset_value="0"/>
    <bit_field offset="12" width="20" name="BA" access="RW" reset_value="0x80000" description="Base Address">
      <alias type="CMSIS" value="SEMC_BR_BA(x)"/>
    </bit_field>
  </register>
  <register offset="0x14" width="32" name="BR1" description="Base Register 1 (For SDRAM CS1 device)">
    <alias type="CMSIS" value="BR[1]"/>
    <bit_field offset="0" width="1" name="VLD" access="RW" reset_value="0" description="Valid">
      <alias type="CMSIS" value="SEMC_BR_VLD(x)"/>
    </bit_field>
    <bit_field offset="1" width="5" name="MS" access="RW" reset_value="0xE" description="Memory size">
      <alias type="CMSIS" value="SEMC_BR_MS(x)"/>
      <bit_field_value name="BR_MS_0b00000" value="0b00000" description="4KB"/>
      <bit_field_value name="BR_MS_0b00001" value="0b00001" description="8KB"/>
      <bit_field_value name="BR_MS_0b00010" value="0b00010" description="16KB"/>
      <bit_field_value name="BR_MS_0b00011" value="0b00011" description="32KB"/>
      <bit_field_value name="BR_MS_0b00100" value="0b00100" description="64KB"/>
      <bit_field_value name="BR_MS_0b00101" value="0b00101" description="128KB"/>
      <bit_field_value name="BR_MS_0b00110" value="0b00110" description="256KB"/>
      <bit_field_value name="BR_MS_0b00111" value="0b00111" description="512KB"/>
      <bit_field_value name="BR_MS_0b01000" value="0b01000" description="1MB"/>
      <bit_field_value name="BR_MS_0b01001" value="0b01001" description="2MB"/>
      <bit_field_value name="BR_MS_0b01010" value="0b01010" description="4MB"/>
      <bit_field_value name="BR_MS_0b01011" value="0b01011" description="8MB"/>
      <bit_field_value name="BR_MS_0b01100" value="0b01100" description="16MB"/>
      <bit_field_value name="BR_MS_0b01101" value="0b01101" description="32MB"/>
      <bit_field_value name="BR_MS_0b01110" value="0b01110" description="64MB"/>
      <bit_field_value name="BR_MS_0b01111" value="0b01111" description="128MB"/>
      <bit_field_value name="BR_MS_0b10000" value="0b10000" description="256MB"/>
      <bit_field_value name="BR_MS_0b10001" value="0b10001" description="512MB"/>
      <bit_field_value name="BR_MS_0b10010" value="0b10010" description="1GB"/>
      <bit_field_value name="BR_MS_0b10011" value="0b10011" description="2GB"/>
      <bit_field_value name="BR_MS_0b10100to0b11111" value="0b10100-0b11111" description="4GB"/>
    </bit_field>
    <reserved_bit_field offset="6" width="6" reset_value="0"/>
    <bit_field offset="12" width="20" name="BA" access="RW" reset_value="0x84000" description="Base Address">
      <alias type="CMSIS" value="SEMC_BR_BA(x)"/>
    </bit_field>
  </register>
  <register offset="0x18" width="32" name="BR2" description="Base Register 2 (For SDRAM CS2 device)">
    <alias type="CMSIS" value="BR[2]"/>
    <bit_field offset="0" width="1" name="VLD" access="RW" reset_value="0" description="Valid">
      <alias type="CMSIS" value="SEMC_BR_VLD(x)"/>
    </bit_field>
    <bit_field offset="1" width="5" name="MS" access="RW" reset_value="0xE" description="Memory size">
      <alias type="CMSIS" value="SEMC_BR_MS(x)"/>
      <bit_field_value name="BR_MS_0b00000" value="0b00000" description="4KB"/>
      <bit_field_value name="BR_MS_0b00001" value="0b00001" description="8KB"/>
      <bit_field_value name="BR_MS_0b00010" value="0b00010" description="16KB"/>
      <bit_field_value name="BR_MS_0b00011" value="0b00011" description="32KB"/>
      <bit_field_value name="BR_MS_0b00100" value="0b00100" description="64KB"/>
      <bit_field_value name="BR_MS_0b00101" value="0b00101" description="128KB"/>
      <bit_field_value name="BR_MS_0b00110" value="0b00110" description="256KB"/>
      <bit_field_value name="BR_MS_0b00111" value="0b00111" description="512KB"/>
      <bit_field_value name="BR_MS_0b01000" value="0b01000" description="1MB"/>
      <bit_field_value name="BR_MS_0b01001" value="0b01001" description="2MB"/>
      <bit_field_value name="BR_MS_0b01010" value="0b01010" description="4MB"/>
      <bit_field_value name="BR_MS_0b01011" value="0b01011" description="8MB"/>
      <bit_field_value name="BR_MS_0b01100" value="0b01100" description="16MB"/>
      <bit_field_value name="BR_MS_0b01101" value="0b01101" description="32MB"/>
      <bit_field_value name="BR_MS_0b01110" value="0b01110" description="64MB"/>
      <bit_field_value name="BR_MS_0b01111" value="0b01111" description="128MB"/>
      <bit_field_value name="BR_MS_0b10000" value="0b10000" description="256MB"/>
      <bit_field_value name="BR_MS_0b10001" value="0b10001" description="512MB"/>
      <bit_field_value name="BR_MS_0b10010" value="0b10010" description="1GB"/>
      <bit_field_value name="BR_MS_0b10011" value="0b10011" description="2GB"/>
      <bit_field_value name="BR_MS_0b10100to0b11111" value="0b10100-0b11111" description="4GB"/>
    </bit_field>
    <reserved_bit_field offset="6" width="6" reset_value="0"/>
    <bit_field offset="12" width="20" name="BA" access="RW" reset_value="0x88000" description="Base Address">
      <alias type="CMSIS" value="SEMC_BR_BA(x)"/>
    </bit_field>
  </register>
  <register offset="0x1C" width="32" name="BR3" description="Base Register 3 (For SDRAM CS3 device)">
    <alias type="CMSIS" value="BR[3]"/>
    <bit_field offset="0" width="1" name="VLD" access="RW" reset_value="0" description="Valid">
      <alias type="CMSIS" value="SEMC_BR_VLD(x)"/>
    </bit_field>
    <bit_field offset="1" width="5" name="MS" access="RW" reset_value="0xE" description="Memory size">
      <alias type="CMSIS" value="SEMC_BR_MS(x)"/>
      <bit_field_value name="BR_MS_0b00000" value="0b00000" description="4KB"/>
      <bit_field_value name="BR_MS_0b00001" value="0b00001" description="8KB"/>
      <bit_field_value name="BR_MS_0b00010" value="0b00010" description="16KB"/>
      <bit_field_value name="BR_MS_0b00011" value="0b00011" description="32KB"/>
      <bit_field_value name="BR_MS_0b00100" value="0b00100" description="64KB"/>
      <bit_field_value name="BR_MS_0b00101" value="0b00101" description="128KB"/>
      <bit_field_value name="BR_MS_0b00110" value="0b00110" description="256KB"/>
      <bit_field_value name="BR_MS_0b00111" value="0b00111" description="512KB"/>
      <bit_field_value name="BR_MS_0b01000" value="0b01000" description="1MB"/>
      <bit_field_value name="BR_MS_0b01001" value="0b01001" description="2MB"/>
      <bit_field_value name="BR_MS_0b01010" value="0b01010" description="4MB"/>
      <bit_field_value name="BR_MS_0b01011" value="0b01011" description="8MB"/>
      <bit_field_value name="BR_MS_0b01100" value="0b01100" description="16MB"/>
      <bit_field_value name="BR_MS_0b01101" value="0b01101" description="32MB"/>
      <bit_field_value name="BR_MS_0b01110" value="0b01110" description="64MB"/>
      <bit_field_value name="BR_MS_0b01111" value="0b01111" description="128MB"/>
      <bit_field_value name="BR_MS_0b10000" value="0b10000" description="256MB"/>
      <bit_field_value name="BR_MS_0b10001" value="0b10001" description="512MB"/>
      <bit_field_value name="BR_MS_0b10010" value="0b10010" description="1GB"/>
      <bit_field_value name="BR_MS_0b10011" value="0b10011" description="2GB"/>
      <bit_field_value name="BR_MS_0b10100to0b11111" value="0b10100-0b11111" description="4GB"/>
    </bit_field>
    <reserved_bit_field offset="6" width="6" reset_value="0"/>
    <bit_field offset="12" width="20" name="BA" access="RW" reset_value="0x8C000" description="Base Address">
      <alias type="CMSIS" value="SEMC_BR_BA(x)"/>
    </bit_field>
  </register>
  <register offset="0x20" width="32" name="BR4" description="Base Register 4 (For NAND device)">
    <alias type="CMSIS" value="BR[4]"/>
    <bit_field offset="0" width="1" name="VLD" access="RW" reset_value="0" description="Valid">
      <alias type="CMSIS" value="SEMC_BR_VLD(x)"/>
    </bit_field>
    <bit_field offset="1" width="5" name="MS" access="RW" reset_value="0xD" description="Memory size">
      <alias type="CMSIS" value="SEMC_BR_MS(x)"/>
      <bit_field_value name="BR_MS_0b00000" value="0b00000" description="4KB"/>
      <bit_field_value name="BR_MS_0b00001" value="0b00001" description="8KB"/>
      <bit_field_value name="BR_MS_0b00010" value="0b00010" description="16KB"/>
      <bit_field_value name="BR_MS_0b00011" value="0b00011" description="32KB"/>
      <bit_field_value name="BR_MS_0b00100" value="0b00100" description="64KB"/>
      <bit_field_value name="BR_MS_0b00101" value="0b00101" description="128KB"/>
      <bit_field_value name="BR_MS_0b00110" value="0b00110" description="256KB"/>
      <bit_field_value name="BR_MS_0b00111" value="0b00111" description="512KB"/>
      <bit_field_value name="BR_MS_0b01000" value="0b01000" description="1MB"/>
      <bit_field_value name="BR_MS_0b01001" value="0b01001" description="2MB"/>
      <bit_field_value name="BR_MS_0b01010" value="0b01010" description="4MB"/>
      <bit_field_value name="BR_MS_0b01011" value="0b01011" description="8MB"/>
      <bit_field_value name="BR_MS_0b01100" value="0b01100" description="16MB"/>
      <bit_field_value name="BR_MS_0b01101" value="0b01101" description="32MB"/>
      <bit_field_value name="BR_MS_0b01110" value="0b01110" description="64MB"/>
      <bit_field_value name="BR_MS_0b01111" value="0b01111" description="128MB"/>
      <bit_field_value name="BR_MS_0b10000" value="0b10000" description="256MB"/>
      <bit_field_value name="BR_MS_0b10001" value="0b10001" description="512MB"/>
      <bit_field_value name="BR_MS_0b10010" value="0b10010" description="1GB"/>
      <bit_field_value name="BR_MS_0b10011" value="0b10011" description="2GB"/>
      <bit_field_value name="BR_MS_0b10100to0b11111" value="0b10100-0b11111" description="4GB"/>
    </bit_field>
    <reserved_bit_field offset="6" width="6" reset_value="0"/>
    <bit_field offset="12" width="20" name="BA" access="RW" reset_value="0x9E000" description="Base Address">
      <alias type="CMSIS" value="SEMC_BR_BA(x)"/>
    </bit_field>
  </register>
  <register offset="0x24" width="32" name="BR5" description="Base Register 5 (For NOR device)">
    <alias type="CMSIS" value="BR[5]"/>
    <bit_field offset="0" width="1" name="VLD" access="RW" reset_value="0" description="Valid">
      <alias type="CMSIS" value="SEMC_BR_VLD(x)"/>
    </bit_field>
    <bit_field offset="1" width="5" name="MS" access="RW" reset_value="0xC" description="Memory size">
      <alias type="CMSIS" value="SEMC_BR_MS(x)"/>
      <bit_field_value name="BR_MS_0b00000" value="0b00000" description="4KB"/>
      <bit_field_value name="BR_MS_0b00001" value="0b00001" description="8KB"/>
      <bit_field_value name="BR_MS_0b00010" value="0b00010" description="16KB"/>
      <bit_field_value name="BR_MS_0b00011" value="0b00011" description="32KB"/>
      <bit_field_value name="BR_MS_0b00100" value="0b00100" description="64KB"/>
      <bit_field_value name="BR_MS_0b00101" value="0b00101" description="128KB"/>
      <bit_field_value name="BR_MS_0b00110" value="0b00110" description="256KB"/>
      <bit_field_value name="BR_MS_0b00111" value="0b00111" description="512KB"/>
      <bit_field_value name="BR_MS_0b01000" value="0b01000" description="1MB"/>
      <bit_field_value name="BR_MS_0b01001" value="0b01001" description="2MB"/>
      <bit_field_value name="BR_MS_0b01010" value="0b01010" description="4MB"/>
      <bit_field_value name="BR_MS_0b01011" value="0b01011" description="8MB"/>
      <bit_field_value name="BR_MS_0b01100" value="0b01100" description="16MB"/>
      <bit_field_value name="BR_MS_0b01101" value="0b01101" description="32MB"/>
      <bit_field_value name="BR_MS_0b01110" value="0b01110" description="64MB"/>
      <bit_field_value name="BR_MS_0b01111" value="0b01111" description="128MB"/>
      <bit_field_value name="BR_MS_0b10000" value="0b10000" description="256MB"/>
      <bit_field_value name="BR_MS_0b10001" value="0b10001" description="512MB"/>
      <bit_field_value name="BR_MS_0b10010" value="0b10010" description="1GB"/>
      <bit_field_value name="BR_MS_0b10011" value="0b10011" description="2GB"/>
      <bit_field_value name="BR_MS_0b10100to0b11111" value="0b10100-0b11111" description="4GB"/>
    </bit_field>
    <reserved_bit_field offset="6" width="6" reset_value="0"/>
    <bit_field offset="12" width="20" name="BA" access="RW" reset_value="0x90000" description="Base Address">
      <alias type="CMSIS" value="SEMC_BR_BA(x)"/>
    </bit_field>
  </register>
  <register offset="0x28" width="32" name="BR6" description="Base Register 6 (For PSRAM device 0)">
    <alias type="CMSIS" value="BR[6]"/>
    <bit_field offset="0" width="1" name="VLD" access="RW" reset_value="0" description="Valid">
      <alias type="CMSIS" value="SEMC_BR_VLD(x)"/>
    </bit_field>
    <bit_field offset="1" width="5" name="MS" access="RW" reset_value="0xC" description="Memory size">
      <alias type="CMSIS" value="SEMC_BR_MS(x)"/>
      <bit_field_value name="BR_MS_0b00000" value="0b00000" description="4KB"/>
      <bit_field_value name="BR_MS_0b00001" value="0b00001" description="8KB"/>
      <bit_field_value name="BR_MS_0b00010" value="0b00010" description="16KB"/>
      <bit_field_value name="BR_MS_0b00011" value="0b00011" description="32KB"/>
      <bit_field_value name="BR_MS_0b00100" value="0b00100" description="64KB"/>
      <bit_field_value name="BR_MS_0b00101" value="0b00101" description="128KB"/>
      <bit_field_value name="BR_MS_0b00110" value="0b00110" description="256KB"/>
      <bit_field_value name="BR_MS_0b00111" value="0b00111" description="512KB"/>
      <bit_field_value name="BR_MS_0b01000" value="0b01000" description="1MB"/>
      <bit_field_value name="BR_MS_0b01001" value="0b01001" description="2MB"/>
      <bit_field_value name="BR_MS_0b01010" value="0b01010" description="4MB"/>
      <bit_field_value name="BR_MS_0b01011" value="0b01011" description="8MB"/>
      <bit_field_value name="BR_MS_0b01100" value="0b01100" description="16MB"/>
      <bit_field_value name="BR_MS_0b01101" value="0b01101" description="32MB"/>
      <bit_field_value name="BR_MS_0b01110" value="0b01110" description="64MB"/>
      <bit_field_value name="BR_MS_0b01111" value="0b01111" description="128MB"/>
      <bit_field_value name="BR_MS_0b10000" value="0b10000" description="256MB"/>
      <bit_field_value name="BR_MS_0b10001" value="0b10001" description="512MB"/>
      <bit_field_value name="BR_MS_0b10010" value="0b10010" description="1GB"/>
      <bit_field_value name="BR_MS_0b10011" value="0b10011" description="2GB"/>
      <bit_field_value name="BR_MS_0b10100to0b11111" value="0b10100-0b11111" description="4GB"/>
    </bit_field>
    <reserved_bit_field offset="6" width="6" reset_value="0"/>
    <bit_field offset="12" width="20" name="BA" access="RW" reset_value="0x98000" description="Base Address">
      <alias type="CMSIS" value="SEMC_BR_BA(x)"/>
    </bit_field>
  </register>
  <register offset="0x2C" width="32" name="BR7" description="Base Register 7 (For DBI-B (MIPI Display Bus Interface Type B) device)">
    <alias type="CMSIS" value="BR[7]"/>
    <bit_field offset="0" width="1" name="VLD" access="RW" reset_value="0" description="Valid">
      <alias type="CMSIS" value="SEMC_BR_VLD(x)"/>
    </bit_field>
    <bit_field offset="1" width="5" name="MS" access="RW" reset_value="0xD" description="Memory size">
      <alias type="CMSIS" value="SEMC_BR_MS(x)"/>
      <bit_field_value name="BR_MS_0b00000" value="0b00000" description="4KB"/>
      <bit_field_value name="BR_MS_0b00001" value="0b00001" description="8KB"/>
      <bit_field_value name="BR_MS_0b00010" value="0b00010" description="16KB"/>
      <bit_field_value name="BR_MS_0b00011" value="0b00011" description="32KB"/>
      <bit_field_value name="BR_MS_0b00100" value="0b00100" description="64KB"/>
      <bit_field_value name="BR_MS_0b00101" value="0b00101" description="128KB"/>
      <bit_field_value name="BR_MS_0b00110" value="0b00110" description="256KB"/>
      <bit_field_value name="BR_MS_0b00111" value="0b00111" description="512KB"/>
      <bit_field_value name="BR_MS_0b01000" value="0b01000" description="1MB"/>
      <bit_field_value name="BR_MS_0b01001" value="0b01001" description="2MB"/>
      <bit_field_value name="BR_MS_0b01010" value="0b01010" description="4MB"/>
      <bit_field_value name="BR_MS_0b01011" value="0b01011" description="8MB"/>
      <bit_field_value name="BR_MS_0b01100" value="0b01100" description="16MB"/>
      <bit_field_value name="BR_MS_0b01101" value="0b01101" description="32MB"/>
      <bit_field_value name="BR_MS_0b01110" value="0b01110" description="64MB"/>
      <bit_field_value name="BR_MS_0b01111" value="0b01111" description="128MB"/>
      <bit_field_value name="BR_MS_0b10000" value="0b10000" description="256MB"/>
      <bit_field_value name="BR_MS_0b10001" value="0b10001" description="512MB"/>
      <bit_field_value name="BR_MS_0b10010" value="0b10010" description="1GB"/>
      <bit_field_value name="BR_MS_0b10011" value="0b10011" description="2GB"/>
      <bit_field_value name="BR_MS_0b10100to0b11111" value="0b10100-0b11111" description="4GB"/>
    </bit_field>
    <reserved_bit_field offset="6" width="6" reset_value="0"/>
    <bit_field offset="12" width="20" name="BA" access="RW" reset_value="0x9C000" description="Base Address">
      <alias type="CMSIS" value="SEMC_BR_BA(x)"/>
    </bit_field>
  </register>
  <register offset="0x30" width="32" name="BR8" description="Base Register 8 (For NAND device)">
    <alias type="CMSIS" value="BR[8]"/>
    <bit_field offset="0" width="1" name="VLD" access="RW" reset_value="0" description="Valid">
      <alias type="CMSIS" value="SEMC_BR_VLD(x)"/>
    </bit_field>
    <bit_field offset="1" width="5" name="MS" access="RW" reset_value="0x13" description="Memory size">
      <alias type="CMSIS" value="SEMC_BR_MS(x)"/>
      <bit_field_value name="BR_MS_0b00000" value="0b00000" description="4KB"/>
      <bit_field_value name="BR_MS_0b00001" value="0b00001" description="8KB"/>
      <bit_field_value name="BR_MS_0b00010" value="0b00010" description="16KB"/>
      <bit_field_value name="BR_MS_0b00011" value="0b00011" description="32KB"/>
      <bit_field_value name="BR_MS_0b00100" value="0b00100" description="64KB"/>
      <bit_field_value name="BR_MS_0b00101" value="0b00101" description="128KB"/>
      <bit_field_value name="BR_MS_0b00110" value="0b00110" description="256KB"/>
      <bit_field_value name="BR_MS_0b00111" value="0b00111" description="512KB"/>
      <bit_field_value name="BR_MS_0b01000" value="0b01000" description="1MB"/>
      <bit_field_value name="BR_MS_0b01001" value="0b01001" description="2MB"/>
      <bit_field_value name="BR_MS_0b01010" value="0b01010" description="4MB"/>
      <bit_field_value name="BR_MS_0b01011" value="0b01011" description="8MB"/>
      <bit_field_value name="BR_MS_0b01100" value="0b01100" description="16MB"/>
      <bit_field_value name="BR_MS_0b01101" value="0b01101" description="32MB"/>
      <bit_field_value name="BR_MS_0b01110" value="0b01110" description="64MB"/>
      <bit_field_value name="BR_MS_0b01111" value="0b01111" description="128MB"/>
      <bit_field_value name="BR_MS_0b10000" value="0b10000" description="256MB"/>
      <bit_field_value name="BR_MS_0b10001" value="0b10001" description="512MB"/>
      <bit_field_value name="BR_MS_0b10010" value="0b10010" description="1GB"/>
      <bit_field_value name="BR_MS_0b10011" value="0b10011" description="2GB"/>
      <bit_field_value name="BR_MS_0b10100to0b11111" value="0b10100-0b11111" description="4GB"/>
    </bit_field>
    <reserved_bit_field offset="6" width="6" reset_value="0"/>
    <bit_field offset="12" width="20" name="BA" access="RW" reset_value="0" description="Base Address">
      <alias type="CMSIS" value="SEMC_BR_BA(x)"/>
    </bit_field>
  </register>
  <register offset="0x38" width="32" name="INTEN" description="Interrupt Enable Register">
    <alias type="CMSIS" value="INTEN"/>
    <bit_field offset="0" width="1" name="IPCMDDONEEN" access="RW" reset_value="0" description="IP command done interrupt enable">
      <alias type="CMSIS" value="SEMC_INTEN_IPCMDDONEEN(x)"/>
      <bit_field_value name="INTEN_IPCMDDONEEN_0b0" value="0b0" description="Interrupt is disabled"/>
      <bit_field_value name="INTEN_IPCMDDONEEN_0b1" value="0b1" description="Interrupt is enabled"/>
    </bit_field>
    <bit_field offset="1" width="1" name="IPCMDERREN" access="RW" reset_value="0" description="IP command error interrupt enable">
      <alias type="CMSIS" value="SEMC_INTEN_IPCMDERREN(x)"/>
      <bit_field_value name="INTEN_IPCMDERREN_0b0" value="0b0" description="Interrupt is disabled"/>
      <bit_field_value name="INTEN_IPCMDERREN_0b1" value="0b1" description="Interrupt is enabled"/>
    </bit_field>
    <bit_field offset="2" width="1" name="AXICMDERREN" access="RW" reset_value="0" description="AXI command error interrupt enable">
      <alias type="CMSIS" value="SEMC_INTEN_AXICMDERREN(x)"/>
      <bit_field_value name="INTEN_AXICMDERREN_0b0" value="0b0" description="Interrupt is disabled"/>
      <bit_field_value name="INTEN_AXICMDERREN_0b1" value="0b1" description="Interrupt is enabled"/>
    </bit_field>
    <bit_field offset="3" width="1" name="AXIBUSERREN" access="RW" reset_value="0" description="AXI bus error interrupt enable">
      <alias type="CMSIS" value="SEMC_INTEN_AXIBUSERREN(x)"/>
      <bit_field_value name="INTEN_AXIBUSERREN_0b0" value="0b0" description="Interrupt is disabled"/>
      <bit_field_value name="INTEN_AXIBUSERREN_0b1" value="0b1" description="Interrupt is enabled"/>
    </bit_field>
    <bit_field offset="4" width="1" name="NDPAGEENDEN" access="RW" reset_value="0" description="NAND page end interrupt enable">
      <alias type="CMSIS" value="SEMC_INTEN_NDPAGEENDEN(x)"/>
      <bit_field_value name="INTEN_NDPAGEENDEN_0b0" value="0b0" description="Interrupt is disabled"/>
      <bit_field_value name="INTEN_NDPAGEENDEN_0b1" value="0b1" description="Interrupt is enabled"/>
    </bit_field>
    <bit_field offset="5" width="1" name="NDNOPENDEN" access="RW" reset_value="0" description="NAND no pending AXI access interrupt enable">
      <alias type="CMSIS" value="SEMC_INTEN_NDNOPENDEN(x)"/>
      <bit_field_value name="INTEN_NDNOPENDEN_0b0" value="0b0" description="Interrupt is disabled"/>
      <bit_field_value name="INTEN_NDNOPENDEN_0b1" value="0b1" description="Interrupt is enabled"/>
    </bit_field>
    <reserved_bit_field offset="6" width="26" reset_value="0"/>
  </register>
  <register offset="0x3C" width="32" name="INTR" description="Interrupt Enable Register">
    <alias type="CMSIS" value="INTR"/>
    <bit_field offset="0" width="1" name="IPCMDDONE" access="W1C" reset_value="0" description="IP command normal done interrupt">
      <alias type="CMSIS" value="SEMC_INTR_IPCMDDONE(x)"/>
    </bit_field>
    <bit_field offset="1" width="1" name="IPCMDERR" access="W1C" reset_value="0" description="IP command error done interrupt">
      <alias type="CMSIS" value="SEMC_INTR_IPCMDERR(x)"/>
    </bit_field>
    <bit_field offset="2" width="1" name="AXICMDERR" access="W1C" reset_value="0" description="AXI command error interrupt">
      <alias type="CMSIS" value="SEMC_INTR_AXICMDERR(x)"/>
    </bit_field>
    <bit_field offset="3" width="1" name="AXIBUSERR" access="W1C" reset_value="0" description="AXI bus error interrupt">
      <alias type="CMSIS" value="SEMC_INTR_AXIBUSERR(x)"/>
    </bit_field>
    <bit_field offset="4" width="1" name="NDPAGEEND" access="W1C" reset_value="0" description="NAND page end interrupt">
      <alias type="CMSIS" value="SEMC_INTR_NDPAGEEND(x)"/>
    </bit_field>
    <bit_field offset="5" width="1" name="NDNOPEND" access="W1C" reset_value="0" description="NAND no pending AXI access interrupt">
      <alias type="CMSIS" value="SEMC_INTR_NDNOPEND(x)"/>
    </bit_field>
    <reserved_bit_field offset="6" width="26" reset_value="0"/>
  </register>
  <register offset="0x40" width="32" name="SDRAMCR0" description="SDRAM control register 0">
    <alias type="CMSIS" value="SDRAMCR0"/>
    <bit_field offset="0" width="1" name="PS" access="RW" reset_value="0" description="Port Size">
      <alias type="CMSIS" value="SEMC_SDRAMCR0_PS(x)"/>
      <bit_field_value name="SDRAMCR0_PS_0b0" value="0b0" description="8bit"/>
      <bit_field_value name="SDRAMCR0_PS_0b1" value="0b1" description="16bit"/>
    </bit_field>
    <reserved_bit_field offset="1" width="3" reset_value="0x3"/>
    <bit_field offset="4" width="3" name="BL" access="RW" reset_value="0x2" description="Burst Length">
      <alias type="CMSIS" value="SEMC_SDRAMCR0_BL(x)"/>
      <bit_field_value name="SDRAMCR0_BL_0b000" value="0b000" description="1"/>
      <bit_field_value name="SDRAMCR0_BL_0b001" value="0b001" description="2"/>
      <bit_field_value name="SDRAMCR0_BL_0b010" value="0b010" description="4"/>
      <bit_field_value name="SDRAMCR0_BL_0b011" value="0b011" description="8"/>
      <bit_field_value name="SDRAMCR0_BL_0b100" value="0b100" description="8"/>
      <bit_field_value name="SDRAMCR0_BL_0b101" value="0b101" description="8"/>
      <bit_field_value name="SDRAMCR0_BL_0b110" value="0b110" description="8"/>
      <bit_field_value name="SDRAMCR0_BL_0b111" value="0b111" description="8"/>
    </bit_field>
    <reserved_bit_field offset="7" width="1" reset_value="0"/>
    <bit_field offset="8" width="2" name="COL" access="RW" reset_value="0" description="Column address bit number">
      <alias type="CMSIS" value="SEMC_SDRAMCR0_COL(x)"/>
      <bit_field_value name="SDRAMCR0_COL_0b00" value="0b00" description="12 bit"/>
      <bit_field_value name="SDRAMCR0_COL_0b01" value="0b01" description="11 bit"/>
      <bit_field_value name="SDRAMCR0_COL_0b10" value="0b10" description="10 bit"/>
      <bit_field_value name="SDRAMCR0_COL_0b11" value="0b11" description="9 bit"/>
    </bit_field>
    <bit_field offset="10" width="2" name="CL" access="RW" reset_value="0x3" description="CAS Latency">
      <alias type="CMSIS" value="SEMC_SDRAMCR0_CL(x)"/>
      <bit_field_value name="SDRAMCR0_CL_0b00" value="0b00" description="1"/>
      <bit_field_value name="SDRAMCR0_CL_0b01" value="0b01" description="1"/>
      <bit_field_value name="SDRAMCR0_CL_0b10" value="0b10" description="2"/>
      <bit_field_value name="SDRAMCR0_CL_0b11" value="0b11" description="3"/>
    </bit_field>
    <reserved_bit_field offset="12" width="2" reset_value="0"/>
    <reserved_bit_field offset="14" width="1" reset_value="0"/>
    <reserved_bit_field offset="15" width="17" reset_value="0"/>
  </register>
  <register offset="0x44" width="32" name="SDRAMCR1" description="SDRAM control register 1">
    <alias type="CMSIS" value="SDRAMCR1"/>
    <bit_field offset="0" width="4" name="PRE2ACT" access="RW" reset_value="0x4" description="PRECHARGE to ACT/Refresh wait time">
      <alias type="CMSIS" value="SEMC_SDRAMCR1_PRE2ACT(x)"/>
    </bit_field>
    <bit_field offset="4" width="4" name="ACT2RW" access="RW" reset_value="0x3" description="ACT to Read/Write wait time">
      <alias type="CMSIS" value="SEMC_SDRAMCR1_ACT2RW(x)"/>
    </bit_field>
    <bit_field offset="8" width="5" name="RFRC" access="RW" reset_value="0x9" description="Refresh recovery time">
      <alias type="CMSIS" value="SEMC_SDRAMCR1_RFRC(x)"/>
    </bit_field>
    <bit_field offset="13" width="3" name="WRC" access="RW" reset_value="0x2" description="Write recovery time">
      <alias type="CMSIS" value="SEMC_SDRAMCR1_WRC(x)"/>
    </bit_field>
    <bit_field offset="16" width="4" name="CKEOFF" access="RW" reset_value="0x9" description="CKE OFF minimum time">
      <alias type="CMSIS" value="SEMC_SDRAMCR1_CKEOFF(x)"/>
    </bit_field>
    <bit_field offset="20" width="4" name="ACT2PRE" access="RW" reset_value="0x9" description="ACT to Precharge minimum time">
      <alias type="CMSIS" value="SEMC_SDRAMCR1_ACT2PRE(x)"/>
    </bit_field>
    <reserved_bit_field offset="24" width="8" reset_value="0"/>
  </register>
  <register offset="0x48" width="32" name="SDRAMCR2" description="SDRAM control register 2">
    <alias type="CMSIS" value="SDRAMCR2"/>
    <bit_field offset="0" width="8" name="SRRC" access="RW" reset_value="0xEE" description="Self Refresh Recovery time">
      <alias type="CMSIS" value="SEMC_SDRAMCR2_SRRC(x)"/>
    </bit_field>
    <bit_field offset="8" width="8" name="REF2REF" access="RW" reset_value="0xE" description="Refresh to Refresh wait time">
      <alias type="CMSIS" value="SEMC_SDRAMCR2_REF2REF(x)"/>
    </bit_field>
    <bit_field offset="16" width="8" name="ACT2ACT" access="RW" reset_value="0" description="ACT to ACT wait time">
      <alias type="CMSIS" value="SEMC_SDRAMCR2_ACT2ACT(x)"/>
    </bit_field>
    <bit_field offset="24" width="8" name="ITO" access="RW" reset_value="0x80" description="SDRAM Idle timeout">
      <alias type="CMSIS" value="SEMC_SDRAMCR2_ITO(x)"/>
      <bit_field_value name="SDRAMCR2_ITO_0b00000000" value="0b00000000" description="IDLE timeout period is 256*Prescale period."/>
      <bit_field_value name="SDRAMCR2_ITO_0b00000001to0b11111111" value="0b00000001-0b11111111" description="IDLE timeout period is ITO*Prescale period."/>
    </bit_field>
  </register>
  <register offset="0x4C" width="32" name="SDRAMCR3" description="SDRAM control register 3">
    <alias type="CMSIS" value="SDRAMCR3"/>
    <bit_field offset="0" width="1" name="REN" access="RW" reset_value="0" description="Refresh enable">
      <alias type="CMSIS" value="SEMC_SDRAMCR3_REN(x)"/>
    </bit_field>
    <bit_field offset="1" width="3" name="REBL" access="RW" reset_value="0" description="Refresh burst length">
      <alias type="CMSIS" value="SEMC_SDRAMCR3_REBL(x)"/>
      <bit_field_value name="SDRAMCR3_REBL_0b000" value="0b000" description="1"/>
      <bit_field_value name="SDRAMCR3_REBL_0b001" value="0b001" description="2"/>
      <bit_field_value name="SDRAMCR3_REBL_0b010" value="0b010" description="3"/>
      <bit_field_value name="SDRAMCR3_REBL_0b011" value="0b011" description="4"/>
      <bit_field_value name="SDRAMCR3_REBL_0b100" value="0b100" description="5"/>
      <bit_field_value name="SDRAMCR3_REBL_0b101" value="0b101" description="6"/>
      <bit_field_value name="SDRAMCR3_REBL_0b110" value="0b110" description="7"/>
      <bit_field_value name="SDRAMCR3_REBL_0b111" value="0b111" description="8"/>
    </bit_field>
    <reserved_bit_field offset="4" width="4" reset_value="0"/>
    <bit_field offset="8" width="8" name="PRESCALE" access="RW" reset_value="0x80" description="Prescaler timer period">
      <alias type="CMSIS" value="SEMC_SDRAMCR3_PRESCALE(x)"/>
      <bit_field_value name="SDRAMCR3_PRESCALE_0b00000000" value="0b00000000" description="256*16 clock cycles"/>
      <bit_field_value name="SDRAMCR3_PRESCALE_0b00000001to0b11111111" value="0b00000001-0b11111111" description="PRESCALE*16 clock cycles"/>
    </bit_field>
    <bit_field offset="16" width="8" name="RT" access="RW" reset_value="0x80" description="Refresh timer period">
      <alias type="CMSIS" value="SEMC_SDRAMCR3_RT(x)"/>
      <bit_field_value name="SDRAMCR3_RT_0b00000000" value="0b00000000" description="256*Prescaler period"/>
      <bit_field_value name="SDRAMCR3_RT_0b00000001to0b11111111" value="0b00000001-0b11111111" description="RT*Prescaler period"/>
    </bit_field>
    <bit_field offset="24" width="8" name="UT" access="RW" reset_value="0x40" description="Refresh urgent threshold">
      <alias type="CMSIS" value="SEMC_SDRAMCR3_UT(x)"/>
      <bit_field_value name="SDRAMCR3_UT_0b00000000" value="0b00000000" description="256*Prescaler period"/>
      <bit_field_value name="SDRAMCR3_UT_0b00000001to0b11111111" value="0b00000001-0b11111111" description="UT*Prescaler period"/>
    </bit_field>
  </register>
  <register offset="0x50" width="32" name="NANDCR0" description="NAND control register 0">
    <alias type="CMSIS" value="NANDCR0"/>
    <bit_field offset="0" width="1" name="PS" access="RW" reset_value="0" description="Port Size">
      <alias type="CMSIS" value="SEMC_NANDCR0_PS(x)"/>
      <bit_field_value name="NANDCR0_PS_0b0" value="0b0" description="8bit"/>
      <bit_field_value name="NANDCR0_PS_0b1" value="0b1" description="16bit"/>
    </bit_field>
    <reserved_bit_field offset="1" width="3" reset_value="0"/>
    <bit_field offset="4" width="3" name="BL" access="RW" reset_value="0" description="Burst Length">
      <alias type="CMSIS" value="SEMC_NANDCR0_BL(x)"/>
      <bit_field_value name="NANDCR0_BL_0b000" value="0b000" description="1"/>
      <bit_field_value name="NANDCR0_BL_0b001" value="0b001" description="2"/>
      <bit_field_value name="NANDCR0_BL_0b010" value="0b010" description="4"/>
      <bit_field_value name="NANDCR0_BL_0b011" value="0b011" description="8"/>
      <bit_field_value name="NANDCR0_BL_0b100" value="0b100" description="16"/>
      <bit_field_value name="NANDCR0_BL_0b101" value="0b101" description="32"/>
      <bit_field_value name="NANDCR0_BL_0b110" value="0b110" description="64"/>
      <bit_field_value name="NANDCR0_BL_0b111" value="0b111" description="64"/>
    </bit_field>
    <bit_field offset="7" width="1" name="EDO" access="RW" reset_value="0" description="EDO mode enabled">
      <alias type="CMSIS" value="SEMC_NANDCR0_EDO(x)"/>
      <bit_field_value name="NANDCR0_EDO_0b0" value="0b0" description="EDO mode disabled"/>
      <bit_field_value name="NANDCR0_EDO_0b1" value="0b1" description="EDO mode enabled"/>
    </bit_field>
    <bit_field offset="8" width="3" name="COL" access="RW" reset_value="0" description="Column address bit number">
      <alias type="CMSIS" value="SEMC_NANDCR0_COL(x)"/>
      <bit_field_value name="NANDCR0_COL_0b000" value="0b000" description="16"/>
      <bit_field_value name="NANDCR0_COL_0b001" value="0b001" description="15"/>
      <bit_field_value name="NANDCR0_COL_0b010" value="0b010" description="14"/>
      <bit_field_value name="NANDCR0_COL_0b011" value="0b011" description="13"/>
      <bit_field_value name="NANDCR0_COL_0b100" value="0b100" description="12"/>
      <bit_field_value name="NANDCR0_COL_0b101" value="0b101" description="11"/>
      <bit_field_value name="NANDCR0_COL_0b110" value="0b110" description="10"/>
      <bit_field_value name="NANDCR0_COL_0b111" value="0b111" description="9"/>
    </bit_field>
    <reserved_bit_field offset="11" width="21" reset_value="0"/>
  </register>
  <register offset="0x54" width="32" name="NANDCR1" description="NAND control register 1">
    <alias type="CMSIS" value="NANDCR1"/>
    <bit_field offset="0" width="4" name="CES" access="RW" reset_value="0" description="CE setup time">
      <alias type="CMSIS" value="SEMC_NANDCR1_CES(x)"/>
    </bit_field>
    <bit_field offset="4" width="4" name="CEH" access="RW" reset_value="0" description="CE hold time">
      <alias type="CMSIS" value="SEMC_NANDCR1_CEH(x)"/>
    </bit_field>
    <bit_field offset="8" width="4" name="WEL" access="RW" reset_value="0" description="WE# low time">
      <alias type="CMSIS" value="SEMC_NANDCR1_WEL(x)"/>
    </bit_field>
    <bit_field offset="12" width="4" name="WEH" access="RW" reset_value="0" description="WE# high time">
      <alias type="CMSIS" value="SEMC_NANDCR1_WEH(x)"/>
    </bit_field>
    <bit_field offset="16" width="4" name="REL" access="RW" reset_value="0" description="RE# low time">
      <alias type="CMSIS" value="SEMC_NANDCR1_REL(x)"/>
    </bit_field>
    <bit_field offset="20" width="4" name="REH" access="RW" reset_value="0" description="RE# high time">
      <alias type="CMSIS" value="SEMC_NANDCR1_REH(x)"/>
    </bit_field>
    <bit_field offset="24" width="4" name="TA" access="RW" reset_value="0" description="Turnaround time">
      <alias type="CMSIS" value="SEMC_NANDCR1_TA(x)"/>
    </bit_field>
    <bit_field offset="28" width="4" name="CEITV" access="RW" reset_value="0" description="CE# interval time">
      <alias type="CMSIS" value="SEMC_NANDCR1_CEITV(x)"/>
    </bit_field>
  </register>
  <register offset="0x58" width="32" name="NANDCR2" description="NAND control register 2">
    <alias type="CMSIS" value="NANDCR2"/>
    <bit_field offset="0" width="6" name="TWHR" access="RW" reset_value="0x10" description="WE# high to RE# low wait time">
      <alias type="CMSIS" value="SEMC_NANDCR2_TWHR(x)"/>
    </bit_field>
    <bit_field offset="6" width="6" name="TRHW" access="RW" reset_value="0x10" description="RE# high to WE# low wait time">
      <alias type="CMSIS" value="SEMC_NANDCR2_TRHW(x)"/>
    </bit_field>
    <bit_field offset="12" width="6" name="TADL" access="RW" reset_value="0x10" description="ALE to write data start wait time">
      <alias type="CMSIS" value="SEMC_NANDCR2_TADL(x)"/>
    </bit_field>
    <bit_field offset="18" width="6" name="TRR" access="RW" reset_value="0" description="Ready to RE# low wait time">
      <alias type="CMSIS" value="SEMC_NANDCR2_TRR(x)"/>
    </bit_field>
    <bit_field offset="24" width="6" name="TWB" access="RW" reset_value="0" description="WE# high to busy wait time">
      <alias type="CMSIS" value="SEMC_NANDCR2_TWB(x)"/>
    </bit_field>
    <reserved_bit_field offset="30" width="2" reset_value="0"/>
  </register>
  <register offset="0x5C" width="32" name="NANDCR3" description="NAND control register 3">
    <alias type="CMSIS" value="NANDCR3"/>
    <bit_field offset="0" width="1" name="NDOPT1" access="RW" reset_value="0" description="NAND option bit 1">
      <alias type="CMSIS" value="SEMC_NANDCR3_NDOPT1(x)"/>
    </bit_field>
    <bit_field offset="1" width="1" name="NDOPT2" access="RW" reset_value="0" description="NAND option bit 2">
      <alias type="CMSIS" value="SEMC_NANDCR3_NDOPT2(x)"/>
    </bit_field>
    <bit_field offset="2" width="1" name="NDOPT3" access="RW" reset_value="0" description="NAND option bit 3">
      <alias type="CMSIS" value="SEMC_NANDCR3_NDOPT3(x)"/>
    </bit_field>
    <reserved_bit_field offset="3" width="1" reset_value="0"/>
    <reserved_bit_field offset="4" width="12" reset_value="0"/>
    <reserved_bit_field offset="16" width="16" reset_value="0"/>
  </register>
  <register offset="0x60" width="32" name="NORCR0" description="NOR control register 0">
    <alias type="CMSIS" value="NORCR0"/>
    <bit_field offset="0" width="1" name="PS" access="RW" reset_value="0" description="Port Size">
      <alias type="CMSIS" value="SEMC_NORCR0_PS(x)"/>
      <bit_field_value name="NORCR0_PS_0b0" value="0b0" description="8bit"/>
      <bit_field_value name="NORCR0_PS_0b1" value="0b1" description="16bit"/>
    </bit_field>
    <reserved_bit_field offset="1" width="1" reset_value="0"/>
    <reserved_bit_field offset="2" width="2" reset_value="0"/>
    <bit_field offset="4" width="3" name="BL" access="RW" reset_value="0" description="Burst Length">
      <alias type="CMSIS" value="SEMC_NORCR0_BL(x)"/>
      <bit_field_value name="NORCR0_BL_0b000" value="0b000" description="1"/>
      <bit_field_value name="NORCR0_BL_0b001" value="0b001" description="2"/>
      <bit_field_value name="NORCR0_BL_0b010" value="0b010" description="4"/>
      <bit_field_value name="NORCR0_BL_0b011" value="0b011" description="8"/>
      <bit_field_value name="NORCR0_BL_0b100" value="0b100" description="16"/>
      <bit_field_value name="NORCR0_BL_0b101" value="0b101" description="32"/>
      <bit_field_value name="NORCR0_BL_0b110" value="0b110" description="64"/>
      <bit_field_value name="NORCR0_BL_0b111" value="0b111" description="64"/>
    </bit_field>
    <reserved_bit_field offset="7" width="1" reset_value="0"/>
    <bit_field offset="8" width="2" name="AM" access="RW" reset_value="0" description="Address Mode">
      <alias type="CMSIS" value="SEMC_NORCR0_AM(x)"/>
      <bit_field_value name="NORCR0_AM_0b00" value="0b00" description="Address/Data MUX mode (ADMUX)"/>
      <bit_field_value name="NORCR0_AM_0b01" value="0b01" description="Advanced Address/Data MUX mode (AADM)"/>
      <bit_field_value name="NORCR0_AM_0b10" value="0b10" description="Reserved"/>
      <bit_field_value name="NORCR0_AM_0b11" value="0b11" description="Reserved"/>
    </bit_field>
    <bit_field offset="10" width="1" name="ADVP" access="RW" reset_value="0" description="ADV# polarity">
      <alias type="CMSIS" value="SEMC_NORCR0_ADVP(x)"/>
      <bit_field_value name="NORCR0_ADVP_0b0" value="0b0" description="ADV# is active low."/>
      <bit_field_value name="NORCR0_ADVP_0b1" value="0b1" description="ADV# is active high."/>
    </bit_field>
    <reserved_bit_field offset="11" width="1" reset_value="0"/>
    <bit_field offset="12" width="4" name="COL" access="RW" reset_value="0" description="Column Address bit width">
      <alias type="CMSIS" value="SEMC_NORCR0_COL(x)"/>
      <bit_field_value name="NORCR0_COL_0b0000" value="0b0000" description="12 Bits"/>
      <bit_field_value name="NORCR0_COL_0b0001" value="0b0001" description="11 Bits"/>
      <bit_field_value name="NORCR0_COL_0b0010" value="0b0010" description="10 Bits"/>
      <bit_field_value name="NORCR0_COL_0b0011" value="0b0011" description="9 Bits"/>
      <bit_field_value name="NORCR0_COL_0b0100" value="0b0100" description="8 Bits"/>
      <bit_field_value name="NORCR0_COL_0b0101" value="0b0101" description="7 Bits"/>
      <bit_field_value name="NORCR0_COL_0b0110" value="0b0110" description="6 Bits"/>
      <bit_field_value name="NORCR0_COL_0b0111" value="0b0111" description="5 Bits"/>
      <bit_field_value name="NORCR0_COL_0b1000" value="0b1000" description="4 Bits"/>
      <bit_field_value name="NORCR0_COL_0b1001" value="0b1001" description="3 Bits"/>
      <bit_field_value name="NORCR0_COL_0b1010" value="0b1010" description="2 Bits"/>
      <bit_field_value name="NORCR0_COL_0b1011" value="0b1011" description="12 Bits"/>
      <bit_field_value name="NORCR0_COL_0b1100" value="0b1100" description="12 Bits"/>
      <bit_field_value name="NORCR0_COL_0b1101" value="0b1101" description="12 Bits"/>
      <bit_field_value name="NORCR0_COL_0b1110" value="0b1110" description="12 Bits"/>
      <bit_field_value name="NORCR0_COL_0b1111" value="0b1111" description="12 Bits"/>
    </bit_field>
    <reserved_bit_field offset="16" width="16" reset_value="0"/>
  </register>
  <register offset="0x64" width="32" name="NORCR1" description="NOR control register 1">
    <alias type="CMSIS" value="NORCR1"/>
    <bit_field offset="0" width="4" name="CES" access="RW" reset_value="0" description="CE setup time">
      <alias type="CMSIS" value="SEMC_NORCR1_CES(x)"/>
    </bit_field>
    <bit_field offset="4" width="4" name="CEH" access="RW" reset_value="0" description="CE hold time">
      <alias type="CMSIS" value="SEMC_NORCR1_CEH(x)"/>
    </bit_field>
    <bit_field offset="8" width="4" name="AS" access="RW" reset_value="0" description="Address setup time">
      <alias type="CMSIS" value="SEMC_NORCR1_AS(x)"/>
    </bit_field>
    <bit_field offset="12" width="4" name="AH" access="RW" reset_value="0" description="Address hold time">
      <alias type="CMSIS" value="SEMC_NORCR1_AH(x)"/>
    </bit_field>
    <bit_field offset="16" width="4" name="WEL" access="RW" reset_value="0" description="WE low time">
      <alias type="CMSIS" value="SEMC_NORCR1_WEL(x)"/>
    </bit_field>
    <bit_field offset="20" width="4" name="WEH" access="RW" reset_value="0" description="WE high time">
      <alias type="CMSIS" value="SEMC_NORCR1_WEH(x)"/>
    </bit_field>
    <bit_field offset="24" width="4" name="REL" access="RW" reset_value="0" description="RE low time">
      <alias type="CMSIS" value="SEMC_NORCR1_REL(x)"/>
    </bit_field>
    <bit_field offset="28" width="4" name="REH" access="RW" reset_value="0" description="RE high time">
      <alias type="CMSIS" value="SEMC_NORCR1_REH(x)"/>
    </bit_field>
  </register>
  <register offset="0x68" width="32" name="NORCR2" description="NOR control register 2">
    <alias type="CMSIS" value="NORCR2"/>
    <reserved_bit_field offset="0" width="8" reset_value="0"/>
    <bit_field offset="8" width="4" name="TA" access="RW" reset_value="0" description="Turnaround time">
      <alias type="CMSIS" value="SEMC_NORCR2_TA(x)"/>
    </bit_field>
    <bit_field offset="12" width="4" name="AWDH" access="RW" reset_value="0" description="Address to write data hold time">
      <alias type="CMSIS" value="SEMC_NORCR2_AWDH(x)"/>
    </bit_field>
    <reserved_bit_field offset="16" width="8" reset_value="0"/>
    <bit_field offset="24" width="4" name="CEITV" access="RW" reset_value="0" description="CE# interval time">
      <alias type="CMSIS" value="SEMC_NORCR2_CEITV(x)"/>
    </bit_field>
    <reserved_bit_field offset="28" width="4" reset_value="0"/>
  </register>
  <register offset="0x6C" width="32" name="NORCR3" description="NOR control register 3">
    <alias type="CMSIS" value="NORCR3"/>
    <reserved_bit_field offset="0" width="8" reset_value="0"/>
    <reserved_bit_field offset="8" width="24" reset_value="0"/>
  </register>
  <register offset="0x70" width="32" name="SRAMCR0" description="SRAM control register 0">
    <alias type="CMSIS" value="SRAMCR0"/>
    <bit_field offset="0" width="1" name="PS" access="RW" reset_value="0" description="Port Size">
      <alias type="CMSIS" value="SEMC_SRAMCR0_PS(x)"/>
      <bit_field_value name="SRAMCR0_PS_0b0" value="0b0" description="8bit"/>
      <bit_field_value name="SRAMCR0_PS_0b1" value="0b1" description="16bit"/>
    </bit_field>
    <reserved_bit_field offset="1" width="1" reset_value="0"/>
    <reserved_bit_field offset="2" width="2" reset_value="0"/>
    <bit_field offset="4" width="3" name="BL" access="RW" reset_value="0" description="Burst Length">
      <alias type="CMSIS" value="SEMC_SRAMCR0_BL(x)"/>
      <bit_field_value name="SRAMCR0_BL_0b000" value="0b000" description="1"/>
      <bit_field_value name="SRAMCR0_BL_0b001" value="0b001" description="2"/>
      <bit_field_value name="SRAMCR0_BL_0b010" value="0b010" description="4"/>
      <bit_field_value name="SRAMCR0_BL_0b011" value="0b011" description="8"/>
      <bit_field_value name="SRAMCR0_BL_0b100" value="0b100" description="16"/>
      <bit_field_value name="SRAMCR0_BL_0b101" value="0b101" description="32"/>
      <bit_field_value name="SRAMCR0_BL_0b110" value="0b110" description="64"/>
      <bit_field_value name="SRAMCR0_BL_0b111" value="0b111" description="64"/>
    </bit_field>
    <reserved_bit_field offset="7" width="1" reset_value="0"/>
    <bit_field offset="8" width="2" name="AM" access="RW" reset_value="0" description="Address Mode">
      <alias type="CMSIS" value="SEMC_SRAMCR0_AM(x)"/>
      <bit_field_value name="SRAMCR0_AM_0b00" value="0b00" description="Address/Data MUX mode (ADMUX)"/>
      <bit_field_value name="SRAMCR0_AM_0b01" value="0b01" description="Advanced Address/Data MUX mode (AADM)"/>
      <bit_field_value name="SRAMCR0_AM_0b10" value="0b10" description="Reserved"/>
      <bit_field_value name="SRAMCR0_AM_0b11" value="0b11" description="Reserved"/>
    </bit_field>
    <bit_field offset="10" width="1" name="ADVP" access="RW" reset_value="0" description="ADV# polarity">
      <alias type="CMSIS" value="SEMC_SRAMCR0_ADVP(x)"/>
      <bit_field_value name="SRAMCR0_ADVP_0b0" value="0b0" description="ADV# is active low."/>
      <bit_field_value name="SRAMCR0_ADVP_0b1" value="0b1" description="ADV# is active high."/>
    </bit_field>
    <reserved_bit_field offset="11" width="1" reset_value="0"/>
    <bit_field offset="12" width="4" name="COL" access="RW" reset_value="0" description="Column Address bit width">
      <alias type="CMSIS" value="SEMC_SRAMCR0_COL(x)"/>
      <bit_field_value name="SRAMCR0_COL_0b0000" value="0b0000" description="12 Bits"/>
      <bit_field_value name="SRAMCR0_COL_0b0001" value="0b0001" description="11 Bits"/>
      <bit_field_value name="SRAMCR0_COL_0b0010" value="0b0010" description="10 Bits"/>
      <bit_field_value name="SRAMCR0_COL_0b0011" value="0b0011" description="9 Bits"/>
      <bit_field_value name="SRAMCR0_COL_0b0100" value="0b0100" description="8 Bits"/>
      <bit_field_value name="SRAMCR0_COL_0b0101" value="0b0101" description="7 Bits"/>
      <bit_field_value name="SRAMCR0_COL_0b0110" value="0b0110" description="6 Bits"/>
      <bit_field_value name="SRAMCR0_COL_0b0111" value="0b0111" description="5 Bits"/>
      <bit_field_value name="SRAMCR0_COL_0b1000" value="0b1000" description="4 Bits"/>
      <bit_field_value name="SRAMCR0_COL_0b1001" value="0b1001" description="3 Bits"/>
      <bit_field_value name="SRAMCR0_COL_0b1010" value="0b1010" description="2 Bits"/>
      <bit_field_value name="SRAMCR0_COL_0b1011" value="0b1011" description="12 Bits"/>
      <bit_field_value name="SRAMCR0_COL_0b1100" value="0b1100" description="12 Bits"/>
      <bit_field_value name="SRAMCR0_COL_0b1101" value="0b1101" description="12 Bits"/>
      <bit_field_value name="SRAMCR0_COL_0b1110" value="0b1110" description="12 Bits"/>
      <bit_field_value name="SRAMCR0_COL_0b1111" value="0b1111" description="12 Bits"/>
    </bit_field>
    <reserved_bit_field offset="16" width="16" reset_value="0"/>
  </register>
  <register offset="0x74" width="32" name="SRAMCR1" description="SRAM control register 1">
    <alias type="CMSIS" value="SRAMCR1"/>
    <bit_field offset="0" width="4" name="CES" access="RW" reset_value="0" description="CE setup time">
      <alias type="CMSIS" value="SEMC_SRAMCR1_CES(x)"/>
    </bit_field>
    <bit_field offset="4" width="4" name="CEH" access="RW" reset_value="0" description="CE hold time">
      <alias type="CMSIS" value="SEMC_SRAMCR1_CEH(x)"/>
    </bit_field>
    <bit_field offset="8" width="4" name="AS" access="RW" reset_value="0" description="Address setup time">
      <alias type="CMSIS" value="SEMC_SRAMCR1_AS(x)"/>
    </bit_field>
    <bit_field offset="12" width="4" name="AH" access="RW" reset_value="0" description="Address hold time">
      <alias type="CMSIS" value="SEMC_SRAMCR1_AH(x)"/>
    </bit_field>
    <bit_field offset="16" width="4" name="WEL" access="RW" reset_value="0" description="WE low time">
      <alias type="CMSIS" value="SEMC_SRAMCR1_WEL(x)"/>
    </bit_field>
    <bit_field offset="20" width="4" name="WEH" access="RW" reset_value="0" description="WE high time">
      <alias type="CMSIS" value="SEMC_SRAMCR1_WEH(x)"/>
    </bit_field>
    <bit_field offset="24" width="4" name="REL" access="RW" reset_value="0" description="RE low time">
      <alias type="CMSIS" value="SEMC_SRAMCR1_REL(x)"/>
    </bit_field>
    <bit_field offset="28" width="4" name="REH" access="RW" reset_value="0" description="RE high time">
      <alias type="CMSIS" value="SEMC_SRAMCR1_REH(x)"/>
    </bit_field>
  </register>
  <register offset="0x78" width="32" name="SRAMCR2" description="SRAM control register 2">
    <alias type="CMSIS" value="SRAMCR2"/>
    <reserved_bit_field offset="0" width="8" reset_value="0"/>
    <bit_field offset="8" width="4" name="TA" access="RW" reset_value="0" description="Turnaround time">
      <alias type="CMSIS" value="SEMC_SRAMCR2_TA(x)"/>
    </bit_field>
    <bit_field offset="12" width="4" name="AWDH" access="RW" reset_value="0" description="Address to write data hold time">
      <alias type="CMSIS" value="SEMC_SRAMCR2_AWDH(x)"/>
    </bit_field>
    <reserved_bit_field offset="16" width="8" reset_value="0"/>
    <bit_field offset="24" width="4" name="CEITV" access="RW" reset_value="0" description="CE# interval time">
      <alias type="CMSIS" value="SEMC_SRAMCR2_CEITV(x)"/>
    </bit_field>
    <reserved_bit_field offset="28" width="4" reset_value="0"/>
  </register>
  <register offset="0x7C" width="32" name="SRAMCR3" description="SRAM control register 3">
    <alias type="CMSIS" value="SRAMCR3"/>
    <reserved_bit_field offset="0" width="32" reset_value="0"/>
  </register>
  <register offset="0x80" width="32" name="DBICR0" description="DBI-B control register 0">
    <alias type="CMSIS" value="DBICR0"/>
    <bit_field offset="0" width="1" name="PS" access="RW" reset_value="0" description="Port Size">
      <alias type="CMSIS" value="SEMC_DBICR0_PS(x)"/>
      <bit_field_value name="DBICR0_PS_0b0" value="0b0" description="8bit"/>
      <bit_field_value name="DBICR0_PS_0b1" value="0b1" description="16bit"/>
    </bit_field>
    <reserved_bit_field offset="1" width="3" reset_value="0"/>
    <bit_field offset="4" width="3" name="BL" access="RW" reset_value="0" description="Burst Length">
      <alias type="CMSIS" value="SEMC_DBICR0_BL(x)"/>
      <bit_field_value name="DBICR0_BL_0b000" value="0b000" description="1"/>
      <bit_field_value name="DBICR0_BL_0b001" value="0b001" description="2"/>
      <bit_field_value name="DBICR0_BL_0b010" value="0b010" description="4"/>
      <bit_field_value name="DBICR0_BL_0b011" value="0b011" description="8"/>
      <bit_field_value name="DBICR0_BL_0b100" value="0b100" description="16"/>
      <bit_field_value name="DBICR0_BL_0b101" value="0b101" description="32"/>
      <bit_field_value name="DBICR0_BL_0b110" value="0b110" description="64"/>
      <bit_field_value name="DBICR0_BL_0b111" value="0b111" description="64"/>
    </bit_field>
    <reserved_bit_field offset="7" width="5" reset_value="0"/>
    <bit_field offset="12" width="4" name="COL" access="RW" reset_value="0" description="Column Address bit width">
      <alias type="CMSIS" value="SEMC_DBICR0_COL(x)"/>
      <bit_field_value name="DBICR0_COL_0b0000" value="0b0000" description="12 Bits"/>
      <bit_field_value name="DBICR0_COL_0b0001" value="0b0001" description="11 Bits"/>
      <bit_field_value name="DBICR0_COL_0b0010" value="0b0010" description="10 Bits"/>
      <bit_field_value name="DBICR0_COL_0b0011" value="0b0011" description="9 Bits"/>
      <bit_field_value name="DBICR0_COL_0b0100" value="0b0100" description="8 Bits"/>
      <bit_field_value name="DBICR0_COL_0b0101" value="0b0101" description="7 Bits"/>
      <bit_field_value name="DBICR0_COL_0b0110" value="0b0110" description="6 Bits"/>
      <bit_field_value name="DBICR0_COL_0b0111" value="0b0111" description="5 Bits"/>
      <bit_field_value name="DBICR0_COL_0b1000" value="0b1000" description="4 Bits"/>
      <bit_field_value name="DBICR0_COL_0b1001" value="0b1001" description="3 Bits"/>
      <bit_field_value name="DBICR0_COL_0b1010" value="0b1010" description="2 Bits"/>
      <bit_field_value name="DBICR0_COL_0b1011" value="0b1011" description="12 Bits"/>
      <bit_field_value name="DBICR0_COL_0b1100" value="0b1100" description="12 Bits"/>
      <bit_field_value name="DBICR0_COL_0b1101" value="0b1101" description="12 Bits"/>
      <bit_field_value name="DBICR0_COL_0b1110" value="0b1110" description="12 Bits"/>
      <bit_field_value name="DBICR0_COL_0b1111" value="0b1111" description="12 Bits"/>
    </bit_field>
    <reserved_bit_field offset="16" width="16" reset_value="0"/>
  </register>
  <register offset="0x84" width="32" name="DBICR1" description="DBI-B control register 1">
    <alias type="CMSIS" value="DBICR1"/>
    <bit_field offset="0" width="4" name="CES" access="RW" reset_value="0" description="CSX Setup Time">
      <alias type="CMSIS" value="SEMC_DBICR1_CES(x)"/>
    </bit_field>
    <bit_field offset="4" width="4" name="CEH" access="RW" reset_value="0" description="CSX Hold Time">
      <alias type="CMSIS" value="SEMC_DBICR1_CEH(x)"/>
    </bit_field>
    <bit_field offset="8" width="4" name="WEL" access="RW" reset_value="0" description="WRX Low Time">
      <alias type="CMSIS" value="SEMC_DBICR1_WEL(x)"/>
    </bit_field>
    <bit_field offset="12" width="4" name="WEH" access="RW" reset_value="0" description="WRX High Time">
      <alias type="CMSIS" value="SEMC_DBICR1_WEH(x)"/>
    </bit_field>
    <bit_field offset="16" width="4" name="REL" access="RW" reset_value="0" description="RDX Low Time bit [3:0]">
      <alias type="CMSIS" value="SEMC_DBICR1_REL(x)"/>
    </bit_field>
    <bit_field offset="20" width="4" name="REH" access="RW" reset_value="0" description="RDX High Time bit [3:0]">
      <alias type="CMSIS" value="SEMC_DBICR1_REH(x)"/>
    </bit_field>
    <bit_field offset="24" width="4" name="CEITV" access="RW" reset_value="0" description="CSX interval time">
      <alias type="CMSIS" value="SEMC_DBICR1_CEITV(x)"/>
    </bit_field>
    <reserved_bit_field offset="28" width="4" reset_value="0"/>
  </register>
  <register offset="0x90" width="32" name="IPCR0" description="IP Command control register 0">
    <alias type="CMSIS" value="IPCR0"/>
    <bit_field offset="0" width="32" name="SA" access="RW" reset_value="0" description="Slave address">
      <alias type="CMSIS" value="SEMC_IPCR0_SA(x)"/>
    </bit_field>
  </register>
  <register offset="0x94" width="32" name="IPCR1" description="IP Command control register 1">
    <alias type="CMSIS" value="IPCR1"/>
    <bit_field offset="0" width="3" name="DATSZ" access="RW" reset_value="0" description="Data Size in Byte">
      <alias type="CMSIS" value="SEMC_IPCR1_DATSZ(x)"/>
      <bit_field_value name="IPCR1_DATSZ_0b000" value="0b000" description="4"/>
      <bit_field_value name="IPCR1_DATSZ_0b001" value="0b001" description="1"/>
      <bit_field_value name="IPCR1_DATSZ_0b010" value="0b010" description="2"/>
      <bit_field_value name="IPCR1_DATSZ_0b011" value="0b011" description="3"/>
      <bit_field_value name="IPCR1_DATSZ_0b100" value="0b100" description="4"/>
      <bit_field_value name="IPCR1_DATSZ_0b101" value="0b101" description="4"/>
      <bit_field_value name="IPCR1_DATSZ_0b110" value="0b110" description="4"/>
      <bit_field_value name="IPCR1_DATSZ_0b111" value="0b111" description="4"/>
    </bit_field>
    <reserved_bit_field offset="3" width="5" reset_value="0"/>
    <reserved_bit_field offset="8" width="8" reset_value="0"/>
    <reserved_bit_field offset="16" width="16" reset_value="0"/>
  </register>
  <register offset="0x98" width="32" name="IPCR2" description="IP Command control register 2">
    <alias type="CMSIS" value="IPCR2"/>
    <bit_field offset="0" width="1" name="BM0" access="RW" reset_value="0" description="Byte Mask for Byte 0 (IPTXD bit 7:0)">
      <alias type="CMSIS" value="SEMC_IPCR2_BM0(x)"/>
      <bit_field_value name="IPCR2_BM0_0b0" value="0b0" description="Byte Unmasked"/>
      <bit_field_value name="IPCR2_BM0_0b1" value="0b1" description="Byte Masked"/>
    </bit_field>
    <bit_field offset="1" width="1" name="BM1" access="RW" reset_value="0" description="Byte Mask for Byte 1 (IPTXD bit 15:8)">
      <alias type="CMSIS" value="SEMC_IPCR2_BM1(x)"/>
      <bit_field_value name="IPCR2_BM1_0b0" value="0b0" description="Byte Unmasked"/>
      <bit_field_value name="IPCR2_BM1_0b1" value="0b1" description="Byte Masked"/>
    </bit_field>
    <bit_field offset="2" width="1" name="BM2" access="RW" reset_value="0" description="Byte Mask for Byte 2 (IPTXD bit 23:16)">
      <alias type="CMSIS" value="SEMC_IPCR2_BM2(x)"/>
      <bit_field_value name="IPCR2_BM2_0b0" value="0b0" description="Byte Unmasked"/>
      <bit_field_value name="IPCR2_BM2_0b1" value="0b1" description="Byte Masked"/>
    </bit_field>
    <bit_field offset="3" width="1" name="BM3" access="RW" reset_value="0" description="Byte Mask for Byte 3 (IPTXD bit 31:24)">
      <alias type="CMSIS" value="SEMC_IPCR2_BM3(x)"/>
      <bit_field_value name="IPCR2_BM3_0b0" value="0b0" description="Byte Unmasked"/>
      <bit_field_value name="IPCR2_BM3_0b1" value="0b1" description="Byte Masked"/>
    </bit_field>
    <reserved_bit_field offset="4" width="28" reset_value="0"/>
  </register>
  <register offset="0x9C" width="32" name="IPCMD" description="IP Command register">
    <alias type="CMSIS" value="IPCMD"/>
    <bit_field offset="0" width="16" name="CMD" access="RW" reset_value="0" description="SDRAM Commands: 0x8: Read 0x9: Write 0xA: Mode Register Set 0xB: Active 0xC: Auto Refresh 0xD: Self Refresh 0xE: Precharge 0xF: Precharge All Others: Reserved Self Refresh is sent to all SDRAM devices because they shared same SEMC_CLK pin. NAND Commands: Bit 15-8 (Command Code) Bit 7-4 (Address mode): 0x0: Colum and Row address(5 Byte-CA0/CA1/RA0/RA1/RA2) 0x1: Column address only (1 Byte-CA0) 0x2: Column address only (2 Byte-CA0/CA1) 0x3: Row address only (1 Byte-RA0) 0x4: Row address only (2 Byte-RA0/RA1) 0x5: Row address only (3 Byte-RA0/RA1/RA2) Others: Reserved Bit 3-0 (Command mode): 0x0: Command(0x05)-Address-Command-Read (Reserved for AXI Read) 0x1: Command(0x85)-Address-Write (Reserved for AXI Write) 0x2: Command 0x3: Command-Hold 0x4: Command-Address 0x5: Command-Address-Hold 0x6: Command-Address-Read 0x7: Command-Address-Write 0x8: Command-Read 0x9: Command-Write 0xA: Read 0xB: Write Others: Reserved NOR Commands: 0x2: Read 0x3: Write Others: Reserved SRAM Commands: 0x2: Memory Array Read 0x3: Memory Array Write 0x4: Memory Register Read 0x5: Memory Register Write Others: Reserved DBI_B Commands: Others: Reserved 0x2: Read 0x3: Write">
      <alias type="CMSIS" value="SEMC_IPCMD_CMD(x)"/>
    </bit_field>
    <bit_field offset="16" width="16" name="KEY" access="WO" reset_value="0" description="This field should be written with 0xA55A when trigging an IP command.">
      <alias type="CMSIS" value="SEMC_IPCMD_KEY(x)"/>
    </bit_field>
  </register>
  <register offset="0xA0" width="32" name="IPTXDAT" description="TX DATA register (for IP Command)">
    <alias type="CMSIS" value="IPTXDAT"/>
    <bit_field offset="0" width="32" name="DAT" access="RW" reset_value="0" description="data">
      <alias type="CMSIS" value="SEMC_IPTXDAT_DAT(x)"/>
    </bit_field>
  </register>
  <register offset="0xB0" width="32" name="IPRXDAT" description="RX DATA register (for IP Command)">
    <alias type="CMSIS" value="IPRXDAT"/>
    <bit_field offset="0" width="32" name="DAT" access="RO" reset_value="0" description="data">
      <alias type="CMSIS" value="SEMC_IPRXDAT_DAT(x)"/>
    </bit_field>
  </register>
  <register offset="0xC0" width="32" name="STS0" description="Status register 0">
    <alias type="CMSIS" value="STS0"/>
    <bit_field offset="0" width="1" name="IDLE" access="RO" reset_value="0x1" description="Indicating whether SEMC is in IDLE state.">
      <alias type="CMSIS" value="SEMC_STS0_IDLE(x)"/>
    </bit_field>
    <bit_field offset="1" width="1" name="NARDY" access="RO" reset_value="0" description="Indicating NAND device Ready/WAIT# pin level.">
      <alias type="CMSIS" value="SEMC_STS0_NARDY(x)"/>
      <alias type="id" value="NDRDY"/>
      <bit_field_value name="STS0_NARDY_0b0" value="0b0" description="NAND device is not ready"/>
      <bit_field_value name="STS0_NARDY_0b1" value="0b1" description="NAND device is ready"/>
    </bit_field>
    <reserved_bit_field offset="2" width="30" reset_value="0"/>
  </register>
  <register offset="0xC4" width="32" name="STS1" description="Status register 1">
    <alias type="CMSIS" value="STS1"/>
    <reserved_bit_field offset="0" width="32" reset_value="0"/>
  </register>
  <register offset="0xC8" width="32" name="STS2" description="Status register 2">
    <alias type="CMSIS" value="STS2"/>
    <reserved_bit_field offset="0" width="3" reset_value="0"/>
    <bit_field offset="3" width="1" name="NDWRPEND" access="RO" reset_value="0" description="This field indicating whether there is pending AXI command (write) to NAND device.">
      <alias type="CMSIS" value="SEMC_STS2_NDWRPEND(x)"/>
      <bit_field_value name="STS2_NDWRPEND_0b0" value="0b0" description="No pending"/>
      <bit_field_value name="STS2_NDWRPEND_0b1" value="0b1" description="Pending"/>
    </bit_field>
    <reserved_bit_field offset="4" width="28" reset_value="0"/>
  </register>
  <register offset="0xCC" width="32" name="STS3" description="Status register 3">
    <alias type="CMSIS" value="STS3"/>
    <reserved_bit_field offset="0" width="32" reset_value="0"/>
  </register>
  <register offset="0xD0" width="32" name="STS4" description="Status register 4">
    <alias type="CMSIS" value="STS4"/>
    <reserved_bit_field offset="0" width="32" reset_value="0"/>
  </register>
  <register offset="0xD4" width="32" name="STS5" description="Status register 5">
    <alias type="CMSIS" value="STS5"/>
    <reserved_bit_field offset="0" width="32" reset_value="0"/>
  </register>
  <register offset="0xD8" width="32" name="STS6" description="Status register 6">
    <alias type="CMSIS" value="STS6"/>
    <reserved_bit_field offset="0" width="32" reset_value="0"/>
  </register>
  <register offset="0xDC" width="32" name="STS7" description="Status register 7">
    <alias type="CMSIS" value="STS7"/>
    <reserved_bit_field offset="0" width="32" reset_value="0"/>
  </register>
  <register offset="0xE0" width="32" name="STS8" description="Status register 8">
    <alias type="CMSIS" value="STS8"/>
    <reserved_bit_field offset="0" width="32" reset_value="0"/>
  </register>
  <register offset="0xE4" width="32" name="STS9" description="Status register 9">
    <alias type="CMSIS" value="STS9"/>
    <reserved_bit_field offset="0" width="32" reset_value="0"/>
  </register>
  <register offset="0xE8" width="32" name="STS10" description="Status register 10">
    <alias type="CMSIS" value="STS10"/>
    <reserved_bit_field offset="0" width="32" reset_value="0"/>
  </register>
  <register offset="0xEC" width="32" name="STS11" description="Status register 11">
    <alias type="CMSIS" value="STS11"/>
    <reserved_bit_field offset="0" width="32" reset_value="0"/>
  </register>
  <register offset="0xF0" width="32" name="STS12" description="Status register 12">
    <alias type="CMSIS" value="STS12"/>
    <bit_field offset="0" width="32" name="NDADDR" access="RO" reset_value="0" description="This field indicating the last write address (AXI command) to NAND device (without base address in SEMC_BR4).">
      <alias type="CMSIS" value="SEMC_STS12_NDADDR(x)"/>
    </bit_field>
  </register>
  <register offset="0xF4" width="32" name="STS13" description="Status register 13">
    <alias type="CMSIS" value="STS13"/>
    <reserved_bit_field offset="0" width="32" reset_value="0"/>
  </register>
  <register offset="0xF8" width="32" name="STS14" description="Status register 14">
    <alias type="CMSIS" value="STS14"/>
    <reserved_bit_field offset="0" width="32" reset_value="0"/>
  </register>
  <register offset="0xFC" width="32" name="STS15" description="Status register 15">
    <alias type="CMSIS" value="STS15"/>
    <reserved_bit_field offset="0" width="32" reset_value="0"/>
  </register>
</regs:peripheral>