<?xml version="1.0"?>
<regs:peripheral xmlns:regs="http://swtools.freescale.net/XSD/registers/4.0/regsPeripheral.xsd" xmlns:xsi="http://www.w3.org/2001/XMLSchema-instance" xsi:schemaLocation="http://swtools.freescale.net/XSD/registers/4.0/regsPeripheral.xsd http://swtools.freescale.net/XSD/registers/4.0/regsPeripheral.xsd">
  <register offset="0" width="32" name="SCR" description="SPDIF Configuration Register">
    <alias type="CMSIS" value="SCR"/>
    <bit_field offset="0" width="2" name="USrc_Sel" access="RW" reset_value="0" description="">
      <alias type="CMSIS" value="SPDIF_SCR_USRC_SEL(x)"/>
      <bit_field_value name="SCR_USrc_Sel_0b00" value="0b00" description="No embedded U channel"/>
      <bit_field_value name="SCR_USrc_Sel_0b01" value="0b01" description="U channel from SPDIF receive block (CD mode)"/>
      <bit_field_value name="SCR_USrc_Sel_0b10" value="0b10" description="Reserved"/>
      <bit_field_value name="SCR_USrc_Sel_0b11" value="0b11" description="U channel from on chip transmitter"/>
    </bit_field>
    <bit_field offset="2" width="3" name="TxSel" access="RW" reset_value="0" description="">
      <alias type="CMSIS" value="SPDIF_SCR_TXSEL(x)"/>
      <bit_field_value name="SCR_TxSel_0b000" value="0b000" description="Off and output 0"/>
      <bit_field_value name="SCR_TxSel_0b001" value="0b001" description="Feed-through SPDIFIN"/>
      <bit_field_value name="SCR_TxSel_0b101" value="0b101" description="Tx Normal operation"/>
    </bit_field>
    <bit_field offset="5" width="1" name="ValCtrl" access="RW" reset_value="0" description="">
      <alias type="CMSIS" value="SPDIF_SCR_VALCTRL(x)"/>
      <bit_field_value name="SCR_ValCtrl_0b0" value="0b0" description="Outgoing Validity always set"/>
      <bit_field_value name="SCR_ValCtrl_0b1" value="0b1" description="Outgoing Validity always clear"/>
    </bit_field>
    <reserved_bit_field offset="6" width="2" reset_value="0"/>
    <bit_field offset="8" width="1" name="DMA_TX_En" access="RW" reset_value="0" description="DMA Transmit Request Enable (Tx FIFO empty)">
      <alias type="CMSIS" value="SPDIF_SCR_DMA_TX_EN(x)"/>
    </bit_field>
    <bit_field offset="9" width="1" name="DMA_Rx_En" access="RW" reset_value="0" description="DMA Receive Request Enable (RX FIFO full)">
      <alias type="CMSIS" value="SPDIF_SCR_DMA_RX_EN(x)"/>
    </bit_field>
    <bit_field offset="10" width="2" name="TxFIFO_Ctrl" access="RW" reset_value="0x1" description="">
      <alias type="CMSIS" value="SPDIF_SCR_TXFIFO_CTRL(x)"/>
      <bit_field_value name="SCR_TxFIFO_Ctrl_0b00" value="0b00" description="Send out digital zero on SPDIF Tx"/>
      <bit_field_value name="SCR_TxFIFO_Ctrl_0b01" value="0b01" description="Tx Normal operation"/>
      <bit_field_value name="SCR_TxFIFO_Ctrl_0b10" value="0b10" description="Reset to 1 sample remaining"/>
      <bit_field_value name="SCR_TxFIFO_Ctrl_0b11" value="0b11" description="Reserved"/>
    </bit_field>
    <bit_field offset="12" width="1" name="soft_reset" access="RW" reset_value="0" description="When write 1 to this bit, it will cause SPDIF software reset. The software reset will last 8 cycles. When in the reset process, return 1 when read. else return 0 when read.">
      <alias type="CMSIS" value="SPDIF_SCR_SOFT_RESET(x)"/>
    </bit_field>
    <bit_field offset="13" width="1" name="LOW_POWER" access="RW" reset_value="0" description="When write 1 to this bit, it will cause SPDIF enter low-power mode. return 1 when SPDIF in Low-Power mode.">
      <alias type="CMSIS" value="SPDIF_SCR_LOW_POWER(x)"/>
    </bit_field>
    <reserved_bit_field offset="14" width="1" reset_value="0"/>
    <bit_field offset="15" width="2" name="TxFIFOEmpty_Sel" access="RW" reset_value="0" description="">
      <alias type="CMSIS" value="SPDIF_SCR_TXFIFOEMPTY_SEL(x)"/>
      <bit_field_value name="SCR_TxFIFOEmpty_Sel_0b00" value="0b00" description="Empty interrupt if 0 sample in Tx left and right FIFOs"/>
      <bit_field_value name="SCR_TxFIFOEmpty_Sel_0b01" value="0b01" description="Empty interrupt if at most 4 sample in Tx left and right FIFOs"/>
      <bit_field_value name="SCR_TxFIFOEmpty_Sel_0b10" value="0b10" description="Empty interrupt if at most 8 sample in Tx left and right FIFOs"/>
      <bit_field_value name="SCR_TxFIFOEmpty_Sel_0b11" value="0b11" description="Empty interrupt if at most 12 sample in Tx left and right FIFOs"/>
    </bit_field>
    <bit_field offset="17" width="1" name="TxAutoSync" access="RW" reset_value="0" description="">
      <alias type="CMSIS" value="SPDIF_SCR_TXAUTOSYNC(x)"/>
      <bit_field_value name="SCR_TxAutoSync_0b0" value="0b0" description="Tx FIFO auto sync off"/>
      <bit_field_value name="SCR_TxAutoSync_0b1" value="0b1" description="Tx FIFO auto sync on"/>
    </bit_field>
    <bit_field offset="18" width="1" name="RxAutoSync" access="RW" reset_value="0" description="">
      <alias type="CMSIS" value="SPDIF_SCR_RXAUTOSYNC(x)"/>
      <bit_field_value name="SCR_RxAutoSync_0b0" value="0b0" description="Rx FIFO auto sync off"/>
      <bit_field_value name="SCR_RxAutoSync_0b1" value="0b1" description="RxFIFO auto sync on"/>
    </bit_field>
    <bit_field offset="19" width="2" name="RxFIFOFull_Sel" access="RW" reset_value="0" description="">
      <alias type="CMSIS" value="SPDIF_SCR_RXFIFOFULL_SEL(x)"/>
      <bit_field_value name="SCR_RxFIFOFull_Sel_0b00" value="0b00" description="Full interrupt if at least 1 sample in Rx left and right FIFOs"/>
      <bit_field_value name="SCR_RxFIFOFull_Sel_0b01" value="0b01" description="Full interrupt if at least 4 sample in Rx left and right FIFOs"/>
      <bit_field_value name="SCR_RxFIFOFull_Sel_0b10" value="0b10" description="Full interrupt if at least 8 sample in Rx left and right FIFOs"/>
      <bit_field_value name="SCR_RxFIFOFull_Sel_0b11" value="0b11" description="Full interrupt if at least 16 sample in Rx left and right FIFO"/>
    </bit_field>
    <bit_field offset="21" width="1" name="RxFIFO_Rst" access="RW" reset_value="0" description="">
      <alias type="CMSIS" value="SPDIF_SCR_RXFIFO_RST(x)"/>
      <bit_field_value name="SCR_RxFIFO_Rst_0b0" value="0b0" description="Normal operation"/>
      <bit_field_value name="SCR_RxFIFO_Rst_0b1" value="0b1" description="Reset register to 1 sample remaining"/>
    </bit_field>
    <bit_field offset="22" width="1" name="RxFIFO_Off_On" access="RW" reset_value="0" description="">
      <alias type="CMSIS" value="SPDIF_SCR_RXFIFO_OFF_ON(x)"/>
      <bit_field_value name="SCR_RxFIFO_Off_On_0b0" value="0b0" description="SPDIF Rx FIFO is on"/>
      <bit_field_value name="SCR_RxFIFO_Off_On_0b1" value="0b1" description="SPDIF Rx FIFO is off. Does not accept data from interface"/>
    </bit_field>
    <bit_field offset="23" width="1" name="RxFIFO_Ctrl" access="RW" reset_value="0" description="">
      <alias type="CMSIS" value="SPDIF_SCR_RXFIFO_CTRL(x)"/>
      <bit_field_value name="SCR_RxFIFO_Ctrl_0b0" value="0b0" description="Normal operation"/>
      <bit_field_value name="SCR_RxFIFO_Ctrl_0b1" value="0b1" description="Always read zero from Rx data register"/>
    </bit_field>
    <reserved_bit_field offset="24" width="8" reset_value="0"/>
  </register>
  <register offset="0x4" width="32" name="SRCD" description="CDText Control Register">
    <alias type="CMSIS" value="SRCD"/>
    <reserved_bit_field offset="0" width="1" reset_value="0"/>
    <bit_field offset="1" width="1" name="USyncMode" access="RW" reset_value="0" description="">
      <alias type="CMSIS" value="SPDIF_SRCD_USYNCMODE(x)"/>
      <bit_field_value name="SRCD_USyncMode_0b0" value="0b0" description="Non-CD data"/>
      <bit_field_value name="SRCD_USyncMode_0b1" value="0b1" description="CD user channel subcode"/>
    </bit_field>
    <reserved_bit_field offset="2" width="1" reset_value="0"/>
    <reserved_bit_field offset="3" width="5" reset_value="0"/>
    <reserved_bit_field offset="8" width="7" reset_value="0"/>
    <reserved_bit_field offset="15" width="9" reset_value="0"/>
    <reserved_bit_field offset="24" width="8" reset_value="0"/>
  </register>
  <register offset="0x8" width="32" name="SRPC" description="PhaseConfig Register">
    <alias type="CMSIS" value="SRPC"/>
    <reserved_bit_field offset="0" width="3" reset_value="0"/>
    <bit_field offset="3" width="3" name="GainSel" access="RW" reset_value="0" description="Gain selection:">
      <alias type="CMSIS" value="SPDIF_SRPC_GAINSEL(x)"/>
      <bit_field_value name="SRPC_GainSel_0b000" value="0b000" description="24*(2**10)"/>
      <bit_field_value name="SRPC_GainSel_0b001" value="0b001" description="16*(2**10)"/>
      <bit_field_value name="SRPC_GainSel_0b010" value="0b010" description="12*(2**10)"/>
      <bit_field_value name="SRPC_GainSel_0b011" value="0b011" description="8*(2**10)"/>
      <bit_field_value name="SRPC_GainSel_0b100" value="0b100" description="6*(2**10)"/>
      <bit_field_value name="SRPC_GainSel_0b101" value="0b101" description="4*(2**10)"/>
      <bit_field_value name="SRPC_GainSel_0b110" value="0b110" description="3*(2**10)"/>
    </bit_field>
    <bit_field offset="6" width="1" name="LOCK" access="RO" reset_value="0" description="LOCK bit to show that the internal DPLL is locked, read only">
      <alias type="CMSIS" value="SPDIF_SRPC_LOCK(x)"/>
    </bit_field>
    <bit_field offset="7" width="4" name="ClkSrc_Sel" access="RW" reset_value="0" description="Clock source selection, all other settings not shown are reserved:">
      <alias type="CMSIS" value="SPDIF_SRPC_CLKSRC_SEL(x)"/>
      <bit_field_value name="SRPC_ClkSrc_Sel_0b0000" value="0b0000" description="if (DPLL Locked) SPDIF_RxClk else REF_CLK_32K (XTALOSC)"/>
      <bit_field_value name="SRPC_ClkSrc_Sel_0b0001" value="0b0001" description="if (DPLL Locked) SPDIF_RxClk else tx_clk (SPDIF0_CLK_ROOT)"/>
      <bit_field_value name="SRPC_ClkSrc_Sel_0b0011" value="0b0011" description="if (DPLL Locked) SPDIF_RxClk else SPDIF_EXT_CLK"/>
      <bit_field_value name="SRPC_ClkSrc_Sel_0b0101" value="0b0101" description="REF_CLK_32K (XTALOSC)"/>
      <bit_field_value name="SRPC_ClkSrc_Sel_0b0110" value="0b0110" description="tx_clk (SPDIF0_CLK_ROOT)"/>
      <bit_field_value name="SRPC_ClkSrc_Sel_0b1000" value="0b1000" description="SPDIF_EXT_CLK"/>
    </bit_field>
    <reserved_bit_field offset="11" width="13" reset_value="0"/>
    <reserved_bit_field offset="24" width="8" reset_value="0"/>
  </register>
  <register offset="0xC" width="32" name="SIE" description="InterruptEn Register">
    <alias type="CMSIS" value="SIE"/>
    <bit_field offset="0" width="1" name="RxFIFOFul" access="RW" reset_value="0" description="SPDIF Rx FIFO full, can't be cleared with reg. IntClear. To clear it, read from Rx FIFO.">
      <alias type="CMSIS" value="SPDIF_SIE_RXFIFOFUL(x)"/>
    </bit_field>
    <bit_field offset="1" width="1" name="TxEm" access="RW" reset_value="0" description="SPDIF Tx FIFO empty, can't be cleared with reg. IntClear. To clear it, write toTx FIFO.">
      <alias type="CMSIS" value="SPDIF_SIE_TXEM(x)"/>
    </bit_field>
    <bit_field offset="2" width="1" name="LockLoss" access="RW" reset_value="0" description="SPDIF receiver loss of lock">
      <alias type="CMSIS" value="SPDIF_SIE_LOCKLOSS(x)"/>
    </bit_field>
    <bit_field offset="3" width="1" name="RxFIFOResyn" access="RW" reset_value="0" description="Rx FIFO resync">
      <alias type="CMSIS" value="SPDIF_SIE_RXFIFORESYN(x)"/>
    </bit_field>
    <bit_field offset="4" width="1" name="RxFIFOUnOv" access="RW" reset_value="0" description="Rx FIFO underrun/overrun">
      <alias type="CMSIS" value="SPDIF_SIE_RXFIFOUNOV(x)"/>
    </bit_field>
    <bit_field offset="5" width="1" name="UQErr" access="RW" reset_value="0" description="U/Q Channel framing error">
      <alias type="CMSIS" value="SPDIF_SIE_UQERR(x)"/>
    </bit_field>
    <bit_field offset="6" width="1" name="UQSync" access="RW" reset_value="0" description="U/Q Channel sync found">
      <alias type="CMSIS" value="SPDIF_SIE_UQSYNC(x)"/>
    </bit_field>
    <bit_field offset="7" width="1" name="QRxOv" access="RW" reset_value="0" description="Q Channel receive register overrun">
      <alias type="CMSIS" value="SPDIF_SIE_QRXOV(x)"/>
    </bit_field>
    <bit_field offset="8" width="1" name="QRxFul" access="RW" reset_value="0" description="Q Channel receive register full, can't be cleared with reg. IntClear. To clear it, read from Q Rx reg.">
      <alias type="CMSIS" value="SPDIF_SIE_QRXFUL(x)"/>
    </bit_field>
    <bit_field offset="9" width="1" name="URxOv" access="RW" reset_value="0" description="U Channel receive register overrun">
      <alias type="CMSIS" value="SPDIF_SIE_URXOV(x)"/>
    </bit_field>
    <bit_field offset="10" width="1" name="URxFul" access="RW" reset_value="0" description="U Channel receive register full, can't be cleared with reg. IntClear. To clear it, read from U Rx reg.">
      <alias type="CMSIS" value="SPDIF_SIE_URXFUL(x)"/>
    </bit_field>
    <reserved_bit_field offset="11" width="3" reset_value="0"/>
    <bit_field offset="14" width="1" name="BitErr" access="RW" reset_value="0" description="SPDIF receiver found parity bit error">
      <alias type="CMSIS" value="SPDIF_SIE_BITERR(x)"/>
    </bit_field>
    <bit_field offset="15" width="1" name="SymErr" access="RW" reset_value="0" description="SPDIF receiver found illegal symbol">
      <alias type="CMSIS" value="SPDIF_SIE_SYMERR(x)"/>
    </bit_field>
    <bit_field offset="16" width="1" name="ValNoGood" access="RW" reset_value="0" description="SPDIF validity flag no good">
      <alias type="CMSIS" value="SPDIF_SIE_VALNOGOOD(x)"/>
    </bit_field>
    <bit_field offset="17" width="1" name="CNew" access="RW" reset_value="0" description="SPDIF receive change in value of control channel">
      <alias type="CMSIS" value="SPDIF_SIE_CNEW(x)"/>
    </bit_field>
    <bit_field offset="18" width="1" name="TxResyn" access="RW" reset_value="0" description="SPDIF Tx FIFO resync">
      <alias type="CMSIS" value="SPDIF_SIE_TXRESYN(x)"/>
    </bit_field>
    <bit_field offset="19" width="1" name="TxUnOv" access="RW" reset_value="0" description="SPDIF Tx FIFO under/overrun">
      <alias type="CMSIS" value="SPDIF_SIE_TXUNOV(x)"/>
    </bit_field>
    <bit_field offset="20" width="1" name="Lock" access="RW" reset_value="0" description="SPDIF receiver's DPLL is locked">
      <alias type="CMSIS" value="SPDIF_SIE_LOCK(x)"/>
    </bit_field>
    <reserved_bit_field offset="21" width="2" reset_value="0"/>
    <reserved_bit_field offset="23" width="1" reset_value="0"/>
    <reserved_bit_field offset="24" width="8" reset_value="0"/>
  </register>
  <register offset="0x10" width="32" name="SIC" description="InterruptClear Register">
    <alias type="CMSIS" value="SIC"/>
    <reserved_bit_field offset="0" width="2" reset_value="0"/>
    <bit_field offset="2" width="1" name="LockLoss" access="WO" reset_value="0" description="SPDIF receiver loss of lock">
      <alias type="CMSIS" value="SPDIF_SIC_LOCKLOSS(x)"/>
    </bit_field>
    <bit_field offset="3" width="1" name="RxFIFOResyn" access="WO" reset_value="0" description="Rx FIFO resync">
      <alias type="CMSIS" value="SPDIF_SIC_RXFIFORESYN(x)"/>
    </bit_field>
    <bit_field offset="4" width="1" name="RxFIFOUnOv" access="WO" reset_value="0" description="Rx FIFO underrun/overrun">
      <alias type="CMSIS" value="SPDIF_SIC_RXFIFOUNOV(x)"/>
    </bit_field>
    <bit_field offset="5" width="1" name="UQErr" access="WO" reset_value="0" description="U/Q Channel framing error">
      <alias type="CMSIS" value="SPDIF_SIC_UQERR(x)"/>
    </bit_field>
    <bit_field offset="6" width="1" name="UQSync" access="WO" reset_value="0" description="U/Q Channel sync found">
      <alias type="CMSIS" value="SPDIF_SIC_UQSYNC(x)"/>
    </bit_field>
    <bit_field offset="7" width="1" name="QRxOv" access="WO" reset_value="0" description="Q Channel receive register overrun">
      <alias type="CMSIS" value="SPDIF_SIC_QRXOV(x)"/>
    </bit_field>
    <reserved_bit_field offset="8" width="1" reset_value="0"/>
    <bit_field offset="9" width="1" name="URxOv" access="WO" reset_value="0" description="U Channel receive register overrun">
      <alias type="CMSIS" value="SPDIF_SIC_URXOV(x)"/>
    </bit_field>
    <reserved_bit_field offset="10" width="4" reset_value="0"/>
    <bit_field offset="14" width="1" name="BitErr" access="WO" reset_value="0" description="SPDIF receiver found parity bit error">
      <alias type="CMSIS" value="SPDIF_SIC_BITERR(x)"/>
    </bit_field>
    <bit_field offset="15" width="1" name="SymErr" access="WO" reset_value="0" description="SPDIF receiver found illegal symbol">
      <alias type="CMSIS" value="SPDIF_SIC_SYMERR(x)"/>
    </bit_field>
    <bit_field offset="16" width="1" name="ValNoGood" access="WO" reset_value="0" description="SPDIF validity flag no good">
      <alias type="CMSIS" value="SPDIF_SIC_VALNOGOOD(x)"/>
    </bit_field>
    <bit_field offset="17" width="1" name="CNew" access="WO" reset_value="0" description="SPDIF receive change in value of control channel">
      <alias type="CMSIS" value="SPDIF_SIC_CNEW(x)"/>
    </bit_field>
    <bit_field offset="18" width="1" name="TxResyn" access="WO" reset_value="0" description="SPDIF Tx FIFO resync">
      <alias type="CMSIS" value="SPDIF_SIC_TXRESYN(x)"/>
    </bit_field>
    <bit_field offset="19" width="1" name="TxUnOv" access="WO" reset_value="0" description="SPDIF Tx FIFO under/overrun">
      <alias type="CMSIS" value="SPDIF_SIC_TXUNOV(x)"/>
    </bit_field>
    <bit_field offset="20" width="1" name="Lock" access="WO" reset_value="0" description="SPDIF receiver's DPLL is locked">
      <alias type="CMSIS" value="SPDIF_SIC_LOCK(x)"/>
    </bit_field>
    <reserved_bit_field offset="21" width="3" reset_value="0"/>
    <reserved_bit_field offset="24" width="8" reset_value="0"/>
  </register>
  <register offset="0x10" width="32" name="SIS" description="InterruptStat Register">
    <alias type="CMSIS" value="SIS"/>
    <bit_field offset="0" width="1" name="RxFIFOFul" access="RO" reset_value="0" description="SPDIF Rx FIFO full, can't be cleared with reg. IntClear. To clear it, read from Rx FIFO.">
      <alias type="CMSIS" value="SPDIF_SIS_RXFIFOFUL(x)"/>
    </bit_field>
    <bit_field offset="1" width="1" name="TxEm" access="RO" reset_value="0x1" description="SPDIF Tx FIFO empty, can't be cleared with reg. IntClear. To clear it, write toTx FIFO.">
      <alias type="CMSIS" value="SPDIF_SIS_TXEM(x)"/>
    </bit_field>
    <bit_field offset="2" width="1" name="LockLoss" access="RO" reset_value="0" description="SPDIF receiver loss of lock">
      <alias type="CMSIS" value="SPDIF_SIS_LOCKLOSS(x)"/>
    </bit_field>
    <bit_field offset="3" width="1" name="RxFIFOResyn" access="RO" reset_value="0" description="Rx FIFO resync">
      <alias type="CMSIS" value="SPDIF_SIS_RXFIFORESYN(x)"/>
    </bit_field>
    <bit_field offset="4" width="1" name="RxFIFOUnOv" access="RO" reset_value="0" description="Rx FIFO underrun/overrun">
      <alias type="CMSIS" value="SPDIF_SIS_RXFIFOUNOV(x)"/>
    </bit_field>
    <bit_field offset="5" width="1" name="UQErr" access="RO" reset_value="0" description="U/Q Channel framing error">
      <alias type="CMSIS" value="SPDIF_SIS_UQERR(x)"/>
    </bit_field>
    <bit_field offset="6" width="1" name="UQSync" access="RO" reset_value="0" description="U/Q Channel sync found">
      <alias type="CMSIS" value="SPDIF_SIS_UQSYNC(x)"/>
    </bit_field>
    <bit_field offset="7" width="1" name="QRxOv" access="RO" reset_value="0" description="Q Channel receive register overrun">
      <alias type="CMSIS" value="SPDIF_SIS_QRXOV(x)"/>
    </bit_field>
    <bit_field offset="8" width="1" name="QRxFul" access="RO" reset_value="0" description="Q Channel receive register full, can't be cleared with reg. IntClear. To clear it, read from Q Rx reg.">
      <alias type="CMSIS" value="SPDIF_SIS_QRXFUL(x)"/>
    </bit_field>
    <bit_field offset="9" width="1" name="URxOv" access="RO" reset_value="0" description="U Channel receive register overrun">
      <alias type="CMSIS" value="SPDIF_SIS_URXOV(x)"/>
    </bit_field>
    <bit_field offset="10" width="1" name="URxFul" access="RO" reset_value="0" description="U Channel receive register full, can't be cleared with reg. IntClear. To clear it, read from U Rx reg.">
      <alias type="CMSIS" value="SPDIF_SIS_URXFUL(x)"/>
    </bit_field>
    <reserved_bit_field offset="11" width="3" reset_value="0"/>
    <bit_field offset="14" width="1" name="BitErr" access="RO" reset_value="0" description="SPDIF receiver found parity bit error">
      <alias type="CMSIS" value="SPDIF_SIS_BITERR(x)"/>
    </bit_field>
    <bit_field offset="15" width="1" name="SymErr" access="RO" reset_value="0" description="SPDIF receiver found illegal symbol">
      <alias type="CMSIS" value="SPDIF_SIS_SYMERR(x)"/>
    </bit_field>
    <bit_field offset="16" width="1" name="ValNoGood" access="RO" reset_value="0" description="SPDIF validity flag no good">
      <alias type="CMSIS" value="SPDIF_SIS_VALNOGOOD(x)"/>
    </bit_field>
    <bit_field offset="17" width="1" name="CNew" access="RO" reset_value="0" description="SPDIF receive change in value of control channel">
      <alias type="CMSIS" value="SPDIF_SIS_CNEW(x)"/>
    </bit_field>
    <bit_field offset="18" width="1" name="TxResyn" access="RO" reset_value="0" description="SPDIF Tx FIFO resync">
      <alias type="CMSIS" value="SPDIF_SIS_TXRESYN(x)"/>
    </bit_field>
    <bit_field offset="19" width="1" name="TxUnOv" access="RO" reset_value="0" description="SPDIF Tx FIFO under/overrun">
      <alias type="CMSIS" value="SPDIF_SIS_TXUNOV(x)"/>
    </bit_field>
    <bit_field offset="20" width="1" name="Lock" access="RO" reset_value="0" description="SPDIF receiver's DPLL is locked">
      <alias type="CMSIS" value="SPDIF_SIS_LOCK(x)"/>
    </bit_field>
    <reserved_bit_field offset="21" width="3" reset_value="0"/>
    <reserved_bit_field offset="24" width="8" reset_value="0"/>
  </register>
  <register offset="0x14" width="32" name="SRL" description="SPDIFRxLeft Register">
    <alias type="CMSIS" value="SRL"/>
    <bit_field offset="0" width="24" name="RxDataLeft" access="RO" reset_value="0" description="Processor receive SPDIF data left">
      <alias type="CMSIS" value="SPDIF_SRL_RXDATALEFT(x)"/>
    </bit_field>
    <reserved_bit_field offset="24" width="8" reset_value="0"/>
  </register>
  <register offset="0x18" width="32" name="SRR" description="SPDIFRxRight Register">
    <alias type="CMSIS" value="SRR"/>
    <bit_field offset="0" width="24" name="RxDataRight" access="RO" reset_value="0" description="Processor receive SPDIF data right">
      <alias type="CMSIS" value="SPDIF_SRR_RXDATARIGHT(x)"/>
    </bit_field>
    <reserved_bit_field offset="24" width="8" reset_value="0"/>
  </register>
  <register offset="0x1C" width="32" name="SRCSH" description="SPDIFRxCChannel_h Register">
    <alias type="CMSIS" value="SRCSH"/>
    <bit_field offset="0" width="24" name="RxCChannel_h" access="RO" reset_value="0" description="SPDIF receive C channel register, contains first 24 bits of C channel without interpretation">
      <alias type="CMSIS" value="SPDIF_SRCSH_RXCCHANNEL_H(x)"/>
    </bit_field>
    <reserved_bit_field offset="24" width="8" reset_value="0"/>
  </register>
  <register offset="0x20" width="32" name="SRCSL" description="SPDIFRxCChannel_l Register">
    <alias type="CMSIS" value="SRCSL"/>
    <bit_field offset="0" width="24" name="RxCChannel_l" access="RO" reset_value="0" description="SPDIF receive C channel register, contains next 24 bits of C channel without interpretation">
      <alias type="CMSIS" value="SPDIF_SRCSL_RXCCHANNEL_L(x)"/>
    </bit_field>
    <reserved_bit_field offset="24" width="8" reset_value="0"/>
  </register>
  <register offset="0x24" width="32" name="SRU" description="UchannelRx Register">
    <alias type="CMSIS" value="SRU"/>
    <bit_field offset="0" width="24" name="RxUChannel" access="RO" reset_value="0" description="SPDIF receive U channel register, contains next 3 U channel bytes">
      <alias type="CMSIS" value="SPDIF_SRU_RXUCHANNEL(x)"/>
    </bit_field>
    <reserved_bit_field offset="24" width="8" reset_value="0"/>
  </register>
  <register offset="0x28" width="32" name="SRQ" description="QchannelRx Register">
    <alias type="CMSIS" value="SRQ"/>
    <bit_field offset="0" width="24" name="RxQChannel" access="RO" reset_value="0" description="SPDIF receive Q channel register, contains next 3 Q channel bytes">
      <alias type="CMSIS" value="SPDIF_SRQ_RXQCHANNEL(x)"/>
    </bit_field>
    <reserved_bit_field offset="24" width="8" reset_value="0"/>
  </register>
  <register offset="0x2C" width="32" name="STL" description="SPDIFTxLeft Register">
    <alias type="CMSIS" value="STL"/>
    <bit_field offset="0" width="24" name="TxDataLeft" access="WO" reset_value="0" description="SPDIF transmit left channel data. It is write-only, and always returns zeros when read">
      <alias type="CMSIS" value="SPDIF_STL_TXDATALEFT(x)"/>
    </bit_field>
    <reserved_bit_field offset="24" width="8" reset_value="0"/>
  </register>
  <register offset="0x30" width="32" name="STR" description="SPDIFTxRight Register">
    <alias type="CMSIS" value="STR"/>
    <bit_field offset="0" width="24" name="TxDataRight" access="WO" reset_value="0" description="SPDIF transmit right channel data. It is write-only, and always returns zeros when read">
      <alias type="CMSIS" value="SPDIF_STR_TXDATARIGHT(x)"/>
    </bit_field>
    <reserved_bit_field offset="24" width="8" reset_value="0"/>
  </register>
  <register offset="0x34" width="32" name="STCSCH" description="SPDIFTxCChannelCons_h Register">
    <alias type="CMSIS" value="STCSCH"/>
    <bit_field offset="0" width="24" name="TxCChannelCons_h" access="RW" reset_value="0" description="SPDIF transmit Cons. C channel data, contains first 24 bits without interpretation. When read, it returns the latest data written by the processor">
      <alias type="CMSIS" value="SPDIF_STCSCH_TXCCHANNELCONS_H(x)"/>
    </bit_field>
    <reserved_bit_field offset="24" width="8" reset_value="0"/>
  </register>
  <register offset="0x38" width="32" name="STCSCL" description="SPDIFTxCChannelCons_l Register">
    <alias type="CMSIS" value="STCSCL"/>
    <bit_field offset="0" width="24" name="TxCChannelCons_l" access="RW" reset_value="0" description="SPDIF transmit Cons. C channel data, contains next 24 bits without interpretation. When read, it returns the latest data written by the processor">
      <alias type="CMSIS" value="SPDIF_STCSCL_TXCCHANNELCONS_L(x)"/>
    </bit_field>
    <reserved_bit_field offset="24" width="8" reset_value="0"/>
  </register>
  <register offset="0x44" width="32" name="SRFM" description="FreqMeas Register">
    <alias type="CMSIS" value="SRFM"/>
    <bit_field offset="0" width="24" name="FreqMeas" access="RO" reset_value="0" description="Frequency measurement data">
      <alias type="CMSIS" value="SPDIF_SRFM_FREQMEAS(x)"/>
    </bit_field>
    <reserved_bit_field offset="24" width="8" reset_value="0"/>
  </register>
  <register offset="0x50" width="32" name="STC" description="SPDIFTxClk Register">
    <alias type="CMSIS" value="STC"/>
    <bit_field offset="0" width="7" name="TxClk_DF" access="RW" reset_value="0" description="Divider factor (1-128)">
      <alias type="CMSIS" value="SPDIF_STC_TXCLK_DF(x)"/>
      <bit_field_value name="STC_TxClk_DF_0b0000000" value="0b0000000" description="divider factor is 1"/>
      <bit_field_value name="STC_TxClk_DF_0b0000001" value="0b0000001" description="divider factor is 2"/>
      <bit_field_value name="STC_TxClk_DF_0b1111111" value="0b1111111" description="divider factor is 128"/>
    </bit_field>
    <bit_field offset="7" width="1" name="tx_all_clk_en" access="RW" reset_value="0" description="Spdif transfer clock enable. When data is going to be transfered, this bit should be set to1.">
      <alias type="CMSIS" value="SPDIF_STC_TX_ALL_CLK_EN(x)"/>
      <bit_field_value name="STC_tx_all_clk_en_0b0" value="0b0" description="disable transfer clock."/>
      <bit_field_value name="STC_tx_all_clk_en_0b1" value="0b1" description="enable transfer clock."/>
    </bit_field>
    <bit_field offset="8" width="3" name="TxClk_Source" access="RW" reset_value="0x7" description="">
      <alias type="CMSIS" value="SPDIF_STC_TXCLK_SOURCE(x)"/>
      <bit_field_value name="STC_TxClk_Source_0b000" value="0b000" description="XTALOSC input (XTALOSC clock)"/>
      <bit_field_value name="STC_TxClk_Source_0b001" value="0b001" description="tx_clk input (from SPDIF0_CLK_ROOT. See CCM.)"/>
      <bit_field_value name="STC_TxClk_Source_0b010" value="0b010" description="tx_clk1 (from SAI1)"/>
      <bit_field_value name="STC_TxClk_Source_0b011" value="0b011" description="tx_clk2 SPDIF_EXT_CLK, from pads"/>
      <bit_field_value name="STC_TxClk_Source_0b100" value="0b100" description="tx_clk3 (from SAI2)"/>
      <bit_field_value name="STC_TxClk_Source_0b101" value="0b101" description="ipg_clk input (frequency divided)"/>
      <bit_field_value name="STC_TxClk_Source_0b110" value="0b110" description="tx_clk4 (from SAI3)"/>
    </bit_field>
    <bit_field offset="11" width="9" name="SYSCLK_DF" access="RW" reset_value="0x41" description="system clock divider factor, 2~512.">
      <alias type="CMSIS" value="SPDIF_STC_SYSCLK_DF(x)"/>
      <bit_field_value name="STC_SYSCLK_DF_0b000000000" value="0b000000000" description="no clock signal"/>
      <bit_field_value name="STC_SYSCLK_DF_0b000000001" value="0b000000001" description="divider factor is 2"/>
      <bit_field_value name="STC_SYSCLK_DF_0b111111111" value="0b111111111" description="divider factor is 512"/>
    </bit_field>
    <reserved_bit_field offset="20" width="4" reset_value="0"/>
    <reserved_bit_field offset="24" width="8" reset_value="0"/>
  </register>
</regs:peripheral>