<?xml version="1.0"?>
<regs:peripheral xmlns:regs="http://swtools.freescale.net/XSD/registers/4.0/regsPeripheral.xsd" xmlns:xsi="http://www.w3.org/2001/XMLSchema-instance" xsi:schemaLocation="http://swtools.freescale.net/XSD/registers/4.0/regsPeripheral.xsd http://swtools.freescale.net/XSD/registers/4.0/regsPeripheral.xsd">
  <register offset="0" width="32" name="SCR" description="SRC Control Register">
    <alias type="CMSIS" value="SCR"/>
    <reserved_bit_field offset="0" width="1" reset_value="0"/>
    <reserved_bit_field offset="1" width="3" reset_value="0"/>
    <bit_field offset="4" width="1" name="lockup_rst" access="RW" reset_value="0" description="lockup reset enable bit">
      <alias type="CMSIS" value="SRC_SCR_LOCKUP_RST(x)"/>
      <bit_field_value name="SCR_lockup_rst_0b0" value="0b0" description="disabled"/>
      <bit_field_value name="SCR_lockup_rst_0b1" value="0b1" description="enabled"/>
    </bit_field>
    <reserved_bit_field offset="5" width="2" reset_value="0x1"/>
    <bit_field offset="7" width="4" name="mask_wdog_rst" access="RW" reset_value="0xA" description="Mask wdog_rst_b source. If these 4 bits are coded from A to 5 then, the wdog_rst_b input to SRC will be masked and the wdog_rst_b will not create a reset to the chip. During the time the WDOG event is masked using SRC logic, it is likely that the WDOG Reset Status Register (WRSR) bit 1 (which indicates a WDOG timeout event) will get asserted. software / OS developer must prepare for this case. Re-enabling the WDOG is possible, by un-masking it in SRC, though it must be preceded by servicing the WDOG. However, for the case that the event has been asserted, the status bit (WRSR bit-1) will remain asserted, regardless of servicing the WDOG module. (Hardware reset is the only way to cause the de-assertion of that bit). any other code will be coded to 1010 i.e. wdog_rst_b is not masked">
      <alias type="CMSIS" value="SRC_SCR_MASK_WDOG_RST(x)"/>
      <bit_field_value name="SCR_mask_wdog_rst_0b0101" value="0b0101" description="wdog_rst_b is masked"/>
      <bit_field_value name="SCR_mask_wdog_rst_0b1010" value="0b1010" description="wdog_rst_b is not masked (default)"/>
    </bit_field>
    <reserved_bit_field offset="11" width="1" reset_value="0"/>
    <reserved_bit_field offset="12" width="1" reset_value="0"/>
    <bit_field offset="13" width="1" name="core0_rst" access="RW" reset_value="0" description="Software reset for core0 only. This is a self clearing bit. After it is set to 1, the reset process will begin, and when it finishes, this bit will be self cleared.">
      <alias type="CMSIS" value="SRC_SCR_CORE0_RST(x)"/>
      <bit_field_value name="SCR_core0_rst_0b0" value="0b0" description="do not assert core0 reset"/>
      <bit_field_value name="SCR_core0_rst_0b1" value="0b1" description="assert core0 reset"/>
    </bit_field>
    <reserved_bit_field offset="14" width="3" reset_value="0"/>
    <bit_field offset="17" width="1" name="core0_dbg_rst" access="RW" reset_value="0" description="Software reset for core0 debug only. This is a self clearing bit. After it is set to 1, the reset process will begin, and when it finishes, this bit will be self cleared.">
      <alias type="CMSIS" value="SRC_SCR_CORE0_DBG_RST(x)"/>
      <bit_field_value name="SCR_core0_dbg_rst_0b0" value="0b0" description="do not assert core0 debug reset"/>
      <bit_field_value name="SCR_core0_dbg_rst_0b1" value="0b1" description="assert core0 debug reset"/>
    </bit_field>
    <reserved_bit_field offset="18" width="3" reset_value="0x2"/>
    <reserved_bit_field offset="21" width="1" reset_value="0"/>
    <reserved_bit_field offset="22" width="3" reset_value="0x1"/>
    <bit_field offset="25" width="1" name="dbg_rst_msk_pg" access="RW" reset_value="0" description="Do not assert debug resets after power gating event of core">
      <alias type="CMSIS" value="SRC_SCR_DBG_RST_MSK_PG(x)"/>
      <bit_field_value name="SCR_dbg_rst_msk_pg_0b0" value="0b0" description="do not mask core debug resets (debug resets will be asserted after power gating event)"/>
      <bit_field_value name="SCR_dbg_rst_msk_pg_0b1" value="0b1" description="mask core debug resets (debug resets won't be asserted after power gating event)"/>
    </bit_field>
    <reserved_bit_field offset="26" width="2" reset_value="0"/>
    <bit_field offset="28" width="4" name="mask_wdog3_rst" access="RW" reset_value="0xA" description="Mask wdog3_rst_b source. If these 4 bits are coded from A to 5 then, the wdog3_rst_b input to SRC will be masked and the wdog3_rst_b will not create a reset to the chip. Any other code than 0101 will be coded to 1010 i.e. wdog3_rst_b is not masked">
      <alias type="CMSIS" value="SRC_SCR_MASK_WDOG3_RST(x)"/>
      <bit_field_value name="SCR_mask_wdog3_rst_0b0101" value="0b0101" description="wdog3_rst_b is masked"/>
      <bit_field_value name="SCR_mask_wdog3_rst_0b1010" value="0b1010" description="wdog3_rst_b is not masked"/>
    </bit_field>
  </register>
  <register offset="0x4" width="32" name="SBMR1" description="SRC Boot Mode Register 1">
    <alias type="CMSIS" value="SBMR1"/>
    <bit_field offset="0" width="8" name="BOOT_CFG1" access="RO" reset_value="0" description="Refer to fusemap.">
      <alias type="CMSIS" value="SRC_SBMR1_BOOT_CFG1(x)"/>
    </bit_field>
    <bit_field offset="8" width="8" name="BOOT_CFG2" access="RO" reset_value="0" description="Refer to fusemap.">
      <alias type="CMSIS" value="SRC_SBMR1_BOOT_CFG2(x)"/>
    </bit_field>
    <bit_field offset="16" width="8" name="BOOT_CFG3" access="RO" reset_value="0" description="Refer to fusemap.">
      <alias type="CMSIS" value="SRC_SBMR1_BOOT_CFG3(x)"/>
    </bit_field>
    <bit_field offset="24" width="8" name="BOOT_CFG4" access="RO" reset_value="0" description="Refer to fusemap.">
      <alias type="CMSIS" value="SRC_SBMR1_BOOT_CFG4(x)"/>
    </bit_field>
  </register>
  <register offset="0x8" width="32" name="SRSR" description="SRC Reset Status Register">
    <alias type="CMSIS" value="SRSR"/>
    <bit_field offset="0" width="1" name="ipp_reset_b" access="W1C" reset_value="0x1" description="Indicates whether reset was the result of ipp_reset_b pin (Power-up sequence)">
      <alias type="CMSIS" value="SRC_SRSR_IPP_RESET_B(x)"/>
      <bit_field_value name="SRSR_ipp_reset_b_0b0" value="0b0" description="Reset is not a result of ipp_reset_b pin."/>
      <bit_field_value name="SRSR_ipp_reset_b_0b1" value="0b1" description="Reset is a result of ipp_reset_b pin."/>
    </bit_field>
    <bit_field offset="1" width="1" name="lockup" access="W1C" reset_value="0" description="Indicates a reset has been caused by CPU lockup.">
      <alias type="CMSIS" value="SRC_SRSR_LOCKUP(x)"/>
      <bit_field_value name="SRSR_lockup_0b0" value="0b0" description="Reset is not a result of the mentioned case."/>
      <bit_field_value name="SRSR_lockup_0b1" value="0b1" description="Reset is a result of the mentioned case."/>
    </bit_field>
    <bit_field offset="2" width="1" name="csu_reset_b" access="W1C" reset_value="0" description="Indicates whether the reset was the result of the csu_reset_b input.">
      <alias type="CMSIS" value="SRC_SRSR_CSU_RESET_B(x)"/>
      <bit_field_value name="SRSR_csu_reset_b_0b0" value="0b0" description="Reset is not a result of the csu_reset_b event."/>
      <bit_field_value name="SRSR_csu_reset_b_0b1" value="0b1" description="Reset is a result of the csu_reset_b event."/>
    </bit_field>
    <bit_field offset="3" width="1" name="ipp_user_reset_b" access="W1C" reset_value="0" description="Indicates whether the reset was the result of the ipp_user_reset_b qualified reset.">
      <alias type="CMSIS" value="SRC_SRSR_IPP_USER_RESET_B(x)"/>
      <bit_field_value name="SRSR_ipp_user_reset_b_0b0" value="0b0" description="Reset is not a result of the ipp_user_reset_b qualified as COLD reset event."/>
      <bit_field_value name="SRSR_ipp_user_reset_b_0b1" value="0b1" description="Reset is a result of the ipp_user_reset_b qualified as COLD reset event."/>
    </bit_field>
    <bit_field offset="4" width="1" name="wdog_rst_b" access="W1C" reset_value="0" description="IC Watchdog Time-out reset. Indicates whether the reset was the result of the watchdog time-out event.">
      <alias type="CMSIS" value="SRC_SRSR_WDOG_RST_B(x)"/>
      <bit_field_value name="SRSR_wdog_rst_b_0b0" value="0b0" description="Reset is not a result of the watchdog time-out event."/>
      <bit_field_value name="SRSR_wdog_rst_b_0b1" value="0b1" description="Reset is a result of the watchdog time-out event."/>
    </bit_field>
    <bit_field offset="5" width="1" name="jtag_rst_b" access="W1C" reset_value="0" description="HIGH - Z JTAG reset. Indicates whether the reset was the result of HIGH-Z reset from JTAG.">
      <alias type="CMSIS" value="SRC_SRSR_JTAG_RST_B(x)"/>
      <bit_field_value name="SRSR_jtag_rst_b_0b0" value="0b0" description="Reset is not a result of HIGH-Z reset from JTAG."/>
      <bit_field_value name="SRSR_jtag_rst_b_0b1" value="0b1" description="Reset is a result of HIGH-Z reset from JTAG."/>
    </bit_field>
    <bit_field offset="6" width="1" name="jtag_sw_rst" access="W1C" reset_value="0" description="JTAG software reset. Indicates whether the reset was the result of software reset from JTAG, or software setting of SYSRESETREQ bit in Application Interrupt and Reset Control Register of the Arm core. SW needs to set some GPR bit before writing SYSRESETREQ bit and use the GPR bit to distinguish if the reset is caused by SYSRESETREQ or from JTAG.">
      <alias type="CMSIS" value="SRC_SRSR_JTAG_SW_RST(x)"/>
      <bit_field_value name="SRSR_jtag_sw_rst_0b0" value="0b0" description="Reset is not a result of the mentioned case."/>
      <bit_field_value name="SRSR_jtag_sw_rst_0b1" value="0b1" description="Reset is a result of the mentioned case."/>
    </bit_field>
    <bit_field offset="7" width="1" name="wdog3_rst_b" access="W1C" reset_value="0" description="IC Watchdog3 Time-out reset. Indicates whether the reset was the result of the watchdog3 time-out event.">
      <alias type="CMSIS" value="SRC_SRSR_WDOG3_RST_B(x)"/>
      <bit_field_value name="SRSR_wdog3_rst_b_0b0" value="0b0" description="Reset is not a result of the watchdog3 time-out event."/>
      <bit_field_value name="SRSR_wdog3_rst_b_0b1" value="0b1" description="Reset is a result of the watchdog3 time-out event."/>
    </bit_field>
    <bit_field offset="8" width="1" name="tempsense_rst_b" access="RW" reset_value="0" description="Temper Sensor software reset. Indicates whether the reset was the result of software reset from on-chip Temperature Sensor.">
      <alias type="CMSIS" value="SRC_SRSR_TEMPSENSE_RST_B(x)"/>
      <bit_field_value name="SRSR_tempsense_rst_b_0b0" value="0b0" description="Reset is not a result of software reset from Temperature Sensor."/>
      <bit_field_value name="SRSR_tempsense_rst_b_0b1" value="0b1" description="Reset is a result of software reset from Temperature Sensor."/>
    </bit_field>
    <reserved_bit_field offset="9" width="7" reset_value="0"/>
    <reserved_bit_field offset="16" width="1" reset_value="0"/>
    <reserved_bit_field offset="17" width="15" reset_value="0"/>
  </register>
  <register offset="0x1C" width="32" name="SBMR2" description="SRC Boot Mode Register 2">
    <alias type="CMSIS" value="SBMR2"/>
    <bit_field offset="0" width="2" name="SEC_CONFIG" access="RO" reset_value="0" description="SECONFIG[1] shows the state of the SECONFIG[1] fuse. See Fusemap for additional information on this fuse. SECONFIG[0] shows the state of the SECONFIG[0] fuse. This fuse is shown as reserved in Fusemap (address 0x440[1]) because it does not have a user-relevant function.">
      <alias type="CMSIS" value="SRC_SBMR2_SEC_CONFIG(x)"/>
    </bit_field>
    <reserved_bit_field offset="2" width="1" reset_value="0"/>
    <reserved_bit_field offset="3" width="1" reset_value="0"/>
    <bit_field offset="4" width="1" name="BT_FUSE_SEL" access="RO" reset_value="0" description="BT_FUSE_SEL (connected to gpio bt_fuse_sel) shows the state of the BT_FUSE_SEL fuse. See Fusemap for additional information on this fuse.">
      <alias type="CMSIS" value="SRC_SBMR2_BT_FUSE_SEL(x)"/>
    </bit_field>
    <reserved_bit_field offset="5" width="19" reset_value="0"/>
    <bit_field offset="24" width="2" name="BMOD" access="RO" reset_value="0" description="BMOD[1:0] shows the latched state of the BOOT_MODE1 and BOOT_MODE0 signals on the rising edge of POR_B. See the Boot mode pin settings section of System Boot.">
      <alias type="CMSIS" value="SRC_SBMR2_BMOD(x)"/>
    </bit_field>
    <reserved_bit_field offset="26" width="6" reset_value="0"/>
  </register>
  <register offset="0x20" width="32" name="GPR1" description="SRC General Purpose Register 1">
    <alias type="CMSIS" value="GPR[0]"/>
    <bit_field offset="0" width="32" name="PERSISTENT_ENTRY0" access="RW" reset_value="0" description="Holds entry function for core0 for waking-up from low power mode. The SRC ensures that the register value will persist across system resets.">
      <alias type="CMSIS" value="SRC_GPR_PERSISTENT_ENTRY0(x)"/>
    </bit_field>
  </register>
  <register offset="0x24" width="32" name="GPR2" description="SRC General Purpose Register 2">
    <alias type="CMSIS" value="GPR[1]"/>
    <bit_field offset="0" width="32" name="PERSISTENT_ARG0" access="RW" reset_value="0" description="Holds argument of entry function for core0 for waking-up from low power mode. The SRC ensures that the register value will persist across system resets.">
      <alias type="CMSIS" value="SRC_GPR_PERSISTENT_ARG0(x)"/>
    </bit_field>
  </register>
  <register offset="0x28" width="32" name="GPR3" description="SRC General Purpose Register 3">
    <alias type="CMSIS" value="GPR[2]"/>
    <reserved_bit_field offset="0" width="32" reset_value="0"/>
  </register>
  <register offset="0x2C" width="32" name="GPR4" description="SRC General Purpose Register 4">
    <alias type="CMSIS" value="GPR[3]"/>
    <reserved_bit_field offset="0" width="32" reset_value="0"/>
  </register>
  <register offset="0x30" width="32" name="GPR5" description="SRC General Purpose Register 5">
    <alias type="CMSIS" value="GPR[4]"/>
    <reserved_bit_field offset="0" width="32" reset_value="0"/>
  </register>
  <register offset="0x34" width="32" name="GPR6" description="SRC General Purpose Register 6">
    <alias type="CMSIS" value="GPR[5]"/>
    <reserved_bit_field offset="0" width="32" reset_value="0"/>
  </register>
  <register offset="0x38" width="32" name="GPR7" description="SRC General Purpose Register 7">
    <alias type="CMSIS" value="GPR[6]"/>
    <reserved_bit_field offset="0" width="32" reset_value="0"/>
  </register>
  <register offset="0x3C" width="32" name="GPR8" description="SRC General Purpose Register 8">
    <alias type="CMSIS" value="GPR[7]"/>
    <reserved_bit_field offset="0" width="32" reset_value="0"/>
  </register>
  <register offset="0x40" width="32" name="GPR9" description="SRC General Purpose Register 9">
    <alias type="CMSIS" value="GPR[8]"/>
    <reserved_bit_field offset="0" width="32" reset_value="0"/>
  </register>
  <register offset="0x44" width="32" name="GPR10" description="SRC General Purpose Register 10">
    <alias type="CMSIS" value="GPR[9]"/>
    <reserved_bit_field offset="0" width="25" reset_value="0"/>
    <reserved_bit_field offset="25" width="1" reset_value="0"/>
    <bit_field offset="26" width="2" name="PERSIST_REDUNDANT_BOOT" access="RW" reset_value="0" description="This field identifies which image must be used - 0/1/2/3. Used for both SPI NAND and SLC raw NAND devices.">
      <alias type="CMSIS" value="SRC_GPR_PERSIST_REDUNDANT_BOOT(x)"/>
    </bit_field>
    <reserved_bit_field offset="28" width="2" reset_value="0"/>
    <bit_field offset="30" width="1" name="PERSIST_SECONDARY_BOOT" access="RW" reset_value="0" description="This bit identifies which image must be used - primary and secondary. Used only for eMMC/SD/FlexSPI NOR boot.">
      <alias type="CMSIS" value="SRC_GPR_PERSIST_SECONDARY_BOOT(x)"/>
    </bit_field>
    <reserved_bit_field offset="31" width="1" reset_value="0"/>
  </register>
</regs:peripheral>