<?xml version="1.0"?>
<regs:peripheral xmlns:regs="http://swtools.freescale.net/XSD/registers/4.0/regsPeripheral.xsd" xmlns:xsi="http://www.w3.org/2001/XMLSchema-instance" xsi:schemaLocation="http://swtools.freescale.net/XSD/registers/4.0/regsPeripheral.xsd http://swtools.freescale.net/XSD/registers/4.0/regsPeripheral.xsd">
  <register offset="0x180" width="32" name="TEMPSENSE0" description="Tempsensor Control Register 0">
    <alias type="CMSIS" value="TEMPSENSE0"/>
    <bit_field offset="0" width="1" name="POWER_DOWN" access="RW" reset_value="0x1" description="This bit powers down the temperature sensor.">
      <alias type="CMSIS" value="TEMPMON_TEMPSENSE0_POWER_DOWN(x)"/>
      <bit_field_value name="TEMPSENSE0_POWER_DOWN_POWER_UP" value="0b0" description="Enable power to the temperature sensor."/>
      <bit_field_value name="TEMPSENSE0_POWER_DOWN_POWER_DOWN" value="0b1" description="Power down the temperature sensor."/>
    </bit_field>
    <bit_field offset="1" width="1" name="MEASURE_TEMP" access="RW" reset_value="0" description="Starts the measurement process. If the measurement frequency is zero in the TEMPSENSE1 register, this results in a single conversion.">
      <alias type="CMSIS" value="TEMPMON_TEMPSENSE0_MEASURE_TEMP(x)"/>
      <bit_field_value name="TEMPSENSE0_MEASURE_TEMP_STOP" value="0b0" description="Do not start the measurement process."/>
      <bit_field_value name="TEMPSENSE0_MEASURE_TEMP_START" value="0b1" description="Start the measurement process."/>
    </bit_field>
    <bit_field offset="2" width="1" name="FINISHED" access="RO" reset_value="0" description="Indicates that the latest temp is valid. This bit should be cleared by the sensor after the start of each measurement.">
      <alias type="CMSIS" value="TEMPMON_TEMPSENSE0_FINISHED(x)"/>
      <bit_field_value name="TEMPSENSE0_FINISHED_INVALID" value="0b0" description="Last measurement is not ready yet."/>
      <bit_field_value name="TEMPSENSE0_FINISHED_VALID" value="0b1" description="Last measurement is valid."/>
    </bit_field>
    <reserved_bit_field offset="3" width="3" reset_value="0"/>
    <reserved_bit_field offset="6" width="1" reset_value="0"/>
    <reserved_bit_field offset="7" width="1" reset_value="0"/>
    <bit_field offset="8" width="12" name="TEMP_CNT" access="RO" reset_value="0" description="This bit field contains the last measured temperature count.">
      <alias type="CMSIS" value="TEMPMON_TEMPSENSE0_TEMP_CNT(x)"/>
    </bit_field>
    <bit_field offset="20" width="12" name="ALARM_VALUE" access="RW" reset_value="0" description="This bit field contains the temperature count (raw sensor output) that will generate a high alarm when TEMP_CNT is smaller than this field.">
      <alias type="CMSIS" value="TEMPMON_TEMPSENSE0_ALARM_VALUE(x)"/>
    </bit_field>
  </register>
  <register offset="0x184" width="32" name="TEMPSENSE0_SET" description="Tempsensor Control Register 0">
    <alias type="CMSIS" value="TEMPSENSE0_SET"/>
    <bit_field offset="0" width="1" name="POWER_DOWN" access="RW" reset_value="0x1" description="This bit powers down the temperature sensor.">
      <alias type="CMSIS" value="TEMPMON_TEMPSENSE0_SET_POWER_DOWN(x)"/>
      <bit_field_value name="TEMPSENSE0_SET_POWER_DOWN_POWER_UP" value="0b0" description="Enable power to the temperature sensor."/>
      <bit_field_value name="TEMPSENSE0_SET_POWER_DOWN_POWER_DOWN" value="0b1" description="Power down the temperature sensor."/>
    </bit_field>
    <bit_field offset="1" width="1" name="MEASURE_TEMP" access="RW" reset_value="0" description="Starts the measurement process. If the measurement frequency is zero in the TEMPSENSE1 register, this results in a single conversion.">
      <alias type="CMSIS" value="TEMPMON_TEMPSENSE0_SET_MEASURE_TEMP(x)"/>
      <bit_field_value name="TEMPSENSE0_SET_MEASURE_TEMP_STOP" value="0b0" description="Do not start the measurement process."/>
      <bit_field_value name="TEMPSENSE0_SET_MEASURE_TEMP_START" value="0b1" description="Start the measurement process."/>
    </bit_field>
    <bit_field offset="2" width="1" name="FINISHED" access="RO" reset_value="0" description="Indicates that the latest temp is valid. This bit should be cleared by the sensor after the start of each measurement.">
      <alias type="CMSIS" value="TEMPMON_TEMPSENSE0_SET_FINISHED(x)"/>
      <bit_field_value name="TEMPSENSE0_SET_FINISHED_INVALID" value="0b0" description="Last measurement is not ready yet."/>
      <bit_field_value name="TEMPSENSE0_SET_FINISHED_VALID" value="0b1" description="Last measurement is valid."/>
    </bit_field>
    <reserved_bit_field offset="3" width="3" reset_value="0"/>
    <reserved_bit_field offset="6" width="1" reset_value="0"/>
    <reserved_bit_field offset="7" width="1" reset_value="0"/>
    <bit_field offset="8" width="12" name="TEMP_CNT" access="RO" reset_value="0" description="This bit field contains the last measured temperature count.">
      <alias type="CMSIS" value="TEMPMON_TEMPSENSE0_SET_TEMP_CNT(x)"/>
    </bit_field>
    <bit_field offset="20" width="12" name="ALARM_VALUE" access="RW" reset_value="0" description="This bit field contains the temperature count (raw sensor output) that will generate a high alarm when TEMP_CNT is smaller than this field.">
      <alias type="CMSIS" value="TEMPMON_TEMPSENSE0_SET_ALARM_VALUE(x)"/>
    </bit_field>
  </register>
  <register offset="0x188" width="32" name="TEMPSENSE0_CLR" description="Tempsensor Control Register 0">
    <alias type="CMSIS" value="TEMPSENSE0_CLR"/>
    <bit_field offset="0" width="1" name="POWER_DOWN" access="RW" reset_value="0x1" description="This bit powers down the temperature sensor.">
      <alias type="CMSIS" value="TEMPMON_TEMPSENSE0_CLR_POWER_DOWN(x)"/>
      <bit_field_value name="TEMPSENSE0_CLR_POWER_DOWN_POWER_UP" value="0b0" description="Enable power to the temperature sensor."/>
      <bit_field_value name="TEMPSENSE0_CLR_POWER_DOWN_POWER_DOWN" value="0b1" description="Power down the temperature sensor."/>
    </bit_field>
    <bit_field offset="1" width="1" name="MEASURE_TEMP" access="RW" reset_value="0" description="Starts the measurement process. If the measurement frequency is zero in the TEMPSENSE1 register, this results in a single conversion.">
      <alias type="CMSIS" value="TEMPMON_TEMPSENSE0_CLR_MEASURE_TEMP(x)"/>
      <bit_field_value name="TEMPSENSE0_CLR_MEASURE_TEMP_STOP" value="0b0" description="Do not start the measurement process."/>
      <bit_field_value name="TEMPSENSE0_CLR_MEASURE_TEMP_START" value="0b1" description="Start the measurement process."/>
    </bit_field>
    <bit_field offset="2" width="1" name="FINISHED" access="RO" reset_value="0" description="Indicates that the latest temp is valid. This bit should be cleared by the sensor after the start of each measurement.">
      <alias type="CMSIS" value="TEMPMON_TEMPSENSE0_CLR_FINISHED(x)"/>
      <bit_field_value name="TEMPSENSE0_CLR_FINISHED_INVALID" value="0b0" description="Last measurement is not ready yet."/>
      <bit_field_value name="TEMPSENSE0_CLR_FINISHED_VALID" value="0b1" description="Last measurement is valid."/>
    </bit_field>
    <reserved_bit_field offset="3" width="3" reset_value="0"/>
    <reserved_bit_field offset="6" width="1" reset_value="0"/>
    <reserved_bit_field offset="7" width="1" reset_value="0"/>
    <bit_field offset="8" width="12" name="TEMP_CNT" access="RO" reset_value="0" description="This bit field contains the last measured temperature count.">
      <alias type="CMSIS" value="TEMPMON_TEMPSENSE0_CLR_TEMP_CNT(x)"/>
    </bit_field>
    <bit_field offset="20" width="12" name="ALARM_VALUE" access="RW" reset_value="0" description="This bit field contains the temperature count (raw sensor output) that will generate a high alarm when TEMP_CNT is smaller than this field.">
      <alias type="CMSIS" value="TEMPMON_TEMPSENSE0_CLR_ALARM_VALUE(x)"/>
    </bit_field>
  </register>
  <register offset="0x18C" width="32" name="TEMPSENSE0_TOG" description="Tempsensor Control Register 0">
    <alias type="CMSIS" value="TEMPSENSE0_TOG"/>
    <bit_field offset="0" width="1" name="POWER_DOWN" access="RW" reset_value="0x1" description="This bit powers down the temperature sensor.">
      <alias type="CMSIS" value="TEMPMON_TEMPSENSE0_TOG_POWER_DOWN(x)"/>
      <bit_field_value name="TEMPSENSE0_TOG_POWER_DOWN_POWER_UP" value="0b0" description="Enable power to the temperature sensor."/>
      <bit_field_value name="TEMPSENSE0_TOG_POWER_DOWN_POWER_DOWN" value="0b1" description="Power down the temperature sensor."/>
    </bit_field>
    <bit_field offset="1" width="1" name="MEASURE_TEMP" access="RW" reset_value="0" description="Starts the measurement process. If the measurement frequency is zero in the TEMPSENSE1 register, this results in a single conversion.">
      <alias type="CMSIS" value="TEMPMON_TEMPSENSE0_TOG_MEASURE_TEMP(x)"/>
      <bit_field_value name="TEMPSENSE0_TOG_MEASURE_TEMP_STOP" value="0b0" description="Do not start the measurement process."/>
      <bit_field_value name="TEMPSENSE0_TOG_MEASURE_TEMP_START" value="0b1" description="Start the measurement process."/>
    </bit_field>
    <bit_field offset="2" width="1" name="FINISHED" access="RO" reset_value="0" description="Indicates that the latest temp is valid. This bit should be cleared by the sensor after the start of each measurement.">
      <alias type="CMSIS" value="TEMPMON_TEMPSENSE0_TOG_FINISHED(x)"/>
      <bit_field_value name="TEMPSENSE0_TOG_FINISHED_INVALID" value="0b0" description="Last measurement is not ready yet."/>
      <bit_field_value name="TEMPSENSE0_TOG_FINISHED_VALID" value="0b1" description="Last measurement is valid."/>
    </bit_field>
    <reserved_bit_field offset="3" width="3" reset_value="0"/>
    <reserved_bit_field offset="6" width="1" reset_value="0"/>
    <reserved_bit_field offset="7" width="1" reset_value="0"/>
    <bit_field offset="8" width="12" name="TEMP_CNT" access="RO" reset_value="0" description="This bit field contains the last measured temperature count.">
      <alias type="CMSIS" value="TEMPMON_TEMPSENSE0_TOG_TEMP_CNT(x)"/>
    </bit_field>
    <bit_field offset="20" width="12" name="ALARM_VALUE" access="RW" reset_value="0" description="This bit field contains the temperature count (raw sensor output) that will generate a high alarm when TEMP_CNT is smaller than this field.">
      <alias type="CMSIS" value="TEMPMON_TEMPSENSE0_TOG_ALARM_VALUE(x)"/>
    </bit_field>
  </register>
  <register offset="0x190" width="32" name="TEMPSENSE1" description="Tempsensor Control Register 1">
    <alias type="CMSIS" value="TEMPSENSE1"/>
    <bit_field offset="0" width="16" name="MEASURE_FREQ" access="RW" reset_value="0x1" description="This bits determines how many RTC clocks to wait before automatically repeating a temperature measurement. The pause time before remeasuring is the field value multiplied by the RTC period.">
      <alias type="CMSIS" value="TEMPMON_TEMPSENSE1_MEASURE_FREQ(x)"/>
    </bit_field>
    <reserved_bit_field offset="16" width="16" reset_value="0"/>
  </register>
  <register offset="0x194" width="32" name="TEMPSENSE1_SET" description="Tempsensor Control Register 1">
    <alias type="CMSIS" value="TEMPSENSE1_SET"/>
    <bit_field offset="0" width="16" name="MEASURE_FREQ" access="RW" reset_value="0x1" description="This bits determines how many RTC clocks to wait before automatically repeating a temperature measurement. The pause time before remeasuring is the field value multiplied by the RTC period.">
      <alias type="CMSIS" value="TEMPMON_TEMPSENSE1_SET_MEASURE_FREQ(x)"/>
    </bit_field>
    <reserved_bit_field offset="16" width="16" reset_value="0"/>
  </register>
  <register offset="0x198" width="32" name="TEMPSENSE1_CLR" description="Tempsensor Control Register 1">
    <alias type="CMSIS" value="TEMPSENSE1_CLR"/>
    <bit_field offset="0" width="16" name="MEASURE_FREQ" access="RW" reset_value="0x1" description="This bits determines how many RTC clocks to wait before automatically repeating a temperature measurement. The pause time before remeasuring is the field value multiplied by the RTC period.">
      <alias type="CMSIS" value="TEMPMON_TEMPSENSE1_CLR_MEASURE_FREQ(x)"/>
    </bit_field>
    <reserved_bit_field offset="16" width="16" reset_value="0"/>
  </register>
  <register offset="0x19C" width="32" name="TEMPSENSE1_TOG" description="Tempsensor Control Register 1">
    <alias type="CMSIS" value="TEMPSENSE1_TOG"/>
    <bit_field offset="0" width="16" name="MEASURE_FREQ" access="RW" reset_value="0x1" description="This bits determines how many RTC clocks to wait before automatically repeating a temperature measurement. The pause time before remeasuring is the field value multiplied by the RTC period.">
      <alias type="CMSIS" value="TEMPMON_TEMPSENSE1_TOG_MEASURE_FREQ(x)"/>
    </bit_field>
    <reserved_bit_field offset="16" width="16" reset_value="0"/>
  </register>
  <register offset="0x290" width="32" name="TEMPSENSE2" description="Tempsensor Control Register 2">
    <alias type="CMSIS" value="TEMPSENSE2"/>
    <bit_field offset="0" width="12" name="LOW_ALARM_VALUE" access="RW" reset_value="0" description="This bit field contains the temperature count that will generate a low alarm interrupt when the field is exceeded by TEMP_CNT.">
      <alias type="CMSIS" value="TEMPMON_TEMPSENSE2_LOW_ALARM_VALUE(x)"/>
    </bit_field>
    <reserved_bit_field offset="12" width="4" reset_value="0"/>
    <bit_field offset="16" width="12" name="PANIC_ALARM_VALUE" access="RW" reset_value="0" description="This bit field contains the temperature count that will generate a panic interrupt when TEMP_CNT is smaller than this field.">
      <alias type="CMSIS" value="TEMPMON_TEMPSENSE2_PANIC_ALARM_VALUE(x)"/>
    </bit_field>
    <reserved_bit_field offset="28" width="4" reset_value="0"/>
  </register>
  <register offset="0x294" width="32" name="TEMPSENSE2_SET" description="Tempsensor Control Register 2">
    <alias type="CMSIS" value="TEMPSENSE2_SET"/>
    <bit_field offset="0" width="12" name="LOW_ALARM_VALUE" access="RW" reset_value="0" description="This bit field contains the temperature count that will generate a low alarm interrupt when the field is exceeded by TEMP_CNT.">
      <alias type="CMSIS" value="TEMPMON_TEMPSENSE2_SET_LOW_ALARM_VALUE(x)"/>
    </bit_field>
    <reserved_bit_field offset="12" width="4" reset_value="0"/>
    <bit_field offset="16" width="12" name="PANIC_ALARM_VALUE" access="RW" reset_value="0" description="This bit field contains the temperature count that will generate a panic interrupt when TEMP_CNT is smaller than this field.">
      <alias type="CMSIS" value="TEMPMON_TEMPSENSE2_SET_PANIC_ALARM_VALUE(x)"/>
    </bit_field>
    <reserved_bit_field offset="28" width="4" reset_value="0"/>
  </register>
  <register offset="0x298" width="32" name="TEMPSENSE2_CLR" description="Tempsensor Control Register 2">
    <alias type="CMSIS" value="TEMPSENSE2_CLR"/>
    <bit_field offset="0" width="12" name="LOW_ALARM_VALUE" access="RW" reset_value="0" description="This bit field contains the temperature count that will generate a low alarm interrupt when the field is exceeded by TEMP_CNT.">
      <alias type="CMSIS" value="TEMPMON_TEMPSENSE2_CLR_LOW_ALARM_VALUE(x)"/>
    </bit_field>
    <reserved_bit_field offset="12" width="4" reset_value="0"/>
    <bit_field offset="16" width="12" name="PANIC_ALARM_VALUE" access="RW" reset_value="0" description="This bit field contains the temperature count that will generate a panic interrupt when TEMP_CNT is smaller than this field.">
      <alias type="CMSIS" value="TEMPMON_TEMPSENSE2_CLR_PANIC_ALARM_VALUE(x)"/>
    </bit_field>
    <reserved_bit_field offset="28" width="4" reset_value="0"/>
  </register>
  <register offset="0x29C" width="32" name="TEMPSENSE2_TOG" description="Tempsensor Control Register 2">
    <alias type="CMSIS" value="TEMPSENSE2_TOG"/>
    <bit_field offset="0" width="12" name="LOW_ALARM_VALUE" access="RW" reset_value="0" description="This bit field contains the temperature count that will generate a low alarm interrupt when the field is exceeded by TEMP_CNT.">
      <alias type="CMSIS" value="TEMPMON_TEMPSENSE2_TOG_LOW_ALARM_VALUE(x)"/>
    </bit_field>
    <reserved_bit_field offset="12" width="4" reset_value="0"/>
    <bit_field offset="16" width="12" name="PANIC_ALARM_VALUE" access="RW" reset_value="0" description="This bit field contains the temperature count that will generate a panic interrupt when TEMP_CNT is smaller than this field.">
      <alias type="CMSIS" value="TEMPMON_TEMPSENSE2_TOG_PANIC_ALARM_VALUE(x)"/>
    </bit_field>
    <reserved_bit_field offset="28" width="4" reset_value="0"/>
  </register>
</regs:peripheral>