<?xml version="1.0"?>
<regs:peripheral xmlns:regs="http://swtools.freescale.net/XSD/registers/4.0/regsPeripheral.xsd" xmlns:xsi="http://www.w3.org/2001/XMLSchema-instance" xsi:schemaLocation="http://swtools.freescale.net/XSD/registers/4.0/regsPeripheral.xsd http://swtools.freescale.net/XSD/registers/4.0/regsPeripheral.xsd">
  <register offset="0" width="16" name="COMP10" description="Timer Channel Compare Register 1">
    <alias type="CMSIS" value="CHANNEL[0].COMP1"/>
    <bit_field offset="0" width="16" name="COMPARISON_1" access="RW" reset_value="0" description="Comparison Value 1">
      <alias type="CMSIS" value="TMR_COMP1_COMPARISON_1(x)"/>
    </bit_field>
  </register>
  <register offset="0x2" width="16" name="COMP20" description="Timer Channel Compare Register 2">
    <alias type="CMSIS" value="CHANNEL[0].COMP2"/>
    <bit_field offset="0" width="16" name="COMPARISON_2" access="RW" reset_value="0" description="Comparison Value 2">
      <alias type="CMSIS" value="TMR_COMP2_COMPARISON_2(x)"/>
    </bit_field>
  </register>
  <register offset="0x4" width="16" name="CAPT0" description="Timer Channel Capture Register">
    <alias type="CMSIS" value="CHANNEL[0].CAPT"/>
    <bit_field offset="0" width="16" name="CAPTURE" access="RW" reset_value="0" description="Capture Value">
      <alias type="CMSIS" value="TMR_CAPT_CAPTURE(x)"/>
    </bit_field>
  </register>
  <register offset="0x6" width="16" name="LOAD0" description="Timer Channel Load Register">
    <alias type="CMSIS" value="CHANNEL[0].LOAD"/>
    <bit_field offset="0" width="16" name="LOAD" access="RW" reset_value="0" description="Timer Load Register">
      <alias type="CMSIS" value="TMR_LOAD_LOAD(x)"/>
    </bit_field>
  </register>
  <register offset="0x8" width="16" name="HOLD0" description="Timer Channel Hold Register">
    <alias type="CMSIS" value="CHANNEL[0].HOLD"/>
    <bit_field offset="0" width="16" name="HOLD" access="RW" reset_value="0" description="This read/write register stores the counter's values of specific channels whenever any of the four counters within a module is read.">
      <alias type="CMSIS" value="TMR_HOLD_HOLD(x)"/>
    </bit_field>
  </register>
  <register offset="0xA" width="16" name="CNTR0" description="Timer Channel Counter Register">
    <alias type="CMSIS" value="CHANNEL[0].CNTR"/>
    <bit_field offset="0" width="16" name="COUNTER" access="RW" reset_value="0" description="This read/write register is the counter for the corresponding channel in a timer module.">
      <alias type="CMSIS" value="TMR_CNTR_COUNTER(x)"/>
    </bit_field>
  </register>
  <register offset="0xC" width="16" name="CTRL0" description="Timer Channel Control Register">
    <alias type="CMSIS" value="CHANNEL[0].CTRL"/>
    <bit_field offset="0" width="3" name="OUTMODE" access="RW" reset_value="0" description="Output Mode">
      <alias type="CMSIS" value="TMR_CTRL_OUTMODE(x)"/>
      <bit_field_value name="CHANNEL_OUTMODE_0b000" value="0b000" description="Asserted while counter is active"/>
      <bit_field_value name="CHANNEL_OUTMODE_0b001" value="0b001" description="Clear OFLAG output on successful compare"/>
      <bit_field_value name="CHANNEL_OUTMODE_0b010" value="0b010" description="Set OFLAG output on successful compare"/>
      <bit_field_value name="CHANNEL_OUTMODE_0b011" value="0b011" description="Toggle OFLAG output on successful compare"/>
      <bit_field_value name="CHANNEL_OUTMODE_0b100" value="0b100" description="Toggle OFLAG output using alternating compare registers"/>
      <bit_field_value name="CHANNEL_OUTMODE_0b101" value="0b101" description="Set on compare, cleared on secondary source input edge"/>
      <bit_field_value name="CHANNEL_OUTMODE_0b110" value="0b110" description="Set on compare, cleared on counter rollover"/>
      <bit_field_value name="CHANNEL_OUTMODE_0b111" value="0b111" description="Enable gated clock output while counter is active"/>
    </bit_field>
    <bit_field offset="3" width="1" name="COINIT" access="RW" reset_value="0" description="Co-Channel Initialization">
      <alias type="CMSIS" value="TMR_CTRL_COINIT(x)"/>
      <bit_field_value name="CHANNEL_COINIT_0b0" value="0b0" description="Co-channel counter/timers cannot force a re-initialization of this counter/timer"/>
      <bit_field_value name="CHANNEL_COINIT_0b1" value="0b1" description="Co-channel counter/timers may force a re-initialization of this counter/timer"/>
    </bit_field>
    <bit_field offset="4" width="1" name="DIR" access="RW" reset_value="0" description="Count Direction">
      <alias type="CMSIS" value="TMR_CTRL_DIR(x)"/>
      <bit_field_value name="CHANNEL_DIR_0b0" value="0b0" description="Count up."/>
      <bit_field_value name="CHANNEL_DIR_0b1" value="0b1" description="Count down."/>
    </bit_field>
    <bit_field offset="5" width="1" name="LENGTH" access="RW" reset_value="0" description="Count Length">
      <alias type="CMSIS" value="TMR_CTRL_LENGTH(x)"/>
      <bit_field_value name="CHANNEL_LENGTH_0b0" value="0b0" description="Count until roll over at $FFFF and continue from $0000."/>
      <bit_field_value name="CHANNEL_LENGTH_0b1" value="0b1" description="Count until compare, then re-initialize. If counting up, a successful compare occurs when the counter reaches a COMP1 value. If counting down, a successful compare occurs when the counter reaches a COMP2 value. When output mode $4 is used, alternating values of COMP1 and COMP2 are used to generate successful comparisons. For example, the counter counts until a COMP1 value is reached, re-initializes, counts until COMP2 value is reached, re-initializes, counts until COMP1 value is reached, and so on."/>
    </bit_field>
    <bit_field offset="6" width="1" name="ONCE" access="RW" reset_value="0" description="Count Once">
      <alias type="CMSIS" value="TMR_CTRL_ONCE(x)"/>
      <bit_field_value name="CHANNEL_ONCE_0b0" value="0b0" description="Count repeatedly."/>
      <bit_field_value name="CHANNEL_ONCE_0b1" value="0b1" description="Count until compare and then stop. If counting up, a successful compare occurs when the counter reaches a COMP1 value. If counting down, a successful compare occurs when the counter reaches a COMP2 value. When output mode $4 is used, the counter re-initializes after reaching the COMP1 value, continues to count to the COMP2 value, and then stops."/>
    </bit_field>
    <bit_field offset="7" width="2" name="SCS" access="RW" reset_value="0" description="Secondary Count Source">
      <alias type="CMSIS" value="TMR_CTRL_SCS(x)"/>
      <bit_field_value name="CHANNEL_SCS_0b00" value="0b00" description="Counter 0 input pin"/>
      <bit_field_value name="CHANNEL_SCS_0b01" value="0b01" description="Counter 1 input pin"/>
      <bit_field_value name="CHANNEL_SCS_0b10" value="0b10" description="Counter 2 input pin"/>
      <bit_field_value name="CHANNEL_SCS_0b11" value="0b11" description="Counter 3 input pin"/>
    </bit_field>
    <bit_field offset="9" width="4" name="PCS" access="RW" reset_value="0" description="Primary Count Source">
      <alias type="CMSIS" value="TMR_CTRL_PCS(x)"/>
      <bit_field_value name="CHANNEL_PCS_0b0000" value="0b0000" description="Counter 0 input pin"/>
      <bit_field_value name="CHANNEL_PCS_0b0001" value="0b0001" description="Counter 1 input pin"/>
      <bit_field_value name="CHANNEL_PCS_0b0010" value="0b0010" description="Counter 2 input pin"/>
      <bit_field_value name="CHANNEL_PCS_0b0011" value="0b0011" description="Counter 3 input pin"/>
      <bit_field_value name="CHANNEL_PCS_0b0100" value="0b0100" description="Counter 0 output"/>
      <bit_field_value name="CHANNEL_PCS_0b0101" value="0b0101" description="Counter 1 output"/>
      <bit_field_value name="CHANNEL_PCS_0b0110" value="0b0110" description="Counter 2 output"/>
      <bit_field_value name="CHANNEL_PCS_0b0111" value="0b0111" description="Counter 3 output"/>
      <bit_field_value name="CHANNEL_PCS_0b1000" value="0b1000" description="IP bus clock divide by 1 prescaler"/>
      <bit_field_value name="CHANNEL_PCS_0b1001" value="0b1001" description="IP bus clock divide by 2 prescaler"/>
      <bit_field_value name="CHANNEL_PCS_0b1010" value="0b1010" description="IP bus clock divide by 4 prescaler"/>
      <bit_field_value name="CHANNEL_PCS_0b1011" value="0b1011" description="IP bus clock divide by 8 prescaler"/>
      <bit_field_value name="CHANNEL_PCS_0b1100" value="0b1100" description="IP bus clock divide by 16 prescaler"/>
      <bit_field_value name="CHANNEL_PCS_0b1101" value="0b1101" description="IP bus clock divide by 32 prescaler"/>
      <bit_field_value name="CHANNEL_PCS_0b1110" value="0b1110" description="IP bus clock divide by 64 prescaler"/>
      <bit_field_value name="CHANNEL_PCS_0b1111" value="0b1111" description="IP bus clock divide by 128 prescaler"/>
    </bit_field>
    <bit_field offset="13" width="3" name="CM" access="RW" reset_value="0" description="Count Mode">
      <alias type="CMSIS" value="TMR_CTRL_CM(x)"/>
      <bit_field_value name="CHANNEL_CM_0b000" value="0b000" description="No operation"/>
      <bit_field_value name="CHANNEL_CM_0b001" value="0b001" description="Count rising edges of primary sourceRising edges are counted only when SCTRL[IPS] = 0. Falling edges are counted when SCTRL[IPS] = 1. If the primary count source is IP bus clock divide by 1, only rising edges are counted regardless of the value of SCTRL[IPS]."/>
      <bit_field_value name="CHANNEL_CM_0b010" value="0b010" description="Count rising and falling edges of primary sourceIP bus clock divide by 1 cannot be used as a primary count source in edge count mode."/>
      <bit_field_value name="CHANNEL_CM_0b011" value="0b011" description="Count rising edges of primary source while secondary input high active"/>
      <bit_field_value name="CHANNEL_CM_0b100" value="0b100" description="Quadrature count mode, uses primary and secondary sources"/>
      <bit_field_value name="CHANNEL_CM_0b101" value="0b101" description="Count rising edges of primary source; secondary source specifies directionRising edges are counted only when SCTRL[IPS] = 0. Falling edges are counted when SCTRL[IPS] = 1."/>
      <bit_field_value name="CHANNEL_CM_0b110" value="0b110" description="Edge of secondary source triggers primary count until compare"/>
      <bit_field_value name="CHANNEL_CM_0b111" value="0b111" description="Cascaded counter mode (up/down)The primary count source must be set to one of the counter outputs."/>
    </bit_field>
  </register>
  <register offset="0xE" width="16" name="SCTRL0" description="Timer Channel Status and Control Register">
    <alias type="CMSIS" value="CHANNEL[0].SCTRL"/>
    <bit_field offset="0" width="1" name="OEN" access="RW" reset_value="0" description="Output Enable">
      <alias type="CMSIS" value="TMR_SCTRL_OEN(x)"/>
      <bit_field_value name="CHANNEL_OEN_0b0" value="0b0" description="The external pin is configured as an input."/>
      <bit_field_value name="CHANNEL_OEN_0b1" value="0b1" description="The OFLAG output signal is driven on the external pin. Other timer groups using this external pin as their input see the driven value. The polarity of the signal is determined by OPS."/>
    </bit_field>
    <bit_field offset="1" width="1" name="OPS" access="RW" reset_value="0" description="Output Polarity Select">
      <alias type="CMSIS" value="TMR_SCTRL_OPS(x)"/>
      <bit_field_value name="CHANNEL_OPS_0b0" value="0b0" description="True polarity."/>
      <bit_field_value name="CHANNEL_OPS_0b1" value="0b1" description="Inverted polarity."/>
    </bit_field>
    <bit_field offset="2" width="1" name="FORCE" access="WORZ" reset_value="0" description="Force OFLAG Output">
      <alias type="CMSIS" value="TMR_SCTRL_FORCE(x)"/>
    </bit_field>
    <bit_field offset="3" width="1" name="VAL" access="RW" reset_value="0" description="Forced OFLAG Value">
      <alias type="CMSIS" value="TMR_SCTRL_VAL(x)"/>
    </bit_field>
    <bit_field offset="4" width="1" name="EEOF" access="RW" reset_value="0" description="Enable External OFLAG Force">
      <alias type="CMSIS" value="TMR_SCTRL_EEOF(x)"/>
    </bit_field>
    <bit_field offset="5" width="1" name="MSTR" access="RW" reset_value="0" description="Master Mode">
      <alias type="CMSIS" value="TMR_SCTRL_MSTR(x)"/>
    </bit_field>
    <bit_field offset="6" width="2" name="CAPTURE_MODE" access="RW" reset_value="0" description="Input Capture Mode">
      <alias type="CMSIS" value="TMR_SCTRL_CAPTURE_MODE(x)"/>
      <bit_field_value name="CHANNEL_CAPTURE_MODE_0b00" value="0b00" description="Capture function is disabled"/>
      <bit_field_value name="CHANNEL_CAPTURE_MODE_0b01" value="0b01" description="Load capture register on rising edge (when IPS=0) or falling edge (when IPS=1) of input"/>
      <bit_field_value name="CHANNEL_CAPTURE_MODE_0b10" value="0b10" description="Load capture register on falling edge (when IPS=0) or rising edge (when IPS=1) of input"/>
      <bit_field_value name="CHANNEL_CAPTURE_MODE_0b11" value="0b11" description="Load capture register on both edges of input"/>
    </bit_field>
    <bit_field offset="8" width="1" name="INPUT" access="RO" reset_value="0" description="External Input Signal">
      <alias type="CMSIS" value="TMR_SCTRL_INPUT(x)"/>
    </bit_field>
    <bit_field offset="9" width="1" name="IPS" access="RW" reset_value="0" description="Input Polarity Select">
      <alias type="CMSIS" value="TMR_SCTRL_IPS(x)"/>
    </bit_field>
    <bit_field offset="10" width="1" name="IEFIE" access="RW" reset_value="0" description="Input Edge Flag Interrupt Enable">
      <alias type="CMSIS" value="TMR_SCTRL_IEFIE(x)"/>
    </bit_field>
    <bit_field offset="11" width="1" name="IEF" access="RW" reset_value="0" description="Input Edge Flag">
      <alias type="CMSIS" value="TMR_SCTRL_IEF(x)"/>
    </bit_field>
    <bit_field offset="12" width="1" name="TOFIE" access="RW" reset_value="0" description="Timer Overflow Flag Interrupt Enable">
      <alias type="CMSIS" value="TMR_SCTRL_TOFIE(x)"/>
    </bit_field>
    <bit_field offset="13" width="1" name="TOF" access="RW" reset_value="0" description="Timer Overflow Flag">
      <alias type="CMSIS" value="TMR_SCTRL_TOF(x)"/>
    </bit_field>
    <bit_field offset="14" width="1" name="TCFIE" access="RW" reset_value="0" description="Timer Compare Flag Interrupt Enable">
      <alias type="CMSIS" value="TMR_SCTRL_TCFIE(x)"/>
    </bit_field>
    <bit_field offset="15" width="1" name="TCF" access="RW" reset_value="0" description="Timer Compare Flag">
      <alias type="CMSIS" value="TMR_SCTRL_TCF(x)"/>
    </bit_field>
  </register>
  <register offset="0x10" width="16" name="CMPLD10" description="Timer Channel Comparator Load Register 1">
    <alias type="CMSIS" value="CHANNEL[0].CMPLD1"/>
    <bit_field offset="0" width="16" name="COMPARATOR_LOAD_1" access="RW" reset_value="0" description="This read/write register is the comparator 1 preload value for the COMP1 register for the corresponding channel in a timer module.">
      <alias type="CMSIS" value="TMR_CMPLD1_COMPARATOR_LOAD_1(x)"/>
    </bit_field>
  </register>
  <register offset="0x12" width="16" name="CMPLD20" description="Timer Channel Comparator Load Register 2">
    <alias type="CMSIS" value="CHANNEL[0].CMPLD2"/>
    <bit_field offset="0" width="16" name="COMPARATOR_LOAD_2" access="RW" reset_value="0" description="This read/write register is the comparator 2 preload value for the COMP2 register for the corresponding channel in a timer module.">
      <alias type="CMSIS" value="TMR_CMPLD2_COMPARATOR_LOAD_2(x)"/>
    </bit_field>
  </register>
  <register offset="0x14" width="16" name="CSCTRL0" description="Timer Channel Comparator Status and Control Register">
    <alias type="CMSIS" value="CHANNEL[0].CSCTRL"/>
    <bit_field offset="0" width="2" name="CL1" access="RW" reset_value="0" description="Compare Load Control 1">
      <alias type="CMSIS" value="TMR_CSCTRL_CL1(x)"/>
      <bit_field_value name="CHANNEL_CL1_0b00" value="0b00" description="Never preload"/>
      <bit_field_value name="CHANNEL_CL1_0b01" value="0b01" description="Load upon successful compare with the value in COMP1"/>
      <bit_field_value name="CHANNEL_CL1_0b10" value="0b10" description="Load upon successful compare with the value in COMP2"/>
      <bit_field_value name="CHANNEL_CL1_0b11" value="0b11" description="Reserved"/>
    </bit_field>
    <bit_field offset="2" width="2" name="CL2" access="RW" reset_value="0" description="Compare Load Control 2">
      <alias type="CMSIS" value="TMR_CSCTRL_CL2(x)"/>
      <bit_field_value name="CHANNEL_CL2_0b00" value="0b00" description="Never preload"/>
      <bit_field_value name="CHANNEL_CL2_0b01" value="0b01" description="Load upon successful compare with the value in COMP1"/>
      <bit_field_value name="CHANNEL_CL2_0b10" value="0b10" description="Load upon successful compare with the value in COMP2"/>
      <bit_field_value name="CHANNEL_CL2_0b11" value="0b11" description="Reserved"/>
    </bit_field>
    <bit_field offset="4" width="1" name="TCF1" access="RW" reset_value="0" description="Timer Compare 1 Interrupt Flag">
      <alias type="CMSIS" value="TMR_CSCTRL_TCF1(x)"/>
    </bit_field>
    <bit_field offset="5" width="1" name="TCF2" access="RW" reset_value="0" description="Timer Compare 2 Interrupt Flag">
      <alias type="CMSIS" value="TMR_CSCTRL_TCF2(x)"/>
    </bit_field>
    <bit_field offset="6" width="1" name="TCF1EN" access="RW" reset_value="0" description="Timer Compare 1 Interrupt Enable">
      <alias type="CMSIS" value="TMR_CSCTRL_TCF1EN(x)"/>
    </bit_field>
    <bit_field offset="7" width="1" name="TCF2EN" access="RW" reset_value="0" description="Timer Compare 2 Interrupt Enable">
      <alias type="CMSIS" value="TMR_CSCTRL_TCF2EN(x)"/>
    </bit_field>
    <reserved_bit_field offset="8" width="1" reset_value="0"/>
    <bit_field offset="9" width="1" name="UP" access="RO" reset_value="0" description="Counting Direction Indicator">
      <alias type="CMSIS" value="TMR_CSCTRL_UP(x)"/>
      <bit_field_value name="CHANNEL_UP_0b0" value="0b0" description="The last count was in the DOWN direction."/>
      <bit_field_value name="CHANNEL_UP_0b1" value="0b1" description="The last count was in the UP direction."/>
    </bit_field>
    <bit_field offset="10" width="1" name="TCI" access="RW" reset_value="0" description="Triggered Count Initialization Control">
      <alias type="CMSIS" value="TMR_CSCTRL_TCI(x)"/>
      <bit_field_value name="CHANNEL_TCI_0b0" value="0b0" description="Stop counter upon receiving a second trigger event while still counting from the first trigger event."/>
      <bit_field_value name="CHANNEL_TCI_0b1" value="0b1" description="Reload the counter upon receiving a second trigger event while still counting from the first trigger event."/>
    </bit_field>
    <bit_field offset="11" width="1" name="ROC" access="RW" reset_value="0" description="Reload on Capture">
      <alias type="CMSIS" value="TMR_CSCTRL_ROC(x)"/>
      <bit_field_value name="CHANNEL_ROC_0b0" value="0b0" description="Do not reload the counter on a capture event."/>
      <bit_field_value name="CHANNEL_ROC_0b1" value="0b1" description="Reload the counter on a capture event."/>
    </bit_field>
    <bit_field offset="12" width="1" name="ALT_LOAD" access="RW" reset_value="0" description="Alternative Load Enable">
      <alias type="CMSIS" value="TMR_CSCTRL_ALT_LOAD(x)"/>
      <bit_field_value name="CHANNEL_ALT_LOAD_0b0" value="0b0" description="Counter can be re-initialized only with the LOAD register."/>
      <bit_field_value name="CHANNEL_ALT_LOAD_0b1" value="0b1" description="Counter can be re-initialized with the LOAD or CMPLD2 registers depending on count direction."/>
    </bit_field>
    <bit_field offset="13" width="1" name="FAULT" access="RW" reset_value="0" description="Fault Enable">
      <alias type="CMSIS" value="TMR_CSCTRL_FAULT(x)"/>
      <bit_field_value name="CHANNEL_FAULT_0b0" value="0b0" description="Fault function disabled."/>
      <bit_field_value name="CHANNEL_FAULT_0b1" value="0b1" description="Fault function enabled."/>
    </bit_field>
    <bit_field offset="14" width="2" name="DBG_EN" access="RW" reset_value="0" description="Debug Actions Enable">
      <alias type="CMSIS" value="TMR_CSCTRL_DBG_EN(x)"/>
      <bit_field_value name="CHANNEL_DBG_EN_0b00" value="0b00" description="Continue with normal operation during debug mode. (default)"/>
      <bit_field_value name="CHANNEL_DBG_EN_0b01" value="0b01" description="Halt TMR counter during debug mode."/>
      <bit_field_value name="CHANNEL_DBG_EN_0b10" value="0b10" description="Force TMR output to logic 0 (prior to consideration of SCTRL[OPS])."/>
      <bit_field_value name="CHANNEL_DBG_EN_0b11" value="0b11" description="Both halt counter and force output to 0 during debug mode."/>
    </bit_field>
  </register>
  <register offset="0x16" width="16" name="FILT0" description="Timer Channel Input Filter Register">
    <alias type="CMSIS" value="CHANNEL[0].FILT"/>
    <bit_field offset="0" width="8" name="FILT_PER" access="RW" reset_value="0" description="Input Filter Sample Period">
      <alias type="CMSIS" value="TMR_FILT_FILT_PER(x)"/>
    </bit_field>
    <bit_field offset="8" width="3" name="FILT_CNT" access="RW" reset_value="0" description="Input Filter Sample Count">
      <alias type="CMSIS" value="TMR_FILT_FILT_CNT(x)"/>
    </bit_field>
    <reserved_bit_field offset="11" width="5" reset_value="0"/>
  </register>
  <register offset="0x18" width="16" name="DMA0" description="Timer Channel DMA Enable Register">
    <alias type="CMSIS" value="CHANNEL[0].DMA"/>
    <bit_field offset="0" width="1" name="IEFDE" access="RW" reset_value="0" description="Input Edge Flag DMA Enable">
      <alias type="CMSIS" value="TMR_DMA_IEFDE(x)"/>
    </bit_field>
    <bit_field offset="1" width="1" name="CMPLD1DE" access="RW" reset_value="0" description="Comparator Preload Register 1 DMA Enable">
      <alias type="CMSIS" value="TMR_DMA_CMPLD1DE(x)"/>
    </bit_field>
    <bit_field offset="2" width="1" name="CMPLD2DE" access="RW" reset_value="0" description="Comparator Preload Register 2 DMA Enable">
      <alias type="CMSIS" value="TMR_DMA_CMPLD2DE(x)"/>
    </bit_field>
    <reserved_bit_field offset="3" width="13" reset_value="0"/>
  </register>
  <register offset="0x1E" width="16" name="ENBL" description="Timer Channel Enable Register">
    <alias type="CMSIS" value="CHANNEL[0].ENBL"/>
    <bit_field offset="0" width="4" name="ENBL" access="RW" reset_value="0xF" description="Timer Channel Enable">
      <alias type="CMSIS" value="TMR_ENBL_ENBL(x)"/>
      <bit_field_value name="CHANNEL_ENBL_0b0000" value="0b0000" description="Timer channel is disabled."/>
      <bit_field_value name="CHANNEL_ENBL_0b0001" value="0b0001" description="Timer channel is enabled. (default)"/>
    </bit_field>
    <reserved_bit_field offset="4" width="12" reset_value="0"/>
  </register>
  <register offset="0x20" width="16" name="COMP11" description="Timer Channel Compare Register 1">
    <alias type="CMSIS" value="CHANNEL[1].COMP1"/>
    <bit_field offset="0" width="16" name="COMPARISON_1" access="RW" reset_value="0" description="Comparison Value 1">
      <alias type="CMSIS" value="TMR_COMP1_COMPARISON_1(x)"/>
    </bit_field>
  </register>
  <register offset="0x22" width="16" name="COMP21" description="Timer Channel Compare Register 2">
    <alias type="CMSIS" value="CHANNEL[1].COMP2"/>
    <bit_field offset="0" width="16" name="COMPARISON_2" access="RW" reset_value="0" description="Comparison Value 2">
      <alias type="CMSIS" value="TMR_COMP2_COMPARISON_2(x)"/>
    </bit_field>
  </register>
  <register offset="0x24" width="16" name="CAPT1" description="Timer Channel Capture Register">
    <alias type="CMSIS" value="CHANNEL[1].CAPT"/>
    <bit_field offset="0" width="16" name="CAPTURE" access="RW" reset_value="0" description="Capture Value">
      <alias type="CMSIS" value="TMR_CAPT_CAPTURE(x)"/>
    </bit_field>
  </register>
  <register offset="0x26" width="16" name="LOAD1" description="Timer Channel Load Register">
    <alias type="CMSIS" value="CHANNEL[1].LOAD"/>
    <bit_field offset="0" width="16" name="LOAD" access="RW" reset_value="0" description="Timer Load Register">
      <alias type="CMSIS" value="TMR_LOAD_LOAD(x)"/>
    </bit_field>
  </register>
  <register offset="0x28" width="16" name="HOLD1" description="Timer Channel Hold Register">
    <alias type="CMSIS" value="CHANNEL[1].HOLD"/>
    <bit_field offset="0" width="16" name="HOLD" access="RW" reset_value="0" description="This read/write register stores the counter's values of specific channels whenever any of the four counters within a module is read.">
      <alias type="CMSIS" value="TMR_HOLD_HOLD(x)"/>
    </bit_field>
  </register>
  <register offset="0x2A" width="16" name="CNTR1" description="Timer Channel Counter Register">
    <alias type="CMSIS" value="CHANNEL[1].CNTR"/>
    <bit_field offset="0" width="16" name="COUNTER" access="RW" reset_value="0" description="This read/write register is the counter for the corresponding channel in a timer module.">
      <alias type="CMSIS" value="TMR_CNTR_COUNTER(x)"/>
    </bit_field>
  </register>
  <register offset="0x2C" width="16" name="CTRL1" description="Timer Channel Control Register">
    <alias type="CMSIS" value="CHANNEL[1].CTRL"/>
    <bit_field offset="0" width="3" name="OUTMODE" access="RW" reset_value="0" description="Output Mode">
      <alias type="CMSIS" value="TMR_CTRL_OUTMODE(x)"/>
      <bit_field_value name="CHANNEL_OUTMODE_0b000" value="0b000" description="Asserted while counter is active"/>
      <bit_field_value name="CHANNEL_OUTMODE_0b001" value="0b001" description="Clear OFLAG output on successful compare"/>
      <bit_field_value name="CHANNEL_OUTMODE_0b010" value="0b010" description="Set OFLAG output on successful compare"/>
      <bit_field_value name="CHANNEL_OUTMODE_0b011" value="0b011" description="Toggle OFLAG output on successful compare"/>
      <bit_field_value name="CHANNEL_OUTMODE_0b100" value="0b100" description="Toggle OFLAG output using alternating compare registers"/>
      <bit_field_value name="CHANNEL_OUTMODE_0b101" value="0b101" description="Set on compare, cleared on secondary source input edge"/>
      <bit_field_value name="CHANNEL_OUTMODE_0b110" value="0b110" description="Set on compare, cleared on counter rollover"/>
      <bit_field_value name="CHANNEL_OUTMODE_0b111" value="0b111" description="Enable gated clock output while counter is active"/>
    </bit_field>
    <bit_field offset="3" width="1" name="COINIT" access="RW" reset_value="0" description="Co-Channel Initialization">
      <alias type="CMSIS" value="TMR_CTRL_COINIT(x)"/>
      <bit_field_value name="CHANNEL_COINIT_0b0" value="0b0" description="Co-channel counter/timers cannot force a re-initialization of this counter/timer"/>
      <bit_field_value name="CHANNEL_COINIT_0b1" value="0b1" description="Co-channel counter/timers may force a re-initialization of this counter/timer"/>
    </bit_field>
    <bit_field offset="4" width="1" name="DIR" access="RW" reset_value="0" description="Count Direction">
      <alias type="CMSIS" value="TMR_CTRL_DIR(x)"/>
      <bit_field_value name="CHANNEL_DIR_0b0" value="0b0" description="Count up."/>
      <bit_field_value name="CHANNEL_DIR_0b1" value="0b1" description="Count down."/>
    </bit_field>
    <bit_field offset="5" width="1" name="LENGTH" access="RW" reset_value="0" description="Count Length">
      <alias type="CMSIS" value="TMR_CTRL_LENGTH(x)"/>
      <bit_field_value name="CHANNEL_LENGTH_0b0" value="0b0" description="Count until roll over at $FFFF and continue from $0000."/>
      <bit_field_value name="CHANNEL_LENGTH_0b1" value="0b1" description="Count until compare, then re-initialize. If counting up, a successful compare occurs when the counter reaches a COMP1 value. If counting down, a successful compare occurs when the counter reaches a COMP2 value. When output mode $4 is used, alternating values of COMP1 and COMP2 are used to generate successful comparisons. For example, the counter counts until a COMP1 value is reached, re-initializes, counts until COMP2 value is reached, re-initializes, counts until COMP1 value is reached, and so on."/>
    </bit_field>
    <bit_field offset="6" width="1" name="ONCE" access="RW" reset_value="0" description="Count Once">
      <alias type="CMSIS" value="TMR_CTRL_ONCE(x)"/>
      <bit_field_value name="CHANNEL_ONCE_0b0" value="0b0" description="Count repeatedly."/>
      <bit_field_value name="CHANNEL_ONCE_0b1" value="0b1" description="Count until compare and then stop. If counting up, a successful compare occurs when the counter reaches a COMP1 value. If counting down, a successful compare occurs when the counter reaches a COMP2 value. When output mode $4 is used, the counter re-initializes after reaching the COMP1 value, continues to count to the COMP2 value, and then stops."/>
    </bit_field>
    <bit_field offset="7" width="2" name="SCS" access="RW" reset_value="0" description="Secondary Count Source">
      <alias type="CMSIS" value="TMR_CTRL_SCS(x)"/>
      <bit_field_value name="CHANNEL_SCS_0b00" value="0b00" description="Counter 0 input pin"/>
      <bit_field_value name="CHANNEL_SCS_0b01" value="0b01" description="Counter 1 input pin"/>
      <bit_field_value name="CHANNEL_SCS_0b10" value="0b10" description="Counter 2 input pin"/>
      <bit_field_value name="CHANNEL_SCS_0b11" value="0b11" description="Counter 3 input pin"/>
    </bit_field>
    <bit_field offset="9" width="4" name="PCS" access="RW" reset_value="0" description="Primary Count Source">
      <alias type="CMSIS" value="TMR_CTRL_PCS(x)"/>
      <bit_field_value name="CHANNEL_PCS_0b0000" value="0b0000" description="Counter 0 input pin"/>
      <bit_field_value name="CHANNEL_PCS_0b0001" value="0b0001" description="Counter 1 input pin"/>
      <bit_field_value name="CHANNEL_PCS_0b0010" value="0b0010" description="Counter 2 input pin"/>
      <bit_field_value name="CHANNEL_PCS_0b0011" value="0b0011" description="Counter 3 input pin"/>
      <bit_field_value name="CHANNEL_PCS_0b0100" value="0b0100" description="Counter 0 output"/>
      <bit_field_value name="CHANNEL_PCS_0b0101" value="0b0101" description="Counter 1 output"/>
      <bit_field_value name="CHANNEL_PCS_0b0110" value="0b0110" description="Counter 2 output"/>
      <bit_field_value name="CHANNEL_PCS_0b0111" value="0b0111" description="Counter 3 output"/>
      <bit_field_value name="CHANNEL_PCS_0b1000" value="0b1000" description="IP bus clock divide by 1 prescaler"/>
      <bit_field_value name="CHANNEL_PCS_0b1001" value="0b1001" description="IP bus clock divide by 2 prescaler"/>
      <bit_field_value name="CHANNEL_PCS_0b1010" value="0b1010" description="IP bus clock divide by 4 prescaler"/>
      <bit_field_value name="CHANNEL_PCS_0b1011" value="0b1011" description="IP bus clock divide by 8 prescaler"/>
      <bit_field_value name="CHANNEL_PCS_0b1100" value="0b1100" description="IP bus clock divide by 16 prescaler"/>
      <bit_field_value name="CHANNEL_PCS_0b1101" value="0b1101" description="IP bus clock divide by 32 prescaler"/>
      <bit_field_value name="CHANNEL_PCS_0b1110" value="0b1110" description="IP bus clock divide by 64 prescaler"/>
      <bit_field_value name="CHANNEL_PCS_0b1111" value="0b1111" description="IP bus clock divide by 128 prescaler"/>
    </bit_field>
    <bit_field offset="13" width="3" name="CM" access="RW" reset_value="0" description="Count Mode">
      <alias type="CMSIS" value="TMR_CTRL_CM(x)"/>
      <bit_field_value name="CHANNEL_CM_0b000" value="0b000" description="No operation"/>
      <bit_field_value name="CHANNEL_CM_0b001" value="0b001" description="Count rising edges of primary sourceRising edges are counted only when SCTRL[IPS] = 0. Falling edges are counted when SCTRL[IPS] = 1. If the primary count source is IP bus clock divide by 1, only rising edges are counted regardless of the value of SCTRL[IPS]."/>
      <bit_field_value name="CHANNEL_CM_0b010" value="0b010" description="Count rising and falling edges of primary sourceIP bus clock divide by 1 cannot be used as a primary count source in edge count mode."/>
      <bit_field_value name="CHANNEL_CM_0b011" value="0b011" description="Count rising edges of primary source while secondary input high active"/>
      <bit_field_value name="CHANNEL_CM_0b100" value="0b100" description="Quadrature count mode, uses primary and secondary sources"/>
      <bit_field_value name="CHANNEL_CM_0b101" value="0b101" description="Count rising edges of primary source; secondary source specifies directionRising edges are counted only when SCTRL[IPS] = 0. Falling edges are counted when SCTRL[IPS] = 1."/>
      <bit_field_value name="CHANNEL_CM_0b110" value="0b110" description="Edge of secondary source triggers primary count until compare"/>
      <bit_field_value name="CHANNEL_CM_0b111" value="0b111" description="Cascaded counter mode (up/down)The primary count source must be set to one of the counter outputs."/>
    </bit_field>
  </register>
  <register offset="0x2E" width="16" name="SCTRL1" description="Timer Channel Status and Control Register">
    <alias type="CMSIS" value="CHANNEL[1].SCTRL"/>
    <bit_field offset="0" width="1" name="OEN" access="RW" reset_value="0" description="Output Enable">
      <alias type="CMSIS" value="TMR_SCTRL_OEN(x)"/>
      <bit_field_value name="CHANNEL_OEN_0b0" value="0b0" description="The external pin is configured as an input."/>
      <bit_field_value name="CHANNEL_OEN_0b1" value="0b1" description="The OFLAG output signal is driven on the external pin. Other timer groups using this external pin as their input see the driven value. The polarity of the signal is determined by OPS."/>
    </bit_field>
    <bit_field offset="1" width="1" name="OPS" access="RW" reset_value="0" description="Output Polarity Select">
      <alias type="CMSIS" value="TMR_SCTRL_OPS(x)"/>
      <bit_field_value name="CHANNEL_OPS_0b0" value="0b0" description="True polarity."/>
      <bit_field_value name="CHANNEL_OPS_0b1" value="0b1" description="Inverted polarity."/>
    </bit_field>
    <bit_field offset="2" width="1" name="FORCE" access="WORZ" reset_value="0" description="Force OFLAG Output">
      <alias type="CMSIS" value="TMR_SCTRL_FORCE(x)"/>
    </bit_field>
    <bit_field offset="3" width="1" name="VAL" access="RW" reset_value="0" description="Forced OFLAG Value">
      <alias type="CMSIS" value="TMR_SCTRL_VAL(x)"/>
    </bit_field>
    <bit_field offset="4" width="1" name="EEOF" access="RW" reset_value="0" description="Enable External OFLAG Force">
      <alias type="CMSIS" value="TMR_SCTRL_EEOF(x)"/>
    </bit_field>
    <bit_field offset="5" width="1" name="MSTR" access="RW" reset_value="0" description="Master Mode">
      <alias type="CMSIS" value="TMR_SCTRL_MSTR(x)"/>
    </bit_field>
    <bit_field offset="6" width="2" name="CAPTURE_MODE" access="RW" reset_value="0" description="Input Capture Mode">
      <alias type="CMSIS" value="TMR_SCTRL_CAPTURE_MODE(x)"/>
      <bit_field_value name="CHANNEL_CAPTURE_MODE_0b00" value="0b00" description="Capture function is disabled"/>
      <bit_field_value name="CHANNEL_CAPTURE_MODE_0b01" value="0b01" description="Load capture register on rising edge (when IPS=0) or falling edge (when IPS=1) of input"/>
      <bit_field_value name="CHANNEL_CAPTURE_MODE_0b10" value="0b10" description="Load capture register on falling edge (when IPS=0) or rising edge (when IPS=1) of input"/>
      <bit_field_value name="CHANNEL_CAPTURE_MODE_0b11" value="0b11" description="Load capture register on both edges of input"/>
    </bit_field>
    <bit_field offset="8" width="1" name="INPUT" access="RO" reset_value="0" description="External Input Signal">
      <alias type="CMSIS" value="TMR_SCTRL_INPUT(x)"/>
    </bit_field>
    <bit_field offset="9" width="1" name="IPS" access="RW" reset_value="0" description="Input Polarity Select">
      <alias type="CMSIS" value="TMR_SCTRL_IPS(x)"/>
    </bit_field>
    <bit_field offset="10" width="1" name="IEFIE" access="RW" reset_value="0" description="Input Edge Flag Interrupt Enable">
      <alias type="CMSIS" value="TMR_SCTRL_IEFIE(x)"/>
    </bit_field>
    <bit_field offset="11" width="1" name="IEF" access="RW" reset_value="0" description="Input Edge Flag">
      <alias type="CMSIS" value="TMR_SCTRL_IEF(x)"/>
    </bit_field>
    <bit_field offset="12" width="1" name="TOFIE" access="RW" reset_value="0" description="Timer Overflow Flag Interrupt Enable">
      <alias type="CMSIS" value="TMR_SCTRL_TOFIE(x)"/>
    </bit_field>
    <bit_field offset="13" width="1" name="TOF" access="RW" reset_value="0" description="Timer Overflow Flag">
      <alias type="CMSIS" value="TMR_SCTRL_TOF(x)"/>
    </bit_field>
    <bit_field offset="14" width="1" name="TCFIE" access="RW" reset_value="0" description="Timer Compare Flag Interrupt Enable">
      <alias type="CMSIS" value="TMR_SCTRL_TCFIE(x)"/>
    </bit_field>
    <bit_field offset="15" width="1" name="TCF" access="RW" reset_value="0" description="Timer Compare Flag">
      <alias type="CMSIS" value="TMR_SCTRL_TCF(x)"/>
    </bit_field>
  </register>
  <register offset="0x30" width="16" name="CMPLD11" description="Timer Channel Comparator Load Register 1">
    <alias type="CMSIS" value="CHANNEL[1].CMPLD1"/>
    <bit_field offset="0" width="16" name="COMPARATOR_LOAD_1" access="RW" reset_value="0" description="This read/write register is the comparator 1 preload value for the COMP1 register for the corresponding channel in a timer module.">
      <alias type="CMSIS" value="TMR_CMPLD1_COMPARATOR_LOAD_1(x)"/>
    </bit_field>
  </register>
  <register offset="0x32" width="16" name="CMPLD21" description="Timer Channel Comparator Load Register 2">
    <alias type="CMSIS" value="CHANNEL[1].CMPLD2"/>
    <bit_field offset="0" width="16" name="COMPARATOR_LOAD_2" access="RW" reset_value="0" description="This read/write register is the comparator 2 preload value for the COMP2 register for the corresponding channel in a timer module.">
      <alias type="CMSIS" value="TMR_CMPLD2_COMPARATOR_LOAD_2(x)"/>
    </bit_field>
  </register>
  <register offset="0x34" width="16" name="CSCTRL1" description="Timer Channel Comparator Status and Control Register">
    <alias type="CMSIS" value="CHANNEL[1].CSCTRL"/>
    <bit_field offset="0" width="2" name="CL1" access="RW" reset_value="0" description="Compare Load Control 1">
      <alias type="CMSIS" value="TMR_CSCTRL_CL1(x)"/>
      <bit_field_value name="CHANNEL_CL1_0b00" value="0b00" description="Never preload"/>
      <bit_field_value name="CHANNEL_CL1_0b01" value="0b01" description="Load upon successful compare with the value in COMP1"/>
      <bit_field_value name="CHANNEL_CL1_0b10" value="0b10" description="Load upon successful compare with the value in COMP2"/>
      <bit_field_value name="CHANNEL_CL1_0b11" value="0b11" description="Reserved"/>
    </bit_field>
    <bit_field offset="2" width="2" name="CL2" access="RW" reset_value="0" description="Compare Load Control 2">
      <alias type="CMSIS" value="TMR_CSCTRL_CL2(x)"/>
      <bit_field_value name="CHANNEL_CL2_0b00" value="0b00" description="Never preload"/>
      <bit_field_value name="CHANNEL_CL2_0b01" value="0b01" description="Load upon successful compare with the value in COMP1"/>
      <bit_field_value name="CHANNEL_CL2_0b10" value="0b10" description="Load upon successful compare with the value in COMP2"/>
      <bit_field_value name="CHANNEL_CL2_0b11" value="0b11" description="Reserved"/>
    </bit_field>
    <bit_field offset="4" width="1" name="TCF1" access="RW" reset_value="0" description="Timer Compare 1 Interrupt Flag">
      <alias type="CMSIS" value="TMR_CSCTRL_TCF1(x)"/>
    </bit_field>
    <bit_field offset="5" width="1" name="TCF2" access="RW" reset_value="0" description="Timer Compare 2 Interrupt Flag">
      <alias type="CMSIS" value="TMR_CSCTRL_TCF2(x)"/>
    </bit_field>
    <bit_field offset="6" width="1" name="TCF1EN" access="RW" reset_value="0" description="Timer Compare 1 Interrupt Enable">
      <alias type="CMSIS" value="TMR_CSCTRL_TCF1EN(x)"/>
    </bit_field>
    <bit_field offset="7" width="1" name="TCF2EN" access="RW" reset_value="0" description="Timer Compare 2 Interrupt Enable">
      <alias type="CMSIS" value="TMR_CSCTRL_TCF2EN(x)"/>
    </bit_field>
    <reserved_bit_field offset="8" width="1" reset_value="0"/>
    <bit_field offset="9" width="1" name="UP" access="RO" reset_value="0" description="Counting Direction Indicator">
      <alias type="CMSIS" value="TMR_CSCTRL_UP(x)"/>
      <bit_field_value name="CHANNEL_UP_0b0" value="0b0" description="The last count was in the DOWN direction."/>
      <bit_field_value name="CHANNEL_UP_0b1" value="0b1" description="The last count was in the UP direction."/>
    </bit_field>
    <bit_field offset="10" width="1" name="TCI" access="RW" reset_value="0" description="Triggered Count Initialization Control">
      <alias type="CMSIS" value="TMR_CSCTRL_TCI(x)"/>
      <bit_field_value name="CHANNEL_TCI_0b0" value="0b0" description="Stop counter upon receiving a second trigger event while still counting from the first trigger event."/>
      <bit_field_value name="CHANNEL_TCI_0b1" value="0b1" description="Reload the counter upon receiving a second trigger event while still counting from the first trigger event."/>
    </bit_field>
    <bit_field offset="11" width="1" name="ROC" access="RW" reset_value="0" description="Reload on Capture">
      <alias type="CMSIS" value="TMR_CSCTRL_ROC(x)"/>
      <bit_field_value name="CHANNEL_ROC_0b0" value="0b0" description="Do not reload the counter on a capture event."/>
      <bit_field_value name="CHANNEL_ROC_0b1" value="0b1" description="Reload the counter on a capture event."/>
    </bit_field>
    <bit_field offset="12" width="1" name="ALT_LOAD" access="RW" reset_value="0" description="Alternative Load Enable">
      <alias type="CMSIS" value="TMR_CSCTRL_ALT_LOAD(x)"/>
      <bit_field_value name="CHANNEL_ALT_LOAD_0b0" value="0b0" description="Counter can be re-initialized only with the LOAD register."/>
      <bit_field_value name="CHANNEL_ALT_LOAD_0b1" value="0b1" description="Counter can be re-initialized with the LOAD or CMPLD2 registers depending on count direction."/>
    </bit_field>
    <bit_field offset="13" width="1" name="FAULT" access="RW" reset_value="0" description="Fault Enable">
      <alias type="CMSIS" value="TMR_CSCTRL_FAULT(x)"/>
      <bit_field_value name="CHANNEL_FAULT_0b0" value="0b0" description="Fault function disabled."/>
      <bit_field_value name="CHANNEL_FAULT_0b1" value="0b1" description="Fault function enabled."/>
    </bit_field>
    <bit_field offset="14" width="2" name="DBG_EN" access="RW" reset_value="0" description="Debug Actions Enable">
      <alias type="CMSIS" value="TMR_CSCTRL_DBG_EN(x)"/>
      <bit_field_value name="CHANNEL_DBG_EN_0b00" value="0b00" description="Continue with normal operation during debug mode. (default)"/>
      <bit_field_value name="CHANNEL_DBG_EN_0b01" value="0b01" description="Halt TMR counter during debug mode."/>
      <bit_field_value name="CHANNEL_DBG_EN_0b10" value="0b10" description="Force TMR output to logic 0 (prior to consideration of SCTRL[OPS])."/>
      <bit_field_value name="CHANNEL_DBG_EN_0b11" value="0b11" description="Both halt counter and force output to 0 during debug mode."/>
    </bit_field>
  </register>
  <register offset="0x36" width="16" name="FILT1" description="Timer Channel Input Filter Register">
    <alias type="CMSIS" value="CHANNEL[1].FILT"/>
    <bit_field offset="0" width="8" name="FILT_PER" access="RW" reset_value="0" description="Input Filter Sample Period">
      <alias type="CMSIS" value="TMR_FILT_FILT_PER(x)"/>
    </bit_field>
    <bit_field offset="8" width="3" name="FILT_CNT" access="RW" reset_value="0" description="Input Filter Sample Count">
      <alias type="CMSIS" value="TMR_FILT_FILT_CNT(x)"/>
    </bit_field>
    <reserved_bit_field offset="11" width="5" reset_value="0"/>
  </register>
  <register offset="0x38" width="16" name="DMA1" description="Timer Channel DMA Enable Register">
    <alias type="CMSIS" value="CHANNEL[1].DMA"/>
    <bit_field offset="0" width="1" name="IEFDE" access="RW" reset_value="0" description="Input Edge Flag DMA Enable">
      <alias type="CMSIS" value="TMR_DMA_IEFDE(x)"/>
    </bit_field>
    <bit_field offset="1" width="1" name="CMPLD1DE" access="RW" reset_value="0" description="Comparator Preload Register 1 DMA Enable">
      <alias type="CMSIS" value="TMR_DMA_CMPLD1DE(x)"/>
    </bit_field>
    <bit_field offset="2" width="1" name="CMPLD2DE" access="RW" reset_value="0" description="Comparator Preload Register 2 DMA Enable">
      <alias type="CMSIS" value="TMR_DMA_CMPLD2DE(x)"/>
    </bit_field>
    <reserved_bit_field offset="3" width="13" reset_value="0"/>
  </register>
  <register offset="0x40" width="16" name="COMP12" description="Timer Channel Compare Register 1">
    <alias type="CMSIS" value="CHANNEL[2].COMP1"/>
    <bit_field offset="0" width="16" name="COMPARISON_1" access="RW" reset_value="0" description="Comparison Value 1">
      <alias type="CMSIS" value="TMR_COMP1_COMPARISON_1(x)"/>
    </bit_field>
  </register>
  <register offset="0x42" width="16" name="COMP22" description="Timer Channel Compare Register 2">
    <alias type="CMSIS" value="CHANNEL[2].COMP2"/>
    <bit_field offset="0" width="16" name="COMPARISON_2" access="RW" reset_value="0" description="Comparison Value 2">
      <alias type="CMSIS" value="TMR_COMP2_COMPARISON_2(x)"/>
    </bit_field>
  </register>
  <register offset="0x44" width="16" name="CAPT2" description="Timer Channel Capture Register">
    <alias type="CMSIS" value="CHANNEL[2].CAPT"/>
    <bit_field offset="0" width="16" name="CAPTURE" access="RW" reset_value="0" description="Capture Value">
      <alias type="CMSIS" value="TMR_CAPT_CAPTURE(x)"/>
    </bit_field>
  </register>
  <register offset="0x46" width="16" name="LOAD2" description="Timer Channel Load Register">
    <alias type="CMSIS" value="CHANNEL[2].LOAD"/>
    <bit_field offset="0" width="16" name="LOAD" access="RW" reset_value="0" description="Timer Load Register">
      <alias type="CMSIS" value="TMR_LOAD_LOAD(x)"/>
    </bit_field>
  </register>
  <register offset="0x48" width="16" name="HOLD2" description="Timer Channel Hold Register">
    <alias type="CMSIS" value="CHANNEL[2].HOLD"/>
    <bit_field offset="0" width="16" name="HOLD" access="RW" reset_value="0" description="This read/write register stores the counter's values of specific channels whenever any of the four counters within a module is read.">
      <alias type="CMSIS" value="TMR_HOLD_HOLD(x)"/>
    </bit_field>
  </register>
  <register offset="0x4A" width="16" name="CNTR2" description="Timer Channel Counter Register">
    <alias type="CMSIS" value="CHANNEL[2].CNTR"/>
    <bit_field offset="0" width="16" name="COUNTER" access="RW" reset_value="0" description="This read/write register is the counter for the corresponding channel in a timer module.">
      <alias type="CMSIS" value="TMR_CNTR_COUNTER(x)"/>
    </bit_field>
  </register>
  <register offset="0x4C" width="16" name="CTRL2" description="Timer Channel Control Register">
    <alias type="CMSIS" value="CHANNEL[2].CTRL"/>
    <bit_field offset="0" width="3" name="OUTMODE" access="RW" reset_value="0" description="Output Mode">
      <alias type="CMSIS" value="TMR_CTRL_OUTMODE(x)"/>
      <bit_field_value name="CHANNEL_OUTMODE_0b000" value="0b000" description="Asserted while counter is active"/>
      <bit_field_value name="CHANNEL_OUTMODE_0b001" value="0b001" description="Clear OFLAG output on successful compare"/>
      <bit_field_value name="CHANNEL_OUTMODE_0b010" value="0b010" description="Set OFLAG output on successful compare"/>
      <bit_field_value name="CHANNEL_OUTMODE_0b011" value="0b011" description="Toggle OFLAG output on successful compare"/>
      <bit_field_value name="CHANNEL_OUTMODE_0b100" value="0b100" description="Toggle OFLAG output using alternating compare registers"/>
      <bit_field_value name="CHANNEL_OUTMODE_0b101" value="0b101" description="Set on compare, cleared on secondary source input edge"/>
      <bit_field_value name="CHANNEL_OUTMODE_0b110" value="0b110" description="Set on compare, cleared on counter rollover"/>
      <bit_field_value name="CHANNEL_OUTMODE_0b111" value="0b111" description="Enable gated clock output while counter is active"/>
    </bit_field>
    <bit_field offset="3" width="1" name="COINIT" access="RW" reset_value="0" description="Co-Channel Initialization">
      <alias type="CMSIS" value="TMR_CTRL_COINIT(x)"/>
      <bit_field_value name="CHANNEL_COINIT_0b0" value="0b0" description="Co-channel counter/timers cannot force a re-initialization of this counter/timer"/>
      <bit_field_value name="CHANNEL_COINIT_0b1" value="0b1" description="Co-channel counter/timers may force a re-initialization of this counter/timer"/>
    </bit_field>
    <bit_field offset="4" width="1" name="DIR" access="RW" reset_value="0" description="Count Direction">
      <alias type="CMSIS" value="TMR_CTRL_DIR(x)"/>
      <bit_field_value name="CHANNEL_DIR_0b0" value="0b0" description="Count up."/>
      <bit_field_value name="CHANNEL_DIR_0b1" value="0b1" description="Count down."/>
    </bit_field>
    <bit_field offset="5" width="1" name="LENGTH" access="RW" reset_value="0" description="Count Length">
      <alias type="CMSIS" value="TMR_CTRL_LENGTH(x)"/>
      <bit_field_value name="CHANNEL_LENGTH_0b0" value="0b0" description="Count until roll over at $FFFF and continue from $0000."/>
      <bit_field_value name="CHANNEL_LENGTH_0b1" value="0b1" description="Count until compare, then re-initialize. If counting up, a successful compare occurs when the counter reaches a COMP1 value. If counting down, a successful compare occurs when the counter reaches a COMP2 value. When output mode $4 is used, alternating values of COMP1 and COMP2 are used to generate successful comparisons. For example, the counter counts until a COMP1 value is reached, re-initializes, counts until COMP2 value is reached, re-initializes, counts until COMP1 value is reached, and so on."/>
    </bit_field>
    <bit_field offset="6" width="1" name="ONCE" access="RW" reset_value="0" description="Count Once">
      <alias type="CMSIS" value="TMR_CTRL_ONCE(x)"/>
      <bit_field_value name="CHANNEL_ONCE_0b0" value="0b0" description="Count repeatedly."/>
      <bit_field_value name="CHANNEL_ONCE_0b1" value="0b1" description="Count until compare and then stop. If counting up, a successful compare occurs when the counter reaches a COMP1 value. If counting down, a successful compare occurs when the counter reaches a COMP2 value. When output mode $4 is used, the counter re-initializes after reaching the COMP1 value, continues to count to the COMP2 value, and then stops."/>
    </bit_field>
    <bit_field offset="7" width="2" name="SCS" access="RW" reset_value="0" description="Secondary Count Source">
      <alias type="CMSIS" value="TMR_CTRL_SCS(x)"/>
      <bit_field_value name="CHANNEL_SCS_0b00" value="0b00" description="Counter 0 input pin"/>
      <bit_field_value name="CHANNEL_SCS_0b01" value="0b01" description="Counter 1 input pin"/>
      <bit_field_value name="CHANNEL_SCS_0b10" value="0b10" description="Counter 2 input pin"/>
      <bit_field_value name="CHANNEL_SCS_0b11" value="0b11" description="Counter 3 input pin"/>
    </bit_field>
    <bit_field offset="9" width="4" name="PCS" access="RW" reset_value="0" description="Primary Count Source">
      <alias type="CMSIS" value="TMR_CTRL_PCS(x)"/>
      <bit_field_value name="CHANNEL_PCS_0b0000" value="0b0000" description="Counter 0 input pin"/>
      <bit_field_value name="CHANNEL_PCS_0b0001" value="0b0001" description="Counter 1 input pin"/>
      <bit_field_value name="CHANNEL_PCS_0b0010" value="0b0010" description="Counter 2 input pin"/>
      <bit_field_value name="CHANNEL_PCS_0b0011" value="0b0011" description="Counter 3 input pin"/>
      <bit_field_value name="CHANNEL_PCS_0b0100" value="0b0100" description="Counter 0 output"/>
      <bit_field_value name="CHANNEL_PCS_0b0101" value="0b0101" description="Counter 1 output"/>
      <bit_field_value name="CHANNEL_PCS_0b0110" value="0b0110" description="Counter 2 output"/>
      <bit_field_value name="CHANNEL_PCS_0b0111" value="0b0111" description="Counter 3 output"/>
      <bit_field_value name="CHANNEL_PCS_0b1000" value="0b1000" description="IP bus clock divide by 1 prescaler"/>
      <bit_field_value name="CHANNEL_PCS_0b1001" value="0b1001" description="IP bus clock divide by 2 prescaler"/>
      <bit_field_value name="CHANNEL_PCS_0b1010" value="0b1010" description="IP bus clock divide by 4 prescaler"/>
      <bit_field_value name="CHANNEL_PCS_0b1011" value="0b1011" description="IP bus clock divide by 8 prescaler"/>
      <bit_field_value name="CHANNEL_PCS_0b1100" value="0b1100" description="IP bus clock divide by 16 prescaler"/>
      <bit_field_value name="CHANNEL_PCS_0b1101" value="0b1101" description="IP bus clock divide by 32 prescaler"/>
      <bit_field_value name="CHANNEL_PCS_0b1110" value="0b1110" description="IP bus clock divide by 64 prescaler"/>
      <bit_field_value name="CHANNEL_PCS_0b1111" value="0b1111" description="IP bus clock divide by 128 prescaler"/>
    </bit_field>
    <bit_field offset="13" width="3" name="CM" access="RW" reset_value="0" description="Count Mode">
      <alias type="CMSIS" value="TMR_CTRL_CM(x)"/>
      <bit_field_value name="CHANNEL_CM_0b000" value="0b000" description="No operation"/>
      <bit_field_value name="CHANNEL_CM_0b001" value="0b001" description="Count rising edges of primary sourceRising edges are counted only when SCTRL[IPS] = 0. Falling edges are counted when SCTRL[IPS] = 1. If the primary count source is IP bus clock divide by 1, only rising edges are counted regardless of the value of SCTRL[IPS]."/>
      <bit_field_value name="CHANNEL_CM_0b010" value="0b010" description="Count rising and falling edges of primary sourceIP bus clock divide by 1 cannot be used as a primary count source in edge count mode."/>
      <bit_field_value name="CHANNEL_CM_0b011" value="0b011" description="Count rising edges of primary source while secondary input high active"/>
      <bit_field_value name="CHANNEL_CM_0b100" value="0b100" description="Quadrature count mode, uses primary and secondary sources"/>
      <bit_field_value name="CHANNEL_CM_0b101" value="0b101" description="Count rising edges of primary source; secondary source specifies directionRising edges are counted only when SCTRL[IPS] = 0. Falling edges are counted when SCTRL[IPS] = 1."/>
      <bit_field_value name="CHANNEL_CM_0b110" value="0b110" description="Edge of secondary source triggers primary count until compare"/>
      <bit_field_value name="CHANNEL_CM_0b111" value="0b111" description="Cascaded counter mode (up/down)The primary count source must be set to one of the counter outputs."/>
    </bit_field>
  </register>
  <register offset="0x4E" width="16" name="SCTRL2" description="Timer Channel Status and Control Register">
    <alias type="CMSIS" value="CHANNEL[2].SCTRL"/>
    <bit_field offset="0" width="1" name="OEN" access="RW" reset_value="0" description="Output Enable">
      <alias type="CMSIS" value="TMR_SCTRL_OEN(x)"/>
      <bit_field_value name="CHANNEL_OEN_0b0" value="0b0" description="The external pin is configured as an input."/>
      <bit_field_value name="CHANNEL_OEN_0b1" value="0b1" description="The OFLAG output signal is driven on the external pin. Other timer groups using this external pin as their input see the driven value. The polarity of the signal is determined by OPS."/>
    </bit_field>
    <bit_field offset="1" width="1" name="OPS" access="RW" reset_value="0" description="Output Polarity Select">
      <alias type="CMSIS" value="TMR_SCTRL_OPS(x)"/>
      <bit_field_value name="CHANNEL_OPS_0b0" value="0b0" description="True polarity."/>
      <bit_field_value name="CHANNEL_OPS_0b1" value="0b1" description="Inverted polarity."/>
    </bit_field>
    <bit_field offset="2" width="1" name="FORCE" access="WORZ" reset_value="0" description="Force OFLAG Output">
      <alias type="CMSIS" value="TMR_SCTRL_FORCE(x)"/>
    </bit_field>
    <bit_field offset="3" width="1" name="VAL" access="RW" reset_value="0" description="Forced OFLAG Value">
      <alias type="CMSIS" value="TMR_SCTRL_VAL(x)"/>
    </bit_field>
    <bit_field offset="4" width="1" name="EEOF" access="RW" reset_value="0" description="Enable External OFLAG Force">
      <alias type="CMSIS" value="TMR_SCTRL_EEOF(x)"/>
    </bit_field>
    <bit_field offset="5" width="1" name="MSTR" access="RW" reset_value="0" description="Master Mode">
      <alias type="CMSIS" value="TMR_SCTRL_MSTR(x)"/>
    </bit_field>
    <bit_field offset="6" width="2" name="CAPTURE_MODE" access="RW" reset_value="0" description="Input Capture Mode">
      <alias type="CMSIS" value="TMR_SCTRL_CAPTURE_MODE(x)"/>
      <bit_field_value name="CHANNEL_CAPTURE_MODE_0b00" value="0b00" description="Capture function is disabled"/>
      <bit_field_value name="CHANNEL_CAPTURE_MODE_0b01" value="0b01" description="Load capture register on rising edge (when IPS=0) or falling edge (when IPS=1) of input"/>
      <bit_field_value name="CHANNEL_CAPTURE_MODE_0b10" value="0b10" description="Load capture register on falling edge (when IPS=0) or rising edge (when IPS=1) of input"/>
      <bit_field_value name="CHANNEL_CAPTURE_MODE_0b11" value="0b11" description="Load capture register on both edges of input"/>
    </bit_field>
    <bit_field offset="8" width="1" name="INPUT" access="RO" reset_value="0" description="External Input Signal">
      <alias type="CMSIS" value="TMR_SCTRL_INPUT(x)"/>
    </bit_field>
    <bit_field offset="9" width="1" name="IPS" access="RW" reset_value="0" description="Input Polarity Select">
      <alias type="CMSIS" value="TMR_SCTRL_IPS(x)"/>
    </bit_field>
    <bit_field offset="10" width="1" name="IEFIE" access="RW" reset_value="0" description="Input Edge Flag Interrupt Enable">
      <alias type="CMSIS" value="TMR_SCTRL_IEFIE(x)"/>
    </bit_field>
    <bit_field offset="11" width="1" name="IEF" access="RW" reset_value="0" description="Input Edge Flag">
      <alias type="CMSIS" value="TMR_SCTRL_IEF(x)"/>
    </bit_field>
    <bit_field offset="12" width="1" name="TOFIE" access="RW" reset_value="0" description="Timer Overflow Flag Interrupt Enable">
      <alias type="CMSIS" value="TMR_SCTRL_TOFIE(x)"/>
    </bit_field>
    <bit_field offset="13" width="1" name="TOF" access="RW" reset_value="0" description="Timer Overflow Flag">
      <alias type="CMSIS" value="TMR_SCTRL_TOF(x)"/>
    </bit_field>
    <bit_field offset="14" width="1" name="TCFIE" access="RW" reset_value="0" description="Timer Compare Flag Interrupt Enable">
      <alias type="CMSIS" value="TMR_SCTRL_TCFIE(x)"/>
    </bit_field>
    <bit_field offset="15" width="1" name="TCF" access="RW" reset_value="0" description="Timer Compare Flag">
      <alias type="CMSIS" value="TMR_SCTRL_TCF(x)"/>
    </bit_field>
  </register>
  <register offset="0x50" width="16" name="CMPLD12" description="Timer Channel Comparator Load Register 1">
    <alias type="CMSIS" value="CHANNEL[2].CMPLD1"/>
    <bit_field offset="0" width="16" name="COMPARATOR_LOAD_1" access="RW" reset_value="0" description="This read/write register is the comparator 1 preload value for the COMP1 register for the corresponding channel in a timer module.">
      <alias type="CMSIS" value="TMR_CMPLD1_COMPARATOR_LOAD_1(x)"/>
    </bit_field>
  </register>
  <register offset="0x52" width="16" name="CMPLD22" description="Timer Channel Comparator Load Register 2">
    <alias type="CMSIS" value="CHANNEL[2].CMPLD2"/>
    <bit_field offset="0" width="16" name="COMPARATOR_LOAD_2" access="RW" reset_value="0" description="This read/write register is the comparator 2 preload value for the COMP2 register for the corresponding channel in a timer module.">
      <alias type="CMSIS" value="TMR_CMPLD2_COMPARATOR_LOAD_2(x)"/>
    </bit_field>
  </register>
  <register offset="0x54" width="16" name="CSCTRL2" description="Timer Channel Comparator Status and Control Register">
    <alias type="CMSIS" value="CHANNEL[2].CSCTRL"/>
    <bit_field offset="0" width="2" name="CL1" access="RW" reset_value="0" description="Compare Load Control 1">
      <alias type="CMSIS" value="TMR_CSCTRL_CL1(x)"/>
      <bit_field_value name="CHANNEL_CL1_0b00" value="0b00" description="Never preload"/>
      <bit_field_value name="CHANNEL_CL1_0b01" value="0b01" description="Load upon successful compare with the value in COMP1"/>
      <bit_field_value name="CHANNEL_CL1_0b10" value="0b10" description="Load upon successful compare with the value in COMP2"/>
      <bit_field_value name="CHANNEL_CL1_0b11" value="0b11" description="Reserved"/>
    </bit_field>
    <bit_field offset="2" width="2" name="CL2" access="RW" reset_value="0" description="Compare Load Control 2">
      <alias type="CMSIS" value="TMR_CSCTRL_CL2(x)"/>
      <bit_field_value name="CHANNEL_CL2_0b00" value="0b00" description="Never preload"/>
      <bit_field_value name="CHANNEL_CL2_0b01" value="0b01" description="Load upon successful compare with the value in COMP1"/>
      <bit_field_value name="CHANNEL_CL2_0b10" value="0b10" description="Load upon successful compare with the value in COMP2"/>
      <bit_field_value name="CHANNEL_CL2_0b11" value="0b11" description="Reserved"/>
    </bit_field>
    <bit_field offset="4" width="1" name="TCF1" access="RW" reset_value="0" description="Timer Compare 1 Interrupt Flag">
      <alias type="CMSIS" value="TMR_CSCTRL_TCF1(x)"/>
    </bit_field>
    <bit_field offset="5" width="1" name="TCF2" access="RW" reset_value="0" description="Timer Compare 2 Interrupt Flag">
      <alias type="CMSIS" value="TMR_CSCTRL_TCF2(x)"/>
    </bit_field>
    <bit_field offset="6" width="1" name="TCF1EN" access="RW" reset_value="0" description="Timer Compare 1 Interrupt Enable">
      <alias type="CMSIS" value="TMR_CSCTRL_TCF1EN(x)"/>
    </bit_field>
    <bit_field offset="7" width="1" name="TCF2EN" access="RW" reset_value="0" description="Timer Compare 2 Interrupt Enable">
      <alias type="CMSIS" value="TMR_CSCTRL_TCF2EN(x)"/>
    </bit_field>
    <reserved_bit_field offset="8" width="1" reset_value="0"/>
    <bit_field offset="9" width="1" name="UP" access="RO" reset_value="0" description="Counting Direction Indicator">
      <alias type="CMSIS" value="TMR_CSCTRL_UP(x)"/>
      <bit_field_value name="CHANNEL_UP_0b0" value="0b0" description="The last count was in the DOWN direction."/>
      <bit_field_value name="CHANNEL_UP_0b1" value="0b1" description="The last count was in the UP direction."/>
    </bit_field>
    <bit_field offset="10" width="1" name="TCI" access="RW" reset_value="0" description="Triggered Count Initialization Control">
      <alias type="CMSIS" value="TMR_CSCTRL_TCI(x)"/>
      <bit_field_value name="CHANNEL_TCI_0b0" value="0b0" description="Stop counter upon receiving a second trigger event while still counting from the first trigger event."/>
      <bit_field_value name="CHANNEL_TCI_0b1" value="0b1" description="Reload the counter upon receiving a second trigger event while still counting from the first trigger event."/>
    </bit_field>
    <bit_field offset="11" width="1" name="ROC" access="RW" reset_value="0" description="Reload on Capture">
      <alias type="CMSIS" value="TMR_CSCTRL_ROC(x)"/>
      <bit_field_value name="CHANNEL_ROC_0b0" value="0b0" description="Do not reload the counter on a capture event."/>
      <bit_field_value name="CHANNEL_ROC_0b1" value="0b1" description="Reload the counter on a capture event."/>
    </bit_field>
    <bit_field offset="12" width="1" name="ALT_LOAD" access="RW" reset_value="0" description="Alternative Load Enable">
      <alias type="CMSIS" value="TMR_CSCTRL_ALT_LOAD(x)"/>
      <bit_field_value name="CHANNEL_ALT_LOAD_0b0" value="0b0" description="Counter can be re-initialized only with the LOAD register."/>
      <bit_field_value name="CHANNEL_ALT_LOAD_0b1" value="0b1" description="Counter can be re-initialized with the LOAD or CMPLD2 registers depending on count direction."/>
    </bit_field>
    <bit_field offset="13" width="1" name="FAULT" access="RW" reset_value="0" description="Fault Enable">
      <alias type="CMSIS" value="TMR_CSCTRL_FAULT(x)"/>
      <bit_field_value name="CHANNEL_FAULT_0b0" value="0b0" description="Fault function disabled."/>
      <bit_field_value name="CHANNEL_FAULT_0b1" value="0b1" description="Fault function enabled."/>
    </bit_field>
    <bit_field offset="14" width="2" name="DBG_EN" access="RW" reset_value="0" description="Debug Actions Enable">
      <alias type="CMSIS" value="TMR_CSCTRL_DBG_EN(x)"/>
      <bit_field_value name="CHANNEL_DBG_EN_0b00" value="0b00" description="Continue with normal operation during debug mode. (default)"/>
      <bit_field_value name="CHANNEL_DBG_EN_0b01" value="0b01" description="Halt TMR counter during debug mode."/>
      <bit_field_value name="CHANNEL_DBG_EN_0b10" value="0b10" description="Force TMR output to logic 0 (prior to consideration of SCTRL[OPS])."/>
      <bit_field_value name="CHANNEL_DBG_EN_0b11" value="0b11" description="Both halt counter and force output to 0 during debug mode."/>
    </bit_field>
  </register>
  <register offset="0x56" width="16" name="FILT2" description="Timer Channel Input Filter Register">
    <alias type="CMSIS" value="CHANNEL[2].FILT"/>
    <bit_field offset="0" width="8" name="FILT_PER" access="RW" reset_value="0" description="Input Filter Sample Period">
      <alias type="CMSIS" value="TMR_FILT_FILT_PER(x)"/>
    </bit_field>
    <bit_field offset="8" width="3" name="FILT_CNT" access="RW" reset_value="0" description="Input Filter Sample Count">
      <alias type="CMSIS" value="TMR_FILT_FILT_CNT(x)"/>
    </bit_field>
    <reserved_bit_field offset="11" width="5" reset_value="0"/>
  </register>
  <register offset="0x58" width="16" name="DMA2" description="Timer Channel DMA Enable Register">
    <alias type="CMSIS" value="CHANNEL[2].DMA"/>
    <bit_field offset="0" width="1" name="IEFDE" access="RW" reset_value="0" description="Input Edge Flag DMA Enable">
      <alias type="CMSIS" value="TMR_DMA_IEFDE(x)"/>
    </bit_field>
    <bit_field offset="1" width="1" name="CMPLD1DE" access="RW" reset_value="0" description="Comparator Preload Register 1 DMA Enable">
      <alias type="CMSIS" value="TMR_DMA_CMPLD1DE(x)"/>
    </bit_field>
    <bit_field offset="2" width="1" name="CMPLD2DE" access="RW" reset_value="0" description="Comparator Preload Register 2 DMA Enable">
      <alias type="CMSIS" value="TMR_DMA_CMPLD2DE(x)"/>
    </bit_field>
    <reserved_bit_field offset="3" width="13" reset_value="0"/>
  </register>
  <register offset="0x60" width="16" name="COMP13" description="Timer Channel Compare Register 1">
    <alias type="CMSIS" value="CHANNEL[3].COMP1"/>
    <bit_field offset="0" width="16" name="COMPARISON_1" access="RW" reset_value="0" description="Comparison Value 1">
      <alias type="CMSIS" value="TMR_COMP1_COMPARISON_1(x)"/>
    </bit_field>
  </register>
  <register offset="0x62" width="16" name="COMP23" description="Timer Channel Compare Register 2">
    <alias type="CMSIS" value="CHANNEL[3].COMP2"/>
    <bit_field offset="0" width="16" name="COMPARISON_2" access="RW" reset_value="0" description="Comparison Value 2">
      <alias type="CMSIS" value="TMR_COMP2_COMPARISON_2(x)"/>
    </bit_field>
  </register>
  <register offset="0x64" width="16" name="CAPT3" description="Timer Channel Capture Register">
    <alias type="CMSIS" value="CHANNEL[3].CAPT"/>
    <bit_field offset="0" width="16" name="CAPTURE" access="RW" reset_value="0" description="Capture Value">
      <alias type="CMSIS" value="TMR_CAPT_CAPTURE(x)"/>
    </bit_field>
  </register>
  <register offset="0x66" width="16" name="LOAD3" description="Timer Channel Load Register">
    <alias type="CMSIS" value="CHANNEL[3].LOAD"/>
    <bit_field offset="0" width="16" name="LOAD" access="RW" reset_value="0" description="Timer Load Register">
      <alias type="CMSIS" value="TMR_LOAD_LOAD(x)"/>
    </bit_field>
  </register>
  <register offset="0x68" width="16" name="HOLD3" description="Timer Channel Hold Register">
    <alias type="CMSIS" value="CHANNEL[3].HOLD"/>
    <bit_field offset="0" width="16" name="HOLD" access="RW" reset_value="0" description="This read/write register stores the counter's values of specific channels whenever any of the four counters within a module is read.">
      <alias type="CMSIS" value="TMR_HOLD_HOLD(x)"/>
    </bit_field>
  </register>
  <register offset="0x6A" width="16" name="CNTR3" description="Timer Channel Counter Register">
    <alias type="CMSIS" value="CHANNEL[3].CNTR"/>
    <bit_field offset="0" width="16" name="COUNTER" access="RW" reset_value="0" description="This read/write register is the counter for the corresponding channel in a timer module.">
      <alias type="CMSIS" value="TMR_CNTR_COUNTER(x)"/>
    </bit_field>
  </register>
  <register offset="0x6C" width="16" name="CTRL3" description="Timer Channel Control Register">
    <alias type="CMSIS" value="CHANNEL[3].CTRL"/>
    <bit_field offset="0" width="3" name="OUTMODE" access="RW" reset_value="0" description="Output Mode">
      <alias type="CMSIS" value="TMR_CTRL_OUTMODE(x)"/>
      <bit_field_value name="CHANNEL_OUTMODE_0b000" value="0b000" description="Asserted while counter is active"/>
      <bit_field_value name="CHANNEL_OUTMODE_0b001" value="0b001" description="Clear OFLAG output on successful compare"/>
      <bit_field_value name="CHANNEL_OUTMODE_0b010" value="0b010" description="Set OFLAG output on successful compare"/>
      <bit_field_value name="CHANNEL_OUTMODE_0b011" value="0b011" description="Toggle OFLAG output on successful compare"/>
      <bit_field_value name="CHANNEL_OUTMODE_0b100" value="0b100" description="Toggle OFLAG output using alternating compare registers"/>
      <bit_field_value name="CHANNEL_OUTMODE_0b101" value="0b101" description="Set on compare, cleared on secondary source input edge"/>
      <bit_field_value name="CHANNEL_OUTMODE_0b110" value="0b110" description="Set on compare, cleared on counter rollover"/>
      <bit_field_value name="CHANNEL_OUTMODE_0b111" value="0b111" description="Enable gated clock output while counter is active"/>
    </bit_field>
    <bit_field offset="3" width="1" name="COINIT" access="RW" reset_value="0" description="Co-Channel Initialization">
      <alias type="CMSIS" value="TMR_CTRL_COINIT(x)"/>
      <bit_field_value name="CHANNEL_COINIT_0b0" value="0b0" description="Co-channel counter/timers cannot force a re-initialization of this counter/timer"/>
      <bit_field_value name="CHANNEL_COINIT_0b1" value="0b1" description="Co-channel counter/timers may force a re-initialization of this counter/timer"/>
    </bit_field>
    <bit_field offset="4" width="1" name="DIR" access="RW" reset_value="0" description="Count Direction">
      <alias type="CMSIS" value="TMR_CTRL_DIR(x)"/>
      <bit_field_value name="CHANNEL_DIR_0b0" value="0b0" description="Count up."/>
      <bit_field_value name="CHANNEL_DIR_0b1" value="0b1" description="Count down."/>
    </bit_field>
    <bit_field offset="5" width="1" name="LENGTH" access="RW" reset_value="0" description="Count Length">
      <alias type="CMSIS" value="TMR_CTRL_LENGTH(x)"/>
      <bit_field_value name="CHANNEL_LENGTH_0b0" value="0b0" description="Count until roll over at $FFFF and continue from $0000."/>
      <bit_field_value name="CHANNEL_LENGTH_0b1" value="0b1" description="Count until compare, then re-initialize. If counting up, a successful compare occurs when the counter reaches a COMP1 value. If counting down, a successful compare occurs when the counter reaches a COMP2 value. When output mode $4 is used, alternating values of COMP1 and COMP2 are used to generate successful comparisons. For example, the counter counts until a COMP1 value is reached, re-initializes, counts until COMP2 value is reached, re-initializes, counts until COMP1 value is reached, and so on."/>
    </bit_field>
    <bit_field offset="6" width="1" name="ONCE" access="RW" reset_value="0" description="Count Once">
      <alias type="CMSIS" value="TMR_CTRL_ONCE(x)"/>
      <bit_field_value name="CHANNEL_ONCE_0b0" value="0b0" description="Count repeatedly."/>
      <bit_field_value name="CHANNEL_ONCE_0b1" value="0b1" description="Count until compare and then stop. If counting up, a successful compare occurs when the counter reaches a COMP1 value. If counting down, a successful compare occurs when the counter reaches a COMP2 value. When output mode $4 is used, the counter re-initializes after reaching the COMP1 value, continues to count to the COMP2 value, and then stops."/>
    </bit_field>
    <bit_field offset="7" width="2" name="SCS" access="RW" reset_value="0" description="Secondary Count Source">
      <alias type="CMSIS" value="TMR_CTRL_SCS(x)"/>
      <bit_field_value name="CHANNEL_SCS_0b00" value="0b00" description="Counter 0 input pin"/>
      <bit_field_value name="CHANNEL_SCS_0b01" value="0b01" description="Counter 1 input pin"/>
      <bit_field_value name="CHANNEL_SCS_0b10" value="0b10" description="Counter 2 input pin"/>
      <bit_field_value name="CHANNEL_SCS_0b11" value="0b11" description="Counter 3 input pin"/>
    </bit_field>
    <bit_field offset="9" width="4" name="PCS" access="RW" reset_value="0" description="Primary Count Source">
      <alias type="CMSIS" value="TMR_CTRL_PCS(x)"/>
      <bit_field_value name="CHANNEL_PCS_0b0000" value="0b0000" description="Counter 0 input pin"/>
      <bit_field_value name="CHANNEL_PCS_0b0001" value="0b0001" description="Counter 1 input pin"/>
      <bit_field_value name="CHANNEL_PCS_0b0010" value="0b0010" description="Counter 2 input pin"/>
      <bit_field_value name="CHANNEL_PCS_0b0011" value="0b0011" description="Counter 3 input pin"/>
      <bit_field_value name="CHANNEL_PCS_0b0100" value="0b0100" description="Counter 0 output"/>
      <bit_field_value name="CHANNEL_PCS_0b0101" value="0b0101" description="Counter 1 output"/>
      <bit_field_value name="CHANNEL_PCS_0b0110" value="0b0110" description="Counter 2 output"/>
      <bit_field_value name="CHANNEL_PCS_0b0111" value="0b0111" description="Counter 3 output"/>
      <bit_field_value name="CHANNEL_PCS_0b1000" value="0b1000" description="IP bus clock divide by 1 prescaler"/>
      <bit_field_value name="CHANNEL_PCS_0b1001" value="0b1001" description="IP bus clock divide by 2 prescaler"/>
      <bit_field_value name="CHANNEL_PCS_0b1010" value="0b1010" description="IP bus clock divide by 4 prescaler"/>
      <bit_field_value name="CHANNEL_PCS_0b1011" value="0b1011" description="IP bus clock divide by 8 prescaler"/>
      <bit_field_value name="CHANNEL_PCS_0b1100" value="0b1100" description="IP bus clock divide by 16 prescaler"/>
      <bit_field_value name="CHANNEL_PCS_0b1101" value="0b1101" description="IP bus clock divide by 32 prescaler"/>
      <bit_field_value name="CHANNEL_PCS_0b1110" value="0b1110" description="IP bus clock divide by 64 prescaler"/>
      <bit_field_value name="CHANNEL_PCS_0b1111" value="0b1111" description="IP bus clock divide by 128 prescaler"/>
    </bit_field>
    <bit_field offset="13" width="3" name="CM" access="RW" reset_value="0" description="Count Mode">
      <alias type="CMSIS" value="TMR_CTRL_CM(x)"/>
      <bit_field_value name="CHANNEL_CM_0b000" value="0b000" description="No operation"/>
      <bit_field_value name="CHANNEL_CM_0b001" value="0b001" description="Count rising edges of primary sourceRising edges are counted only when SCTRL[IPS] = 0. Falling edges are counted when SCTRL[IPS] = 1. If the primary count source is IP bus clock divide by 1, only rising edges are counted regardless of the value of SCTRL[IPS]."/>
      <bit_field_value name="CHANNEL_CM_0b010" value="0b010" description="Count rising and falling edges of primary sourceIP bus clock divide by 1 cannot be used as a primary count source in edge count mode."/>
      <bit_field_value name="CHANNEL_CM_0b011" value="0b011" description="Count rising edges of primary source while secondary input high active"/>
      <bit_field_value name="CHANNEL_CM_0b100" value="0b100" description="Quadrature count mode, uses primary and secondary sources"/>
      <bit_field_value name="CHANNEL_CM_0b101" value="0b101" description="Count rising edges of primary source; secondary source specifies directionRising edges are counted only when SCTRL[IPS] = 0. Falling edges are counted when SCTRL[IPS] = 1."/>
      <bit_field_value name="CHANNEL_CM_0b110" value="0b110" description="Edge of secondary source triggers primary count until compare"/>
      <bit_field_value name="CHANNEL_CM_0b111" value="0b111" description="Cascaded counter mode (up/down)The primary count source must be set to one of the counter outputs."/>
    </bit_field>
  </register>
  <register offset="0x6E" width="16" name="SCTRL3" description="Timer Channel Status and Control Register">
    <alias type="CMSIS" value="CHANNEL[3].SCTRL"/>
    <bit_field offset="0" width="1" name="OEN" access="RW" reset_value="0" description="Output Enable">
      <alias type="CMSIS" value="TMR_SCTRL_OEN(x)"/>
      <bit_field_value name="CHANNEL_OEN_0b0" value="0b0" description="The external pin is configured as an input."/>
      <bit_field_value name="CHANNEL_OEN_0b1" value="0b1" description="The OFLAG output signal is driven on the external pin. Other timer groups using this external pin as their input see the driven value. The polarity of the signal is determined by OPS."/>
    </bit_field>
    <bit_field offset="1" width="1" name="OPS" access="RW" reset_value="0" description="Output Polarity Select">
      <alias type="CMSIS" value="TMR_SCTRL_OPS(x)"/>
      <bit_field_value name="CHANNEL_OPS_0b0" value="0b0" description="True polarity."/>
      <bit_field_value name="CHANNEL_OPS_0b1" value="0b1" description="Inverted polarity."/>
    </bit_field>
    <bit_field offset="2" width="1" name="FORCE" access="WORZ" reset_value="0" description="Force OFLAG Output">
      <alias type="CMSIS" value="TMR_SCTRL_FORCE(x)"/>
    </bit_field>
    <bit_field offset="3" width="1" name="VAL" access="RW" reset_value="0" description="Forced OFLAG Value">
      <alias type="CMSIS" value="TMR_SCTRL_VAL(x)"/>
    </bit_field>
    <bit_field offset="4" width="1" name="EEOF" access="RW" reset_value="0" description="Enable External OFLAG Force">
      <alias type="CMSIS" value="TMR_SCTRL_EEOF(x)"/>
    </bit_field>
    <bit_field offset="5" width="1" name="MSTR" access="RW" reset_value="0" description="Master Mode">
      <alias type="CMSIS" value="TMR_SCTRL_MSTR(x)"/>
    </bit_field>
    <bit_field offset="6" width="2" name="CAPTURE_MODE" access="RW" reset_value="0" description="Input Capture Mode">
      <alias type="CMSIS" value="TMR_SCTRL_CAPTURE_MODE(x)"/>
      <bit_field_value name="CHANNEL_CAPTURE_MODE_0b00" value="0b00" description="Capture function is disabled"/>
      <bit_field_value name="CHANNEL_CAPTURE_MODE_0b01" value="0b01" description="Load capture register on rising edge (when IPS=0) or falling edge (when IPS=1) of input"/>
      <bit_field_value name="CHANNEL_CAPTURE_MODE_0b10" value="0b10" description="Load capture register on falling edge (when IPS=0) or rising edge (when IPS=1) of input"/>
      <bit_field_value name="CHANNEL_CAPTURE_MODE_0b11" value="0b11" description="Load capture register on both edges of input"/>
    </bit_field>
    <bit_field offset="8" width="1" name="INPUT" access="RO" reset_value="0" description="External Input Signal">
      <alias type="CMSIS" value="TMR_SCTRL_INPUT(x)"/>
    </bit_field>
    <bit_field offset="9" width="1" name="IPS" access="RW" reset_value="0" description="Input Polarity Select">
      <alias type="CMSIS" value="TMR_SCTRL_IPS(x)"/>
    </bit_field>
    <bit_field offset="10" width="1" name="IEFIE" access="RW" reset_value="0" description="Input Edge Flag Interrupt Enable">
      <alias type="CMSIS" value="TMR_SCTRL_IEFIE(x)"/>
    </bit_field>
    <bit_field offset="11" width="1" name="IEF" access="RW" reset_value="0" description="Input Edge Flag">
      <alias type="CMSIS" value="TMR_SCTRL_IEF(x)"/>
    </bit_field>
    <bit_field offset="12" width="1" name="TOFIE" access="RW" reset_value="0" description="Timer Overflow Flag Interrupt Enable">
      <alias type="CMSIS" value="TMR_SCTRL_TOFIE(x)"/>
    </bit_field>
    <bit_field offset="13" width="1" name="TOF" access="RW" reset_value="0" description="Timer Overflow Flag">
      <alias type="CMSIS" value="TMR_SCTRL_TOF(x)"/>
    </bit_field>
    <bit_field offset="14" width="1" name="TCFIE" access="RW" reset_value="0" description="Timer Compare Flag Interrupt Enable">
      <alias type="CMSIS" value="TMR_SCTRL_TCFIE(x)"/>
    </bit_field>
    <bit_field offset="15" width="1" name="TCF" access="RW" reset_value="0" description="Timer Compare Flag">
      <alias type="CMSIS" value="TMR_SCTRL_TCF(x)"/>
    </bit_field>
  </register>
  <register offset="0x70" width="16" name="CMPLD13" description="Timer Channel Comparator Load Register 1">
    <alias type="CMSIS" value="CHANNEL[3].CMPLD1"/>
    <bit_field offset="0" width="16" name="COMPARATOR_LOAD_1" access="RW" reset_value="0" description="This read/write register is the comparator 1 preload value for the COMP1 register for the corresponding channel in a timer module.">
      <alias type="CMSIS" value="TMR_CMPLD1_COMPARATOR_LOAD_1(x)"/>
    </bit_field>
  </register>
  <register offset="0x72" width="16" name="CMPLD23" description="Timer Channel Comparator Load Register 2">
    <alias type="CMSIS" value="CHANNEL[3].CMPLD2"/>
    <bit_field offset="0" width="16" name="COMPARATOR_LOAD_2" access="RW" reset_value="0" description="This read/write register is the comparator 2 preload value for the COMP2 register for the corresponding channel in a timer module.">
      <alias type="CMSIS" value="TMR_CMPLD2_COMPARATOR_LOAD_2(x)"/>
    </bit_field>
  </register>
  <register offset="0x74" width="16" name="CSCTRL3" description="Timer Channel Comparator Status and Control Register">
    <alias type="CMSIS" value="CHANNEL[3].CSCTRL"/>
    <bit_field offset="0" width="2" name="CL1" access="RW" reset_value="0" description="Compare Load Control 1">
      <alias type="CMSIS" value="TMR_CSCTRL_CL1(x)"/>
      <bit_field_value name="CHANNEL_CL1_0b00" value="0b00" description="Never preload"/>
      <bit_field_value name="CHANNEL_CL1_0b01" value="0b01" description="Load upon successful compare with the value in COMP1"/>
      <bit_field_value name="CHANNEL_CL1_0b10" value="0b10" description="Load upon successful compare with the value in COMP2"/>
      <bit_field_value name="CHANNEL_CL1_0b11" value="0b11" description="Reserved"/>
    </bit_field>
    <bit_field offset="2" width="2" name="CL2" access="RW" reset_value="0" description="Compare Load Control 2">
      <alias type="CMSIS" value="TMR_CSCTRL_CL2(x)"/>
      <bit_field_value name="CHANNEL_CL2_0b00" value="0b00" description="Never preload"/>
      <bit_field_value name="CHANNEL_CL2_0b01" value="0b01" description="Load upon successful compare with the value in COMP1"/>
      <bit_field_value name="CHANNEL_CL2_0b10" value="0b10" description="Load upon successful compare with the value in COMP2"/>
      <bit_field_value name="CHANNEL_CL2_0b11" value="0b11" description="Reserved"/>
    </bit_field>
    <bit_field offset="4" width="1" name="TCF1" access="RW" reset_value="0" description="Timer Compare 1 Interrupt Flag">
      <alias type="CMSIS" value="TMR_CSCTRL_TCF1(x)"/>
    </bit_field>
    <bit_field offset="5" width="1" name="TCF2" access="RW" reset_value="0" description="Timer Compare 2 Interrupt Flag">
      <alias type="CMSIS" value="TMR_CSCTRL_TCF2(x)"/>
    </bit_field>
    <bit_field offset="6" width="1" name="TCF1EN" access="RW" reset_value="0" description="Timer Compare 1 Interrupt Enable">
      <alias type="CMSIS" value="TMR_CSCTRL_TCF1EN(x)"/>
    </bit_field>
    <bit_field offset="7" width="1" name="TCF2EN" access="RW" reset_value="0" description="Timer Compare 2 Interrupt Enable">
      <alias type="CMSIS" value="TMR_CSCTRL_TCF2EN(x)"/>
    </bit_field>
    <reserved_bit_field offset="8" width="1" reset_value="0"/>
    <bit_field offset="9" width="1" name="UP" access="RO" reset_value="0" description="Counting Direction Indicator">
      <alias type="CMSIS" value="TMR_CSCTRL_UP(x)"/>
      <bit_field_value name="CHANNEL_UP_0b0" value="0b0" description="The last count was in the DOWN direction."/>
      <bit_field_value name="CHANNEL_UP_0b1" value="0b1" description="The last count was in the UP direction."/>
    </bit_field>
    <bit_field offset="10" width="1" name="TCI" access="RW" reset_value="0" description="Triggered Count Initialization Control">
      <alias type="CMSIS" value="TMR_CSCTRL_TCI(x)"/>
      <bit_field_value name="CHANNEL_TCI_0b0" value="0b0" description="Stop counter upon receiving a second trigger event while still counting from the first trigger event."/>
      <bit_field_value name="CHANNEL_TCI_0b1" value="0b1" description="Reload the counter upon receiving a second trigger event while still counting from the first trigger event."/>
    </bit_field>
    <bit_field offset="11" width="1" name="ROC" access="RW" reset_value="0" description="Reload on Capture">
      <alias type="CMSIS" value="TMR_CSCTRL_ROC(x)"/>
      <bit_field_value name="CHANNEL_ROC_0b0" value="0b0" description="Do not reload the counter on a capture event."/>
      <bit_field_value name="CHANNEL_ROC_0b1" value="0b1" description="Reload the counter on a capture event."/>
    </bit_field>
    <bit_field offset="12" width="1" name="ALT_LOAD" access="RW" reset_value="0" description="Alternative Load Enable">
      <alias type="CMSIS" value="TMR_CSCTRL_ALT_LOAD(x)"/>
      <bit_field_value name="CHANNEL_ALT_LOAD_0b0" value="0b0" description="Counter can be re-initialized only with the LOAD register."/>
      <bit_field_value name="CHANNEL_ALT_LOAD_0b1" value="0b1" description="Counter can be re-initialized with the LOAD or CMPLD2 registers depending on count direction."/>
    </bit_field>
    <bit_field offset="13" width="1" name="FAULT" access="RW" reset_value="0" description="Fault Enable">
      <alias type="CMSIS" value="TMR_CSCTRL_FAULT(x)"/>
      <bit_field_value name="CHANNEL_FAULT_0b0" value="0b0" description="Fault function disabled."/>
      <bit_field_value name="CHANNEL_FAULT_0b1" value="0b1" description="Fault function enabled."/>
    </bit_field>
    <bit_field offset="14" width="2" name="DBG_EN" access="RW" reset_value="0" description="Debug Actions Enable">
      <alias type="CMSIS" value="TMR_CSCTRL_DBG_EN(x)"/>
      <bit_field_value name="CHANNEL_DBG_EN_0b00" value="0b00" description="Continue with normal operation during debug mode. (default)"/>
      <bit_field_value name="CHANNEL_DBG_EN_0b01" value="0b01" description="Halt TMR counter during debug mode."/>
      <bit_field_value name="CHANNEL_DBG_EN_0b10" value="0b10" description="Force TMR output to logic 0 (prior to consideration of SCTRL[OPS])."/>
      <bit_field_value name="CHANNEL_DBG_EN_0b11" value="0b11" description="Both halt counter and force output to 0 during debug mode."/>
    </bit_field>
  </register>
  <register offset="0x76" width="16" name="FILT3" description="Timer Channel Input Filter Register">
    <alias type="CMSIS" value="CHANNEL[3].FILT"/>
    <bit_field offset="0" width="8" name="FILT_PER" access="RW" reset_value="0" description="Input Filter Sample Period">
      <alias type="CMSIS" value="TMR_FILT_FILT_PER(x)"/>
    </bit_field>
    <bit_field offset="8" width="3" name="FILT_CNT" access="RW" reset_value="0" description="Input Filter Sample Count">
      <alias type="CMSIS" value="TMR_FILT_FILT_CNT(x)"/>
    </bit_field>
    <reserved_bit_field offset="11" width="5" reset_value="0"/>
  </register>
  <register offset="0x78" width="16" name="DMA3" description="Timer Channel DMA Enable Register">
    <alias type="CMSIS" value="CHANNEL[3].DMA"/>
    <bit_field offset="0" width="1" name="IEFDE" access="RW" reset_value="0" description="Input Edge Flag DMA Enable">
      <alias type="CMSIS" value="TMR_DMA_IEFDE(x)"/>
    </bit_field>
    <bit_field offset="1" width="1" name="CMPLD1DE" access="RW" reset_value="0" description="Comparator Preload Register 1 DMA Enable">
      <alias type="CMSIS" value="TMR_DMA_CMPLD1DE(x)"/>
    </bit_field>
    <bit_field offset="2" width="1" name="CMPLD2DE" access="RW" reset_value="0" description="Comparator Preload Register 2 DMA Enable">
      <alias type="CMSIS" value="TMR_DMA_CMPLD2DE(x)"/>
    </bit_field>
    <reserved_bit_field offset="3" width="13" reset_value="0"/>
  </register>
</regs:peripheral>