<?xml version="1.0"?>
<regs:peripheral xmlns:regs="http://swtools.freescale.net/XSD/registers/4.0/regsPeripheral.xsd" xmlns:xsi="http://www.w3.org/2001/XMLSchema-instance" xsi:schemaLocation="http://swtools.freescale.net/XSD/registers/4.0/regsPeripheral.xsd http://swtools.freescale.net/XSD/registers/4.0/regsPeripheral.xsd">
  <register offset="0" width="32" name="MCTL" description="Miscellaneous Control Register">
    <alias type="CMSIS" value="MCTL"/>
    <bit_field offset="0" width="2" name="SAMP_MODE" access="RW" reset_value="0x1" description="Sample Mode. Determines the method of sampling the ring oscillator while generating the Entropy value: This field is writable only if PRGM bit is 1, or PRGM bit is being written to 1 simultaneously with writing this field. This field is cleared to the POR default value by writing the RST_DEF bit to 1.">
      <alias type="CMSIS" value="TRNG_MCTL_SAMP_MODE(x)"/>
      <bit_field_value name="MCTL_SAMP_MODE_SAMP_MODE_VON_BOTH" value="0b00" description="use Von Neumann data into both Entropy shifter and Statistical Checker"/>
      <bit_field_value name="MCTL_SAMP_MODE_SAMP_MODE_RAW_BOTH" value="0b01" description="use raw data into both Entropy shifter and Statistical Checker"/>
      <bit_field_value name="MCTL_SAMP_MODE_SAMP_MODE_VON_ENT" value="0b10" description="use Von Neumann data into Entropy shifter. Use raw data into Statistical Checker"/>
      <bit_field_value name="MCTL_SAMP_MODE_SAMP_MODE_UNDEF" value="0b11" description="undefined/reserved."/>
    </bit_field>
    <bit_field offset="2" width="2" name="OSC_DIV" access="RW" reset_value="0" description="Oscillator Divide. Determines the amount of dividing done to the ring oscillator before it is used by the TRNG. This field is writable only if PRGM bit is 1, or PRGM bit is being written to 1 simultaneously to writing this field. This field is cleared to the default POR value by writing the RST_DEF bit to 1.">
      <alias type="CMSIS" value="TRNG_MCTL_OSC_DIV(x)"/>
      <bit_field_value name="MCTL_OSC_DIV_OSC_DIV_DIV1" value="0b00" description="use ring oscillator with no divide"/>
      <bit_field_value name="MCTL_OSC_DIV_OSC_DIV_DIV2" value="0b01" description="use ring oscillator divided-by-2"/>
      <bit_field_value name="MCTL_OSC_DIV_OSC_DIV_DIV4" value="0b10" description="use ring oscillator divided-by-4"/>
      <bit_field_value name="MCTL_OSC_DIV_OSC_DIV_DIV8" value="0b11" description="use ring oscillator divided-by-8"/>
    </bit_field>
    <bit_field offset="4" width="1" name="UNUSED4" access="RO" reset_value="0" description="This bit is unused. Always reads zero.">
      <alias type="CMSIS" value="TRNG_MCTL_UNUSED4(x)"/>
      <alias type="id" value="UNUSED"/>
    </bit_field>
    <bit_field offset="5" width="1" name="UNUSED5" access="RO" reset_value="0" description="This bit is unused. Always reads zero.">
      <alias type="CMSIS" value="TRNG_MCTL_UNUSED5(x)"/>
      <alias type="id" value="TRNG_ACC"/>
    </bit_field>
    <bit_field offset="6" width="1" name="RST_DEF" access="WO" reset_value="0" description="Reset Defaults. Writing a 1 to this bit clears various TRNG registers, and bits within registers, to their default state. This bit is writable only if PRGM bit is 1, or PRGM bit is being written to 1 simultaneously to writing this bit. Reading this bit always produces a 0.">
      <alias type="CMSIS" value="TRNG_MCTL_RST_DEF(x)"/>
    </bit_field>
    <bit_field offset="7" width="1" name="FOR_SCLK" access="RW" reset_value="0" description="Force System Clock. If set, the system clock is used to operate the TRNG, instead of the ring oscillator. This is for test use only, and indeterminate results may occur. This bit is writable only if PRGM bit is 1, or PRGM bit is being written to 1 simultaneously to writing this bit. This bit is cleared by writing the RST_DEF bit to 1.">
      <alias type="CMSIS" value="TRNG_MCTL_FOR_SCLK(x)"/>
    </bit_field>
    <bit_field offset="8" width="1" name="FCT_FAIL" access="RO" reset_value="0" description="Read only: Frequency Count Fail. The frequency counter has detected a failure. This may be due to improper programming of the FRQMAX and/or FRQMIN registers, or a hardware failure in the ring oscillator. This error may be cleared by writing a 1 to the ERR bit.">
      <alias type="CMSIS" value="TRNG_MCTL_FCT_FAIL(x)"/>
    </bit_field>
    <bit_field offset="9" width="1" name="FCT_VAL" access="RO" reset_value="0" description="Read only: Frequency Count Valid. Indicates that a valid frequency count may be read from FRQCNT.">
      <alias type="CMSIS" value="TRNG_MCTL_FCT_VAL(x)"/>
    </bit_field>
    <bit_field offset="10" width="1" name="ENT_VAL" access="RO" reset_value="0" description="Read only: Entropy Valid. Will assert after an entropy value is generated. Will be cleared at most one (1) bus clock cycle after reading the ENT15 register. (ENT0 through ENT14 should be read before reading ENT15).">
      <alias type="CMSIS" value="TRNG_MCTL_ENT_VAL(x)"/>
    </bit_field>
    <bit_field offset="11" width="1" name="TST_OUT" access="RO" reset_value="0" description="Read only: Test point inside ring oscillator.">
      <alias type="CMSIS" value="TRNG_MCTL_TST_OUT(x)"/>
    </bit_field>
    <bit_field offset="12" width="1" name="ERR" access="W1C" reset_value="0" description="Read: Error status. 1 = error detected. 0 = no error. Write: Write 1 to clear errors. Writing 0 has no effect.">
      <alias type="CMSIS" value="TRNG_MCTL_ERR(x)"/>
    </bit_field>
    <bit_field offset="13" width="1" name="TSTOP_OK" access="RO" reset_value="0x1" description="TRNG_OK_TO_STOP. Software can check that this bit is a 1 before transitioning TRNG to low power mode (TRNG clock stopped). TRNG turns on the TRNG free-running ring oscillator whenever new entropy is being generated and turns off the ring oscillator when entropy generation is complete. If the TRNG clock is stopped while the TRNG ring oscillator is running, the oscillator will continue running even though the TRNG clock is stopped. To make sure the ring oscillator is stopped, assert ipg_stop input and verify ipg_rng_stop_ack is asserted after at at least two (2) clock cycles. TSTOP_OK is asserted when the TRNG ring oscillator is not running.">
      <alias type="CMSIS" value="TRNG_MCTL_TSTOP_OK(x)"/>
    </bit_field>
    <bit_field offset="14" width="1" name="LRUN_CONT" access="RW" reset_value="0" description="Long run count continues between entropy generations. If set to 1, the internal test's long_run count at the start of an entropy generation cycle will continue where it left off at the end of the previous entropy generation. If set to 0, then normal LRUN count is restarted for each entropy re-generation.">
      <alias type="CMSIS" value="TRNG_MCTL_LRUN_CONT(x)"/>
    </bit_field>
    <reserved_bit_field offset="15" width="1" reset_value="0"/>
    <bit_field offset="16" width="1" name="PRGM" access="RW" reset_value="0x1" description="Programming Mode Select. When this bit is 1, the TRNG is in Program Mode, otherwise it is in Run Mode. No Entropy value will be generated while the TRNG is in Program Mode. Note that different RNG registers are accessible at the same address depending on whether PRGM is set to 1 or 0. This is noted in the RNG register descriptions.">
      <alias type="CMSIS" value="TRNG_MCTL_PRGM(x)"/>
    </bit_field>
    <reserved_bit_field offset="17" width="15" reset_value="0"/>
  </register>
  <register offset="0x4" width="32" name="SCMISC" description="Statistical Check Miscellaneous Register">
    <alias type="CMSIS" value="SCMISC"/>
    <bit_field offset="0" width="8" name="LRUN_MAX" access="RW" reset_value="0x22" description="LONG RUN MAX LIMIT. This value is the largest allowable number of consecutive samples of all 1, or all 0, that is allowed during the Entropy generation. This field is writable only if MCTL[PRGM] bit is 1. This field will read zeroes if MCTL[PRGM] = 0. This field is cleared to the POR reset value by writing the MCTL[RST_DEF] bit to 1.">
      <alias type="CMSIS" value="TRNG_SCMISC_LRUN_MAX(x)"/>
    </bit_field>
    <reserved_bit_field offset="8" width="8" reset_value="0"/>
    <bit_field offset="16" width="4" name="RTY_CT" access="RW" reset_value="0x1" description="RETRY COUNT. If a statistical check fails during the TRNG Entropy Generation, the RTY_CT value indicates the number of times a retry should occur before generating an error. This field is writable only if MCTL[PRGM] bit is 1. This field will read zeroes if MCTL[PRGM] = 0. This field is cleared to the default POR value by writing the MCTL[RST_DEF] bit to 1.">
      <alias type="CMSIS" value="TRNG_SCMISC_RTY_CT(x)"/>
    </bit_field>
    <reserved_bit_field offset="20" width="12" reset_value="0"/>
  </register>
  <register offset="0x8" width="32" name="PKRRNG" description="Poker Range Register">
    <alias type="CMSIS" value="PKRRNG"/>
    <bit_field offset="0" width="16" name="PKR_RNG" access="RW" reset_value="0x9A3" description="Poker Range. During the TRNG Statistical Checks, a &quot;Poker Test&quot; is run which requires a maximum and minimum limit. The maximum is programmed in the PKRMAX[PKR_MAX] register, and the minimum is derived by subtracting the PKR_RNG value from the programmed maximum value. This field is writable only if MCTL[PRGM] bit is 1. This field will read zeroes if MCTL[PRGM] = 0. This field is cleared to the default POR value by writing the MCTL[RST_DEF] bit to 1. Note that the minimum allowable Poker result is PKR_MAX - PKR_RNG + 1.">
      <alias type="CMSIS" value="TRNG_PKRRNG_PKR_RNG(x)"/>
    </bit_field>
    <reserved_bit_field offset="16" width="16" reset_value="0"/>
  </register>
  <register offset="0xC" width="32" name="PKRMAX" description="Poker Maximum Limit Register">
    <alias type="CMSIS" value="PKRMAX"/>
    <bit_field offset="0" width="24" name="PKR_MAX" access="RW" reset_value="0x6920" description="Poker Maximum Limit.">
      <alias type="CMSIS" value="TRNG_PKRMAX_PKR_MAX(x)"/>
    </bit_field>
    <reserved_bit_field offset="24" width="8" reset_value="0"/>
  </register>
  <register offset="0xC" width="32" name="PKRSQ" description="Poker Square Calculation Result Register">
    <alias type="CMSIS" value="PKRSQ"/>
    <bit_field offset="0" width="24" name="PKR_SQ" access="RO" reset_value="0" description="Poker Square Calculation Result.">
      <alias type="CMSIS" value="TRNG_PKRSQ_PKR_SQ(x)"/>
    </bit_field>
    <reserved_bit_field offset="24" width="8" reset_value="0"/>
  </register>
  <register offset="0x10" width="32" name="SDCTL" description="Seed Control Register">
    <alias type="CMSIS" value="SDCTL"/>
    <bit_field offset="0" width="16" name="SAMP_SIZE" access="RW" reset_value="0x9C4" description="Sample Size. Defines the total number of Entropy samples that will be taken during Entropy generation. This field is writable only if MCTL[PRGM] bit is 1. This field will read zeroes if MCTL[PRGM] = 0. This field is cleared to the default POR value by writing the MCTL[RST_DEF] bit to 1.">
      <alias type="CMSIS" value="TRNG_SDCTL_SAMP_SIZE(x)"/>
    </bit_field>
    <bit_field offset="16" width="16" name="ENT_DLY" access="RW" reset_value="0xC80" description="Entropy Delay. Defines the length (in system clocks) of each Entropy sample taken. This field is writable only if MCTL[PRGM] bit is 1. This field will read zeroes if MCTL[PRGM] = 0. This field is cleared to its reset value at POR.">
      <alias type="CMSIS" value="TRNG_SDCTL_ENT_DLY(x)"/>
    </bit_field>
  </register>
  <register offset="0x14" width="32" name="SBLIM" description="Sparse Bit Limit Register">
    <alias type="CMSIS" value="SBLIM"/>
    <bit_field offset="0" width="10" name="SB_LIM" access="RW" reset_value="0x3F" description="Sparse Bit Limit. During Von Neumann sampling (if enabled by MCTL[SAMP_MODE], samples are discarded if two consecutive raw samples are both 0 or both 1. If this discarding occurs for a long period of time, it indicates that there is insufficient Entropy. The Sparse Bit Limit defines the maximum number of consecutive samples that may be discarded before an error is generated. This field is writable only if MCTL[PRGM] bit is 1. This register is cleared to the default POR value by writing the MCTL[RST_DEF] bit to 1. Note that if MCTL[PRGM] bit is 0, this register address is used to read the Total Samples count in register TOTSAM, as defined in the following section.">
      <alias type="CMSIS" value="TRNG_SBLIM_SB_LIM(x)"/>
    </bit_field>
    <reserved_bit_field offset="10" width="22" reset_value="0"/>
  </register>
  <register offset="0x14" width="32" name="TOTSAM" description="Total Samples Register">
    <alias type="CMSIS" value="TOTSAM"/>
    <bit_field offset="0" width="20" name="TOT_SAM" access="RO" reset_value="0" description="Total Samples. During Entropy generation, the total number of raw samples is counted. This count is useful in determining how often a sample is used during Von Neumann sampling. The count may be read through this register, if MCTL[PRGM] bit is 0. Note that if MCTL[PRGM] bit is 1, this register address is used to access the Sparse Bit Limit in register SBLIM, as defined in the previous section.">
      <alias type="CMSIS" value="TRNG_TOTSAM_TOT_SAM(x)"/>
    </bit_field>
    <reserved_bit_field offset="20" width="12" reset_value="0"/>
  </register>
  <register offset="0x18" width="32" name="FRQMIN" description="Frequency Count Minimum Limit Register">
    <alias type="CMSIS" value="FRQMIN"/>
    <bit_field offset="0" width="22" name="FRQ_MIN" access="RW" reset_value="0x640" description="Frequency Count Minimum Limit. Defines the minimum allowable count taken during each entropy sample. This field is writable only if MCTL[PRGM] bit is 1. This field will read zeroes if MCTL[PRGM] = 0. This field is cleared to its reset value at POR.">
      <alias type="CMSIS" value="TRNG_FRQMIN_FRQ_MIN(x)"/>
    </bit_field>
    <reserved_bit_field offset="22" width="10" reset_value="0"/>
  </register>
  <register offset="0x1C" width="32" name="FRQCNT" description="Frequency Count Register">
    <alias type="CMSIS" value="FRQCNT"/>
    <bit_field offset="0" width="22" name="FRQ_CT" access="RO" reset_value="0" description="Frequency Count. Reads a sample frequency count taken during entropy generation. Requires MCTL[PRGM] = 0. Note that if MCTL[PRGM] bit is 1, this register address is used to access the Frequency Maximum Limit in register FRQMAX, as defined in the FRQ_MAX field.">
      <alias type="CMSIS" value="TRNG_FRQCNT_FRQ_CT(x)"/>
    </bit_field>
    <reserved_bit_field offset="22" width="10" reset_value="0"/>
  </register>
  <register offset="0x1C" width="32" name="FRQMAX" description="Frequency Count Maximum Limit Register">
    <alias type="CMSIS" value="FRQMAX"/>
    <bit_field offset="0" width="22" name="FRQ_MAX" access="RW" reset_value="0x6400" description="Frequency Counter Maximum Limit. Defines the maximum allowable count taken during each entropy sample. This field is writable only if MCTL[PRGM] bit is 1. This field is cleared to its reset value at POR. Note that if MCTL[PRGM] bit is 0, this register address is used to read the Frequency Count result in register FRQCNT, as defined in the FRQ_CT field.">
      <alias type="CMSIS" value="TRNG_FRQMAX_FRQ_MAX(x)"/>
    </bit_field>
    <reserved_bit_field offset="22" width="10" reset_value="0"/>
  </register>
  <register offset="0x20" width="32" name="SCMC" description="Statistical Check Monobit Count Register">
    <alias type="CMSIS" value="SCMC"/>
    <bit_field offset="0" width="16" name="MONO_CT" access="RO" reset_value="0" description="Monobit Count. Reads the final Monobit count after entropy generation. Requires MCTL[PRGM] = 0. Note that if MCTL[PRGM] bit is 1, this register address is used to access the Statistical Check Monobit Limit in register SCML, as defined in the previous section.">
      <alias type="CMSIS" value="TRNG_SCMC_MONO_CT(x)"/>
    </bit_field>
    <reserved_bit_field offset="16" width="16" reset_value="0"/>
  </register>
  <register offset="0x20" width="32" name="SCML" description="Statistical Check Monobit Limit Register">
    <alias type="CMSIS" value="SCML"/>
    <bit_field offset="0" width="16" name="MONO_MAX" access="RW" reset_value="0x568" description="Monobit Maximum Limit. Defines the maximum allowable count taken during entropy generation. The number of ones/zeroes detected during entropy generation must be less than MONO_MAX, else a retry or error will occur. This register is cleared to the default POR value by writing the MCTL[RST_DEF] bit to 1.">
      <alias type="CMSIS" value="TRNG_SCML_MONO_MAX(x)"/>
    </bit_field>
    <bit_field offset="16" width="16" name="MONO_RNG" access="RW" reset_value="0x10C" description="Monobit Range. The number of ones/zeroes detected during entropy generation must be greater than MONO_MAX - MONO_RNG, else a retry or error will occur. This register is cleared to the default POR value by writing the MCTL[RST_DEF] bit to 1.">
      <alias type="CMSIS" value="TRNG_SCML_MONO_RNG(x)"/>
    </bit_field>
  </register>
  <register offset="0x24" width="32" name="SCR1C" description="Statistical Check Run Length 1 Count Register">
    <alias type="CMSIS" value="SCR1C"/>
    <bit_field offset="0" width="15" name="R1_0_CT" access="RO" reset_value="0" description="Runs of Zero, Length 1 Count. Reads the final Runs of Zeroes, length 1 count after entropy generation. Requires MCTL[PRGM] = 0.">
      <alias type="CMSIS" value="TRNG_SCR1C_R1_0_CT(x)"/>
    </bit_field>
    <reserved_bit_field offset="15" width="1" reset_value="0"/>
    <bit_field offset="16" width="15" name="R1_1_CT" access="RO" reset_value="0" description="Runs of One, Length 1 Count. Reads the final Runs of Ones, length 1 count after entropy generation. Requires MCTL[PRGM] = 0.">
      <alias type="CMSIS" value="TRNG_SCR1C_R1_1_CT(x)"/>
    </bit_field>
    <reserved_bit_field offset="31" width="1" reset_value="0"/>
  </register>
  <register offset="0x24" width="32" name="SCR1L" description="Statistical Check Run Length 1 Limit Register">
    <alias type="CMSIS" value="SCR1L"/>
    <bit_field offset="0" width="15" name="RUN1_MAX" access="RW" reset_value="0x195" description="Run Length 1 Maximum Limit. Defines the maximum allowable runs of length 1 (for both 0 and 1) detected during entropy generation. The number of runs of length 1 detected during entropy generation must be less than RUN1_MAX, else a retry or error will occur. This register is cleared to the default POR value by writing the MCTL[RST_DEF] bit to 1.">
      <alias type="CMSIS" value="TRNG_SCR1L_RUN1_MAX(x)"/>
    </bit_field>
    <reserved_bit_field offset="15" width="1" reset_value="0"/>
    <bit_field offset="16" width="15" name="RUN1_RNG" access="RW" reset_value="0xB2" description="Run Length 1 Range. The number of runs of length 1 (for both 0 and 1) detected during entropy generation must be greater than RUN1_MAX - RUN1_RNG, else a retry or error will occur. This register is cleared to the default POR value by writing the MCTL[RST_DEF] bit to 1.">
      <alias type="CMSIS" value="TRNG_SCR1L_RUN1_RNG(x)"/>
    </bit_field>
    <reserved_bit_field offset="31" width="1" reset_value="0"/>
  </register>
  <register offset="0x28" width="32" name="SCR2C" description="Statistical Check Run Length 2 Count Register">
    <alias type="CMSIS" value="SCR2C"/>
    <bit_field offset="0" width="14" name="R2_0_CT" access="RO" reset_value="0" description="Runs of Zero, Length 2 Count. Reads the final Runs of Zeroes, length 2 count after entropy generation. Requires MCTL[PRGM] = 0.">
      <alias type="CMSIS" value="TRNG_SCR2C_R2_0_CT(x)"/>
    </bit_field>
    <reserved_bit_field offset="14" width="2" reset_value="0"/>
    <bit_field offset="16" width="14" name="R2_1_CT" access="RO" reset_value="0" description="Runs of One, Length 2 Count. Reads the final Runs of Ones, length 2 count after entropy generation. Requires MCTL[PRGM] = 0.">
      <alias type="CMSIS" value="TRNG_SCR2C_R2_1_CT(x)"/>
    </bit_field>
    <reserved_bit_field offset="30" width="2" reset_value="0"/>
  </register>
  <register offset="0x28" width="32" name="SCR2L" description="Statistical Check Run Length 2 Limit Register">
    <alias type="CMSIS" value="SCR2L"/>
    <bit_field offset="0" width="14" name="RUN2_MAX" access="RW" reset_value="0xDC" description="Run Length 2 Maximum Limit. Defines the maximum allowable runs of length 2 (for both 0 and 1) detected during entropy generation. The number of runs of length 2 detected during entropy generation must be less than RUN2_MAX, else a retry or error will occur. This register is cleared to the default POR value by writing the MCTL[RST_DEF] bit to 1.">
      <alias type="CMSIS" value="TRNG_SCR2L_RUN2_MAX(x)"/>
    </bit_field>
    <reserved_bit_field offset="14" width="2" reset_value="0"/>
    <bit_field offset="16" width="14" name="RUN2_RNG" access="RW" reset_value="0x7A" description="Run Length 2 Range. The number of runs of length 2 (for both 0 and 1) detected during entropy generation must be greater than RUN2_MAX - RUN2_RNG, else a retry or error will occur. This register is cleared to the default POR value by writing the MCTL[RST_DEF] bit to 1.">
      <alias type="CMSIS" value="TRNG_SCR2L_RUN2_RNG(x)"/>
    </bit_field>
    <reserved_bit_field offset="30" width="2" reset_value="0"/>
  </register>
  <register offset="0x2C" width="32" name="SCR3C" description="Statistical Check Run Length 3 Count Register">
    <alias type="CMSIS" value="SCR3C"/>
    <bit_field offset="0" width="13" name="R3_0_CT" access="RO" reset_value="0" description="Runs of Zeroes, Length 3 Count. Reads the final Runs of Zeroes, length 3 count after entropy generation. Requires MCTL[PRGM] = 0.">
      <alias type="CMSIS" value="TRNG_SCR3C_R3_0_CT(x)"/>
    </bit_field>
    <reserved_bit_field offset="13" width="3" reset_value="0"/>
    <bit_field offset="16" width="13" name="R3_1_CT" access="RO" reset_value="0" description="Runs of Ones, Length 3 Count. Reads the final Runs of Ones, length 3 count after entropy generation. Requires MCTL[PRGM] = 0.">
      <alias type="CMSIS" value="TRNG_SCR3C_R3_1_CT(x)"/>
    </bit_field>
    <reserved_bit_field offset="29" width="3" reset_value="0"/>
  </register>
  <register offset="0x2C" width="32" name="SCR3L" description="Statistical Check Run Length 3 Limit Register">
    <alias type="CMSIS" value="SCR3L"/>
    <bit_field offset="0" width="13" name="RUN3_MAX" access="RW" reset_value="0x7D" description="Run Length 3 Maximum Limit. Defines the maximum allowable runs of length 3 (for both 0 and 1) detected during entropy generation. The number of runs of length 3 detected during entropy generation must be less than RUN3_MAX, else a retry or error will occur. This register is cleared to the default POR value by writing the MCTL[RST_DEF] bit to 1.">
      <alias type="CMSIS" value="TRNG_SCR3L_RUN3_MAX(x)"/>
    </bit_field>
    <reserved_bit_field offset="13" width="3" reset_value="0"/>
    <bit_field offset="16" width="13" name="RUN3_RNG" access="RW" reset_value="0x58" description="Run Length 3 Range. The number of runs of length 3 (for both 0 and 1) detected during entropy generation must be greater than RUN3_MAX - RUN3_RNG, else a retry or error will occur. This register is cleared to the default POR value by writing the MCTL[RST_DEF] bit to 1.">
      <alias type="CMSIS" value="TRNG_SCR3L_RUN3_RNG(x)"/>
    </bit_field>
    <reserved_bit_field offset="29" width="3" reset_value="0"/>
  </register>
  <register offset="0x30" width="32" name="SCR4C" description="Statistical Check Run Length 4 Count Register">
    <alias type="CMSIS" value="SCR4C"/>
    <bit_field offset="0" width="12" name="R4_0_CT" access="RO" reset_value="0" description="Runs of Zero, Length 4 Count. Reads the final Runs of Ones, length 4 count after entropy generation. Requires MCTL[PRGM] = 0.">
      <alias type="CMSIS" value="TRNG_SCR4C_R4_0_CT(x)"/>
    </bit_field>
    <reserved_bit_field offset="12" width="4" reset_value="0"/>
    <bit_field offset="16" width="12" name="R4_1_CT" access="RO" reset_value="0" description="Runs of One, Length 4 Count. Reads the final Runs of Ones, length 4 count after entropy generation. Requires MCTL[PRGM] = 0.">
      <alias type="CMSIS" value="TRNG_SCR4C_R4_1_CT(x)"/>
    </bit_field>
    <reserved_bit_field offset="28" width="4" reset_value="0"/>
  </register>
  <register offset="0x30" width="32" name="SCR4L" description="Statistical Check Run Length 4 Limit Register">
    <alias type="CMSIS" value="SCR4L"/>
    <bit_field offset="0" width="12" name="RUN4_MAX" access="RW" reset_value="0x4B" description="Run Length 4 Maximum Limit. Defines the maximum allowable runs of length 4 (for both 0 and 1) detected during entropy generation. The number of runs of length 4 detected during entropy generation must be less than RUN4_MAX, else a retry or error will occur. This register is cleared to the default POR value by writing the MCTL[RST_DEF] bit to 1.">
      <alias type="CMSIS" value="TRNG_SCR4L_RUN4_MAX(x)"/>
    </bit_field>
    <reserved_bit_field offset="12" width="4" reset_value="0"/>
    <bit_field offset="16" width="12" name="RUN4_RNG" access="RW" reset_value="0x40" description="Run Length 4 Range. The number of runs of length 4 (for both 0 and 1) detected during entropy generation must be greater than RUN4_MAX - RUN4_RNG, else a retry or error will occur. This register is cleared to the default POR value by writing the MCTL[RST_DEF] bit to 1.">
      <alias type="CMSIS" value="TRNG_SCR4L_RUN4_RNG(x)"/>
    </bit_field>
    <reserved_bit_field offset="28" width="4" reset_value="0"/>
  </register>
  <register offset="0x34" width="32" name="SCR5C" description="Statistical Check Run Length 5 Count Register">
    <alias type="CMSIS" value="SCR5C"/>
    <bit_field offset="0" width="11" name="R5_0_CT" access="RO" reset_value="0" description="Runs of Zero, Length 5 Count. Reads the final Runs of Ones, length 5 count after entropy generation. Requires MCTL[PRGM] = 0.">
      <alias type="CMSIS" value="TRNG_SCR5C_R5_0_CT(x)"/>
    </bit_field>
    <reserved_bit_field offset="11" width="5" reset_value="0"/>
    <bit_field offset="16" width="11" name="R5_1_CT" access="RO" reset_value="0" description="Runs of One, Length 5 Count. Reads the final Runs of Ones, length 5 count after entropy generation. Requires MCTL[PRGM] = 0.">
      <alias type="CMSIS" value="TRNG_SCR5C_R5_1_CT(x)"/>
    </bit_field>
    <reserved_bit_field offset="27" width="5" reset_value="0"/>
  </register>
  <register offset="0x34" width="32" name="SCR5L" description="Statistical Check Run Length 5 Limit Register">
    <alias type="CMSIS" value="SCR5L"/>
    <bit_field offset="0" width="11" name="RUN5_MAX" access="RW" reset_value="0x2F" description="Run Length 5 Maximum Limit. Defines the maximum allowable runs of length 5 (for both 0 and 1) detected during entropy generation. The number of runs of length 5 detected during entropy generation must be less than RUN5_MAX, else a retry or error will occur. This register is cleared to the default POR value by writing the MCTL[RST_DEF] bit to 1.">
      <alias type="CMSIS" value="TRNG_SCR5L_RUN5_MAX(x)"/>
    </bit_field>
    <reserved_bit_field offset="11" width="5" reset_value="0"/>
    <bit_field offset="16" width="11" name="RUN5_RNG" access="RW" reset_value="0x2E" description="Run Length 5 Range. The number of runs of length 5 (for both 0 and 1) detected during entropy generation must be greater than RUN5_MAX - RUN5_RNG, else a retry or error will occur. This register is cleared to the default POR value by writing the MCTL[RST_DEF] bit to 1.">
      <alias type="CMSIS" value="TRNG_SCR5L_RUN5_RNG(x)"/>
    </bit_field>
    <reserved_bit_field offset="27" width="5" reset_value="0"/>
  </register>
  <register offset="0x38" width="32" name="SCR6PC" description="Statistical Check Run Length 6+ Count Register">
    <alias type="CMSIS" value="SCR6PC"/>
    <bit_field offset="0" width="11" name="R6P_0_CT" access="RO" reset_value="0" description="Runs of Zero, Length 6+ Count. Reads the final Runs of Ones, length 6+ count after entropy generation. Requires MCTL[PRGM] = 0.">
      <alias type="CMSIS" value="TRNG_SCR6PC_R6P_0_CT(x)"/>
    </bit_field>
    <reserved_bit_field offset="11" width="5" reset_value="0"/>
    <bit_field offset="16" width="11" name="R6P_1_CT" access="RO" reset_value="0" description="Runs of One, Length 6+ Count. Reads the final Runs of Ones, length 6+ count after entropy generation. Requires MCTL[PRGM] = 0.">
      <alias type="CMSIS" value="TRNG_SCR6PC_R6P_1_CT(x)"/>
    </bit_field>
    <reserved_bit_field offset="27" width="5" reset_value="0"/>
  </register>
  <register offset="0x38" width="32" name="SCR6PL" description="Statistical Check Run Length 6+ Limit Register">
    <alias type="CMSIS" value="SCR6PL"/>
    <bit_field offset="0" width="11" name="RUN6P_MAX" access="RW" reset_value="0x2F" description="Run Length 6+ Maximum Limit. Defines the maximum allowable runs of length 6 or more (for both 0 and 1) detected during entropy generation. The number of runs of length 6 or more detected during entropy generation must be less than RUN6P_MAX, else a retry or error will occur. This register is cleared to the default POR value by writing the MCTL[RST_DEF] bit to 1.">
      <alias type="CMSIS" value="TRNG_SCR6PL_RUN6P_MAX(x)"/>
    </bit_field>
    <reserved_bit_field offset="11" width="5" reset_value="0"/>
    <bit_field offset="16" width="11" name="RUN6P_RNG" access="RW" reset_value="0x2E" description="Run Length 6+ Range. The number of runs of length 6 or more (for both 0 and 1) detected during entropy generation must be greater than RUN6P_MAX - RUN6P_RNG, else a retry or error will occur. This register is cleared to the default POR value by writing the MCTL[RST_DEF] bit to 1.">
      <alias type="CMSIS" value="TRNG_SCR6PL_RUN6P_RNG(x)"/>
    </bit_field>
    <reserved_bit_field offset="27" width="5" reset_value="0"/>
  </register>
  <register offset="0x3C" width="32" name="STATUS" description="Status Register">
    <alias type="CMSIS" value="STATUS"/>
    <bit_field offset="0" width="1" name="TF1BR0" access="RO" reset_value="0" description="Test Fail, 1-Bit Run, Sampling 0s. If TF1BR0=1, the 1-Bit Run, Sampling 0s Test has failed.">
      <alias type="CMSIS" value="TRNG_STATUS_TF1BR0(x)"/>
    </bit_field>
    <bit_field offset="1" width="1" name="TF1BR1" access="RO" reset_value="0" description="Test Fail, 1-Bit Run, Sampling 1s. If TF1BR1=1, the 1-Bit Run, Sampling 1s Test has failed.">
      <alias type="CMSIS" value="TRNG_STATUS_TF1BR1(x)"/>
    </bit_field>
    <bit_field offset="2" width="1" name="TF2BR0" access="RO" reset_value="0" description="Test Fail, 2-Bit Run, Sampling 0s. If TF2BR0=1, the 2-Bit Run, Sampling 0s Test has failed.">
      <alias type="CMSIS" value="TRNG_STATUS_TF2BR0(x)"/>
    </bit_field>
    <bit_field offset="3" width="1" name="TF2BR1" access="RO" reset_value="0" description="Test Fail, 2-Bit Run, Sampling 1s. If TF2BR1=1, the 2-Bit Run, Sampling 1s Test has failed.">
      <alias type="CMSIS" value="TRNG_STATUS_TF2BR1(x)"/>
    </bit_field>
    <bit_field offset="4" width="1" name="TF3BR0" access="RO" reset_value="0" description="Test Fail, 3-Bit Run, Sampling 0s. If TF3BR0=1, the 3-Bit Run, Sampling 0s Test has failed.">
      <alias type="CMSIS" value="TRNG_STATUS_TF3BR0(x)"/>
    </bit_field>
    <bit_field offset="5" width="1" name="TF3BR1" access="RO" reset_value="0" description="Test Fail, 3-Bit Run, Sampling 1s. If TF3BR1=1, the 3-Bit Run, Sampling 1s Test has failed.">
      <alias type="CMSIS" value="TRNG_STATUS_TF3BR1(x)"/>
    </bit_field>
    <bit_field offset="6" width="1" name="TF4BR0" access="RO" reset_value="0" description="Test Fail, 4-Bit Run, Sampling 0s. If TF4BR0=1, the 4-Bit Run, Sampling 0s Test has failed.">
      <alias type="CMSIS" value="TRNG_STATUS_TF4BR0(x)"/>
    </bit_field>
    <bit_field offset="7" width="1" name="TF4BR1" access="RO" reset_value="0" description="Test Fail, 4-Bit Run, Sampling 1s. If TF4BR1=1, the 4-Bit Run, Sampling 1s Test has failed.">
      <alias type="CMSIS" value="TRNG_STATUS_TF4BR1(x)"/>
    </bit_field>
    <bit_field offset="8" width="1" name="TF5BR0" access="RO" reset_value="0" description="Test Fail, 5-Bit Run, Sampling 0s. If TF5BR0=1, the 5-Bit Run, Sampling 0s Test has failed.">
      <alias type="CMSIS" value="TRNG_STATUS_TF5BR0(x)"/>
    </bit_field>
    <bit_field offset="9" width="1" name="TF5BR1" access="RO" reset_value="0" description="Test Fail, 5-Bit Run, Sampling 1s. If TF5BR1=1, the 5-Bit Run, Sampling 1s Test has failed.">
      <alias type="CMSIS" value="TRNG_STATUS_TF5BR1(x)"/>
    </bit_field>
    <bit_field offset="10" width="1" name="TF6PBR0" access="RO" reset_value="0" description="Test Fail, 6 Plus Bit Run, Sampling 0s. If TF6PBR0=1, the 6 Plus Bit Run, Sampling 0s Test has failed.">
      <alias type="CMSIS" value="TRNG_STATUS_TF6PBR0(x)"/>
    </bit_field>
    <bit_field offset="11" width="1" name="TF6PBR1" access="RO" reset_value="0" description="Test Fail, 6 Plus Bit Run, Sampling 1s. If TF6PBR1=1, the 6 Plus Bit Run, Sampling 1s Test has failed.">
      <alias type="CMSIS" value="TRNG_STATUS_TF6PBR1(x)"/>
    </bit_field>
    <bit_field offset="12" width="1" name="TFSB" access="RO" reset_value="0" description="Test Fail, Sparse Bit. If TFSB=1, the Sparse Bit Test has failed.">
      <alias type="CMSIS" value="TRNG_STATUS_TFSB(x)"/>
    </bit_field>
    <bit_field offset="13" width="1" name="TFLR" access="RO" reset_value="0" description="Test Fail, Long Run. If TFLR=1, the Long Run Test has failed.">
      <alias type="CMSIS" value="TRNG_STATUS_TFLR(x)"/>
    </bit_field>
    <bit_field offset="14" width="1" name="TFP" access="RO" reset_value="0" description="Test Fail, Poker. If TFP=1, the Poker Test has failed.">
      <alias type="CMSIS" value="TRNG_STATUS_TFP(x)"/>
    </bit_field>
    <bit_field offset="15" width="1" name="TFMB" access="RO" reset_value="0" description="Test Fail, Mono Bit. If TFMB=1, the Mono Bit Test has failed.">
      <alias type="CMSIS" value="TRNG_STATUS_TFMB(x)"/>
    </bit_field>
    <bit_field offset="16" width="4" name="RETRY_CT" access="RO" reset_value="0" description="RETRY COUNT. This represents the current number of entropy generation retries left before a statistical text failure will cause the RNG to generate an error condition.">
      <alias type="CMSIS" value="TRNG_STATUS_RETRY_CT(x)"/>
    </bit_field>
    <reserved_bit_field offset="20" width="12" reset_value="0"/>
  </register>
  <register offset="0x40" width="32" name="ENT0" description="Entropy Read Register">
    <alias type="CMSIS" value="ENT[0]"/>
    <bit_field offset="0" width="32" name="ENT" access="RO" reset_value="0" description="Entropy Value. Will be non-zero only if MCTL[PRGM] = 0 Run Mode) and MCTL[ENT_VAL] = 1 (Entropy Valid). The most significant bits of the entropy are read from the lowest offset, and the least significant bits are read from the highest offset. Note that reading the highest offset also clears the entire entropy value, and starts a new entropy generation.">
      <alias type="CMSIS" value="TRNG_ENT_ENT(x)"/>
    </bit_field>
  </register>
  <register offset="0x44" width="32" name="ENT1" description="Entropy Read Register">
    <alias type="CMSIS" value="ENT[1]"/>
    <bit_field offset="0" width="32" name="ENT" access="RO" reset_value="0" description="Entropy Value. Will be non-zero only if MCTL[PRGM] = 0 Run Mode) and MCTL[ENT_VAL] = 1 (Entropy Valid). The most significant bits of the entropy are read from the lowest offset, and the least significant bits are read from the highest offset. Note that reading the highest offset also clears the entire entropy value, and starts a new entropy generation.">
      <alias type="CMSIS" value="TRNG_ENT_ENT(x)"/>
    </bit_field>
  </register>
  <register offset="0x48" width="32" name="ENT2" description="Entropy Read Register">
    <alias type="CMSIS" value="ENT[2]"/>
    <bit_field offset="0" width="32" name="ENT" access="RO" reset_value="0" description="Entropy Value. Will be non-zero only if MCTL[PRGM] = 0 Run Mode) and MCTL[ENT_VAL] = 1 (Entropy Valid). The most significant bits of the entropy are read from the lowest offset, and the least significant bits are read from the highest offset. Note that reading the highest offset also clears the entire entropy value, and starts a new entropy generation.">
      <alias type="CMSIS" value="TRNG_ENT_ENT(x)"/>
    </bit_field>
  </register>
  <register offset="0x4C" width="32" name="ENT3" description="Entropy Read Register">
    <alias type="CMSIS" value="ENT[3]"/>
    <bit_field offset="0" width="32" name="ENT" access="RO" reset_value="0" description="Entropy Value. Will be non-zero only if MCTL[PRGM] = 0 Run Mode) and MCTL[ENT_VAL] = 1 (Entropy Valid). The most significant bits of the entropy are read from the lowest offset, and the least significant bits are read from the highest offset. Note that reading the highest offset also clears the entire entropy value, and starts a new entropy generation.">
      <alias type="CMSIS" value="TRNG_ENT_ENT(x)"/>
    </bit_field>
  </register>
  <register offset="0x50" width="32" name="ENT4" description="Entropy Read Register">
    <alias type="CMSIS" value="ENT[4]"/>
    <bit_field offset="0" width="32" name="ENT" access="RO" reset_value="0" description="Entropy Value. Will be non-zero only if MCTL[PRGM] = 0 Run Mode) and MCTL[ENT_VAL] = 1 (Entropy Valid). The most significant bits of the entropy are read from the lowest offset, and the least significant bits are read from the highest offset. Note that reading the highest offset also clears the entire entropy value, and starts a new entropy generation.">
      <alias type="CMSIS" value="TRNG_ENT_ENT(x)"/>
    </bit_field>
  </register>
  <register offset="0x54" width="32" name="ENT5" description="Entropy Read Register">
    <alias type="CMSIS" value="ENT[5]"/>
    <bit_field offset="0" width="32" name="ENT" access="RO" reset_value="0" description="Entropy Value. Will be non-zero only if MCTL[PRGM] = 0 Run Mode) and MCTL[ENT_VAL] = 1 (Entropy Valid). The most significant bits of the entropy are read from the lowest offset, and the least significant bits are read from the highest offset. Note that reading the highest offset also clears the entire entropy value, and starts a new entropy generation.">
      <alias type="CMSIS" value="TRNG_ENT_ENT(x)"/>
    </bit_field>
  </register>
  <register offset="0x58" width="32" name="ENT6" description="Entropy Read Register">
    <alias type="CMSIS" value="ENT[6]"/>
    <bit_field offset="0" width="32" name="ENT" access="RO" reset_value="0" description="Entropy Value. Will be non-zero only if MCTL[PRGM] = 0 Run Mode) and MCTL[ENT_VAL] = 1 (Entropy Valid). The most significant bits of the entropy are read from the lowest offset, and the least significant bits are read from the highest offset. Note that reading the highest offset also clears the entire entropy value, and starts a new entropy generation.">
      <alias type="CMSIS" value="TRNG_ENT_ENT(x)"/>
    </bit_field>
  </register>
  <register offset="0x5C" width="32" name="ENT7" description="Entropy Read Register">
    <alias type="CMSIS" value="ENT[7]"/>
    <bit_field offset="0" width="32" name="ENT" access="RO" reset_value="0" description="Entropy Value. Will be non-zero only if MCTL[PRGM] = 0 Run Mode) and MCTL[ENT_VAL] = 1 (Entropy Valid). The most significant bits of the entropy are read from the lowest offset, and the least significant bits are read from the highest offset. Note that reading the highest offset also clears the entire entropy value, and starts a new entropy generation.">
      <alias type="CMSIS" value="TRNG_ENT_ENT(x)"/>
    </bit_field>
  </register>
  <register offset="0x60" width="32" name="ENT8" description="Entropy Read Register">
    <alias type="CMSIS" value="ENT[8]"/>
    <bit_field offset="0" width="32" name="ENT" access="RO" reset_value="0" description="Entropy Value. Will be non-zero only if MCTL[PRGM] = 0 Run Mode) and MCTL[ENT_VAL] = 1 (Entropy Valid). The most significant bits of the entropy are read from the lowest offset, and the least significant bits are read from the highest offset. Note that reading the highest offset also clears the entire entropy value, and starts a new entropy generation.">
      <alias type="CMSIS" value="TRNG_ENT_ENT(x)"/>
    </bit_field>
  </register>
  <register offset="0x64" width="32" name="ENT9" description="Entropy Read Register">
    <alias type="CMSIS" value="ENT[9]"/>
    <bit_field offset="0" width="32" name="ENT" access="RO" reset_value="0" description="Entropy Value. Will be non-zero only if MCTL[PRGM] = 0 Run Mode) and MCTL[ENT_VAL] = 1 (Entropy Valid). The most significant bits of the entropy are read from the lowest offset, and the least significant bits are read from the highest offset. Note that reading the highest offset also clears the entire entropy value, and starts a new entropy generation.">
      <alias type="CMSIS" value="TRNG_ENT_ENT(x)"/>
    </bit_field>
  </register>
  <register offset="0x68" width="32" name="ENT10" description="Entropy Read Register">
    <alias type="CMSIS" value="ENT[10]"/>
    <bit_field offset="0" width="32" name="ENT" access="RO" reset_value="0" description="Entropy Value. Will be non-zero only if MCTL[PRGM] = 0 Run Mode) and MCTL[ENT_VAL] = 1 (Entropy Valid). The most significant bits of the entropy are read from the lowest offset, and the least significant bits are read from the highest offset. Note that reading the highest offset also clears the entire entropy value, and starts a new entropy generation.">
      <alias type="CMSIS" value="TRNG_ENT_ENT(x)"/>
    </bit_field>
  </register>
  <register offset="0x6C" width="32" name="ENT11" description="Entropy Read Register">
    <alias type="CMSIS" value="ENT[11]"/>
    <bit_field offset="0" width="32" name="ENT" access="RO" reset_value="0" description="Entropy Value. Will be non-zero only if MCTL[PRGM] = 0 Run Mode) and MCTL[ENT_VAL] = 1 (Entropy Valid). The most significant bits of the entropy are read from the lowest offset, and the least significant bits are read from the highest offset. Note that reading the highest offset also clears the entire entropy value, and starts a new entropy generation.">
      <alias type="CMSIS" value="TRNG_ENT_ENT(x)"/>
    </bit_field>
  </register>
  <register offset="0x70" width="32" name="ENT12" description="Entropy Read Register">
    <alias type="CMSIS" value="ENT[12]"/>
    <bit_field offset="0" width="32" name="ENT" access="RO" reset_value="0" description="Entropy Value. Will be non-zero only if MCTL[PRGM] = 0 Run Mode) and MCTL[ENT_VAL] = 1 (Entropy Valid). The most significant bits of the entropy are read from the lowest offset, and the least significant bits are read from the highest offset. Note that reading the highest offset also clears the entire entropy value, and starts a new entropy generation.">
      <alias type="CMSIS" value="TRNG_ENT_ENT(x)"/>
    </bit_field>
  </register>
  <register offset="0x74" width="32" name="ENT13" description="Entropy Read Register">
    <alias type="CMSIS" value="ENT[13]"/>
    <bit_field offset="0" width="32" name="ENT" access="RO" reset_value="0" description="Entropy Value. Will be non-zero only if MCTL[PRGM] = 0 Run Mode) and MCTL[ENT_VAL] = 1 (Entropy Valid). The most significant bits of the entropy are read from the lowest offset, and the least significant bits are read from the highest offset. Note that reading the highest offset also clears the entire entropy value, and starts a new entropy generation.">
      <alias type="CMSIS" value="TRNG_ENT_ENT(x)"/>
    </bit_field>
  </register>
  <register offset="0x78" width="32" name="ENT14" description="Entropy Read Register">
    <alias type="CMSIS" value="ENT[14]"/>
    <bit_field offset="0" width="32" name="ENT" access="RO" reset_value="0" description="Entropy Value. Will be non-zero only if MCTL[PRGM] = 0 Run Mode) and MCTL[ENT_VAL] = 1 (Entropy Valid). The most significant bits of the entropy are read from the lowest offset, and the least significant bits are read from the highest offset. Note that reading the highest offset also clears the entire entropy value, and starts a new entropy generation.">
      <alias type="CMSIS" value="TRNG_ENT_ENT(x)"/>
    </bit_field>
  </register>
  <register offset="0x7C" width="32" name="ENT15" description="Entropy Read Register">
    <alias type="CMSIS" value="ENT[15]"/>
    <bit_field offset="0" width="32" name="ENT" access="RO" reset_value="0" description="Entropy Value. Will be non-zero only if MCTL[PRGM] = 0 Run Mode) and MCTL[ENT_VAL] = 1 (Entropy Valid). The most significant bits of the entropy are read from the lowest offset, and the least significant bits are read from the highest offset. Note that reading the highest offset also clears the entire entropy value, and starts a new entropy generation.">
      <alias type="CMSIS" value="TRNG_ENT_ENT(x)"/>
    </bit_field>
  </register>
  <register offset="0x80" width="32" name="PKRCNT10" description="Statistical Check Poker Count 1 and 0 Register">
    <alias type="CMSIS" value="PKRCNT10"/>
    <bit_field offset="0" width="16" name="PKR_0_CT" access="RO" reset_value="0" description="Poker 0h Count. Total number of nibbles of sample data which were found to be 0h. Requires MCTL[PRGM] = 0.">
      <alias type="CMSIS" value="TRNG_PKRCNT10_PKR_0_CT(x)"/>
    </bit_field>
    <bit_field offset="16" width="16" name="PKR_1_CT" access="RO" reset_value="0" description="Poker 1h Count. Total number of nibbles of sample data which were found to be 1h. Requires MCTL[PRGM] = 0.">
      <alias type="CMSIS" value="TRNG_PKRCNT10_PKR_1_CT(x)"/>
    </bit_field>
  </register>
  <register offset="0x84" width="32" name="PKRCNT32" description="Statistical Check Poker Count 3 and 2 Register">
    <alias type="CMSIS" value="PKRCNT32"/>
    <bit_field offset="0" width="16" name="PKR_2_CT" access="RO" reset_value="0" description="Poker 2h Count. Total number of nibbles of sample data which were found to be 2h. Requires MCTL[PRGM] = 0.">
      <alias type="CMSIS" value="TRNG_PKRCNT32_PKR_2_CT(x)"/>
    </bit_field>
    <bit_field offset="16" width="16" name="PKR_3_CT" access="RO" reset_value="0" description="Poker 3h Count. Total number of nibbles of sample data which were found to be 3h. Requires MCTL[PRGM] = 0.">
      <alias type="CMSIS" value="TRNG_PKRCNT32_PKR_3_CT(x)"/>
    </bit_field>
  </register>
  <register offset="0x88" width="32" name="PKRCNT54" description="Statistical Check Poker Count 5 and 4 Register">
    <alias type="CMSIS" value="PKRCNT54"/>
    <bit_field offset="0" width="16" name="PKR_4_CT" access="RO" reset_value="0" description="Poker 4h Count. Total number of nibbles of sample data which were found to be 4h. Requires MCTL[PRGM] = 0.">
      <alias type="CMSIS" value="TRNG_PKRCNT54_PKR_4_CT(x)"/>
    </bit_field>
    <bit_field offset="16" width="16" name="PKR_5_CT" access="RO" reset_value="0" description="Poker 5h Count. Total number of nibbles of sample data which were found to be 5h. Requires MCTL[PRGM] = 0.">
      <alias type="CMSIS" value="TRNG_PKRCNT54_PKR_5_CT(x)"/>
    </bit_field>
  </register>
  <register offset="0x8C" width="32" name="PKRCNT76" description="Statistical Check Poker Count 7 and 6 Register">
    <alias type="CMSIS" value="PKRCNT76"/>
    <bit_field offset="0" width="16" name="PKR_6_CT" access="RO" reset_value="0" description="Poker 6h Count. Total number of nibbles of sample data which were found to be 6h. Requires MCTL[PRGM] = 0.">
      <alias type="CMSIS" value="TRNG_PKRCNT76_PKR_6_CT(x)"/>
    </bit_field>
    <bit_field offset="16" width="16" name="PKR_7_CT" access="RO" reset_value="0" description="Poker 7h Count. Total number of nibbles of sample data which were found to be 7h. Requires MCTL[PRGM] = 0.">
      <alias type="CMSIS" value="TRNG_PKRCNT76_PKR_7_CT(x)"/>
    </bit_field>
  </register>
  <register offset="0x90" width="32" name="PKRCNT98" description="Statistical Check Poker Count 9 and 8 Register">
    <alias type="CMSIS" value="PKRCNT98"/>
    <bit_field offset="0" width="16" name="PKR_8_CT" access="RO" reset_value="0" description="Poker 8h Count. Total number of nibbles of sample data which were found to be 8h. Requires MCTL[PRGM] = 0.">
      <alias type="CMSIS" value="TRNG_PKRCNT98_PKR_8_CT(x)"/>
    </bit_field>
    <bit_field offset="16" width="16" name="PKR_9_CT" access="RO" reset_value="0" description="Poker 9h Count. Total number of nibbles of sample data which were found to be 9h. Requires MCTL[PRGM] = 0.">
      <alias type="CMSIS" value="TRNG_PKRCNT98_PKR_9_CT(x)"/>
    </bit_field>
  </register>
  <register offset="0x94" width="32" name="PKRCNTBA" description="Statistical Check Poker Count B and A Register">
    <alias type="CMSIS" value="PKRCNTBA"/>
    <bit_field offset="0" width="16" name="PKR_A_CT" access="RO" reset_value="0" description="Poker Ah Count. Total number of nibbles of sample data which were found to be Ah. Requires MCTL[PRGM] = 0.">
      <alias type="CMSIS" value="TRNG_PKRCNTBA_PKR_A_CT(x)"/>
    </bit_field>
    <bit_field offset="16" width="16" name="PKR_B_CT" access="RO" reset_value="0" description="Poker Bh Count. Total number of nibbles of sample data which were found to be Bh. Requires MCTL[PRGM] = 0.">
      <alias type="CMSIS" value="TRNG_PKRCNTBA_PKR_B_CT(x)"/>
    </bit_field>
  </register>
  <register offset="0x98" width="32" name="PKRCNTDC" description="Statistical Check Poker Count D and C Register">
    <alias type="CMSIS" value="PKRCNTDC"/>
    <bit_field offset="0" width="16" name="PKR_C_CT" access="RO" reset_value="0" description="Poker Ch Count. Total number of nibbles of sample data which were found to be Ch. Requires MCTL[PRGM] = 0.">
      <alias type="CMSIS" value="TRNG_PKRCNTDC_PKR_C_CT(x)"/>
    </bit_field>
    <bit_field offset="16" width="16" name="PKR_D_CT" access="RO" reset_value="0" description="Poker Dh Count. Total number of nibbles of sample data which were found to be Dh. Requires MCTL[PRGM] = 0.">
      <alias type="CMSIS" value="TRNG_PKRCNTDC_PKR_D_CT(x)"/>
    </bit_field>
  </register>
  <register offset="0x9C" width="32" name="PKRCNTFE" description="Statistical Check Poker Count F and E Register">
    <alias type="CMSIS" value="PKRCNTFE"/>
    <bit_field offset="0" width="16" name="PKR_E_CT" access="RO" reset_value="0" description="Poker Eh Count. Total number of nibbles of sample data which were found to be Eh. Requires MCTL[PRGM] = 0.">
      <alias type="CMSIS" value="TRNG_PKRCNTFE_PKR_E_CT(x)"/>
    </bit_field>
    <bit_field offset="16" width="16" name="PKR_F_CT" access="RO" reset_value="0" description="Poker Fh Count. Total number of nibbles of sample data which were found to be Fh. Requires MCTL[PRGM] = 0.">
      <alias type="CMSIS" value="TRNG_PKRCNTFE_PKR_F_CT(x)"/>
    </bit_field>
  </register>
  <register offset="0xA0" width="32" name="SEC_CFG" description="Security Configuration Register">
    <alias type="CMSIS" value="SEC_CFG"/>
    <bit_field offset="0" width="1" name="UNUSED0" access="RW" reset_value="0" description="This bit is unused. Ignore.">
      <alias type="CMSIS" value="TRNG_SEC_CFG_UNUSED0(x)"/>
    </bit_field>
    <bit_field offset="1" width="1" name="NO_PRGM" access="RW" reset_value="0" description="If set, the TRNG registers cannot be programmed">
      <alias type="CMSIS" value="TRNG_SEC_CFG_NO_PRGM(x)"/>
      <bit_field_value name="SEC_CFG_NO_PRGM_NO_PRGM_OFF" value="0b0" description="Programability of registers controlled only by the Miscellaneous Control Register's access mode bit."/>
      <bit_field_value name="SEC_CFG_NO_PRGM_NO_PRGM_ON" value="0b1" description="Overides Miscellaneous Control Register access mode and prevents TRNG register programming."/>
    </bit_field>
    <bit_field offset="2" width="1" name="UNUSED2" access="RW" reset_value="0" description="This bit is unused. Ignore.">
      <alias type="CMSIS" value="TRNG_SEC_CFG_UNUSED2(x)"/>
    </bit_field>
    <reserved_bit_field offset="3" width="29" reset_value="0"/>
  </register>
  <register offset="0xA4" width="32" name="INT_CTRL" description="Interrupt Control Register">
    <alias type="CMSIS" value="INT_CTRL"/>
    <bit_field offset="0" width="1" name="HW_ERR" access="RW" reset_value="0x1" description="Bit position that can be cleared if corresponding bit of INT_STATUS register has been asserted.">
      <alias type="CMSIS" value="TRNG_INT_CTRL_HW_ERR(x)"/>
      <bit_field_value name="INT_CTRL_HW_ERR_HW_ERR_CLEAR" value="0b0" description="Corresponding bit of INT_STATUS register cleared."/>
      <bit_field_value name="INT_CTRL_HW_ERR_HW_ERR_ON" value="0b1" description="Corresponding bit of INT_STATUS register active."/>
    </bit_field>
    <bit_field offset="1" width="1" name="ENT_VAL" access="RW" reset_value="0x1" description="Same behavior as bit 0 of this register.">
      <alias type="CMSIS" value="TRNG_INT_CTRL_ENT_VAL(x)"/>
      <bit_field_value name="INT_CTRL_ENT_VAL_ENT_VAL_CLEAR" value="0b0" description="Same behavior as bit 0 of this register."/>
      <bit_field_value name="INT_CTRL_ENT_VAL_ENT_VAL_ON" value="0b1" description="Same behavior as bit 0 of this register."/>
    </bit_field>
    <bit_field offset="2" width="1" name="FRQ_CT_FAIL" access="RW" reset_value="0x1" description="Same behavior as bit 0 of this register.">
      <alias type="CMSIS" value="TRNG_INT_CTRL_FRQ_CT_FAIL(x)"/>
      <bit_field_value name="INT_CTRL_FRQ_CT_FAIL_FRQ_CT_FAIL_CLEAR" value="0b0" description="Same behavior as bit 0 of this register."/>
      <bit_field_value name="INT_CTRL_FRQ_CT_FAIL_FRQ_CT_FAIL_ON" value="0b1" description="Same behavior as bit 0 of this register."/>
    </bit_field>
    <bit_field offset="3" width="29" name="UNUSED" access="RU" reset_value="0" description="Reserved. Always zero.">
      <alias type="CMSIS" value="TRNG_INT_CTRL_UNUSED(x)"/>
    </bit_field>
  </register>
  <register offset="0xA8" width="32" name="INT_MASK" description="Mask Register">
    <alias type="CMSIS" value="INT_MASK"/>
    <bit_field offset="0" width="1" name="HW_ERR" access="RW" reset_value="0" description="Bit position that can be cleared or set to enable the corresponding bit of INT_STATUS to show interupt status.">
      <alias type="CMSIS" value="TRNG_INT_MASK_HW_ERR(x)"/>
      <bit_field_value name="INT_MASK_HW_ERR_HW_ERR_MASKED" value="0b0" description="Corresponding interrupt of INT_STATUS is masked."/>
      <bit_field_value name="INT_MASK_HW_ERR_HW_ERR_ACTIVE" value="0b1" description="Corresponding bit of INT_STATUS is active."/>
    </bit_field>
    <bit_field offset="1" width="1" name="ENT_VAL" access="RW" reset_value="0" description="Same behavior as bit 0 of this register.">
      <alias type="CMSIS" value="TRNG_INT_MASK_ENT_VAL(x)"/>
      <bit_field_value name="INT_MASK_ENT_VAL_ENT_VAL_MASKED" value="0b0" description="Same behavior as bit 0 of this register."/>
      <bit_field_value name="INT_MASK_ENT_VAL_ENT_VAL_ACTIVE" value="0b1" description="Same behavior as bit 0 of this register."/>
    </bit_field>
    <bit_field offset="2" width="1" name="FRQ_CT_FAIL" access="RW" reset_value="0" description="Same behavior as bit 0 of this register.">
      <alias type="CMSIS" value="TRNG_INT_MASK_FRQ_CT_FAIL(x)"/>
      <bit_field_value name="INT_MASK_FRQ_CT_FAIL_FRQ_CT_FAIL_MASKED" value="0b0" description="Same behavior as bit 0 of this register."/>
      <bit_field_value name="INT_MASK_FRQ_CT_FAIL_FRQ_CT_FAIL_ACTIVE" value="0b1" description="Same behavior as bit 0 of this register."/>
    </bit_field>
    <reserved_bit_field offset="3" width="29" reset_value="0"/>
  </register>
  <register offset="0xAC" width="32" name="INT_STATUS" description="Interrupt Status Register">
    <alias type="CMSIS" value="INT_STATUS"/>
    <bit_field offset="0" width="1" name="HW_ERR" access="RO" reset_value="0" description="Read: Error status. 1 = error detected. 0 = no error. Any HW error in the TRNG will trigger this interrupt.">
      <alias type="CMSIS" value="TRNG_INT_STATUS_HW_ERR(x)"/>
      <bit_field_value name="INT_STATUS_HW_ERR_HW_ERR_NO" value="0b0" description="no error"/>
      <bit_field_value name="INT_STATUS_HW_ERR_HW_ERR_YES" value="0b1" description="error detected."/>
    </bit_field>
    <bit_field offset="1" width="1" name="ENT_VAL" access="RO" reset_value="0" description="Read only: Entropy Valid. Will assert after an entropy value is generated. Will be cleared when ENT15 is read. (ENT0 through ENT14 should be read before reading ENT15).">
      <alias type="CMSIS" value="TRNG_INT_STATUS_ENT_VAL(x)"/>
      <bit_field_value name="INT_STATUS_ENT_VAL_ENT_VAL_INVALID" value="0b0" description="Busy generation entropy. Any value read is invalid."/>
      <bit_field_value name="INT_STATUS_ENT_VAL_ENT_VAL_VALID" value="0b1" description="TRNG can be stopped and entropy is valid if read."/>
    </bit_field>
    <bit_field offset="2" width="1" name="FRQ_CT_FAIL" access="RO" reset_value="0" description="Read only: Frequency Count Fail. The frequency counter has detected a failure. This may be due to improper programming of the FRQMAX and/or FRQMIN registers, or a hardware failure in the ring oscillator.">
      <alias type="CMSIS" value="TRNG_INT_STATUS_FRQ_CT_FAIL(x)"/>
      <bit_field_value name="INT_STATUS_FRQ_CT_FAIL_FRQ_CT_FAIL_NO_ERR" value="0b0" description="No hardware nor self test frequency errors."/>
      <bit_field_value name="INT_STATUS_FRQ_CT_FAIL_FRQ_CT_FAIL_ERR" value="0b1" description="The frequency counter has detected a failure."/>
    </bit_field>
    <reserved_bit_field offset="3" width="29" reset_value="0"/>
  </register>
  <register offset="0xF0" width="32" name="VID1" description="Version ID Register (MS)">
    <alias type="CMSIS" value="VID1"/>
    <bit_field offset="0" width="8" name="MIN_REV" access="RO" reset_value="0x1" description="Shows the IP's Minor revision of the TRNG.">
      <alias type="CMSIS" value="TRNG_VID1_MIN_REV(x)"/>
      <bit_field_value name="VID1_MIN_REV_MIN_REV_VAL" value="0b00000000" description="Minor revision number for TRNG."/>
    </bit_field>
    <bit_field offset="8" width="8" name="MAJ_REV" access="RO" reset_value="0x3" description="Shows the IP's Major revision of the TRNG.">
      <alias type="CMSIS" value="TRNG_VID1_MAJ_REV(x)"/>
      <bit_field_value name="VID1_MAJ_REV_MAJ_REV_VAL" value="0b00000001" description="Major revision number for TRNG."/>
    </bit_field>
    <bit_field offset="16" width="16" name="IP_ID" access="RO" reset_value="0x30" description="Shows the IP ID.">
      <alias type="CMSIS" value="TRNG_VID1_IP_ID(x)"/>
      <bit_field_value name="VID1_IP_ID_IP_ID_VAL" value="0b0000000000110000" description="ID for TRNG."/>
    </bit_field>
  </register>
  <register offset="0xF4" width="32" name="VID2" description="Version ID Register (LS)">
    <alias type="CMSIS" value="VID2"/>
    <bit_field offset="0" width="8" name="CONFIG_OPT" access="RO" reset_value="0" description="Shows the IP's Configuaration options for the TRNG.">
      <alias type="CMSIS" value="TRNG_VID2_CONFIG_OPT(x)"/>
      <bit_field_value name="VID2_CONFIG_OPT_CONFIG_OPT_VAL" value="0b00000000" description="TRNG_CONFIG_OPT for TRNG."/>
    </bit_field>
    <bit_field offset="8" width="8" name="ECO_REV" access="RO" reset_value="0" description="Shows the IP's ECO revision of the TRNG.">
      <alias type="CMSIS" value="TRNG_VID2_ECO_REV(x)"/>
      <bit_field_value name="VID2_ECO_REV_ECO_REV_VAL" value="0b00000000" description="TRNG_ECO_REV for TRNG."/>
    </bit_field>
    <bit_field offset="16" width="8" name="INTG_OPT" access="RO" reset_value="0" description="Shows the integration options for the TRNG. Used as REV_NUM and unique for each SoC type. (For 2019 or newer SoCs).">
      <alias type="CMSIS" value="TRNG_VID2_INTG_OPT(x)"/>
      <bit_field_value name="VID2_INTG_OPT_INTG_OPT_VAL" value="0b00000000" description="INTG_OPT for TRNG."/>
    </bit_field>
    <bit_field offset="24" width="8" name="ERA" access="RO" reset_value="0" description="Shows the compile options for the TRNG.">
      <alias type="CMSIS" value="TRNG_VID2_ERA(x)"/>
      <bit_field_value name="VID2_ERA_ERA_VAL" value="0b00000000" description="COMPILE_OPT for TRNG."/>
    </bit_field>
  </register>
</regs:peripheral>