<?xml version="1.0"?>
<regs:peripheral xmlns:regs="http://swtools.freescale.net/XSD/registers/4.0/regsPeripheral.xsd" xmlns:xsi="http://www.w3.org/2001/XMLSchema-instance" xsi:schemaLocation="http://swtools.freescale.net/XSD/registers/4.0/regsPeripheral.xsd http://swtools.freescale.net/XSD/registers/4.0/regsPeripheral.xsd">
  <register offset="0x1A0" width="32" name="USB1_VBUS_DETECT" description="USB VBUS Detect Register">
    <alias type="CMSIS" value="INSTANCE[0].VBUS_DETECT"/>
    <bit_field offset="0" width="3" name="VBUSVALID_THRESH" access="RW" reset_value="0x4" description="Set the threshold for the VBUSVALID comparator. This comparator is the most accurate method to determine the presence of 5v, and includes hystersis to minimize the need for software debounce of the detection. This comparator has ~50mV of hystersis to prevent chattering at the comparator trip point.">
      <alias type="CMSIS" value="USB_ANALOG_VBUS_DETECT_VBUSVALID_THRESH(x)"/>
      <bit_field_value name="INSTANCE_VBUSVALID_THRESH_4V0" value="0b000" description="4.0V"/>
      <bit_field_value name="INSTANCE_VBUSVALID_THRESH_4V1" value="0b001" description="4.1V"/>
      <bit_field_value name="INSTANCE_VBUSVALID_THRESH_4V2" value="0b010" description="4.2V"/>
      <bit_field_value name="INSTANCE_VBUSVALID_THRESH_4V3" value="0b011" description="4.3V"/>
      <bit_field_value name="INSTANCE_VBUSVALID_THRESH_4V4" value="0b100" description="4.4V (default)"/>
      <bit_field_value name="INSTANCE_VBUSVALID_THRESH_4V5" value="0b101" description="4.5V"/>
      <bit_field_value name="INSTANCE_VBUSVALID_THRESH_4V6" value="0b110" description="4.6V"/>
      <bit_field_value name="INSTANCE_VBUSVALID_THRESH_4V7" value="0b111" description="4.7V"/>
    </bit_field>
    <reserved_bit_field offset="3" width="17" reset_value="0"/>
    <bit_field offset="20" width="1" name="VBUSVALID_PWRUP_CMPS" access="RW" reset_value="0x1" description="Powers up comparators for vbus_valid detector.">
      <alias type="CMSIS" value="USB_ANALOG_VBUS_DETECT_VBUSVALID_PWRUP_CMPS(x)"/>
    </bit_field>
    <reserved_bit_field offset="21" width="5" reset_value="0"/>
    <bit_field offset="26" width="1" name="DISCHARGE_VBUS" access="RW" reset_value="0" description="USB OTG discharge VBUS.">
      <alias type="CMSIS" value="USB_ANALOG_VBUS_DETECT_DISCHARGE_VBUS(x)"/>
    </bit_field>
    <bit_field offset="27" width="1" name="CHARGE_VBUS" access="RW" reset_value="0" description="USB OTG charge VBUS.">
      <alias type="CMSIS" value="USB_ANALOG_VBUS_DETECT_CHARGE_VBUS(x)"/>
    </bit_field>
    <reserved_bit_field offset="28" width="4" reset_value="0"/>
  </register>
  <register offset="0x1A4" width="32" name="USB1_VBUS_DETECT_SET" description="USB VBUS Detect Register">
    <alias type="CMSIS" value="INSTANCE[0].VBUS_DETECT_SET"/>
    <bit_field offset="0" width="3" name="VBUSVALID_THRESH" access="RW" reset_value="0x4" description="Set the threshold for the VBUSVALID comparator. This comparator is the most accurate method to determine the presence of 5v, and includes hystersis to minimize the need for software debounce of the detection. This comparator has ~50mV of hystersis to prevent chattering at the comparator trip point.">
      <alias type="CMSIS" value="USB_ANALOG_VBUS_DETECT_SET_VBUSVALID_THRESH(x)"/>
      <bit_field_value name="INSTANCE_VBUSVALID_THRESH_4V0" value="0b000" description="4.0V"/>
      <bit_field_value name="INSTANCE_VBUSVALID_THRESH_4V1" value="0b001" description="4.1V"/>
      <bit_field_value name="INSTANCE_VBUSVALID_THRESH_4V2" value="0b010" description="4.2V"/>
      <bit_field_value name="INSTANCE_VBUSVALID_THRESH_4V3" value="0b011" description="4.3V"/>
      <bit_field_value name="INSTANCE_VBUSVALID_THRESH_4V4" value="0b100" description="4.4V (default)"/>
      <bit_field_value name="INSTANCE_VBUSVALID_THRESH_4V5" value="0b101" description="4.5V"/>
      <bit_field_value name="INSTANCE_VBUSVALID_THRESH_4V6" value="0b110" description="4.6V"/>
      <bit_field_value name="INSTANCE_VBUSVALID_THRESH_4V7" value="0b111" description="4.7V"/>
    </bit_field>
    <reserved_bit_field offset="3" width="17" reset_value="0"/>
    <bit_field offset="20" width="1" name="VBUSVALID_PWRUP_CMPS" access="RW" reset_value="0x1" description="Powers up comparators for vbus_valid detector.">
      <alias type="CMSIS" value="USB_ANALOG_VBUS_DETECT_SET_VBUSVALID_PWRUP_CMPS(x)"/>
    </bit_field>
    <reserved_bit_field offset="21" width="5" reset_value="0"/>
    <bit_field offset="26" width="1" name="DISCHARGE_VBUS" access="RW" reset_value="0" description="USB OTG discharge VBUS.">
      <alias type="CMSIS" value="USB_ANALOG_VBUS_DETECT_SET_DISCHARGE_VBUS(x)"/>
    </bit_field>
    <bit_field offset="27" width="1" name="CHARGE_VBUS" access="RW" reset_value="0" description="USB OTG charge VBUS.">
      <alias type="CMSIS" value="USB_ANALOG_VBUS_DETECT_SET_CHARGE_VBUS(x)"/>
    </bit_field>
    <reserved_bit_field offset="28" width="4" reset_value="0"/>
  </register>
  <register offset="0x1A8" width="32" name="USB1_VBUS_DETECT_CLR" description="USB VBUS Detect Register">
    <alias type="CMSIS" value="INSTANCE[0].VBUS_DETECT_CLR"/>
    <bit_field offset="0" width="3" name="VBUSVALID_THRESH" access="RW" reset_value="0x4" description="Set the threshold for the VBUSVALID comparator. This comparator is the most accurate method to determine the presence of 5v, and includes hystersis to minimize the need for software debounce of the detection. This comparator has ~50mV of hystersis to prevent chattering at the comparator trip point.">
      <alias type="CMSIS" value="USB_ANALOG_VBUS_DETECT_CLR_VBUSVALID_THRESH(x)"/>
      <bit_field_value name="INSTANCE_VBUSVALID_THRESH_4V0" value="0b000" description="4.0V"/>
      <bit_field_value name="INSTANCE_VBUSVALID_THRESH_4V1" value="0b001" description="4.1V"/>
      <bit_field_value name="INSTANCE_VBUSVALID_THRESH_4V2" value="0b010" description="4.2V"/>
      <bit_field_value name="INSTANCE_VBUSVALID_THRESH_4V3" value="0b011" description="4.3V"/>
      <bit_field_value name="INSTANCE_VBUSVALID_THRESH_4V4" value="0b100" description="4.4V (default)"/>
      <bit_field_value name="INSTANCE_VBUSVALID_THRESH_4V5" value="0b101" description="4.5V"/>
      <bit_field_value name="INSTANCE_VBUSVALID_THRESH_4V6" value="0b110" description="4.6V"/>
      <bit_field_value name="INSTANCE_VBUSVALID_THRESH_4V7" value="0b111" description="4.7V"/>
    </bit_field>
    <reserved_bit_field offset="3" width="17" reset_value="0"/>
    <bit_field offset="20" width="1" name="VBUSVALID_PWRUP_CMPS" access="RW" reset_value="0x1" description="Powers up comparators for vbus_valid detector.">
      <alias type="CMSIS" value="USB_ANALOG_VBUS_DETECT_CLR_VBUSVALID_PWRUP_CMPS(x)"/>
    </bit_field>
    <reserved_bit_field offset="21" width="5" reset_value="0"/>
    <bit_field offset="26" width="1" name="DISCHARGE_VBUS" access="RW" reset_value="0" description="USB OTG discharge VBUS.">
      <alias type="CMSIS" value="USB_ANALOG_VBUS_DETECT_CLR_DISCHARGE_VBUS(x)"/>
    </bit_field>
    <bit_field offset="27" width="1" name="CHARGE_VBUS" access="RW" reset_value="0" description="USB OTG charge VBUS.">
      <alias type="CMSIS" value="USB_ANALOG_VBUS_DETECT_CLR_CHARGE_VBUS(x)"/>
    </bit_field>
    <reserved_bit_field offset="28" width="4" reset_value="0"/>
  </register>
  <register offset="0x1AC" width="32" name="USB1_VBUS_DETECT_TOG" description="USB VBUS Detect Register">
    <alias type="CMSIS" value="INSTANCE[0].VBUS_DETECT_TOG"/>
    <bit_field offset="0" width="3" name="VBUSVALID_THRESH" access="RW" reset_value="0x4" description="Set the threshold for the VBUSVALID comparator. This comparator is the most accurate method to determine the presence of 5v, and includes hystersis to minimize the need for software debounce of the detection. This comparator has ~50mV of hystersis to prevent chattering at the comparator trip point.">
      <alias type="CMSIS" value="USB_ANALOG_VBUS_DETECT_TOG_VBUSVALID_THRESH(x)"/>
      <bit_field_value name="INSTANCE_VBUSVALID_THRESH_4V0" value="0b000" description="4.0V"/>
      <bit_field_value name="INSTANCE_VBUSVALID_THRESH_4V1" value="0b001" description="4.1V"/>
      <bit_field_value name="INSTANCE_VBUSVALID_THRESH_4V2" value="0b010" description="4.2V"/>
      <bit_field_value name="INSTANCE_VBUSVALID_THRESH_4V3" value="0b011" description="4.3V"/>
      <bit_field_value name="INSTANCE_VBUSVALID_THRESH_4V4" value="0b100" description="4.4V (default)"/>
      <bit_field_value name="INSTANCE_VBUSVALID_THRESH_4V5" value="0b101" description="4.5V"/>
      <bit_field_value name="INSTANCE_VBUSVALID_THRESH_4V6" value="0b110" description="4.6V"/>
      <bit_field_value name="INSTANCE_VBUSVALID_THRESH_4V7" value="0b111" description="4.7V"/>
    </bit_field>
    <reserved_bit_field offset="3" width="17" reset_value="0"/>
    <bit_field offset="20" width="1" name="VBUSVALID_PWRUP_CMPS" access="RW" reset_value="0x1" description="Powers up comparators for vbus_valid detector.">
      <alias type="CMSIS" value="USB_ANALOG_VBUS_DETECT_TOG_VBUSVALID_PWRUP_CMPS(x)"/>
    </bit_field>
    <reserved_bit_field offset="21" width="5" reset_value="0"/>
    <bit_field offset="26" width="1" name="DISCHARGE_VBUS" access="RW" reset_value="0" description="USB OTG discharge VBUS.">
      <alias type="CMSIS" value="USB_ANALOG_VBUS_DETECT_TOG_DISCHARGE_VBUS(x)"/>
    </bit_field>
    <bit_field offset="27" width="1" name="CHARGE_VBUS" access="RW" reset_value="0" description="USB OTG charge VBUS.">
      <alias type="CMSIS" value="USB_ANALOG_VBUS_DETECT_TOG_CHARGE_VBUS(x)"/>
    </bit_field>
    <reserved_bit_field offset="28" width="4" reset_value="0"/>
  </register>
  <register offset="0x1B0" width="32" name="USB1_CHRG_DETECT" description="USB Charger Detect Register">
    <alias type="CMSIS" value="INSTANCE[0].CHRG_DETECT"/>
    <reserved_bit_field offset="0" width="18" reset_value="0"/>
    <bit_field offset="18" width="1" name="CHK_CONTACT" access="RW" reset_value="0" description="Check the contact of USB plug">
      <alias type="CMSIS" value="USB_ANALOG_CHRG_DETECT_CHK_CONTACT(x)"/>
      <bit_field_value name="INSTANCE_CHK_CONTACT_NO_CHECK" value="0b0" description="Do not check the contact of USB plug."/>
      <bit_field_value name="INSTANCE_CHK_CONTACT_CHECK" value="0b1" description="Check whether the USB plug has been in contact with each other"/>
    </bit_field>
    <bit_field offset="19" width="1" name="CHK_CHRG_B" access="RW" reset_value="0" description="Check the charger connection">
      <alias type="CMSIS" value="USB_ANALOG_CHRG_DETECT_CHK_CHRG_B(x)"/>
      <bit_field_value name="INSTANCE_CHK_CHRG_B_CHECK" value="0b0" description="Check whether a charger (either a dedicated charger or a host charger) is connected to USB port."/>
      <bit_field_value name="INSTANCE_CHK_CHRG_B_NO_CHECK" value="0b1" description="Do not check whether a charger is connected to the USB port."/>
    </bit_field>
    <bit_field offset="20" width="1" name="EN_B" access="RW" reset_value="0" description="Control the charger detector.">
      <alias type="CMSIS" value="USB_ANALOG_CHRG_DETECT_EN_B(x)"/>
      <bit_field_value name="INSTANCE_EN_B_ENABLE" value="0b0" description="Enable the charger detector."/>
      <bit_field_value name="INSTANCE_EN_B_DISABLE" value="0b1" description="Disable the charger detector."/>
    </bit_field>
    <reserved_bit_field offset="21" width="2" reset_value="0"/>
    <reserved_bit_field offset="23" width="1" reset_value="0"/>
    <reserved_bit_field offset="24" width="8" reset_value="0"/>
  </register>
  <register offset="0x1B4" width="32" name="USB1_CHRG_DETECT_SET" description="USB Charger Detect Register">
    <alias type="CMSIS" value="INSTANCE[0].CHRG_DETECT_SET"/>
    <reserved_bit_field offset="0" width="18" reset_value="0"/>
    <bit_field offset="18" width="1" name="CHK_CONTACT" access="RW" reset_value="0" description="Check the contact of USB plug">
      <alias type="CMSIS" value="USB_ANALOG_CHRG_DETECT_SET_CHK_CONTACT(x)"/>
      <bit_field_value name="INSTANCE_CHK_CONTACT_NO_CHECK" value="0b0" description="Do not check the contact of USB plug."/>
      <bit_field_value name="INSTANCE_CHK_CONTACT_CHECK" value="0b1" description="Check whether the USB plug has been in contact with each other"/>
    </bit_field>
    <bit_field offset="19" width="1" name="CHK_CHRG_B" access="RW" reset_value="0" description="Check the charger connection">
      <alias type="CMSIS" value="USB_ANALOG_CHRG_DETECT_SET_CHK_CHRG_B(x)"/>
      <bit_field_value name="INSTANCE_CHK_CHRG_B_CHECK" value="0b0" description="Check whether a charger (either a dedicated charger or a host charger) is connected to USB port."/>
      <bit_field_value name="INSTANCE_CHK_CHRG_B_NO_CHECK" value="0b1" description="Do not check whether a charger is connected to the USB port."/>
    </bit_field>
    <bit_field offset="20" width="1" name="EN_B" access="RW" reset_value="0" description="Control the charger detector.">
      <alias type="CMSIS" value="USB_ANALOG_CHRG_DETECT_SET_EN_B(x)"/>
      <bit_field_value name="INSTANCE_EN_B_ENABLE" value="0b0" description="Enable the charger detector."/>
      <bit_field_value name="INSTANCE_EN_B_DISABLE" value="0b1" description="Disable the charger detector."/>
    </bit_field>
    <reserved_bit_field offset="21" width="2" reset_value="0"/>
    <reserved_bit_field offset="23" width="1" reset_value="0"/>
    <reserved_bit_field offset="24" width="8" reset_value="0"/>
  </register>
  <register offset="0x1B8" width="32" name="USB1_CHRG_DETECT_CLR" description="USB Charger Detect Register">
    <alias type="CMSIS" value="INSTANCE[0].CHRG_DETECT_CLR"/>
    <reserved_bit_field offset="0" width="18" reset_value="0"/>
    <bit_field offset="18" width="1" name="CHK_CONTACT" access="RW" reset_value="0" description="Check the contact of USB plug">
      <alias type="CMSIS" value="USB_ANALOG_CHRG_DETECT_CLR_CHK_CONTACT(x)"/>
      <bit_field_value name="INSTANCE_CHK_CONTACT_NO_CHECK" value="0b0" description="Do not check the contact of USB plug."/>
      <bit_field_value name="INSTANCE_CHK_CONTACT_CHECK" value="0b1" description="Check whether the USB plug has been in contact with each other"/>
    </bit_field>
    <bit_field offset="19" width="1" name="CHK_CHRG_B" access="RW" reset_value="0" description="Check the charger connection">
      <alias type="CMSIS" value="USB_ANALOG_CHRG_DETECT_CLR_CHK_CHRG_B(x)"/>
      <bit_field_value name="INSTANCE_CHK_CHRG_B_CHECK" value="0b0" description="Check whether a charger (either a dedicated charger or a host charger) is connected to USB port."/>
      <bit_field_value name="INSTANCE_CHK_CHRG_B_NO_CHECK" value="0b1" description="Do not check whether a charger is connected to the USB port."/>
    </bit_field>
    <bit_field offset="20" width="1" name="EN_B" access="RW" reset_value="0" description="Control the charger detector.">
      <alias type="CMSIS" value="USB_ANALOG_CHRG_DETECT_CLR_EN_B(x)"/>
      <bit_field_value name="INSTANCE_EN_B_ENABLE" value="0b0" description="Enable the charger detector."/>
      <bit_field_value name="INSTANCE_EN_B_DISABLE" value="0b1" description="Disable the charger detector."/>
    </bit_field>
    <reserved_bit_field offset="21" width="2" reset_value="0"/>
    <reserved_bit_field offset="23" width="1" reset_value="0"/>
    <reserved_bit_field offset="24" width="8" reset_value="0"/>
  </register>
  <register offset="0x1BC" width="32" name="USB1_CHRG_DETECT_TOG" description="USB Charger Detect Register">
    <alias type="CMSIS" value="INSTANCE[0].CHRG_DETECT_TOG"/>
    <reserved_bit_field offset="0" width="18" reset_value="0"/>
    <bit_field offset="18" width="1" name="CHK_CONTACT" access="RW" reset_value="0" description="Check the contact of USB plug">
      <alias type="CMSIS" value="USB_ANALOG_CHRG_DETECT_TOG_CHK_CONTACT(x)"/>
      <bit_field_value name="INSTANCE_CHK_CONTACT_NO_CHECK" value="0b0" description="Do not check the contact of USB plug."/>
      <bit_field_value name="INSTANCE_CHK_CONTACT_CHECK" value="0b1" description="Check whether the USB plug has been in contact with each other"/>
    </bit_field>
    <bit_field offset="19" width="1" name="CHK_CHRG_B" access="RW" reset_value="0" description="Check the charger connection">
      <alias type="CMSIS" value="USB_ANALOG_CHRG_DETECT_TOG_CHK_CHRG_B(x)"/>
      <bit_field_value name="INSTANCE_CHK_CHRG_B_CHECK" value="0b0" description="Check whether a charger (either a dedicated charger or a host charger) is connected to USB port."/>
      <bit_field_value name="INSTANCE_CHK_CHRG_B_NO_CHECK" value="0b1" description="Do not check whether a charger is connected to the USB port."/>
    </bit_field>
    <bit_field offset="20" width="1" name="EN_B" access="RW" reset_value="0" description="Control the charger detector.">
      <alias type="CMSIS" value="USB_ANALOG_CHRG_DETECT_TOG_EN_B(x)"/>
      <bit_field_value name="INSTANCE_EN_B_ENABLE" value="0b0" description="Enable the charger detector."/>
      <bit_field_value name="INSTANCE_EN_B_DISABLE" value="0b1" description="Disable the charger detector."/>
    </bit_field>
    <reserved_bit_field offset="21" width="2" reset_value="0"/>
    <reserved_bit_field offset="23" width="1" reset_value="0"/>
    <reserved_bit_field offset="24" width="8" reset_value="0"/>
  </register>
  <register offset="0x1C0" width="32" name="USB1_VBUS_DETECT_STAT" description="USB VBUS Detect Status Register">
    <alias type="CMSIS" value="INSTANCE[0].VBUS_DETECT_STAT"/>
    <bit_field offset="0" width="1" name="SESSEND" access="RO" reset_value="0" description="Session End for USB OTG. This bit is a read only version of the state of the analog signal. It can not be overwritten by software like the SESSEND bit below. NOTE: This bit's default value depends on whether VDD5V is present, 0 if VDD5V is present, 1 if VDD5V is not present.">
      <alias type="CMSIS" value="USB_ANALOG_VBUS_DETECT_STAT_SESSEND(x)"/>
    </bit_field>
    <bit_field offset="1" width="1" name="BVALID" access="RO" reset_value="0" description="Indicates VBus is valid for a B-peripheral. This bit is a read only version of the state of the analog signal. It can not be overritten by software.">
      <alias type="CMSIS" value="USB_ANALOG_VBUS_DETECT_STAT_BVALID(x)"/>
    </bit_field>
    <bit_field offset="2" width="1" name="AVALID" access="RO" reset_value="0" description="Indicates VBus is valid for a A-peripheral. This bit is a read only version of the state of the analog signal. It can not be overritten by software.">
      <alias type="CMSIS" value="USB_ANALOG_VBUS_DETECT_STAT_AVALID(x)"/>
    </bit_field>
    <bit_field offset="3" width="1" name="VBUS_VALID" access="RO" reset_value="0" description="VBus valid for USB OTG. This bit is a read only version of the state of the analog signal. It can not be overwritten by software.">
      <alias type="CMSIS" value="USB_ANALOG_VBUS_DETECT_STAT_VBUS_VALID(x)"/>
    </bit_field>
    <reserved_bit_field offset="4" width="28" reset_value="0"/>
  </register>
  <register offset="0x1D0" width="32" name="USB1_CHRG_DETECT_STAT" description="USB Charger Detect Status Register">
    <alias type="CMSIS" value="INSTANCE[0].CHRG_DETECT_STAT"/>
    <bit_field offset="0" width="1" name="PLUG_CONTACT" access="RO" reset_value="0" description="State of the USB plug contact detector.">
      <alias type="CMSIS" value="USB_ANALOG_CHRG_DETECT_STAT_PLUG_CONTACT(x)"/>
      <bit_field_value name="INSTANCE_PLUG_CONTACT_NO_CONTACT" value="0b0" description="The USB plug has not made contact."/>
      <bit_field_value name="INSTANCE_PLUG_CONTACT_GOOD_CONTACT" value="0b1" description="The USB plug has made good contact."/>
    </bit_field>
    <bit_field offset="1" width="1" name="CHRG_DETECTED" access="RO" reset_value="0" description="State of charger detection. This bit is a read only version of the state of the analog signal.">
      <alias type="CMSIS" value="USB_ANALOG_CHRG_DETECT_STAT_CHRG_DETECTED(x)"/>
      <bit_field_value name="INSTANCE_CHRG_DETECTED_CHARGER_NOT_PRESENT" value="0b0" description="The USB port is not connected to a charger."/>
      <bit_field_value name="INSTANCE_CHRG_DETECTED_CHARGER_PRESENT" value="0b1" description="A charger (either a dedicated charger or a host charger) is connected to the USB port."/>
    </bit_field>
    <bit_field offset="2" width="1" name="DM_STATE" access="RO" reset_value="0" description="DM line state output of the charger detector.">
      <alias type="CMSIS" value="USB_ANALOG_CHRG_DETECT_STAT_DM_STATE(x)"/>
    </bit_field>
    <bit_field offset="3" width="1" name="DP_STATE" access="RO" reset_value="0" description="DP line state output of the charger detector.">
      <alias type="CMSIS" value="USB_ANALOG_CHRG_DETECT_STAT_DP_STATE(x)"/>
    </bit_field>
    <reserved_bit_field offset="4" width="28" reset_value="0"/>
  </register>
  <register offset="0x1E0" width="32" name="USB1_LOOPBACK" description="USB Loopback Test Register">
    <alias type="CMSIS" value="INSTANCE[0].LOOPBACK"/>
    <bit_field offset="0" width="1" name="UTMI_TESTSTART" access="RW" reset_value="0" description="Setting this bit can enable 1.5 kohm pull-up resister on DP. This bit can only be used as DCD detection, while it must be cleared in normal function.">
      <alias type="CMSIS" value="USB_ANALOG_LOOPBACK_UTMI_TESTSTART(x)"/>
    </bit_field>
    <reserved_bit_field offset="1" width="31" reset_value="0"/>
  </register>
  <register offset="0x1E4" width="32" name="USB1_LOOPBACK_SET" description="USB Loopback Test Register">
    <alias type="CMSIS" value="INSTANCE[0].LOOPBACK_SET"/>
    <bit_field offset="0" width="1" name="UTMI_TESTSTART" access="RW" reset_value="0" description="Setting this bit can enable 1.5 kohm pull-up resister on DP. This bit can only be used as DCD detection, while it must be cleared in normal function.">
      <alias type="CMSIS" value="USB_ANALOG_LOOPBACK_SET_UTMI_TESTSTART(x)"/>
    </bit_field>
    <reserved_bit_field offset="1" width="31" reset_value="0"/>
  </register>
  <register offset="0x1E8" width="32" name="USB1_LOOPBACK_CLR" description="USB Loopback Test Register">
    <alias type="CMSIS" value="INSTANCE[0].LOOPBACK_CLR"/>
    <bit_field offset="0" width="1" name="UTMI_TESTSTART" access="RW" reset_value="0" description="Setting this bit can enable 1.5 kohm pull-up resister on DP. This bit can only be used as DCD detection, while it must be cleared in normal function.">
      <alias type="CMSIS" value="USB_ANALOG_LOOPBACK_CLR_UTMI_TESTSTART(x)"/>
    </bit_field>
    <reserved_bit_field offset="1" width="31" reset_value="0"/>
  </register>
  <register offset="0x1EC" width="32" name="USB1_LOOPBACK_TOG" description="USB Loopback Test Register">
    <alias type="CMSIS" value="INSTANCE[0].LOOPBACK_TOG"/>
    <bit_field offset="0" width="1" name="UTMI_TESTSTART" access="RW" reset_value="0" description="Setting this bit can enable 1.5 kohm pull-up resister on DP. This bit can only be used as DCD detection, while it must be cleared in normal function.">
      <alias type="CMSIS" value="USB_ANALOG_LOOPBACK_TOG_UTMI_TESTSTART(x)"/>
    </bit_field>
    <reserved_bit_field offset="1" width="31" reset_value="0"/>
  </register>
  <register offset="0x1F0" width="32" name="USB1_MISC" description="USB Misc Register">
    <alias type="CMSIS" value="INSTANCE[0].MISC"/>
    <bit_field offset="0" width="1" name="HS_USE_EXTERNAL_R" access="RW" reset_value="0" description="Use external resistor to generate the current bias for the high speed transmitter. This bit should not be changed unless recommended by NXP.">
      <alias type="CMSIS" value="USB_ANALOG_MISC_HS_USE_EXTERNAL_R(x)"/>
    </bit_field>
    <bit_field offset="1" width="1" name="EN_DEGLITCH" access="RW" reset_value="0x1" description="Enable the deglitching circuit of the USB PLL output.">
      <alias type="CMSIS" value="USB_ANALOG_MISC_EN_DEGLITCH(x)"/>
    </bit_field>
    <reserved_bit_field offset="2" width="28" reset_value="0"/>
    <bit_field offset="30" width="1" name="EN_CLK_UTMI" access="RW" reset_value="0" description="Enables the clk to the UTMI block.">
      <alias type="CMSIS" value="USB_ANALOG_MISC_EN_CLK_UTMI(x)"/>
    </bit_field>
    <reserved_bit_field offset="31" width="1" reset_value="0"/>
  </register>
  <register offset="0x1F4" width="32" name="USB1_MISC_SET" description="USB Misc Register">
    <alias type="CMSIS" value="INSTANCE[0].MISC_SET"/>
    <bit_field offset="0" width="1" name="HS_USE_EXTERNAL_R" access="RW" reset_value="0" description="Use external resistor to generate the current bias for the high speed transmitter. This bit should not be changed unless recommended by NXP.">
      <alias type="CMSIS" value="USB_ANALOG_MISC_SET_HS_USE_EXTERNAL_R(x)"/>
    </bit_field>
    <bit_field offset="1" width="1" name="EN_DEGLITCH" access="RW" reset_value="0x1" description="Enable the deglitching circuit of the USB PLL output.">
      <alias type="CMSIS" value="USB_ANALOG_MISC_SET_EN_DEGLITCH(x)"/>
    </bit_field>
    <reserved_bit_field offset="2" width="28" reset_value="0"/>
    <bit_field offset="30" width="1" name="EN_CLK_UTMI" access="RW" reset_value="0" description="Enables the clk to the UTMI block.">
      <alias type="CMSIS" value="USB_ANALOG_MISC_SET_EN_CLK_UTMI(x)"/>
    </bit_field>
    <reserved_bit_field offset="31" width="1" reset_value="0"/>
  </register>
  <register offset="0x1F8" width="32" name="USB1_MISC_CLR" description="USB Misc Register">
    <alias type="CMSIS" value="INSTANCE[0].MISC_CLR"/>
    <bit_field offset="0" width="1" name="HS_USE_EXTERNAL_R" access="RW" reset_value="0" description="Use external resistor to generate the current bias for the high speed transmitter. This bit should not be changed unless recommended by NXP.">
      <alias type="CMSIS" value="USB_ANALOG_MISC_CLR_HS_USE_EXTERNAL_R(x)"/>
    </bit_field>
    <bit_field offset="1" width="1" name="EN_DEGLITCH" access="RW" reset_value="0x1" description="Enable the deglitching circuit of the USB PLL output.">
      <alias type="CMSIS" value="USB_ANALOG_MISC_CLR_EN_DEGLITCH(x)"/>
    </bit_field>
    <reserved_bit_field offset="2" width="28" reset_value="0"/>
    <bit_field offset="30" width="1" name="EN_CLK_UTMI" access="RW" reset_value="0" description="Enables the clk to the UTMI block.">
      <alias type="CMSIS" value="USB_ANALOG_MISC_CLR_EN_CLK_UTMI(x)"/>
    </bit_field>
    <reserved_bit_field offset="31" width="1" reset_value="0"/>
  </register>
  <register offset="0x1FC" width="32" name="USB1_MISC_TOG" description="USB Misc Register">
    <alias type="CMSIS" value="INSTANCE[0].MISC_TOG"/>
    <bit_field offset="0" width="1" name="HS_USE_EXTERNAL_R" access="RW" reset_value="0" description="Use external resistor to generate the current bias for the high speed transmitter. This bit should not be changed unless recommended by NXP.">
      <alias type="CMSIS" value="USB_ANALOG_MISC_TOG_HS_USE_EXTERNAL_R(x)"/>
    </bit_field>
    <bit_field offset="1" width="1" name="EN_DEGLITCH" access="RW" reset_value="0x1" description="Enable the deglitching circuit of the USB PLL output.">
      <alias type="CMSIS" value="USB_ANALOG_MISC_TOG_EN_DEGLITCH(x)"/>
    </bit_field>
    <reserved_bit_field offset="2" width="28" reset_value="0"/>
    <bit_field offset="30" width="1" name="EN_CLK_UTMI" access="RW" reset_value="0" description="Enables the clk to the UTMI block.">
      <alias type="CMSIS" value="USB_ANALOG_MISC_TOG_EN_CLK_UTMI(x)"/>
    </bit_field>
    <reserved_bit_field offset="31" width="1" reset_value="0"/>
  </register>
  <register offset="0x260" width="32" name="DIGPROG" description="Chip Silicon Version">
    <alias type="CMSIS" value="DIGPROG"/>
    <bit_field offset="0" width="32" name="SILICON_REVISION" access="RO" reset_value="0x6B0000" description="Chip silicon revision">
      <alias type="CMSIS" value="USB_ANALOG_DIGPROG_SILICON_REVISION(x)"/>
      <bit_field_value name="DIGPROG_SILICON_REVISION_0b00000000011010110000000000000000" value="0b00000000011010110000000000000000" description="Silicon revision 1.0"/>
    </bit_field>
  </register>
</regs:peripheral>