<?xml version="1.0"?>
<regs:peripheral xmlns:regs="http://swtools.freescale.net/XSD/registers/4.0/regsPeripheral.xsd" xmlns:xsi="http://www.w3.org/2001/XMLSchema-instance" xsi:schemaLocation="http://swtools.freescale.net/XSD/registers/4.0/regsPeripheral.xsd http://swtools.freescale.net/XSD/registers/4.0/regsPeripheral.xsd">
  <register offset="0x800" width="32" name="USB_OTG1_CTRL" description="USB OTG1 Control Register">
    <alias type="CMSIS" value="USB_OTGn_CTRL"/>
    <reserved_bit_field offset="0" width="7" reset_value="0"/>
    <bit_field offset="7" width="1" name="OVER_CUR_DIS" access="RW" reset_value="0" description="Disable OTG1 Overcurrent Detection">
      <alias type="CMSIS" value="USBNC_USB_OTGn_CTRL_OVER_CUR_DIS(x)"/>
      <bit_field_value name="USB_OTG1_CTRL_OVER_CUR_DIS_0b0" value="0b0" description="Enables overcurrent detection"/>
      <bit_field_value name="USB_OTG1_CTRL_OVER_CUR_DIS_0b1" value="0b1" description="Disables overcurrent detection"/>
    </bit_field>
    <bit_field offset="8" width="1" name="OVER_CUR_POL" access="RW" reset_value="0" description="OTG1 Polarity of Overcurrent The polarity of OTG1 port overcurrent event">
      <alias type="CMSIS" value="USBNC_USB_OTGn_CTRL_OVER_CUR_POL(x)"/>
      <bit_field_value name="USB_OTG1_CTRL_OVER_CUR_POL_0b0" value="0b0" description="High active (high on this signal represents an overcurrent condition)"/>
      <bit_field_value name="USB_OTG1_CTRL_OVER_CUR_POL_0b1" value="0b1" description="Low active (low on this signal represents an overcurrent condition)"/>
    </bit_field>
    <bit_field offset="9" width="1" name="PWR_POL" access="RW" reset_value="0" description="OTG1 Power Polarity This bit should be set according to PMIC Power Pin polarity.">
      <alias type="CMSIS" value="USBNC_USB_OTGn_CTRL_PWR_POL(x)"/>
      <bit_field_value name="USB_OTG1_CTRL_PWR_POL_0b0" value="0b0" description="PMIC Power Pin is Low active."/>
      <bit_field_value name="USB_OTG1_CTRL_PWR_POL_0b1" value="0b1" description="PMIC Power Pin is High active."/>
    </bit_field>
    <bit_field offset="10" width="1" name="WIE" access="RW" reset_value="0" description="OTG1 Wake-up Interrupt Enable This bit enables or disables the OTG1 wake-up interrupt. Disabling the interrupt also clears the Interrupt request bit. Wake-up interrupt enable should be turned off after receiving a wake-up interrupt and turned on again prior to going in suspend mode">
      <alias type="CMSIS" value="USBNC_USB_OTGn_CTRL_WIE(x)"/>
      <bit_field_value name="USB_OTG1_CTRL_WIE_0b0" value="0b0" description="Interrupt Disabled"/>
      <bit_field_value name="USB_OTG1_CTRL_WIE_0b1" value="0b1" description="Interrupt Enabled"/>
    </bit_field>
    <reserved_bit_field offset="11" width="3" reset_value="0x2"/>
    <bit_field offset="14" width="1" name="WKUP_SW_EN" access="RW" reset_value="0" description="OTG1 Software Wake-up Enable">
      <alias type="CMSIS" value="USBNC_USB_OTGn_CTRL_WKUP_SW_EN(x)"/>
      <bit_field_value name="USB_OTG1_CTRL_WKUP_SW_EN_0b0" value="0b0" description="Disable"/>
      <bit_field_value name="USB_OTG1_CTRL_WKUP_SW_EN_0b1" value="0b1" description="Enable"/>
    </bit_field>
    <bit_field offset="15" width="1" name="WKUP_SW" access="RW" reset_value="0" description="OTG1 Software Wake-up">
      <alias type="CMSIS" value="USBNC_USB_OTGn_CTRL_WKUP_SW(x)"/>
      <bit_field_value name="USB_OTG1_CTRL_WKUP_SW_0b0" value="0b0" description="Inactive"/>
      <bit_field_value name="USB_OTG1_CTRL_WKUP_SW_0b1" value="0b1" description="Force wake-up"/>
    </bit_field>
    <bit_field offset="16" width="1" name="WKUP_ID_EN" access="RW" reset_value="0" description="OTG1 Wake-up on ID change enable">
      <alias type="CMSIS" value="USBNC_USB_OTGn_CTRL_WKUP_ID_EN(x)"/>
      <bit_field_value name="USB_OTG1_CTRL_WKUP_ID_EN_0b0" value="0b0" description="Disable"/>
      <bit_field_value name="USB_OTG1_CTRL_WKUP_ID_EN_0b1" value="0b1" description="Enable"/>
    </bit_field>
    <bit_field offset="17" width="1" name="WKUP_VBUS_EN" access="RW" reset_value="0" description="OTG1 wake-up on VBUS change enable">
      <alias type="CMSIS" value="USBNC_USB_OTGn_CTRL_WKUP_VBUS_EN(x)"/>
      <bit_field_value name="USB_OTG1_CTRL_WKUP_VBUS_EN_0b0" value="0b0" description="Disable"/>
      <bit_field_value name="USB_OTG1_CTRL_WKUP_VBUS_EN_0b1" value="0b1" description="Enable"/>
    </bit_field>
    <reserved_bit_field offset="18" width="11" reset_value="0x400"/>
    <bit_field offset="29" width="1" name="WKUP_DPDM_EN" access="RW" reset_value="0x1" description="Wake-up on DPDM change enable">
      <alias type="CMSIS" value="USBNC_USB_OTGn_CTRL_WKUP_DPDM_EN(x)"/>
      <bit_field_value name="USB_OTG1_CTRL_WKUP_DPDM_EN_0b0" value="0b0" description="DPDM changes wake-up to be disabled only when VBUS is 0."/>
      <bit_field_value name="USB_OTG1_CTRL_WKUP_DPDM_EN_0b1" value="0b1" description="(Default) DPDM changes wake-up to be enabled, it is for device only."/>
    </bit_field>
    <reserved_bit_field offset="30" width="1" reset_value="0"/>
    <bit_field offset="31" width="1" name="WIR" access="RO" reset_value="0" description="OTG1 Wake-up Interrupt Request This bit indicates that a wake-up interrupt request is received on the OTG1 port. This bit is cleared by disabling the wake-up interrupt (clearing bit &quot;OWIE&quot;).">
      <alias type="CMSIS" value="USBNC_USB_OTGn_CTRL_WIR(x)"/>
      <bit_field_value name="USB_OTG1_CTRL_WIR_0b0" value="0b0" description="No wake-up interrupt request received"/>
      <bit_field_value name="USB_OTG1_CTRL_WIR_0b1" value="0b1" description="Wake-up Interrupt Request received"/>
    </bit_field>
  </register>
  <register offset="0x818" width="32" name="USB_OTG1_PHY_CTRL_0" description="OTG1 UTMI PHY Control 0 Register">
    <alias type="CMSIS" value="USB_OTGn_PHY_CTRL_0"/>
    <reserved_bit_field offset="0" width="3" reset_value="0"/>
    <reserved_bit_field offset="3" width="28" reset_value="0"/>
    <bit_field offset="31" width="1" name="UTMI_CLK_VLD" access="RW" reset_value="0" description="Indicating whether OTG1 UTMI PHY clock is valid">
      <alias type="CMSIS" value="USBNC_USB_OTGn_PHY_CTRL_0_UTMI_CLK_VLD(x)"/>
      <bit_field_value name="USB_OTG1_PHY_CTRL_0_UTMI_CLK_VLD_0b0" value="0b0" description="Invalid"/>
      <bit_field_value name="USB_OTG1_PHY_CTRL_0_UTMI_CLK_VLD_0b1" value="0b1" description="Valid"/>
    </bit_field>
  </register>
</regs:peripheral>