<?xml version="1.0"?>
<regs:peripheral xmlns:regs="http://swtools.freescale.net/XSD/registers/4.0/regsPeripheral.xsd" xmlns:xsi="http://www.w3.org/2001/XMLSchema-instance" xsi:schemaLocation="http://swtools.freescale.net/XSD/registers/4.0/regsPeripheral.xsd http://swtools.freescale.net/XSD/registers/4.0/regsPeripheral.xsd">
  <register offset="0" width="32" name="PWD" description="USB PHY Power-Down Register">
    <alias type="CMSIS" value="PWD"/>
    <bit_field offset="0" width="10" name="RSVD0" access="RO" reset_value="0" description="Reserved.">
      <alias type="CMSIS" value="USBPHY_PWD_RSVD0(x)"/>
    </bit_field>
    <bit_field offset="10" width="1" name="TXPWDFS" access="RW" reset_value="0x1" description="0 = Normal operation. 1 = Power-down the USB full-speed drivers. This turns off the current starvation sources and puts the drivers into high-impedance output. Note that this bit will be auto cleared if there is USB wakeup event while ENAUTOCLR_PHY_PWD bit of USBPHYx_CTRL is enabled.">
      <alias type="CMSIS" value="USBPHY_PWD_TXPWDFS(x)"/>
    </bit_field>
    <bit_field offset="11" width="1" name="TXPWDIBIAS" access="RW" reset_value="0x1" description="0 = Normal operation. 1 = Power-down the USB PHY current bias block for the transmitter. This bit should be set only when the USB is in suspend mode. This effectively powers down the entire USB transmit path. Note that this bit will be auto cleared if there is USB wakeup event while ENAUTOCLR_PHY_PWD bit of USBPHYx_CTRL is enabled. Note that these circuits are shared with the battery charge circuit. Setting this bit to 1 does not power-down these circuits, unless the corresponding bit in the battery charger is also set for power-down.">
      <alias type="CMSIS" value="USBPHY_PWD_TXPWDIBIAS(x)"/>
    </bit_field>
    <bit_field offset="12" width="1" name="TXPWDV2I" access="RW" reset_value="0x1" description="0 = Normal operation. 1 = Power-down the USB PHY transmit V-to-I converter and the current mirror. Note that this bit will be auto cleared if there is USB wakeup event while ENAUTOCLR_PHY_PWD bit of USBPHYx_CTRL is enabled. Note that these circuits are shared with the battery charge circuit. Setting this to 1 does not power-down these circuits, unless the corresponding bit in the battery charger is also set for power-down.">
      <alias type="CMSIS" value="USBPHY_PWD_TXPWDV2I(x)"/>
    </bit_field>
    <bit_field offset="13" width="4" name="RSVD1" access="RO" reset_value="0" description="Reserved.">
      <alias type="CMSIS" value="USBPHY_PWD_RSVD1(x)"/>
    </bit_field>
    <bit_field offset="17" width="1" name="RXPWDENV" access="RW" reset_value="0x1" description="0 = Normal operation. 1 = Power-down the USB high-speed receiver envelope detector (squelch signal). Note that this bit will be auto cleared if there is USB wakeup event while ENAUTOCLR_PHY_PWD bit of USBPHYx_CTRL is enabled.">
      <alias type="CMSIS" value="USBPHY_PWD_RXPWDENV(x)"/>
    </bit_field>
    <bit_field offset="18" width="1" name="RXPWD1PT1" access="RW" reset_value="0x1" description="0 = Normal operation. 1 = Power-down the USB full-speed differential receiver. Note that this bit will be auto cleared if there is USB wakeup event while ENAUTOCLR_PHY_PWD bit of USBPHYx_CTRL is enabled.">
      <alias type="CMSIS" value="USBPHY_PWD_RXPWD1PT1(x)"/>
    </bit_field>
    <bit_field offset="19" width="1" name="RXPWDDIFF" access="RW" reset_value="0x1" description="0 = Normal operation. 1 = Power-down the USB high-speed differential receiver. Note that this bit will be auto cleared if there is USB wakeup event while ENAUTOCLR_PHY_PWD bit of USBPHYx_CTRL is enabled.">
      <alias type="CMSIS" value="USBPHY_PWD_RXPWDDIFF(x)"/>
    </bit_field>
    <bit_field offset="20" width="1" name="RXPWDRX" access="RW" reset_value="0x1" description="0 = Normal operation. 1 = Power-down the entire USB PHY receiver block except for the full-speed differential receiver. Note that this bit will be auto cleared if there is USB wakeup event while ENAUTOCLR_PHY_PWD bit of USBPHYx_CTRL is enabled.">
      <alias type="CMSIS" value="USBPHY_PWD_RXPWDRX(x)"/>
    </bit_field>
    <bit_field offset="21" width="11" name="RSVD2" access="RO" reset_value="0" description="Reserved.">
      <alias type="CMSIS" value="USBPHY_PWD_RSVD2(x)"/>
    </bit_field>
  </register>
  <register offset="0x4" width="32" name="PWD_SET" description="USB PHY Power-Down Register">
    <alias type="CMSIS" value="PWD_SET"/>
    <bit_field offset="0" width="10" name="RSVD0" access="RO" reset_value="0" description="Reserved.">
      <alias type="CMSIS" value="USBPHY_PWD_SET_RSVD0(x)"/>
    </bit_field>
    <bit_field offset="10" width="1" name="TXPWDFS" access="RW" reset_value="0x1" description="0 = Normal operation. 1 = Power-down the USB full-speed drivers. This turns off the current starvation sources and puts the drivers into high-impedance output. Note that this bit will be auto cleared if there is USB wakeup event while ENAUTOCLR_PHY_PWD bit of USBPHYx_CTRL is enabled.">
      <alias type="CMSIS" value="USBPHY_PWD_SET_TXPWDFS(x)"/>
    </bit_field>
    <bit_field offset="11" width="1" name="TXPWDIBIAS" access="RW" reset_value="0x1" description="0 = Normal operation. 1 = Power-down the USB PHY current bias block for the transmitter. This bit should be set only when the USB is in suspend mode. This effectively powers down the entire USB transmit path. Note that this bit will be auto cleared if there is USB wakeup event while ENAUTOCLR_PHY_PWD bit of USBPHYx_CTRL is enabled. Note that these circuits are shared with the battery charge circuit. Setting this bit to 1 does not power-down these circuits, unless the corresponding bit in the battery charger is also set for power-down.">
      <alias type="CMSIS" value="USBPHY_PWD_SET_TXPWDIBIAS(x)"/>
    </bit_field>
    <bit_field offset="12" width="1" name="TXPWDV2I" access="RW" reset_value="0x1" description="0 = Normal operation. 1 = Power-down the USB PHY transmit V-to-I converter and the current mirror. Note that this bit will be auto cleared if there is USB wakeup event while ENAUTOCLR_PHY_PWD bit of USBPHYx_CTRL is enabled. Note that these circuits are shared with the battery charge circuit. Setting this to 1 does not power-down these circuits, unless the corresponding bit in the battery charger is also set for power-down.">
      <alias type="CMSIS" value="USBPHY_PWD_SET_TXPWDV2I(x)"/>
    </bit_field>
    <bit_field offset="13" width="4" name="RSVD1" access="RO" reset_value="0" description="Reserved.">
      <alias type="CMSIS" value="USBPHY_PWD_SET_RSVD1(x)"/>
    </bit_field>
    <bit_field offset="17" width="1" name="RXPWDENV" access="RW" reset_value="0x1" description="0 = Normal operation. 1 = Power-down the USB high-speed receiver envelope detector (squelch signal). Note that this bit will be auto cleared if there is USB wakeup event while ENAUTOCLR_PHY_PWD bit of USBPHYx_CTRL is enabled.">
      <alias type="CMSIS" value="USBPHY_PWD_SET_RXPWDENV(x)"/>
    </bit_field>
    <bit_field offset="18" width="1" name="RXPWD1PT1" access="RW" reset_value="0x1" description="0 = Normal operation. 1 = Power-down the USB full-speed differential receiver. Note that this bit will be auto cleared if there is USB wakeup event while ENAUTOCLR_PHY_PWD bit of USBPHYx_CTRL is enabled.">
      <alias type="CMSIS" value="USBPHY_PWD_SET_RXPWD1PT1(x)"/>
    </bit_field>
    <bit_field offset="19" width="1" name="RXPWDDIFF" access="RW" reset_value="0x1" description="0 = Normal operation. 1 = Power-down the USB high-speed differential receiver. Note that this bit will be auto cleared if there is USB wakeup event while ENAUTOCLR_PHY_PWD bit of USBPHYx_CTRL is enabled.">
      <alias type="CMSIS" value="USBPHY_PWD_SET_RXPWDDIFF(x)"/>
    </bit_field>
    <bit_field offset="20" width="1" name="RXPWDRX" access="RW" reset_value="0x1" description="0 = Normal operation. 1 = Power-down the entire USB PHY receiver block except for the full-speed differential receiver. Note that this bit will be auto cleared if there is USB wakeup event while ENAUTOCLR_PHY_PWD bit of USBPHYx_CTRL is enabled.">
      <alias type="CMSIS" value="USBPHY_PWD_SET_RXPWDRX(x)"/>
    </bit_field>
    <bit_field offset="21" width="11" name="RSVD2" access="RO" reset_value="0" description="Reserved.">
      <alias type="CMSIS" value="USBPHY_PWD_SET_RSVD2(x)"/>
    </bit_field>
  </register>
  <register offset="0x8" width="32" name="PWD_CLR" description="USB PHY Power-Down Register">
    <alias type="CMSIS" value="PWD_CLR"/>
    <bit_field offset="0" width="10" name="RSVD0" access="RO" reset_value="0" description="Reserved.">
      <alias type="CMSIS" value="USBPHY_PWD_CLR_RSVD0(x)"/>
    </bit_field>
    <bit_field offset="10" width="1" name="TXPWDFS" access="RW" reset_value="0x1" description="0 = Normal operation. 1 = Power-down the USB full-speed drivers. This turns off the current starvation sources and puts the drivers into high-impedance output. Note that this bit will be auto cleared if there is USB wakeup event while ENAUTOCLR_PHY_PWD bit of USBPHYx_CTRL is enabled.">
      <alias type="CMSIS" value="USBPHY_PWD_CLR_TXPWDFS(x)"/>
    </bit_field>
    <bit_field offset="11" width="1" name="TXPWDIBIAS" access="RW" reset_value="0x1" description="0 = Normal operation. 1 = Power-down the USB PHY current bias block for the transmitter. This bit should be set only when the USB is in suspend mode. This effectively powers down the entire USB transmit path. Note that this bit will be auto cleared if there is USB wakeup event while ENAUTOCLR_PHY_PWD bit of USBPHYx_CTRL is enabled. Note that these circuits are shared with the battery charge circuit. Setting this bit to 1 does not power-down these circuits, unless the corresponding bit in the battery charger is also set for power-down.">
      <alias type="CMSIS" value="USBPHY_PWD_CLR_TXPWDIBIAS(x)"/>
    </bit_field>
    <bit_field offset="12" width="1" name="TXPWDV2I" access="RW" reset_value="0x1" description="0 = Normal operation. 1 = Power-down the USB PHY transmit V-to-I converter and the current mirror. Note that this bit will be auto cleared if there is USB wakeup event while ENAUTOCLR_PHY_PWD bit of USBPHYx_CTRL is enabled. Note that these circuits are shared with the battery charge circuit. Setting this to 1 does not power-down these circuits, unless the corresponding bit in the battery charger is also set for power-down.">
      <alias type="CMSIS" value="USBPHY_PWD_CLR_TXPWDV2I(x)"/>
    </bit_field>
    <bit_field offset="13" width="4" name="RSVD1" access="RO" reset_value="0" description="Reserved.">
      <alias type="CMSIS" value="USBPHY_PWD_CLR_RSVD1(x)"/>
    </bit_field>
    <bit_field offset="17" width="1" name="RXPWDENV" access="RW" reset_value="0x1" description="0 = Normal operation. 1 = Power-down the USB high-speed receiver envelope detector (squelch signal). Note that this bit will be auto cleared if there is USB wakeup event while ENAUTOCLR_PHY_PWD bit of USBPHYx_CTRL is enabled.">
      <alias type="CMSIS" value="USBPHY_PWD_CLR_RXPWDENV(x)"/>
    </bit_field>
    <bit_field offset="18" width="1" name="RXPWD1PT1" access="RW" reset_value="0x1" description="0 = Normal operation. 1 = Power-down the USB full-speed differential receiver. Note that this bit will be auto cleared if there is USB wakeup event while ENAUTOCLR_PHY_PWD bit of USBPHYx_CTRL is enabled.">
      <alias type="CMSIS" value="USBPHY_PWD_CLR_RXPWD1PT1(x)"/>
    </bit_field>
    <bit_field offset="19" width="1" name="RXPWDDIFF" access="RW" reset_value="0x1" description="0 = Normal operation. 1 = Power-down the USB high-speed differential receiver. Note that this bit will be auto cleared if there is USB wakeup event while ENAUTOCLR_PHY_PWD bit of USBPHYx_CTRL is enabled.">
      <alias type="CMSIS" value="USBPHY_PWD_CLR_RXPWDDIFF(x)"/>
    </bit_field>
    <bit_field offset="20" width="1" name="RXPWDRX" access="RW" reset_value="0x1" description="0 = Normal operation. 1 = Power-down the entire USB PHY receiver block except for the full-speed differential receiver. Note that this bit will be auto cleared if there is USB wakeup event while ENAUTOCLR_PHY_PWD bit of USBPHYx_CTRL is enabled.">
      <alias type="CMSIS" value="USBPHY_PWD_CLR_RXPWDRX(x)"/>
    </bit_field>
    <bit_field offset="21" width="11" name="RSVD2" access="RO" reset_value="0" description="Reserved.">
      <alias type="CMSIS" value="USBPHY_PWD_CLR_RSVD2(x)"/>
    </bit_field>
  </register>
  <register offset="0xC" width="32" name="PWD_TOG" description="USB PHY Power-Down Register">
    <alias type="CMSIS" value="PWD_TOG"/>
    <bit_field offset="0" width="10" name="RSVD0" access="RO" reset_value="0" description="Reserved.">
      <alias type="CMSIS" value="USBPHY_PWD_TOG_RSVD0(x)"/>
    </bit_field>
    <bit_field offset="10" width="1" name="TXPWDFS" access="RW" reset_value="0x1" description="0 = Normal operation. 1 = Power-down the USB full-speed drivers. This turns off the current starvation sources and puts the drivers into high-impedance output. Note that this bit will be auto cleared if there is USB wakeup event while ENAUTOCLR_PHY_PWD bit of USBPHYx_CTRL is enabled.">
      <alias type="CMSIS" value="USBPHY_PWD_TOG_TXPWDFS(x)"/>
    </bit_field>
    <bit_field offset="11" width="1" name="TXPWDIBIAS" access="RW" reset_value="0x1" description="0 = Normal operation. 1 = Power-down the USB PHY current bias block for the transmitter. This bit should be set only when the USB is in suspend mode. This effectively powers down the entire USB transmit path. Note that this bit will be auto cleared if there is USB wakeup event while ENAUTOCLR_PHY_PWD bit of USBPHYx_CTRL is enabled. Note that these circuits are shared with the battery charge circuit. Setting this bit to 1 does not power-down these circuits, unless the corresponding bit in the battery charger is also set for power-down.">
      <alias type="CMSIS" value="USBPHY_PWD_TOG_TXPWDIBIAS(x)"/>
    </bit_field>
    <bit_field offset="12" width="1" name="TXPWDV2I" access="RW" reset_value="0x1" description="0 = Normal operation. 1 = Power-down the USB PHY transmit V-to-I converter and the current mirror. Note that this bit will be auto cleared if there is USB wakeup event while ENAUTOCLR_PHY_PWD bit of USBPHYx_CTRL is enabled. Note that these circuits are shared with the battery charge circuit. Setting this to 1 does not power-down these circuits, unless the corresponding bit in the battery charger is also set for power-down.">
      <alias type="CMSIS" value="USBPHY_PWD_TOG_TXPWDV2I(x)"/>
    </bit_field>
    <bit_field offset="13" width="4" name="RSVD1" access="RO" reset_value="0" description="Reserved.">
      <alias type="CMSIS" value="USBPHY_PWD_TOG_RSVD1(x)"/>
    </bit_field>
    <bit_field offset="17" width="1" name="RXPWDENV" access="RW" reset_value="0x1" description="0 = Normal operation. 1 = Power-down the USB high-speed receiver envelope detector (squelch signal). Note that this bit will be auto cleared if there is USB wakeup event while ENAUTOCLR_PHY_PWD bit of USBPHYx_CTRL is enabled.">
      <alias type="CMSIS" value="USBPHY_PWD_TOG_RXPWDENV(x)"/>
    </bit_field>
    <bit_field offset="18" width="1" name="RXPWD1PT1" access="RW" reset_value="0x1" description="0 = Normal operation. 1 = Power-down the USB full-speed differential receiver. Note that this bit will be auto cleared if there is USB wakeup event while ENAUTOCLR_PHY_PWD bit of USBPHYx_CTRL is enabled.">
      <alias type="CMSIS" value="USBPHY_PWD_TOG_RXPWD1PT1(x)"/>
    </bit_field>
    <bit_field offset="19" width="1" name="RXPWDDIFF" access="RW" reset_value="0x1" description="0 = Normal operation. 1 = Power-down the USB high-speed differential receiver. Note that this bit will be auto cleared if there is USB wakeup event while ENAUTOCLR_PHY_PWD bit of USBPHYx_CTRL is enabled.">
      <alias type="CMSIS" value="USBPHY_PWD_TOG_RXPWDDIFF(x)"/>
    </bit_field>
    <bit_field offset="20" width="1" name="RXPWDRX" access="RW" reset_value="0x1" description="0 = Normal operation. 1 = Power-down the entire USB PHY receiver block except for the full-speed differential receiver. Note that this bit will be auto cleared if there is USB wakeup event while ENAUTOCLR_PHY_PWD bit of USBPHYx_CTRL is enabled.">
      <alias type="CMSIS" value="USBPHY_PWD_TOG_RXPWDRX(x)"/>
    </bit_field>
    <bit_field offset="21" width="11" name="RSVD2" access="RO" reset_value="0" description="Reserved.">
      <alias type="CMSIS" value="USBPHY_PWD_TOG_RSVD2(x)"/>
    </bit_field>
  </register>
  <register offset="0x10" width="32" name="TX" description="USB PHY Transmitter Control Register">
    <alias type="CMSIS" value="TX"/>
    <bit_field offset="0" width="4" name="D_CAL" access="RW" reset_value="0x7" description="Resistor Trimming Code: 0000 = 0.16% 0111 = Nominal 1111 = +25%">
      <alias type="CMSIS" value="USBPHY_TX_D_CAL(x)"/>
    </bit_field>
    <bit_field offset="4" width="4" name="RSVD0" access="RW" reset_value="0" description="Reserved. Note: This bit should remain clear.">
      <alias type="CMSIS" value="USBPHY_TX_RSVD0(x)"/>
    </bit_field>
    <bit_field offset="8" width="4" name="TXCAL45DN" access="RW" reset_value="0x6" description="Decode to select a 45-Ohm resistance to the USB_DN output pin. Maximum resistance = 0000. Resistance is centered by design at 0110.">
      <alias type="CMSIS" value="USBPHY_TX_TXCAL45DN(x)"/>
    </bit_field>
    <bit_field offset="12" width="4" name="RSVD1" access="RW" reset_value="0" description="Reserved. Note: This bit should remain clear.">
      <alias type="CMSIS" value="USBPHY_TX_RSVD1(x)"/>
    </bit_field>
    <bit_field offset="16" width="4" name="TXCAL45DP" access="RW" reset_value="0x6" description="Decode to select a 45-Ohm resistance to the USB_DP output pin. Maximum resistance = 0000. Resistance is centered by design at 0110.">
      <alias type="CMSIS" value="USBPHY_TX_TXCAL45DP(x)"/>
    </bit_field>
    <bit_field offset="20" width="6" name="RSVD2" access="RO" reset_value="0" description="Reserved.">
      <alias type="CMSIS" value="USBPHY_TX_RSVD2(x)"/>
    </bit_field>
    <bit_field offset="26" width="3" name="USBPHY_TX_EDGECTRL" access="RW" reset_value="0x4" description="Controls the edge-rate of the current sensing transistors used in HS transmit. NOT FOR CUSTOMER USE.">
      <alias type="CMSIS" value="USBPHY_TX_USBPHY_TX_EDGECTRL(x)"/>
    </bit_field>
    <bit_field offset="29" width="3" name="RSVD5" access="RO" reset_value="0" description="Reserved.">
      <alias type="CMSIS" value="USBPHY_TX_RSVD5(x)"/>
    </bit_field>
  </register>
  <register offset="0x14" width="32" name="TX_SET" description="USB PHY Transmitter Control Register">
    <alias type="CMSIS" value="TX_SET"/>
    <bit_field offset="0" width="4" name="D_CAL" access="RW" reset_value="0x7" description="Resistor Trimming Code: 0000 = 0.16% 0111 = Nominal 1111 = +25%">
      <alias type="CMSIS" value="USBPHY_TX_SET_D_CAL(x)"/>
    </bit_field>
    <bit_field offset="4" width="4" name="RSVD0" access="RW" reset_value="0" description="Reserved. Note: This bit should remain clear.">
      <alias type="CMSIS" value="USBPHY_TX_SET_RSVD0(x)"/>
    </bit_field>
    <bit_field offset="8" width="4" name="TXCAL45DN" access="RW" reset_value="0x6" description="Decode to select a 45-Ohm resistance to the USB_DN output pin. Maximum resistance = 0000. Resistance is centered by design at 0110.">
      <alias type="CMSIS" value="USBPHY_TX_SET_TXCAL45DN(x)"/>
    </bit_field>
    <bit_field offset="12" width="4" name="RSVD1" access="RW" reset_value="0" description="Reserved. Note: This bit should remain clear.">
      <alias type="CMSIS" value="USBPHY_TX_SET_RSVD1(x)"/>
    </bit_field>
    <bit_field offset="16" width="4" name="TXCAL45DP" access="RW" reset_value="0x6" description="Decode to select a 45-Ohm resistance to the USB_DP output pin. Maximum resistance = 0000. Resistance is centered by design at 0110.">
      <alias type="CMSIS" value="USBPHY_TX_SET_TXCAL45DP(x)"/>
    </bit_field>
    <bit_field offset="20" width="6" name="RSVD2" access="RO" reset_value="0" description="Reserved.">
      <alias type="CMSIS" value="USBPHY_TX_SET_RSVD2(x)"/>
    </bit_field>
    <bit_field offset="26" width="3" name="USBPHY_TX_EDGECTRL" access="RW" reset_value="0x4" description="Controls the edge-rate of the current sensing transistors used in HS transmit. NOT FOR CUSTOMER USE.">
      <alias type="CMSIS" value="USBPHY_TX_SET_USBPHY_TX_EDGECTRL(x)"/>
    </bit_field>
    <bit_field offset="29" width="3" name="RSVD5" access="RO" reset_value="0" description="Reserved.">
      <alias type="CMSIS" value="USBPHY_TX_SET_RSVD5(x)"/>
    </bit_field>
  </register>
  <register offset="0x18" width="32" name="TX_CLR" description="USB PHY Transmitter Control Register">
    <alias type="CMSIS" value="TX_CLR"/>
    <bit_field offset="0" width="4" name="D_CAL" access="RW" reset_value="0x7" description="Resistor Trimming Code: 0000 = 0.16% 0111 = Nominal 1111 = +25%">
      <alias type="CMSIS" value="USBPHY_TX_CLR_D_CAL(x)"/>
    </bit_field>
    <bit_field offset="4" width="4" name="RSVD0" access="RW" reset_value="0" description="Reserved. Note: This bit should remain clear.">
      <alias type="CMSIS" value="USBPHY_TX_CLR_RSVD0(x)"/>
    </bit_field>
    <bit_field offset="8" width="4" name="TXCAL45DN" access="RW" reset_value="0x6" description="Decode to select a 45-Ohm resistance to the USB_DN output pin. Maximum resistance = 0000. Resistance is centered by design at 0110.">
      <alias type="CMSIS" value="USBPHY_TX_CLR_TXCAL45DN(x)"/>
    </bit_field>
    <bit_field offset="12" width="4" name="RSVD1" access="RW" reset_value="0" description="Reserved. Note: This bit should remain clear.">
      <alias type="CMSIS" value="USBPHY_TX_CLR_RSVD1(x)"/>
    </bit_field>
    <bit_field offset="16" width="4" name="TXCAL45DP" access="RW" reset_value="0x6" description="Decode to select a 45-Ohm resistance to the USB_DP output pin. Maximum resistance = 0000. Resistance is centered by design at 0110.">
      <alias type="CMSIS" value="USBPHY_TX_CLR_TXCAL45DP(x)"/>
    </bit_field>
    <bit_field offset="20" width="6" name="RSVD2" access="RO" reset_value="0" description="Reserved.">
      <alias type="CMSIS" value="USBPHY_TX_CLR_RSVD2(x)"/>
    </bit_field>
    <bit_field offset="26" width="3" name="USBPHY_TX_EDGECTRL" access="RW" reset_value="0x4" description="Controls the edge-rate of the current sensing transistors used in HS transmit. NOT FOR CUSTOMER USE.">
      <alias type="CMSIS" value="USBPHY_TX_CLR_USBPHY_TX_EDGECTRL(x)"/>
    </bit_field>
    <bit_field offset="29" width="3" name="RSVD5" access="RO" reset_value="0" description="Reserved.">
      <alias type="CMSIS" value="USBPHY_TX_CLR_RSVD5(x)"/>
    </bit_field>
  </register>
  <register offset="0x1C" width="32" name="TX_TOG" description="USB PHY Transmitter Control Register">
    <alias type="CMSIS" value="TX_TOG"/>
    <bit_field offset="0" width="4" name="D_CAL" access="RW" reset_value="0x7" description="Resistor Trimming Code: 0000 = 0.16% 0111 = Nominal 1111 = +25%">
      <alias type="CMSIS" value="USBPHY_TX_TOG_D_CAL(x)"/>
    </bit_field>
    <bit_field offset="4" width="4" name="RSVD0" access="RW" reset_value="0" description="Reserved. Note: This bit should remain clear.">
      <alias type="CMSIS" value="USBPHY_TX_TOG_RSVD0(x)"/>
    </bit_field>
    <bit_field offset="8" width="4" name="TXCAL45DN" access="RW" reset_value="0x6" description="Decode to select a 45-Ohm resistance to the USB_DN output pin. Maximum resistance = 0000. Resistance is centered by design at 0110.">
      <alias type="CMSIS" value="USBPHY_TX_TOG_TXCAL45DN(x)"/>
    </bit_field>
    <bit_field offset="12" width="4" name="RSVD1" access="RW" reset_value="0" description="Reserved. Note: This bit should remain clear.">
      <alias type="CMSIS" value="USBPHY_TX_TOG_RSVD1(x)"/>
    </bit_field>
    <bit_field offset="16" width="4" name="TXCAL45DP" access="RW" reset_value="0x6" description="Decode to select a 45-Ohm resistance to the USB_DP output pin. Maximum resistance = 0000. Resistance is centered by design at 0110.">
      <alias type="CMSIS" value="USBPHY_TX_TOG_TXCAL45DP(x)"/>
    </bit_field>
    <bit_field offset="20" width="6" name="RSVD2" access="RO" reset_value="0" description="Reserved.">
      <alias type="CMSIS" value="USBPHY_TX_TOG_RSVD2(x)"/>
    </bit_field>
    <bit_field offset="26" width="3" name="USBPHY_TX_EDGECTRL" access="RW" reset_value="0x4" description="Controls the edge-rate of the current sensing transistors used in HS transmit. NOT FOR CUSTOMER USE.">
      <alias type="CMSIS" value="USBPHY_TX_TOG_USBPHY_TX_EDGECTRL(x)"/>
    </bit_field>
    <bit_field offset="29" width="3" name="RSVD5" access="RO" reset_value="0" description="Reserved.">
      <alias type="CMSIS" value="USBPHY_TX_TOG_RSVD5(x)"/>
    </bit_field>
  </register>
  <register offset="0x20" width="32" name="RX" description="USB PHY Receiver Control Register">
    <alias type="CMSIS" value="RX"/>
    <bit_field offset="0" width="3" name="ENVADJ" access="RW" reset_value="0" description="The ENVADJ field adjusts the trip point for the envelope detector. 000 = Trip-Level Voltage is 0.12500 V 001 = Trip-Level Voltage is 0.10000 V 010 = Trip-Level Voltage is 0.13750 V 011 = Trip-Level Voltage is 0.15000 V 1XX = Reserved">
      <alias type="CMSIS" value="USBPHY_RX_ENVADJ(x)"/>
    </bit_field>
    <bit_field offset="3" width="1" name="RSVD0" access="RO" reset_value="0" description="Reserved.">
      <alias type="CMSIS" value="USBPHY_RX_RSVD0(x)"/>
    </bit_field>
    <bit_field offset="4" width="3" name="DISCONADJ" access="RW" reset_value="0" description="The DISCONADJ field adjusts the trip point for the disconnect detector: 000 = Trip-Level Voltage is 0.57500 V 001 = Trip-Level Voltage is 0.56875 V 010 = Trip-Level Voltage is 0.58125 V 011 = Trip-Level Voltage is 0.58750 V 1XX = Reserved">
      <alias type="CMSIS" value="USBPHY_RX_DISCONADJ(x)"/>
    </bit_field>
    <bit_field offset="7" width="15" name="RSVD1" access="RO" reset_value="0" description="Reserved.">
      <alias type="CMSIS" value="USBPHY_RX_RSVD1(x)"/>
    </bit_field>
    <bit_field offset="22" width="1" name="RXDBYPASS" access="RW" reset_value="0" description="0 = Normal operation. 1 = Use the output of the USB_DP single-ended receiver in place of the full-speed differential receiver. This test mode is intended for lab use only.">
      <alias type="CMSIS" value="USBPHY_RX_RXDBYPASS(x)"/>
    </bit_field>
    <bit_field offset="23" width="9" name="RSVD2" access="RO" reset_value="0" description="Reserved.">
      <alias type="CMSIS" value="USBPHY_RX_RSVD2(x)"/>
    </bit_field>
  </register>
  <register offset="0x24" width="32" name="RX_SET" description="USB PHY Receiver Control Register">
    <alias type="CMSIS" value="RX_SET"/>
    <bit_field offset="0" width="3" name="ENVADJ" access="RW" reset_value="0" description="The ENVADJ field adjusts the trip point for the envelope detector. 000 = Trip-Level Voltage is 0.12500 V 001 = Trip-Level Voltage is 0.10000 V 010 = Trip-Level Voltage is 0.13750 V 011 = Trip-Level Voltage is 0.15000 V 1XX = Reserved">
      <alias type="CMSIS" value="USBPHY_RX_SET_ENVADJ(x)"/>
    </bit_field>
    <bit_field offset="3" width="1" name="RSVD0" access="RO" reset_value="0" description="Reserved.">
      <alias type="CMSIS" value="USBPHY_RX_SET_RSVD0(x)"/>
    </bit_field>
    <bit_field offset="4" width="3" name="DISCONADJ" access="RW" reset_value="0" description="The DISCONADJ field adjusts the trip point for the disconnect detector: 000 = Trip-Level Voltage is 0.57500 V 001 = Trip-Level Voltage is 0.56875 V 010 = Trip-Level Voltage is 0.58125 V 011 = Trip-Level Voltage is 0.58750 V 1XX = Reserved">
      <alias type="CMSIS" value="USBPHY_RX_SET_DISCONADJ(x)"/>
    </bit_field>
    <bit_field offset="7" width="15" name="RSVD1" access="RO" reset_value="0" description="Reserved.">
      <alias type="CMSIS" value="USBPHY_RX_SET_RSVD1(x)"/>
    </bit_field>
    <bit_field offset="22" width="1" name="RXDBYPASS" access="RW" reset_value="0" description="0 = Normal operation. 1 = Use the output of the USB_DP single-ended receiver in place of the full-speed differential receiver. This test mode is intended for lab use only.">
      <alias type="CMSIS" value="USBPHY_RX_SET_RXDBYPASS(x)"/>
    </bit_field>
    <bit_field offset="23" width="9" name="RSVD2" access="RO" reset_value="0" description="Reserved.">
      <alias type="CMSIS" value="USBPHY_RX_SET_RSVD2(x)"/>
    </bit_field>
  </register>
  <register offset="0x28" width="32" name="RX_CLR" description="USB PHY Receiver Control Register">
    <alias type="CMSIS" value="RX_CLR"/>
    <bit_field offset="0" width="3" name="ENVADJ" access="RW" reset_value="0" description="The ENVADJ field adjusts the trip point for the envelope detector. 000 = Trip-Level Voltage is 0.12500 V 001 = Trip-Level Voltage is 0.10000 V 010 = Trip-Level Voltage is 0.13750 V 011 = Trip-Level Voltage is 0.15000 V 1XX = Reserved">
      <alias type="CMSIS" value="USBPHY_RX_CLR_ENVADJ(x)"/>
    </bit_field>
    <bit_field offset="3" width="1" name="RSVD0" access="RO" reset_value="0" description="Reserved.">
      <alias type="CMSIS" value="USBPHY_RX_CLR_RSVD0(x)"/>
    </bit_field>
    <bit_field offset="4" width="3" name="DISCONADJ" access="RW" reset_value="0" description="The DISCONADJ field adjusts the trip point for the disconnect detector: 000 = Trip-Level Voltage is 0.57500 V 001 = Trip-Level Voltage is 0.56875 V 010 = Trip-Level Voltage is 0.58125 V 011 = Trip-Level Voltage is 0.58750 V 1XX = Reserved">
      <alias type="CMSIS" value="USBPHY_RX_CLR_DISCONADJ(x)"/>
    </bit_field>
    <bit_field offset="7" width="15" name="RSVD1" access="RO" reset_value="0" description="Reserved.">
      <alias type="CMSIS" value="USBPHY_RX_CLR_RSVD1(x)"/>
    </bit_field>
    <bit_field offset="22" width="1" name="RXDBYPASS" access="RW" reset_value="0" description="0 = Normal operation. 1 = Use the output of the USB_DP single-ended receiver in place of the full-speed differential receiver. This test mode is intended for lab use only.">
      <alias type="CMSIS" value="USBPHY_RX_CLR_RXDBYPASS(x)"/>
    </bit_field>
    <bit_field offset="23" width="9" name="RSVD2" access="RO" reset_value="0" description="Reserved.">
      <alias type="CMSIS" value="USBPHY_RX_CLR_RSVD2(x)"/>
    </bit_field>
  </register>
  <register offset="0x2C" width="32" name="RX_TOG" description="USB PHY Receiver Control Register">
    <alias type="CMSIS" value="RX_TOG"/>
    <bit_field offset="0" width="3" name="ENVADJ" access="RW" reset_value="0" description="The ENVADJ field adjusts the trip point for the envelope detector. 000 = Trip-Level Voltage is 0.12500 V 001 = Trip-Level Voltage is 0.10000 V 010 = Trip-Level Voltage is 0.13750 V 011 = Trip-Level Voltage is 0.15000 V 1XX = Reserved">
      <alias type="CMSIS" value="USBPHY_RX_TOG_ENVADJ(x)"/>
    </bit_field>
    <bit_field offset="3" width="1" name="RSVD0" access="RO" reset_value="0" description="Reserved.">
      <alias type="CMSIS" value="USBPHY_RX_TOG_RSVD0(x)"/>
    </bit_field>
    <bit_field offset="4" width="3" name="DISCONADJ" access="RW" reset_value="0" description="The DISCONADJ field adjusts the trip point for the disconnect detector: 000 = Trip-Level Voltage is 0.57500 V 001 = Trip-Level Voltage is 0.56875 V 010 = Trip-Level Voltage is 0.58125 V 011 = Trip-Level Voltage is 0.58750 V 1XX = Reserved">
      <alias type="CMSIS" value="USBPHY_RX_TOG_DISCONADJ(x)"/>
    </bit_field>
    <bit_field offset="7" width="15" name="RSVD1" access="RO" reset_value="0" description="Reserved.">
      <alias type="CMSIS" value="USBPHY_RX_TOG_RSVD1(x)"/>
    </bit_field>
    <bit_field offset="22" width="1" name="RXDBYPASS" access="RW" reset_value="0" description="0 = Normal operation. 1 = Use the output of the USB_DP single-ended receiver in place of the full-speed differential receiver. This test mode is intended for lab use only.">
      <alias type="CMSIS" value="USBPHY_RX_TOG_RXDBYPASS(x)"/>
    </bit_field>
    <bit_field offset="23" width="9" name="RSVD2" access="RO" reset_value="0" description="Reserved.">
      <alias type="CMSIS" value="USBPHY_RX_TOG_RSVD2(x)"/>
    </bit_field>
  </register>
  <register offset="0x30" width="32" name="CTRL" description="USB PHY General Control Register">
    <alias type="CMSIS" value="CTRL"/>
    <bit_field offset="0" width="1" name="ENOTG_ID_CHG_IRQ" access="RW" reset_value="0" description="Enable OTG_ID_CHG_IRQ.">
      <alias type="CMSIS" value="USBPHY_CTRL_ENOTG_ID_CHG_IRQ(x)"/>
    </bit_field>
    <bit_field offset="1" width="1" name="ENHOSTDISCONDETECT" access="RW" reset_value="0" description="For host mode, enables high-speed disconnect detector. This signal allows the override of enabling the detection that is normally done in the UTMI controller. The UTMI controller enables this circuit whenever the host sends a start-of-frame packet. SW shall set this bit when it found the high-speed device is connected, suggested during bus reset, after found high-speed device in USB_PORTSC1.PSPD). SW shall make sure this bit is not set at the end of resume, otherwise a wrong disconnect status may be detected. Suggest clear it after set USB_PORTSC1.SUSP, set it again after resume is ended(USB_PORTSC1.FPR==0).">
      <alias type="CMSIS" value="USBPHY_CTRL_ENHOSTDISCONDETECT(x)"/>
    </bit_field>
    <bit_field offset="2" width="1" name="ENIRQHOSTDISCON" access="RW" reset_value="0" description="Enables interrupt for detection of disconnection to Device when in high-speed host mode. This should be enabled after ENDEVPLUGINDETECT is enabled.">
      <alias type="CMSIS" value="USBPHY_CTRL_ENIRQHOSTDISCON(x)"/>
    </bit_field>
    <bit_field offset="3" width="1" name="HOSTDISCONDETECT_IRQ" access="RW" reset_value="0" description="Indicates that the device has disconnected in high-speed mode. Reset this bit by writing a 1 to the clear address space and not by a general write.">
      <alias type="CMSIS" value="USBPHY_CTRL_HOSTDISCONDETECT_IRQ(x)"/>
    </bit_field>
    <bit_field offset="4" width="1" name="ENDEVPLUGINDETECT" access="RW" reset_value="0" description="For device mode, enables 200-KOhm pullups for detecting connectivity to the host.">
      <alias type="CMSIS" value="USBPHY_CTRL_ENDEVPLUGINDETECT(x)"/>
    </bit_field>
    <bit_field offset="5" width="1" name="DEVPLUGIN_POLARITY" access="RW" reset_value="0" description="For device mode, if this bit is cleared to 0, then it trips the interrupt if the device is plugged in. If set to 1, then it trips the interrupt if the device is unplugged.">
      <alias type="CMSIS" value="USBPHY_CTRL_DEVPLUGIN_POLARITY(x)"/>
    </bit_field>
    <bit_field offset="6" width="1" name="OTG_ID_CHG_IRQ" access="RW" reset_value="0" description="OTG ID change interrupt. Indicates the value of ID pin changed.">
      <alias type="CMSIS" value="USBPHY_CTRL_OTG_ID_CHG_IRQ(x)"/>
    </bit_field>
    <bit_field offset="7" width="1" name="ENOTGIDDETECT" access="RW" reset_value="0" description="Enables circuit to detect resistance of MiniAB ID pin.">
      <alias type="CMSIS" value="USBPHY_CTRL_ENOTGIDDETECT(x)"/>
    </bit_field>
    <bit_field offset="8" width="1" name="RESUMEIRQSTICKY" access="RW" reset_value="0" description="Set to 1 will make RESUME_IRQ bit a sticky bit until software clear it. Set to 0, RESUME_IRQ only set during the wake-up period.">
      <alias type="CMSIS" value="USBPHY_CTRL_RESUMEIRQSTICKY(x)"/>
    </bit_field>
    <bit_field offset="9" width="1" name="ENIRQRESUMEDETECT" access="RW" reset_value="0" description="Enables interrupt for detection of a non-J state on the USB line. This should only be enabled after the device has entered suspend mode.">
      <alias type="CMSIS" value="USBPHY_CTRL_ENIRQRESUMEDETECT(x)"/>
    </bit_field>
    <bit_field offset="10" width="1" name="RESUME_IRQ" access="RW" reset_value="0" description="Indicates that the host is sending a wake-up after suspend. This bit is also set on a reset during suspend. Use this bit to wake up from suspend for either the resume or the reset case. Reset this bit by writing a 1 to the clear address space and not by a general write.">
      <alias type="CMSIS" value="USBPHY_CTRL_RESUME_IRQ(x)"/>
    </bit_field>
    <bit_field offset="11" width="1" name="ENIRQDEVPLUGIN" access="RW" reset_value="0" description="Enables interrupt for the detection of connectivity to the USB line.">
      <alias type="CMSIS" value="USBPHY_CTRL_ENIRQDEVPLUGIN(x)"/>
    </bit_field>
    <bit_field offset="12" width="1" name="DEVPLUGIN_IRQ" access="RW" reset_value="0" description="Indicates that the device is connected. Reset this bit by writing a 1 to the clear address space and not by a general write.">
      <alias type="CMSIS" value="USBPHY_CTRL_DEVPLUGIN_IRQ(x)"/>
    </bit_field>
    <bit_field offset="13" width="1" name="DATA_ON_LRADC" access="RW" reset_value="0" description="Enables the LRADC to monitor USB_DP and USB_DM. This is for use in non-USB modes only.">
      <alias type="CMSIS" value="USBPHY_CTRL_DATA_ON_LRADC(x)"/>
    </bit_field>
    <bit_field offset="14" width="1" name="ENUTMILEVEL2" access="RW" reset_value="0" description="Enables UTMI+ Level2. This should be enabled if needs to support LS device">
      <alias type="CMSIS" value="USBPHY_CTRL_ENUTMILEVEL2(x)"/>
    </bit_field>
    <bit_field offset="15" width="1" name="ENUTMILEVEL3" access="RW" reset_value="0" description="Enables UTMI+ Level3. This should be enabled if needs to support external FS Hub with LS device connected">
      <alias type="CMSIS" value="USBPHY_CTRL_ENUTMILEVEL3(x)"/>
    </bit_field>
    <bit_field offset="16" width="1" name="ENIRQWAKEUP" access="RW" reset_value="0" description="Enables interrupt for the wakeup events.">
      <alias type="CMSIS" value="USBPHY_CTRL_ENIRQWAKEUP(x)"/>
    </bit_field>
    <bit_field offset="17" width="1" name="WAKEUP_IRQ" access="RW" reset_value="0" description="Indicates that there is a wakeup event. Reset this bit by writing a 1 to the clear address space and not by a general write.">
      <alias type="CMSIS" value="USBPHY_CTRL_WAKEUP_IRQ(x)"/>
    </bit_field>
    <bit_field offset="18" width="1" name="ENAUTO_PWRON_PLL" access="RW" reset_value="0" description="Enables the feature to auto-enable the POWER bit of HW_CLKCTRL_PLLxCTRL0 if there is wakeup event if USB is suspended. This should be enabled if needs to support auto wakeup without S/W's interaction.">
      <alias type="CMSIS" value="USBPHY_CTRL_ENAUTO_PWRON_PLL(x)"/>
    </bit_field>
    <bit_field offset="19" width="1" name="ENAUTOCLR_CLKGATE" access="RW" reset_value="0" description="Enables the feature to auto-clear the CLKGATE bit if there is wakeup event while USB is suspended. This should be enabled if needs to support auto wakeup without S/W's interaction.">
      <alias type="CMSIS" value="USBPHY_CTRL_ENAUTOCLR_CLKGATE(x)"/>
    </bit_field>
    <bit_field offset="20" width="1" name="ENAUTOCLR_PHY_PWD" access="RW" reset_value="0" description="Enables the feature to auto-clear the PWD register bits in USBPHYx_PWD if there is wakeup event while USB is suspended. This should be enabled if needs to support auto wakeup without S/W's interaction.">
      <alias type="CMSIS" value="USBPHY_CTRL_ENAUTOCLR_PHY_PWD(x)"/>
    </bit_field>
    <bit_field offset="21" width="1" name="ENDPDMCHG_WKUP" access="RW" reset_value="0x1" description="Enables the feature to wakeup USB if DP/DM is toggled when USB is suspended. This bit is enabled by default.">
      <alias type="CMSIS" value="USBPHY_CTRL_ENDPDMCHG_WKUP(x)"/>
    </bit_field>
    <bit_field offset="22" width="1" name="ENIDCHG_WKUP" access="RW" reset_value="0" description="Enables the feature to wakeup USB if ID is toggled when USB is suspended.">
      <alias type="CMSIS" value="USBPHY_CTRL_ENIDCHG_WKUP(x)"/>
    </bit_field>
    <bit_field offset="23" width="1" name="ENVBUSCHG_WKUP" access="RW" reset_value="0" description="Enables the feature to wakeup USB if VBUS is toggled when USB is suspended.">
      <alias type="CMSIS" value="USBPHY_CTRL_ENVBUSCHG_WKUP(x)"/>
    </bit_field>
    <bit_field offset="24" width="1" name="FSDLL_RST_EN" access="RW" reset_value="0" description="Enables the feature to reset the FSDLL lock detection logic at the end of each TX packet.">
      <alias type="CMSIS" value="USBPHY_CTRL_FSDLL_RST_EN(x)"/>
    </bit_field>
    <bit_field offset="25" width="2" name="RSVD1" access="RO" reset_value="0" description="Reserved.">
      <alias type="CMSIS" value="USBPHY_CTRL_RSVD1(x)"/>
    </bit_field>
    <bit_field offset="27" width="1" name="OTG_ID_VALUE" access="RO" reset_value="0" description="Almost same as OTGID_STATUS in USBPHYx_STATUS Register. The only difference is that OTG_ID_VALUE has debounce logic to filter the glitches on ID Pad.">
      <alias type="CMSIS" value="USBPHY_CTRL_OTG_ID_VALUE(x)"/>
    </bit_field>
    <bit_field offset="28" width="1" name="HOST_FORCE_LS_SE0" access="RW" reset_value="0" description="Forces the next FS packet that is transmitted to have a EOP with LS timing. This bit is used in host mode for the resume sequence. After the packet is transferred, this bit is cleared. The design can use this function to force the LS SE0 or use the USBPHYx_CTRL_UTMI_SUSPENDM to trigger this event when leaving suspend. This bit is used in conjunction with USBPHYx_DEBUG_HOST_RESUME_DEBUG.">
      <alias type="CMSIS" value="USBPHY_CTRL_HOST_FORCE_LS_SE0(x)"/>
    </bit_field>
    <bit_field offset="29" width="1" name="UTMI_SUSPENDM" access="RO" reset_value="0" description="Used by the PHY to indicate a powered-down state. If all the power-down bits in the USBPHYx_PWD are enabled, UTMI_SUSPENDM will be 0, otherwise 1. UTMI_SUSPENDM is negative logic, as required by the UTMI specification.">
      <alias type="CMSIS" value="USBPHY_CTRL_UTMI_SUSPENDM(x)"/>
    </bit_field>
    <bit_field offset="30" width="1" name="CLKGATE" access="RW" reset_value="0x1" description="Gate UTMI Clocks. Clear to 0 to run clocks. Set to 1 to gate clocks. Set this to save power while the USB is not actively being used. Configuration state is kept while the clock is gated. Note this bit can be auto-cleared if there is any wakeup event when USB is suspended while ENAUTOCLR_CLKGATE bit of USBPHYx_CTRL is enabled.">
      <alias type="CMSIS" value="USBPHY_CTRL_CLKGATE(x)"/>
    </bit_field>
    <bit_field offset="31" width="1" name="SFTRST" access="RW" reset_value="0x1" description="Writing a 1 to this bit will soft-reset the USBPHYx_PWD, USBPHYx_TX, USBPHYx_RX, and USBPHYx_CTRL registers. Set to 0 to release the PHY from reset.">
      <alias type="CMSIS" value="USBPHY_CTRL_SFTRST(x)"/>
    </bit_field>
  </register>
  <register offset="0x34" width="32" name="CTRL_SET" description="USB PHY General Control Register">
    <alias type="CMSIS" value="CTRL_SET"/>
    <bit_field offset="0" width="1" name="ENOTG_ID_CHG_IRQ" access="RW" reset_value="0" description="Enable OTG_ID_CHG_IRQ.">
      <alias type="CMSIS" value="USBPHY_CTRL_SET_ENOTG_ID_CHG_IRQ(x)"/>
    </bit_field>
    <bit_field offset="1" width="1" name="ENHOSTDISCONDETECT" access="RW" reset_value="0" description="For host mode, enables high-speed disconnect detector. This signal allows the override of enabling the detection that is normally done in the UTMI controller. The UTMI controller enables this circuit whenever the host sends a start-of-frame packet. SW shall set this bit when it found the high-speed device is connected, suggested during bus reset, after found high-speed device in USB_PORTSC1.PSPD). SW shall make sure this bit is not set at the end of resume, otherwise a wrong disconnect status may be detected. Suggest clear it after set USB_PORTSC1.SUSP, set it again after resume is ended(USB_PORTSC1.FPR==0).">
      <alias type="CMSIS" value="USBPHY_CTRL_SET_ENHOSTDISCONDETECT(x)"/>
    </bit_field>
    <bit_field offset="2" width="1" name="ENIRQHOSTDISCON" access="RW" reset_value="0" description="Enables interrupt for detection of disconnection to Device when in high-speed host mode. This should be enabled after ENDEVPLUGINDETECT is enabled.">
      <alias type="CMSIS" value="USBPHY_CTRL_SET_ENIRQHOSTDISCON(x)"/>
    </bit_field>
    <bit_field offset="3" width="1" name="HOSTDISCONDETECT_IRQ" access="RW" reset_value="0" description="Indicates that the device has disconnected in high-speed mode. Reset this bit by writing a 1 to the clear address space and not by a general write.">
      <alias type="CMSIS" value="USBPHY_CTRL_SET_HOSTDISCONDETECT_IRQ(x)"/>
    </bit_field>
    <bit_field offset="4" width="1" name="ENDEVPLUGINDETECT" access="RW" reset_value="0" description="For device mode, enables 200-KOhm pullups for detecting connectivity to the host.">
      <alias type="CMSIS" value="USBPHY_CTRL_SET_ENDEVPLUGINDETECT(x)"/>
    </bit_field>
    <bit_field offset="5" width="1" name="DEVPLUGIN_POLARITY" access="RW" reset_value="0" description="For device mode, if this bit is cleared to 0, then it trips the interrupt if the device is plugged in. If set to 1, then it trips the interrupt if the device is unplugged.">
      <alias type="CMSIS" value="USBPHY_CTRL_SET_DEVPLUGIN_POLARITY(x)"/>
    </bit_field>
    <bit_field offset="6" width="1" name="OTG_ID_CHG_IRQ" access="RW" reset_value="0" description="OTG ID change interrupt. Indicates the value of ID pin changed.">
      <alias type="CMSIS" value="USBPHY_CTRL_SET_OTG_ID_CHG_IRQ(x)"/>
    </bit_field>
    <bit_field offset="7" width="1" name="ENOTGIDDETECT" access="RW" reset_value="0" description="Enables circuit to detect resistance of MiniAB ID pin.">
      <alias type="CMSIS" value="USBPHY_CTRL_SET_ENOTGIDDETECT(x)"/>
    </bit_field>
    <bit_field offset="8" width="1" name="RESUMEIRQSTICKY" access="RW" reset_value="0" description="Set to 1 will make RESUME_IRQ bit a sticky bit until software clear it. Set to 0, RESUME_IRQ only set during the wake-up period.">
      <alias type="CMSIS" value="USBPHY_CTRL_SET_RESUMEIRQSTICKY(x)"/>
    </bit_field>
    <bit_field offset="9" width="1" name="ENIRQRESUMEDETECT" access="RW" reset_value="0" description="Enables interrupt for detection of a non-J state on the USB line. This should only be enabled after the device has entered suspend mode.">
      <alias type="CMSIS" value="USBPHY_CTRL_SET_ENIRQRESUMEDETECT(x)"/>
    </bit_field>
    <bit_field offset="10" width="1" name="RESUME_IRQ" access="RW" reset_value="0" description="Indicates that the host is sending a wake-up after suspend. This bit is also set on a reset during suspend. Use this bit to wake up from suspend for either the resume or the reset case. Reset this bit by writing a 1 to the clear address space and not by a general write.">
      <alias type="CMSIS" value="USBPHY_CTRL_SET_RESUME_IRQ(x)"/>
    </bit_field>
    <bit_field offset="11" width="1" name="ENIRQDEVPLUGIN" access="RW" reset_value="0" description="Enables interrupt for the detection of connectivity to the USB line.">
      <alias type="CMSIS" value="USBPHY_CTRL_SET_ENIRQDEVPLUGIN(x)"/>
    </bit_field>
    <bit_field offset="12" width="1" name="DEVPLUGIN_IRQ" access="RW" reset_value="0" description="Indicates that the device is connected. Reset this bit by writing a 1 to the clear address space and not by a general write.">
      <alias type="CMSIS" value="USBPHY_CTRL_SET_DEVPLUGIN_IRQ(x)"/>
    </bit_field>
    <bit_field offset="13" width="1" name="DATA_ON_LRADC" access="RW" reset_value="0" description="Enables the LRADC to monitor USB_DP and USB_DM. This is for use in non-USB modes only.">
      <alias type="CMSIS" value="USBPHY_CTRL_SET_DATA_ON_LRADC(x)"/>
    </bit_field>
    <bit_field offset="14" width="1" name="ENUTMILEVEL2" access="RW" reset_value="0" description="Enables UTMI+ Level2. This should be enabled if needs to support LS device">
      <alias type="CMSIS" value="USBPHY_CTRL_SET_ENUTMILEVEL2(x)"/>
    </bit_field>
    <bit_field offset="15" width="1" name="ENUTMILEVEL3" access="RW" reset_value="0" description="Enables UTMI+ Level3. This should be enabled if needs to support external FS Hub with LS device connected">
      <alias type="CMSIS" value="USBPHY_CTRL_SET_ENUTMILEVEL3(x)"/>
    </bit_field>
    <bit_field offset="16" width="1" name="ENIRQWAKEUP" access="RW" reset_value="0" description="Enables interrupt for the wakeup events.">
      <alias type="CMSIS" value="USBPHY_CTRL_SET_ENIRQWAKEUP(x)"/>
    </bit_field>
    <bit_field offset="17" width="1" name="WAKEUP_IRQ" access="RW" reset_value="0" description="Indicates that there is a wakeup event. Reset this bit by writing a 1 to the clear address space and not by a general write.">
      <alias type="CMSIS" value="USBPHY_CTRL_SET_WAKEUP_IRQ(x)"/>
    </bit_field>
    <bit_field offset="18" width="1" name="ENAUTO_PWRON_PLL" access="RW" reset_value="0" description="Enables the feature to auto-enable the POWER bit of HW_CLKCTRL_PLLxCTRL0 if there is wakeup event if USB is suspended. This should be enabled if needs to support auto wakeup without S/W's interaction.">
      <alias type="CMSIS" value="USBPHY_CTRL_SET_ENAUTO_PWRON_PLL(x)"/>
    </bit_field>
    <bit_field offset="19" width="1" name="ENAUTOCLR_CLKGATE" access="RW" reset_value="0" description="Enables the feature to auto-clear the CLKGATE bit if there is wakeup event while USB is suspended. This should be enabled if needs to support auto wakeup without S/W's interaction.">
      <alias type="CMSIS" value="USBPHY_CTRL_SET_ENAUTOCLR_CLKGATE(x)"/>
    </bit_field>
    <bit_field offset="20" width="1" name="ENAUTOCLR_PHY_PWD" access="RW" reset_value="0" description="Enables the feature to auto-clear the PWD register bits in USBPHYx_PWD if there is wakeup event while USB is suspended. This should be enabled if needs to support auto wakeup without S/W's interaction.">
      <alias type="CMSIS" value="USBPHY_CTRL_SET_ENAUTOCLR_PHY_PWD(x)"/>
    </bit_field>
    <bit_field offset="21" width="1" name="ENDPDMCHG_WKUP" access="RW" reset_value="0x1" description="Enables the feature to wakeup USB if DP/DM is toggled when USB is suspended. This bit is enabled by default.">
      <alias type="CMSIS" value="USBPHY_CTRL_SET_ENDPDMCHG_WKUP(x)"/>
    </bit_field>
    <bit_field offset="22" width="1" name="ENIDCHG_WKUP" access="RW" reset_value="0" description="Enables the feature to wakeup USB if ID is toggled when USB is suspended.">
      <alias type="CMSIS" value="USBPHY_CTRL_SET_ENIDCHG_WKUP(x)"/>
    </bit_field>
    <bit_field offset="23" width="1" name="ENVBUSCHG_WKUP" access="RW" reset_value="0" description="Enables the feature to wakeup USB if VBUS is toggled when USB is suspended.">
      <alias type="CMSIS" value="USBPHY_CTRL_SET_ENVBUSCHG_WKUP(x)"/>
    </bit_field>
    <bit_field offset="24" width="1" name="FSDLL_RST_EN" access="RW" reset_value="0" description="Enables the feature to reset the FSDLL lock detection logic at the end of each TX packet.">
      <alias type="CMSIS" value="USBPHY_CTRL_SET_FSDLL_RST_EN(x)"/>
    </bit_field>
    <bit_field offset="25" width="2" name="RSVD1" access="RO" reset_value="0" description="Reserved.">
      <alias type="CMSIS" value="USBPHY_CTRL_SET_RSVD1(x)"/>
    </bit_field>
    <bit_field offset="27" width="1" name="OTG_ID_VALUE" access="RO" reset_value="0" description="Almost same as OTGID_STATUS in USBPHYx_STATUS Register. The only difference is that OTG_ID_VALUE has debounce logic to filter the glitches on ID Pad.">
      <alias type="CMSIS" value="USBPHY_CTRL_SET_OTG_ID_VALUE(x)"/>
    </bit_field>
    <bit_field offset="28" width="1" name="HOST_FORCE_LS_SE0" access="RW" reset_value="0" description="Forces the next FS packet that is transmitted to have a EOP with LS timing. This bit is used in host mode for the resume sequence. After the packet is transferred, this bit is cleared. The design can use this function to force the LS SE0 or use the USBPHYx_CTRL_UTMI_SUSPENDM to trigger this event when leaving suspend. This bit is used in conjunction with USBPHYx_DEBUG_HOST_RESUME_DEBUG.">
      <alias type="CMSIS" value="USBPHY_CTRL_SET_HOST_FORCE_LS_SE0(x)"/>
    </bit_field>
    <bit_field offset="29" width="1" name="UTMI_SUSPENDM" access="RO" reset_value="0" description="Used by the PHY to indicate a powered-down state. If all the power-down bits in the USBPHYx_PWD are enabled, UTMI_SUSPENDM will be 0, otherwise 1. UTMI_SUSPENDM is negative logic, as required by the UTMI specification.">
      <alias type="CMSIS" value="USBPHY_CTRL_SET_UTMI_SUSPENDM(x)"/>
    </bit_field>
    <bit_field offset="30" width="1" name="CLKGATE" access="RW" reset_value="0x1" description="Gate UTMI Clocks. Clear to 0 to run clocks. Set to 1 to gate clocks. Set this to save power while the USB is not actively being used. Configuration state is kept while the clock is gated. Note this bit can be auto-cleared if there is any wakeup event when USB is suspended while ENAUTOCLR_CLKGATE bit of USBPHYx_CTRL is enabled.">
      <alias type="CMSIS" value="USBPHY_CTRL_SET_CLKGATE(x)"/>
    </bit_field>
    <bit_field offset="31" width="1" name="SFTRST" access="RW" reset_value="0x1" description="Writing a 1 to this bit will soft-reset the USBPHYx_PWD, USBPHYx_TX, USBPHYx_RX, and USBPHYx_CTRL registers. Set to 0 to release the PHY from reset.">
      <alias type="CMSIS" value="USBPHY_CTRL_SET_SFTRST(x)"/>
    </bit_field>
  </register>
  <register offset="0x38" width="32" name="CTRL_CLR" description="USB PHY General Control Register">
    <alias type="CMSIS" value="CTRL_CLR"/>
    <bit_field offset="0" width="1" name="ENOTG_ID_CHG_IRQ" access="RW" reset_value="0" description="Enable OTG_ID_CHG_IRQ.">
      <alias type="CMSIS" value="USBPHY_CTRL_CLR_ENOTG_ID_CHG_IRQ(x)"/>
    </bit_field>
    <bit_field offset="1" width="1" name="ENHOSTDISCONDETECT" access="RW" reset_value="0" description="For host mode, enables high-speed disconnect detector. This signal allows the override of enabling the detection that is normally done in the UTMI controller. The UTMI controller enables this circuit whenever the host sends a start-of-frame packet. SW shall set this bit when it found the high-speed device is connected, suggested during bus reset, after found high-speed device in USB_PORTSC1.PSPD). SW shall make sure this bit is not set at the end of resume, otherwise a wrong disconnect status may be detected. Suggest clear it after set USB_PORTSC1.SUSP, set it again after resume is ended(USB_PORTSC1.FPR==0).">
      <alias type="CMSIS" value="USBPHY_CTRL_CLR_ENHOSTDISCONDETECT(x)"/>
    </bit_field>
    <bit_field offset="2" width="1" name="ENIRQHOSTDISCON" access="RW" reset_value="0" description="Enables interrupt for detection of disconnection to Device when in high-speed host mode. This should be enabled after ENDEVPLUGINDETECT is enabled.">
      <alias type="CMSIS" value="USBPHY_CTRL_CLR_ENIRQHOSTDISCON(x)"/>
    </bit_field>
    <bit_field offset="3" width="1" name="HOSTDISCONDETECT_IRQ" access="RW" reset_value="0" description="Indicates that the device has disconnected in high-speed mode. Reset this bit by writing a 1 to the clear address space and not by a general write.">
      <alias type="CMSIS" value="USBPHY_CTRL_CLR_HOSTDISCONDETECT_IRQ(x)"/>
    </bit_field>
    <bit_field offset="4" width="1" name="ENDEVPLUGINDETECT" access="RW" reset_value="0" description="For device mode, enables 200-KOhm pullups for detecting connectivity to the host.">
      <alias type="CMSIS" value="USBPHY_CTRL_CLR_ENDEVPLUGINDETECT(x)"/>
    </bit_field>
    <bit_field offset="5" width="1" name="DEVPLUGIN_POLARITY" access="RW" reset_value="0" description="For device mode, if this bit is cleared to 0, then it trips the interrupt if the device is plugged in. If set to 1, then it trips the interrupt if the device is unplugged.">
      <alias type="CMSIS" value="USBPHY_CTRL_CLR_DEVPLUGIN_POLARITY(x)"/>
    </bit_field>
    <bit_field offset="6" width="1" name="OTG_ID_CHG_IRQ" access="RW" reset_value="0" description="OTG ID change interrupt. Indicates the value of ID pin changed.">
      <alias type="CMSIS" value="USBPHY_CTRL_CLR_OTG_ID_CHG_IRQ(x)"/>
    </bit_field>
    <bit_field offset="7" width="1" name="ENOTGIDDETECT" access="RW" reset_value="0" description="Enables circuit to detect resistance of MiniAB ID pin.">
      <alias type="CMSIS" value="USBPHY_CTRL_CLR_ENOTGIDDETECT(x)"/>
    </bit_field>
    <bit_field offset="8" width="1" name="RESUMEIRQSTICKY" access="RW" reset_value="0" description="Set to 1 will make RESUME_IRQ bit a sticky bit until software clear it. Set to 0, RESUME_IRQ only set during the wake-up period.">
      <alias type="CMSIS" value="USBPHY_CTRL_CLR_RESUMEIRQSTICKY(x)"/>
    </bit_field>
    <bit_field offset="9" width="1" name="ENIRQRESUMEDETECT" access="RW" reset_value="0" description="Enables interrupt for detection of a non-J state on the USB line. This should only be enabled after the device has entered suspend mode.">
      <alias type="CMSIS" value="USBPHY_CTRL_CLR_ENIRQRESUMEDETECT(x)"/>
    </bit_field>
    <bit_field offset="10" width="1" name="RESUME_IRQ" access="RW" reset_value="0" description="Indicates that the host is sending a wake-up after suspend. This bit is also set on a reset during suspend. Use this bit to wake up from suspend for either the resume or the reset case. Reset this bit by writing a 1 to the clear address space and not by a general write.">
      <alias type="CMSIS" value="USBPHY_CTRL_CLR_RESUME_IRQ(x)"/>
    </bit_field>
    <bit_field offset="11" width="1" name="ENIRQDEVPLUGIN" access="RW" reset_value="0" description="Enables interrupt for the detection of connectivity to the USB line.">
      <alias type="CMSIS" value="USBPHY_CTRL_CLR_ENIRQDEVPLUGIN(x)"/>
    </bit_field>
    <bit_field offset="12" width="1" name="DEVPLUGIN_IRQ" access="RW" reset_value="0" description="Indicates that the device is connected. Reset this bit by writing a 1 to the clear address space and not by a general write.">
      <alias type="CMSIS" value="USBPHY_CTRL_CLR_DEVPLUGIN_IRQ(x)"/>
    </bit_field>
    <bit_field offset="13" width="1" name="DATA_ON_LRADC" access="RW" reset_value="0" description="Enables the LRADC to monitor USB_DP and USB_DM. This is for use in non-USB modes only.">
      <alias type="CMSIS" value="USBPHY_CTRL_CLR_DATA_ON_LRADC(x)"/>
    </bit_field>
    <bit_field offset="14" width="1" name="ENUTMILEVEL2" access="RW" reset_value="0" description="Enables UTMI+ Level2. This should be enabled if needs to support LS device">
      <alias type="CMSIS" value="USBPHY_CTRL_CLR_ENUTMILEVEL2(x)"/>
    </bit_field>
    <bit_field offset="15" width="1" name="ENUTMILEVEL3" access="RW" reset_value="0" description="Enables UTMI+ Level3. This should be enabled if needs to support external FS Hub with LS device connected">
      <alias type="CMSIS" value="USBPHY_CTRL_CLR_ENUTMILEVEL3(x)"/>
    </bit_field>
    <bit_field offset="16" width="1" name="ENIRQWAKEUP" access="RW" reset_value="0" description="Enables interrupt for the wakeup events.">
      <alias type="CMSIS" value="USBPHY_CTRL_CLR_ENIRQWAKEUP(x)"/>
    </bit_field>
    <bit_field offset="17" width="1" name="WAKEUP_IRQ" access="RW" reset_value="0" description="Indicates that there is a wakeup event. Reset this bit by writing a 1 to the clear address space and not by a general write.">
      <alias type="CMSIS" value="USBPHY_CTRL_CLR_WAKEUP_IRQ(x)"/>
    </bit_field>
    <bit_field offset="18" width="1" name="ENAUTO_PWRON_PLL" access="RW" reset_value="0" description="Enables the feature to auto-enable the POWER bit of HW_CLKCTRL_PLLxCTRL0 if there is wakeup event if USB is suspended. This should be enabled if needs to support auto wakeup without S/W's interaction.">
      <alias type="CMSIS" value="USBPHY_CTRL_CLR_ENAUTO_PWRON_PLL(x)"/>
    </bit_field>
    <bit_field offset="19" width="1" name="ENAUTOCLR_CLKGATE" access="RW" reset_value="0" description="Enables the feature to auto-clear the CLKGATE bit if there is wakeup event while USB is suspended. This should be enabled if needs to support auto wakeup without S/W's interaction.">
      <alias type="CMSIS" value="USBPHY_CTRL_CLR_ENAUTOCLR_CLKGATE(x)"/>
    </bit_field>
    <bit_field offset="20" width="1" name="ENAUTOCLR_PHY_PWD" access="RW" reset_value="0" description="Enables the feature to auto-clear the PWD register bits in USBPHYx_PWD if there is wakeup event while USB is suspended. This should be enabled if needs to support auto wakeup without S/W's interaction.">
      <alias type="CMSIS" value="USBPHY_CTRL_CLR_ENAUTOCLR_PHY_PWD(x)"/>
    </bit_field>
    <bit_field offset="21" width="1" name="ENDPDMCHG_WKUP" access="RW" reset_value="0x1" description="Enables the feature to wakeup USB if DP/DM is toggled when USB is suspended. This bit is enabled by default.">
      <alias type="CMSIS" value="USBPHY_CTRL_CLR_ENDPDMCHG_WKUP(x)"/>
    </bit_field>
    <bit_field offset="22" width="1" name="ENIDCHG_WKUP" access="RW" reset_value="0" description="Enables the feature to wakeup USB if ID is toggled when USB is suspended.">
      <alias type="CMSIS" value="USBPHY_CTRL_CLR_ENIDCHG_WKUP(x)"/>
    </bit_field>
    <bit_field offset="23" width="1" name="ENVBUSCHG_WKUP" access="RW" reset_value="0" description="Enables the feature to wakeup USB if VBUS is toggled when USB is suspended.">
      <alias type="CMSIS" value="USBPHY_CTRL_CLR_ENVBUSCHG_WKUP(x)"/>
    </bit_field>
    <bit_field offset="24" width="1" name="FSDLL_RST_EN" access="RW" reset_value="0" description="Enables the feature to reset the FSDLL lock detection logic at the end of each TX packet.">
      <alias type="CMSIS" value="USBPHY_CTRL_CLR_FSDLL_RST_EN(x)"/>
    </bit_field>
    <bit_field offset="25" width="2" name="RSVD1" access="RO" reset_value="0" description="Reserved.">
      <alias type="CMSIS" value="USBPHY_CTRL_CLR_RSVD1(x)"/>
    </bit_field>
    <bit_field offset="27" width="1" name="OTG_ID_VALUE" access="RO" reset_value="0" description="Almost same as OTGID_STATUS in USBPHYx_STATUS Register. The only difference is that OTG_ID_VALUE has debounce logic to filter the glitches on ID Pad.">
      <alias type="CMSIS" value="USBPHY_CTRL_CLR_OTG_ID_VALUE(x)"/>
    </bit_field>
    <bit_field offset="28" width="1" name="HOST_FORCE_LS_SE0" access="RW" reset_value="0" description="Forces the next FS packet that is transmitted to have a EOP with LS timing. This bit is used in host mode for the resume sequence. After the packet is transferred, this bit is cleared. The design can use this function to force the LS SE0 or use the USBPHYx_CTRL_UTMI_SUSPENDM to trigger this event when leaving suspend. This bit is used in conjunction with USBPHYx_DEBUG_HOST_RESUME_DEBUG.">
      <alias type="CMSIS" value="USBPHY_CTRL_CLR_HOST_FORCE_LS_SE0(x)"/>
    </bit_field>
    <bit_field offset="29" width="1" name="UTMI_SUSPENDM" access="RO" reset_value="0" description="Used by the PHY to indicate a powered-down state. If all the power-down bits in the USBPHYx_PWD are enabled, UTMI_SUSPENDM will be 0, otherwise 1. UTMI_SUSPENDM is negative logic, as required by the UTMI specification.">
      <alias type="CMSIS" value="USBPHY_CTRL_CLR_UTMI_SUSPENDM(x)"/>
    </bit_field>
    <bit_field offset="30" width="1" name="CLKGATE" access="RW" reset_value="0x1" description="Gate UTMI Clocks. Clear to 0 to run clocks. Set to 1 to gate clocks. Set this to save power while the USB is not actively being used. Configuration state is kept while the clock is gated. Note this bit can be auto-cleared if there is any wakeup event when USB is suspended while ENAUTOCLR_CLKGATE bit of USBPHYx_CTRL is enabled.">
      <alias type="CMSIS" value="USBPHY_CTRL_CLR_CLKGATE(x)"/>
    </bit_field>
    <bit_field offset="31" width="1" name="SFTRST" access="RW" reset_value="0x1" description="Writing a 1 to this bit will soft-reset the USBPHYx_PWD, USBPHYx_TX, USBPHYx_RX, and USBPHYx_CTRL registers. Set to 0 to release the PHY from reset.">
      <alias type="CMSIS" value="USBPHY_CTRL_CLR_SFTRST(x)"/>
    </bit_field>
  </register>
  <register offset="0x3C" width="32" name="CTRL_TOG" description="USB PHY General Control Register">
    <alias type="CMSIS" value="CTRL_TOG"/>
    <bit_field offset="0" width="1" name="ENOTG_ID_CHG_IRQ" access="RW" reset_value="0" description="Enable OTG_ID_CHG_IRQ.">
      <alias type="CMSIS" value="USBPHY_CTRL_TOG_ENOTG_ID_CHG_IRQ(x)"/>
    </bit_field>
    <bit_field offset="1" width="1" name="ENHOSTDISCONDETECT" access="RW" reset_value="0" description="For host mode, enables high-speed disconnect detector. This signal allows the override of enabling the detection that is normally done in the UTMI controller. The UTMI controller enables this circuit whenever the host sends a start-of-frame packet. SW shall set this bit when it found the high-speed device is connected, suggested during bus reset, after found high-speed device in USB_PORTSC1.PSPD). SW shall make sure this bit is not set at the end of resume, otherwise a wrong disconnect status may be detected. Suggest clear it after set USB_PORTSC1.SUSP, set it again after resume is ended(USB_PORTSC1.FPR==0).">
      <alias type="CMSIS" value="USBPHY_CTRL_TOG_ENHOSTDISCONDETECT(x)"/>
    </bit_field>
    <bit_field offset="2" width="1" name="ENIRQHOSTDISCON" access="RW" reset_value="0" description="Enables interrupt for detection of disconnection to Device when in high-speed host mode. This should be enabled after ENDEVPLUGINDETECT is enabled.">
      <alias type="CMSIS" value="USBPHY_CTRL_TOG_ENIRQHOSTDISCON(x)"/>
    </bit_field>
    <bit_field offset="3" width="1" name="HOSTDISCONDETECT_IRQ" access="RW" reset_value="0" description="Indicates that the device has disconnected in high-speed mode. Reset this bit by writing a 1 to the clear address space and not by a general write.">
      <alias type="CMSIS" value="USBPHY_CTRL_TOG_HOSTDISCONDETECT_IRQ(x)"/>
    </bit_field>
    <bit_field offset="4" width="1" name="ENDEVPLUGINDETECT" access="RW" reset_value="0" description="For device mode, enables 200-KOhm pullups for detecting connectivity to the host.">
      <alias type="CMSIS" value="USBPHY_CTRL_TOG_ENDEVPLUGINDETECT(x)"/>
    </bit_field>
    <bit_field offset="5" width="1" name="DEVPLUGIN_POLARITY" access="RW" reset_value="0" description="For device mode, if this bit is cleared to 0, then it trips the interrupt if the device is plugged in. If set to 1, then it trips the interrupt if the device is unplugged.">
      <alias type="CMSIS" value="USBPHY_CTRL_TOG_DEVPLUGIN_POLARITY(x)"/>
    </bit_field>
    <bit_field offset="6" width="1" name="OTG_ID_CHG_IRQ" access="RW" reset_value="0" description="OTG ID change interrupt. Indicates the value of ID pin changed.">
      <alias type="CMSIS" value="USBPHY_CTRL_TOG_OTG_ID_CHG_IRQ(x)"/>
    </bit_field>
    <bit_field offset="7" width="1" name="ENOTGIDDETECT" access="RW" reset_value="0" description="Enables circuit to detect resistance of MiniAB ID pin.">
      <alias type="CMSIS" value="USBPHY_CTRL_TOG_ENOTGIDDETECT(x)"/>
    </bit_field>
    <bit_field offset="8" width="1" name="RESUMEIRQSTICKY" access="RW" reset_value="0" description="Set to 1 will make RESUME_IRQ bit a sticky bit until software clear it. Set to 0, RESUME_IRQ only set during the wake-up period.">
      <alias type="CMSIS" value="USBPHY_CTRL_TOG_RESUMEIRQSTICKY(x)"/>
    </bit_field>
    <bit_field offset="9" width="1" name="ENIRQRESUMEDETECT" access="RW" reset_value="0" description="Enables interrupt for detection of a non-J state on the USB line. This should only be enabled after the device has entered suspend mode.">
      <alias type="CMSIS" value="USBPHY_CTRL_TOG_ENIRQRESUMEDETECT(x)"/>
    </bit_field>
    <bit_field offset="10" width="1" name="RESUME_IRQ" access="RW" reset_value="0" description="Indicates that the host is sending a wake-up after suspend. This bit is also set on a reset during suspend. Use this bit to wake up from suspend for either the resume or the reset case. Reset this bit by writing a 1 to the clear address space and not by a general write.">
      <alias type="CMSIS" value="USBPHY_CTRL_TOG_RESUME_IRQ(x)"/>
    </bit_field>
    <bit_field offset="11" width="1" name="ENIRQDEVPLUGIN" access="RW" reset_value="0" description="Enables interrupt for the detection of connectivity to the USB line.">
      <alias type="CMSIS" value="USBPHY_CTRL_TOG_ENIRQDEVPLUGIN(x)"/>
    </bit_field>
    <bit_field offset="12" width="1" name="DEVPLUGIN_IRQ" access="RW" reset_value="0" description="Indicates that the device is connected. Reset this bit by writing a 1 to the clear address space and not by a general write.">
      <alias type="CMSIS" value="USBPHY_CTRL_TOG_DEVPLUGIN_IRQ(x)"/>
    </bit_field>
    <bit_field offset="13" width="1" name="DATA_ON_LRADC" access="RW" reset_value="0" description="Enables the LRADC to monitor USB_DP and USB_DM. This is for use in non-USB modes only.">
      <alias type="CMSIS" value="USBPHY_CTRL_TOG_DATA_ON_LRADC(x)"/>
    </bit_field>
    <bit_field offset="14" width="1" name="ENUTMILEVEL2" access="RW" reset_value="0" description="Enables UTMI+ Level2. This should be enabled if needs to support LS device">
      <alias type="CMSIS" value="USBPHY_CTRL_TOG_ENUTMILEVEL2(x)"/>
    </bit_field>
    <bit_field offset="15" width="1" name="ENUTMILEVEL3" access="RW" reset_value="0" description="Enables UTMI+ Level3. This should be enabled if needs to support external FS Hub with LS device connected">
      <alias type="CMSIS" value="USBPHY_CTRL_TOG_ENUTMILEVEL3(x)"/>
    </bit_field>
    <bit_field offset="16" width="1" name="ENIRQWAKEUP" access="RW" reset_value="0" description="Enables interrupt for the wakeup events.">
      <alias type="CMSIS" value="USBPHY_CTRL_TOG_ENIRQWAKEUP(x)"/>
    </bit_field>
    <bit_field offset="17" width="1" name="WAKEUP_IRQ" access="RW" reset_value="0" description="Indicates that there is a wakeup event. Reset this bit by writing a 1 to the clear address space and not by a general write.">
      <alias type="CMSIS" value="USBPHY_CTRL_TOG_WAKEUP_IRQ(x)"/>
    </bit_field>
    <bit_field offset="18" width="1" name="ENAUTO_PWRON_PLL" access="RW" reset_value="0" description="Enables the feature to auto-enable the POWER bit of HW_CLKCTRL_PLLxCTRL0 if there is wakeup event if USB is suspended. This should be enabled if needs to support auto wakeup without S/W's interaction.">
      <alias type="CMSIS" value="USBPHY_CTRL_TOG_ENAUTO_PWRON_PLL(x)"/>
    </bit_field>
    <bit_field offset="19" width="1" name="ENAUTOCLR_CLKGATE" access="RW" reset_value="0" description="Enables the feature to auto-clear the CLKGATE bit if there is wakeup event while USB is suspended. This should be enabled if needs to support auto wakeup without S/W's interaction.">
      <alias type="CMSIS" value="USBPHY_CTRL_TOG_ENAUTOCLR_CLKGATE(x)"/>
    </bit_field>
    <bit_field offset="20" width="1" name="ENAUTOCLR_PHY_PWD" access="RW" reset_value="0" description="Enables the feature to auto-clear the PWD register bits in USBPHYx_PWD if there is wakeup event while USB is suspended. This should be enabled if needs to support auto wakeup without S/W's interaction.">
      <alias type="CMSIS" value="USBPHY_CTRL_TOG_ENAUTOCLR_PHY_PWD(x)"/>
    </bit_field>
    <bit_field offset="21" width="1" name="ENDPDMCHG_WKUP" access="RW" reset_value="0x1" description="Enables the feature to wakeup USB if DP/DM is toggled when USB is suspended. This bit is enabled by default.">
      <alias type="CMSIS" value="USBPHY_CTRL_TOG_ENDPDMCHG_WKUP(x)"/>
    </bit_field>
    <bit_field offset="22" width="1" name="ENIDCHG_WKUP" access="RW" reset_value="0" description="Enables the feature to wakeup USB if ID is toggled when USB is suspended.">
      <alias type="CMSIS" value="USBPHY_CTRL_TOG_ENIDCHG_WKUP(x)"/>
    </bit_field>
    <bit_field offset="23" width="1" name="ENVBUSCHG_WKUP" access="RW" reset_value="0" description="Enables the feature to wakeup USB if VBUS is toggled when USB is suspended.">
      <alias type="CMSIS" value="USBPHY_CTRL_TOG_ENVBUSCHG_WKUP(x)"/>
    </bit_field>
    <bit_field offset="24" width="1" name="FSDLL_RST_EN" access="RW" reset_value="0" description="Enables the feature to reset the FSDLL lock detection logic at the end of each TX packet.">
      <alias type="CMSIS" value="USBPHY_CTRL_TOG_FSDLL_RST_EN(x)"/>
    </bit_field>
    <bit_field offset="25" width="2" name="RSVD1" access="RO" reset_value="0" description="Reserved.">
      <alias type="CMSIS" value="USBPHY_CTRL_TOG_RSVD1(x)"/>
    </bit_field>
    <bit_field offset="27" width="1" name="OTG_ID_VALUE" access="RO" reset_value="0" description="Almost same as OTGID_STATUS in USBPHYx_STATUS Register. The only difference is that OTG_ID_VALUE has debounce logic to filter the glitches on ID Pad.">
      <alias type="CMSIS" value="USBPHY_CTRL_TOG_OTG_ID_VALUE(x)"/>
    </bit_field>
    <bit_field offset="28" width="1" name="HOST_FORCE_LS_SE0" access="RW" reset_value="0" description="Forces the next FS packet that is transmitted to have a EOP with LS timing. This bit is used in host mode for the resume sequence. After the packet is transferred, this bit is cleared. The design can use this function to force the LS SE0 or use the USBPHYx_CTRL_UTMI_SUSPENDM to trigger this event when leaving suspend. This bit is used in conjunction with USBPHYx_DEBUG_HOST_RESUME_DEBUG.">
      <alias type="CMSIS" value="USBPHY_CTRL_TOG_HOST_FORCE_LS_SE0(x)"/>
    </bit_field>
    <bit_field offset="29" width="1" name="UTMI_SUSPENDM" access="RO" reset_value="0" description="Used by the PHY to indicate a powered-down state. If all the power-down bits in the USBPHYx_PWD are enabled, UTMI_SUSPENDM will be 0, otherwise 1. UTMI_SUSPENDM is negative logic, as required by the UTMI specification.">
      <alias type="CMSIS" value="USBPHY_CTRL_TOG_UTMI_SUSPENDM(x)"/>
    </bit_field>
    <bit_field offset="30" width="1" name="CLKGATE" access="RW" reset_value="0x1" description="Gate UTMI Clocks. Clear to 0 to run clocks. Set to 1 to gate clocks. Set this to save power while the USB is not actively being used. Configuration state is kept while the clock is gated. Note this bit can be auto-cleared if there is any wakeup event when USB is suspended while ENAUTOCLR_CLKGATE bit of USBPHYx_CTRL is enabled.">
      <alias type="CMSIS" value="USBPHY_CTRL_TOG_CLKGATE(x)"/>
    </bit_field>
    <bit_field offset="31" width="1" name="SFTRST" access="RW" reset_value="0x1" description="Writing a 1 to this bit will soft-reset the USBPHYx_PWD, USBPHYx_TX, USBPHYx_RX, and USBPHYx_CTRL registers. Set to 0 to release the PHY from reset.">
      <alias type="CMSIS" value="USBPHY_CTRL_TOG_SFTRST(x)"/>
    </bit_field>
  </register>
  <register offset="0x40" width="32" name="STATUS" description="USB PHY Status Register">
    <alias type="CMSIS" value="STATUS"/>
    <bit_field offset="0" width="3" name="RSVD0" access="RO" reset_value="0" description="Reserved.">
      <alias type="CMSIS" value="USBPHY_STATUS_RSVD0(x)"/>
    </bit_field>
    <bit_field offset="3" width="1" name="HOSTDISCONDETECT_STATUS" access="RO" reset_value="0" description="Indicates that the device has disconnected while in high-speed host mode.">
      <alias type="CMSIS" value="USBPHY_STATUS_HOSTDISCONDETECT_STATUS(x)"/>
    </bit_field>
    <bit_field offset="4" width="2" name="RSVD1" access="RO" reset_value="0" description="Reserved.">
      <alias type="CMSIS" value="USBPHY_STATUS_RSVD1(x)"/>
    </bit_field>
    <bit_field offset="6" width="1" name="DEVPLUGIN_STATUS" access="RO" reset_value="0" description="Indicates that the device has been connected on the USB_DP and USB_DM lines.">
      <alias type="CMSIS" value="USBPHY_STATUS_DEVPLUGIN_STATUS(x)"/>
    </bit_field>
    <bit_field offset="7" width="1" name="RSVD2" access="RO" reset_value="0" description="Reserved.">
      <alias type="CMSIS" value="USBPHY_STATUS_RSVD2(x)"/>
    </bit_field>
    <bit_field offset="8" width="1" name="OTGID_STATUS" access="RW" reset_value="0" description="Indicates the results of ID pin on MiniAB plug. False (0) is when ID resistance is less than Ra_Plug_ID, indicating host (A) side. True (1) is when ID resistance is greater than Rb_Plug_ID, indicating device (B) side.">
      <alias type="CMSIS" value="USBPHY_STATUS_OTGID_STATUS(x)"/>
    </bit_field>
    <bit_field offset="9" width="1" name="RSVD3" access="RO" reset_value="0" description="Reserved.">
      <alias type="CMSIS" value="USBPHY_STATUS_RSVD3(x)"/>
    </bit_field>
    <bit_field offset="10" width="1" name="RESUME_STATUS" access="RO" reset_value="0" description="Indicates that the host is sending a wake-up after suspend and has triggered an interrupt.">
      <alias type="CMSIS" value="USBPHY_STATUS_RESUME_STATUS(x)"/>
    </bit_field>
    <bit_field offset="11" width="21" name="RSVD4" access="RO" reset_value="0" description="Reserved.">
      <alias type="CMSIS" value="USBPHY_STATUS_RSVD4(x)"/>
    </bit_field>
  </register>
  <register offset="0x50" width="32" name="DEBUG" description="USB PHY Debug Register">
    <alias type="CMSIS" value="DEBUG"/>
    <bit_field offset="0" width="1" name="OTGIDPIOLOCK" access="RW" reset_value="0" description="Once OTG ID from USBPHYx_STATUS_OTGID_STATUS, use this to hold the value. This is to save power for the comparators that are used to determine the ID status.">
      <alias type="CMSIS" value="USBPHY_DEBUG_OTGIDPIOLOCK(x)"/>
    </bit_field>
    <bit_field offset="1" width="1" name="DEBUG_INTERFACE_HOLD" access="RW" reset_value="0" description="Use holding registers to assist in timing for external UTMI interface.">
      <alias type="CMSIS" value="USBPHY_DEBUG_DEBUG_INTERFACE_HOLD(x)"/>
    </bit_field>
    <bit_field offset="2" width="2" name="HSTPULLDOWN" access="RW" reset_value="0" description="Set bit 3 to 1 to pull down 15-KOhm on USB_DP line. Set bit 2 to 1 to pull down 15-KOhm on USB_DM line. Clear to 0 to disable.">
      <alias type="CMSIS" value="USBPHY_DEBUG_HSTPULLDOWN(x)"/>
    </bit_field>
    <bit_field offset="4" width="2" name="ENHSTPULLDOWN" access="RW" reset_value="0" description="Set bit 5 to 1 to override the control of the USB_DP 15-KOhm pulldown. Set bit 4 to 1 to override the control of the USB_DM 15-KOhm pulldown. Clear to 0 to disable.">
      <alias type="CMSIS" value="USBPHY_DEBUG_ENHSTPULLDOWN(x)"/>
    </bit_field>
    <bit_field offset="6" width="2" name="RSVD0" access="RO" reset_value="0" description="Reserved.">
      <alias type="CMSIS" value="USBPHY_DEBUG_RSVD0(x)"/>
    </bit_field>
    <bit_field offset="8" width="4" name="TX2RXCOUNT" access="RW" reset_value="0" description="Delay in between the end of transmit to the beginning of receive. This is a Johnson count value and thus will count to 8.">
      <alias type="CMSIS" value="USBPHY_DEBUG_TX2RXCOUNT(x)"/>
    </bit_field>
    <bit_field offset="12" width="1" name="ENTX2RXCOUNT" access="RW" reset_value="0" description="Set this bit to allow a countdown to transition in between TX and RX.">
      <alias type="CMSIS" value="USBPHY_DEBUG_ENTX2RXCOUNT(x)"/>
    </bit_field>
    <bit_field offset="13" width="3" name="RSVD1" access="RO" reset_value="0" description="Reserved.">
      <alias type="CMSIS" value="USBPHY_DEBUG_RSVD1(x)"/>
    </bit_field>
    <bit_field offset="16" width="5" name="SQUELCHRESETCOUNT" access="RW" reset_value="0x18" description="Delay in between the detection of squelch to the reset of high-speed RX.">
      <alias type="CMSIS" value="USBPHY_DEBUG_SQUELCHRESETCOUNT(x)"/>
    </bit_field>
    <bit_field offset="21" width="3" name="RSVD2" access="RO" reset_value="0" description="Reserved.">
      <alias type="CMSIS" value="USBPHY_DEBUG_RSVD2(x)"/>
    </bit_field>
    <bit_field offset="24" width="1" name="ENSQUELCHRESET" access="RW" reset_value="0x1" description="Set bit to allow squelch to reset high-speed receive.">
      <alias type="CMSIS" value="USBPHY_DEBUG_ENSQUELCHRESET(x)"/>
    </bit_field>
    <bit_field offset="25" width="4" name="SQUELCHRESETLENGTH" access="RW" reset_value="0xF" description="Duration of RESET in terms of the number of 480-MHz cycles.">
      <alias type="CMSIS" value="USBPHY_DEBUG_SQUELCHRESETLENGTH(x)"/>
    </bit_field>
    <bit_field offset="29" width="1" name="HOST_RESUME_DEBUG" access="RW" reset_value="0x1" description="Choose to trigger the host resume SE0 with HOST_FORCE_LS_SE0 = 0 or UTMI_SUSPEND = 1.">
      <alias type="CMSIS" value="USBPHY_DEBUG_HOST_RESUME_DEBUG(x)"/>
    </bit_field>
    <bit_field offset="30" width="1" name="CLKGATE" access="RW" reset_value="0x1" description="Gate Test Clocks. Clear to 0 for running clocks. Set to 1 to gate clocks. Set this to save power while the USB is not actively being used. Configuration state is kept while the clock is gated.">
      <alias type="CMSIS" value="USBPHY_DEBUG_CLKGATE(x)"/>
    </bit_field>
    <bit_field offset="31" width="1" name="RSVD3" access="RO" reset_value="0" description="Reserved.">
      <alias type="CMSIS" value="USBPHY_DEBUG_RSVD3(x)"/>
    </bit_field>
  </register>
  <register offset="0x54" width="32" name="DEBUG_SET" description="USB PHY Debug Register">
    <alias type="CMSIS" value="DEBUG_SET"/>
    <bit_field offset="0" width="1" name="OTGIDPIOLOCK" access="RW" reset_value="0" description="Once OTG ID from USBPHYx_STATUS_OTGID_STATUS, use this to hold the value. This is to save power for the comparators that are used to determine the ID status.">
      <alias type="CMSIS" value="USBPHY_DEBUG_SET_OTGIDPIOLOCK(x)"/>
    </bit_field>
    <bit_field offset="1" width="1" name="DEBUG_INTERFACE_HOLD" access="RW" reset_value="0" description="Use holding registers to assist in timing for external UTMI interface.">
      <alias type="CMSIS" value="USBPHY_DEBUG_SET_DEBUG_INTERFACE_HOLD(x)"/>
    </bit_field>
    <bit_field offset="2" width="2" name="HSTPULLDOWN" access="RW" reset_value="0" description="Set bit 3 to 1 to pull down 15-KOhm on USB_DP line. Set bit 2 to 1 to pull down 15-KOhm on USB_DM line. Clear to 0 to disable.">
      <alias type="CMSIS" value="USBPHY_DEBUG_SET_HSTPULLDOWN(x)"/>
    </bit_field>
    <bit_field offset="4" width="2" name="ENHSTPULLDOWN" access="RW" reset_value="0" description="Set bit 5 to 1 to override the control of the USB_DP 15-KOhm pulldown. Set bit 4 to 1 to override the control of the USB_DM 15-KOhm pulldown. Clear to 0 to disable.">
      <alias type="CMSIS" value="USBPHY_DEBUG_SET_ENHSTPULLDOWN(x)"/>
    </bit_field>
    <bit_field offset="6" width="2" name="RSVD0" access="RO" reset_value="0" description="Reserved.">
      <alias type="CMSIS" value="USBPHY_DEBUG_SET_RSVD0(x)"/>
    </bit_field>
    <bit_field offset="8" width="4" name="TX2RXCOUNT" access="RW" reset_value="0" description="Delay in between the end of transmit to the beginning of receive. This is a Johnson count value and thus will count to 8.">
      <alias type="CMSIS" value="USBPHY_DEBUG_SET_TX2RXCOUNT(x)"/>
    </bit_field>
    <bit_field offset="12" width="1" name="ENTX2RXCOUNT" access="RW" reset_value="0" description="Set this bit to allow a countdown to transition in between TX and RX.">
      <alias type="CMSIS" value="USBPHY_DEBUG_SET_ENTX2RXCOUNT(x)"/>
    </bit_field>
    <bit_field offset="13" width="3" name="RSVD1" access="RO" reset_value="0" description="Reserved.">
      <alias type="CMSIS" value="USBPHY_DEBUG_SET_RSVD1(x)"/>
    </bit_field>
    <bit_field offset="16" width="5" name="SQUELCHRESETCOUNT" access="RW" reset_value="0x18" description="Delay in between the detection of squelch to the reset of high-speed RX.">
      <alias type="CMSIS" value="USBPHY_DEBUG_SET_SQUELCHRESETCOUNT(x)"/>
    </bit_field>
    <bit_field offset="21" width="3" name="RSVD2" access="RO" reset_value="0" description="Reserved.">
      <alias type="CMSIS" value="USBPHY_DEBUG_SET_RSVD2(x)"/>
    </bit_field>
    <bit_field offset="24" width="1" name="ENSQUELCHRESET" access="RW" reset_value="0x1" description="Set bit to allow squelch to reset high-speed receive.">
      <alias type="CMSIS" value="USBPHY_DEBUG_SET_ENSQUELCHRESET(x)"/>
    </bit_field>
    <bit_field offset="25" width="4" name="SQUELCHRESETLENGTH" access="RW" reset_value="0xF" description="Duration of RESET in terms of the number of 480-MHz cycles.">
      <alias type="CMSIS" value="USBPHY_DEBUG_SET_SQUELCHRESETLENGTH(x)"/>
    </bit_field>
    <bit_field offset="29" width="1" name="HOST_RESUME_DEBUG" access="RW" reset_value="0x1" description="Choose to trigger the host resume SE0 with HOST_FORCE_LS_SE0 = 0 or UTMI_SUSPEND = 1.">
      <alias type="CMSIS" value="USBPHY_DEBUG_SET_HOST_RESUME_DEBUG(x)"/>
    </bit_field>
    <bit_field offset="30" width="1" name="CLKGATE" access="RW" reset_value="0x1" description="Gate Test Clocks. Clear to 0 for running clocks. Set to 1 to gate clocks. Set this to save power while the USB is not actively being used. Configuration state is kept while the clock is gated.">
      <alias type="CMSIS" value="USBPHY_DEBUG_SET_CLKGATE(x)"/>
    </bit_field>
    <bit_field offset="31" width="1" name="RSVD3" access="RO" reset_value="0" description="Reserved.">
      <alias type="CMSIS" value="USBPHY_DEBUG_SET_RSVD3(x)"/>
    </bit_field>
  </register>
  <register offset="0x58" width="32" name="DEBUG_CLR" description="USB PHY Debug Register">
    <alias type="CMSIS" value="DEBUG_CLR"/>
    <bit_field offset="0" width="1" name="OTGIDPIOLOCK" access="RW" reset_value="0" description="Once OTG ID from USBPHYx_STATUS_OTGID_STATUS, use this to hold the value. This is to save power for the comparators that are used to determine the ID status.">
      <alias type="CMSIS" value="USBPHY_DEBUG_CLR_OTGIDPIOLOCK(x)"/>
    </bit_field>
    <bit_field offset="1" width="1" name="DEBUG_INTERFACE_HOLD" access="RW" reset_value="0" description="Use holding registers to assist in timing for external UTMI interface.">
      <alias type="CMSIS" value="USBPHY_DEBUG_CLR_DEBUG_INTERFACE_HOLD(x)"/>
    </bit_field>
    <bit_field offset="2" width="2" name="HSTPULLDOWN" access="RW" reset_value="0" description="Set bit 3 to 1 to pull down 15-KOhm on USB_DP line. Set bit 2 to 1 to pull down 15-KOhm on USB_DM line. Clear to 0 to disable.">
      <alias type="CMSIS" value="USBPHY_DEBUG_CLR_HSTPULLDOWN(x)"/>
    </bit_field>
    <bit_field offset="4" width="2" name="ENHSTPULLDOWN" access="RW" reset_value="0" description="Set bit 5 to 1 to override the control of the USB_DP 15-KOhm pulldown. Set bit 4 to 1 to override the control of the USB_DM 15-KOhm pulldown. Clear to 0 to disable.">
      <alias type="CMSIS" value="USBPHY_DEBUG_CLR_ENHSTPULLDOWN(x)"/>
    </bit_field>
    <bit_field offset="6" width="2" name="RSVD0" access="RO" reset_value="0" description="Reserved.">
      <alias type="CMSIS" value="USBPHY_DEBUG_CLR_RSVD0(x)"/>
    </bit_field>
    <bit_field offset="8" width="4" name="TX2RXCOUNT" access="RW" reset_value="0" description="Delay in between the end of transmit to the beginning of receive. This is a Johnson count value and thus will count to 8.">
      <alias type="CMSIS" value="USBPHY_DEBUG_CLR_TX2RXCOUNT(x)"/>
    </bit_field>
    <bit_field offset="12" width="1" name="ENTX2RXCOUNT" access="RW" reset_value="0" description="Set this bit to allow a countdown to transition in between TX and RX.">
      <alias type="CMSIS" value="USBPHY_DEBUG_CLR_ENTX2RXCOUNT(x)"/>
    </bit_field>
    <bit_field offset="13" width="3" name="RSVD1" access="RO" reset_value="0" description="Reserved.">
      <alias type="CMSIS" value="USBPHY_DEBUG_CLR_RSVD1(x)"/>
    </bit_field>
    <bit_field offset="16" width="5" name="SQUELCHRESETCOUNT" access="RW" reset_value="0x18" description="Delay in between the detection of squelch to the reset of high-speed RX.">
      <alias type="CMSIS" value="USBPHY_DEBUG_CLR_SQUELCHRESETCOUNT(x)"/>
    </bit_field>
    <bit_field offset="21" width="3" name="RSVD2" access="RO" reset_value="0" description="Reserved.">
      <alias type="CMSIS" value="USBPHY_DEBUG_CLR_RSVD2(x)"/>
    </bit_field>
    <bit_field offset="24" width="1" name="ENSQUELCHRESET" access="RW" reset_value="0x1" description="Set bit to allow squelch to reset high-speed receive.">
      <alias type="CMSIS" value="USBPHY_DEBUG_CLR_ENSQUELCHRESET(x)"/>
    </bit_field>
    <bit_field offset="25" width="4" name="SQUELCHRESETLENGTH" access="RW" reset_value="0xF" description="Duration of RESET in terms of the number of 480-MHz cycles.">
      <alias type="CMSIS" value="USBPHY_DEBUG_CLR_SQUELCHRESETLENGTH(x)"/>
    </bit_field>
    <bit_field offset="29" width="1" name="HOST_RESUME_DEBUG" access="RW" reset_value="0x1" description="Choose to trigger the host resume SE0 with HOST_FORCE_LS_SE0 = 0 or UTMI_SUSPEND = 1.">
      <alias type="CMSIS" value="USBPHY_DEBUG_CLR_HOST_RESUME_DEBUG(x)"/>
    </bit_field>
    <bit_field offset="30" width="1" name="CLKGATE" access="RW" reset_value="0x1" description="Gate Test Clocks. Clear to 0 for running clocks. Set to 1 to gate clocks. Set this to save power while the USB is not actively being used. Configuration state is kept while the clock is gated.">
      <alias type="CMSIS" value="USBPHY_DEBUG_CLR_CLKGATE(x)"/>
    </bit_field>
    <bit_field offset="31" width="1" name="RSVD3" access="RO" reset_value="0" description="Reserved.">
      <alias type="CMSIS" value="USBPHY_DEBUG_CLR_RSVD3(x)"/>
    </bit_field>
  </register>
  <register offset="0x5C" width="32" name="DEBUG_TOG" description="USB PHY Debug Register">
    <alias type="CMSIS" value="DEBUG_TOG"/>
    <bit_field offset="0" width="1" name="OTGIDPIOLOCK" access="RW" reset_value="0" description="Once OTG ID from USBPHYx_STATUS_OTGID_STATUS, use this to hold the value. This is to save power for the comparators that are used to determine the ID status.">
      <alias type="CMSIS" value="USBPHY_DEBUG_TOG_OTGIDPIOLOCK(x)"/>
    </bit_field>
    <bit_field offset="1" width="1" name="DEBUG_INTERFACE_HOLD" access="RW" reset_value="0" description="Use holding registers to assist in timing for external UTMI interface.">
      <alias type="CMSIS" value="USBPHY_DEBUG_TOG_DEBUG_INTERFACE_HOLD(x)"/>
    </bit_field>
    <bit_field offset="2" width="2" name="HSTPULLDOWN" access="RW" reset_value="0" description="Set bit 3 to 1 to pull down 15-KOhm on USB_DP line. Set bit 2 to 1 to pull down 15-KOhm on USB_DM line. Clear to 0 to disable.">
      <alias type="CMSIS" value="USBPHY_DEBUG_TOG_HSTPULLDOWN(x)"/>
    </bit_field>
    <bit_field offset="4" width="2" name="ENHSTPULLDOWN" access="RW" reset_value="0" description="Set bit 5 to 1 to override the control of the USB_DP 15-KOhm pulldown. Set bit 4 to 1 to override the control of the USB_DM 15-KOhm pulldown. Clear to 0 to disable.">
      <alias type="CMSIS" value="USBPHY_DEBUG_TOG_ENHSTPULLDOWN(x)"/>
    </bit_field>
    <bit_field offset="6" width="2" name="RSVD0" access="RO" reset_value="0" description="Reserved.">
      <alias type="CMSIS" value="USBPHY_DEBUG_TOG_RSVD0(x)"/>
    </bit_field>
    <bit_field offset="8" width="4" name="TX2RXCOUNT" access="RW" reset_value="0" description="Delay in between the end of transmit to the beginning of receive. This is a Johnson count value and thus will count to 8.">
      <alias type="CMSIS" value="USBPHY_DEBUG_TOG_TX2RXCOUNT(x)"/>
    </bit_field>
    <bit_field offset="12" width="1" name="ENTX2RXCOUNT" access="RW" reset_value="0" description="Set this bit to allow a countdown to transition in between TX and RX.">
      <alias type="CMSIS" value="USBPHY_DEBUG_TOG_ENTX2RXCOUNT(x)"/>
    </bit_field>
    <bit_field offset="13" width="3" name="RSVD1" access="RO" reset_value="0" description="Reserved.">
      <alias type="CMSIS" value="USBPHY_DEBUG_TOG_RSVD1(x)"/>
    </bit_field>
    <bit_field offset="16" width="5" name="SQUELCHRESETCOUNT" access="RW" reset_value="0x18" description="Delay in between the detection of squelch to the reset of high-speed RX.">
      <alias type="CMSIS" value="USBPHY_DEBUG_TOG_SQUELCHRESETCOUNT(x)"/>
    </bit_field>
    <bit_field offset="21" width="3" name="RSVD2" access="RO" reset_value="0" description="Reserved.">
      <alias type="CMSIS" value="USBPHY_DEBUG_TOG_RSVD2(x)"/>
    </bit_field>
    <bit_field offset="24" width="1" name="ENSQUELCHRESET" access="RW" reset_value="0x1" description="Set bit to allow squelch to reset high-speed receive.">
      <alias type="CMSIS" value="USBPHY_DEBUG_TOG_ENSQUELCHRESET(x)"/>
    </bit_field>
    <bit_field offset="25" width="4" name="SQUELCHRESETLENGTH" access="RW" reset_value="0xF" description="Duration of RESET in terms of the number of 480-MHz cycles.">
      <alias type="CMSIS" value="USBPHY_DEBUG_TOG_SQUELCHRESETLENGTH(x)"/>
    </bit_field>
    <bit_field offset="29" width="1" name="HOST_RESUME_DEBUG" access="RW" reset_value="0x1" description="Choose to trigger the host resume SE0 with HOST_FORCE_LS_SE0 = 0 or UTMI_SUSPEND = 1.">
      <alias type="CMSIS" value="USBPHY_DEBUG_TOG_HOST_RESUME_DEBUG(x)"/>
    </bit_field>
    <bit_field offset="30" width="1" name="CLKGATE" access="RW" reset_value="0x1" description="Gate Test Clocks. Clear to 0 for running clocks. Set to 1 to gate clocks. Set this to save power while the USB is not actively being used. Configuration state is kept while the clock is gated.">
      <alias type="CMSIS" value="USBPHY_DEBUG_TOG_CLKGATE(x)"/>
    </bit_field>
    <bit_field offset="31" width="1" name="RSVD3" access="RO" reset_value="0" description="Reserved.">
      <alias type="CMSIS" value="USBPHY_DEBUG_TOG_RSVD3(x)"/>
    </bit_field>
  </register>
  <register offset="0x60" width="32" name="DEBUG0_STATUS" description="UTMI Debug Status Register 0">
    <alias type="CMSIS" value="DEBUG0_STATUS"/>
    <bit_field offset="0" width="16" name="LOOP_BACK_FAIL_COUNT" access="RO" reset_value="0" description="Running count of the failed pseudo-random generator loopback. Each time entering testmode, counter goes to 900D and will count up for every detected packet failure in digital/analog loopback tests.">
      <alias type="CMSIS" value="USBPHY_DEBUG0_STATUS_LOOP_BACK_FAIL_COUNT(x)"/>
    </bit_field>
    <bit_field offset="16" width="10" name="UTMI_RXERROR_FAIL_COUNT" access="RO" reset_value="0" description="Running count of the UTMI_RXERROR.">
      <alias type="CMSIS" value="USBPHY_DEBUG0_STATUS_UTMI_RXERROR_FAIL_COUNT(x)"/>
    </bit_field>
    <bit_field offset="26" width="6" name="SQUELCH_COUNT" access="RO" reset_value="0" description="Running count of the squelch reset instead of normal end for HS RX.">
      <alias type="CMSIS" value="USBPHY_DEBUG0_STATUS_SQUELCH_COUNT(x)"/>
    </bit_field>
  </register>
  <register offset="0x70" width="32" name="DEBUG1" description="UTMI Debug Status Register 1">
    <alias type="CMSIS" value="DEBUG1"/>
    <bit_field offset="0" width="13" name="RSVD0" access="RW" reset_value="0x1000" description="Reserved. Note: This bit should remain clear.">
      <alias type="CMSIS" value="USBPHY_DEBUG1_RSVD0(x)"/>
    </bit_field>
    <bit_field offset="13" width="2" name="ENTAILADJVD" access="RW" reset_value="0" description="Delay increment of the rise of squelch: 00 = Delay is nominal 01 = Delay is +20% 10 = Delay is -20% 11 = Delay is -40%">
      <alias type="CMSIS" value="USBPHY_DEBUG1_ENTAILADJVD(x)"/>
    </bit_field>
    <bit_field offset="15" width="17" name="RSVD1" access="RO" reset_value="0" description="Reserved.">
      <alias type="CMSIS" value="USBPHY_DEBUG1_RSVD1(x)"/>
    </bit_field>
  </register>
  <register offset="0x74" width="32" name="DEBUG1_SET" description="UTMI Debug Status Register 1">
    <alias type="CMSIS" value="DEBUG1_SET"/>
    <bit_field offset="0" width="13" name="RSVD0" access="RW" reset_value="0x1000" description="Reserved. Note: This bit should remain clear.">
      <alias type="CMSIS" value="USBPHY_DEBUG1_SET_RSVD0(x)"/>
    </bit_field>
    <bit_field offset="13" width="2" name="ENTAILADJVD" access="RW" reset_value="0" description="Delay increment of the rise of squelch: 00 = Delay is nominal 01 = Delay is +20% 10 = Delay is -20% 11 = Delay is -40%">
      <alias type="CMSIS" value="USBPHY_DEBUG1_SET_ENTAILADJVD(x)"/>
    </bit_field>
    <bit_field offset="15" width="17" name="RSVD1" access="RO" reset_value="0" description="Reserved.">
      <alias type="CMSIS" value="USBPHY_DEBUG1_SET_RSVD1(x)"/>
    </bit_field>
  </register>
  <register offset="0x78" width="32" name="DEBUG1_CLR" description="UTMI Debug Status Register 1">
    <alias type="CMSIS" value="DEBUG1_CLR"/>
    <bit_field offset="0" width="13" name="RSVD0" access="RW" reset_value="0x1000" description="Reserved. Note: This bit should remain clear.">
      <alias type="CMSIS" value="USBPHY_DEBUG1_CLR_RSVD0(x)"/>
    </bit_field>
    <bit_field offset="13" width="2" name="ENTAILADJVD" access="RW" reset_value="0" description="Delay increment of the rise of squelch: 00 = Delay is nominal 01 = Delay is +20% 10 = Delay is -20% 11 = Delay is -40%">
      <alias type="CMSIS" value="USBPHY_DEBUG1_CLR_ENTAILADJVD(x)"/>
    </bit_field>
    <bit_field offset="15" width="17" name="RSVD1" access="RO" reset_value="0" description="Reserved.">
      <alias type="CMSIS" value="USBPHY_DEBUG1_CLR_RSVD1(x)"/>
    </bit_field>
  </register>
  <register offset="0x7C" width="32" name="DEBUG1_TOG" description="UTMI Debug Status Register 1">
    <alias type="CMSIS" value="DEBUG1_TOG"/>
    <bit_field offset="0" width="13" name="RSVD0" access="RW" reset_value="0x1000" description="Reserved. Note: This bit should remain clear.">
      <alias type="CMSIS" value="USBPHY_DEBUG1_TOG_RSVD0(x)"/>
    </bit_field>
    <bit_field offset="13" width="2" name="ENTAILADJVD" access="RW" reset_value="0" description="Delay increment of the rise of squelch: 00 = Delay is nominal 01 = Delay is +20% 10 = Delay is -20% 11 = Delay is -40%">
      <alias type="CMSIS" value="USBPHY_DEBUG1_TOG_ENTAILADJVD(x)"/>
    </bit_field>
    <bit_field offset="15" width="17" name="RSVD1" access="RO" reset_value="0" description="Reserved.">
      <alias type="CMSIS" value="USBPHY_DEBUG1_TOG_RSVD1(x)"/>
    </bit_field>
  </register>
  <register offset="0x80" width="32" name="VERSION" description="UTMI RTL Version">
    <alias type="CMSIS" value="VERSION"/>
    <bit_field offset="0" width="16" name="STEP" access="RO" reset_value="0" description="Fixed read-only value reflecting the stepping of the RTL version.">
      <alias type="CMSIS" value="USBPHY_VERSION_STEP(x)"/>
    </bit_field>
    <bit_field offset="16" width="8" name="MINOR" access="RO" reset_value="0x3" description="Fixed read-only value reflecting the MINOR field of the RTL version.">
      <alias type="CMSIS" value="USBPHY_VERSION_MINOR(x)"/>
    </bit_field>
    <bit_field offset="24" width="8" name="MAJOR" access="RO" reset_value="0x4" description="Fixed read-only value reflecting the MAJOR field of the RTL version.">
      <alias type="CMSIS" value="USBPHY_VERSION_MAJOR(x)"/>
    </bit_field>
  </register>
</regs:peripheral>