<?xml version="1.0"?>
<regs:peripheral xmlns:regs="http://swtools.freescale.net/XSD/registers/4.0/regsPeripheral.xsd" xmlns:xsi="http://www.w3.org/2001/XMLSchema-instance" xsi:schemaLocation="http://swtools.freescale.net/XSD/registers/4.0/regsPeripheral.xsd http://swtools.freescale.net/XSD/registers/4.0/regsPeripheral.xsd">
  <register offset="0" width="32" name="DS_ADDR" description="DMA System Address">
    <alias type="CMSIS" value="DS_ADDR"/>
    <bit_field offset="0" width="32" name="DS_ADDR" access="RW" reset_value="0" description="System address">
      <alias type="CMSIS" value="USDHC_DS_ADDR_DS_ADDR(x)"/>
    </bit_field>
  </register>
  <register offset="0x4" width="32" name="BLK_ATT" description="Block Attributes">
    <alias type="CMSIS" value="BLK_ATT"/>
    <bit_field offset="0" width="13" name="BLKSIZE" access="RW" reset_value="0" description="Transfer block size">
      <alias type="CMSIS" value="USDHC_BLK_ATT_BLKSIZE(x)"/>
      <bit_field_value name="BLK_ATT_BLKSIZE_0b0000000000000" value="0b0000000000000" description="No data transfer"/>
      <bit_field_value name="BLK_ATT_BLKSIZE_0b0000000000001" value="0b0000000000001" description="1 byte"/>
      <bit_field_value name="BLK_ATT_BLKSIZE_0b0000000000010" value="0b0000000000010" description="2 bytes"/>
      <bit_field_value name="BLK_ATT_BLKSIZE_0b0000000000011" value="0b0000000000011" description="3 bytes"/>
      <bit_field_value name="BLK_ATT_BLKSIZE_0b0000000000100" value="0b0000000000100" description="4 bytes"/>
      <bit_field_value name="BLK_ATT_BLKSIZE_0b0000111111111" value="0b0000111111111" description="511 bytes"/>
      <bit_field_value name="BLK_ATT_BLKSIZE_0b0001000000000" value="0b0001000000000" description="512 bytes"/>
      <bit_field_value name="BLK_ATT_BLKSIZE_0b0100000000000" value="0b0100000000000" description="2048 bytes"/>
      <bit_field_value name="BLK_ATT_BLKSIZE_0b1000000000000" value="0b1000000000000" description="4096 bytes"/>
    </bit_field>
    <reserved_bit_field offset="13" width="3" reset_value="0"/>
    <bit_field offset="16" width="16" name="BLKCNT" access="RW" reset_value="0x1" description="Blocks count for current transfer">
      <alias type="CMSIS" value="USDHC_BLK_ATT_BLKCNT(x)"/>
      <bit_field_value name="BLK_ATT_BLKCNT_0b0000000000000000" value="0b0000000000000000" description="Stop count"/>
      <bit_field_value name="BLK_ATT_BLKCNT_0b0000000000000001" value="0b0000000000000001" description="1 block"/>
      <bit_field_value name="BLK_ATT_BLKCNT_0b0000000000000010" value="0b0000000000000010" description="2 blocks"/>
      <bit_field_value name="BLK_ATT_BLKCNT_0b1111111111111111" value="0b1111111111111111" description="65535 blocks"/>
    </bit_field>
  </register>
  <register offset="0x8" width="32" name="CMD_ARG" description="Command Argument">
    <alias type="CMSIS" value="CMD_ARG"/>
    <bit_field offset="0" width="32" name="CMDARG" access="RW" reset_value="0" description="Command argument">
      <alias type="CMSIS" value="USDHC_CMD_ARG_CMDARG(x)"/>
    </bit_field>
  </register>
  <register offset="0xC" width="32" name="CMD_XFR_TYP" description="Command Transfer Type">
    <alias type="CMSIS" value="CMD_XFR_TYP"/>
    <reserved_bit_field offset="0" width="16" reset_value="0"/>
    <bit_field offset="16" width="2" name="RSPTYP" access="RW" reset_value="0" description="Response type select">
      <alias type="CMSIS" value="USDHC_CMD_XFR_TYP_RSPTYP(x)"/>
      <bit_field_value name="CMD_XFR_TYP_RSPTYP_0b00" value="0b00" description="No response"/>
      <bit_field_value name="CMD_XFR_TYP_RSPTYP_0b01" value="0b01" description="Response length 136"/>
      <bit_field_value name="CMD_XFR_TYP_RSPTYP_0b10" value="0b10" description="Response length 48"/>
      <bit_field_value name="CMD_XFR_TYP_RSPTYP_0b11" value="0b11" description="Response length 48, check busy after response"/>
    </bit_field>
    <reserved_bit_field offset="18" width="1" reset_value="0"/>
    <bit_field offset="19" width="1" name="CCCEN" access="RW" reset_value="0" description="Command CRC check enable">
      <alias type="CMSIS" value="USDHC_CMD_XFR_TYP_CCCEN(x)"/>
      <bit_field_value name="CMD_XFR_TYP_CCCEN_0b0" value="0b0" description="Disables command CRC check"/>
      <bit_field_value name="CMD_XFR_TYP_CCCEN_0b1" value="0b1" description="Enables command CRC check"/>
    </bit_field>
    <bit_field offset="20" width="1" name="CICEN" access="RW" reset_value="0" description="Command index check enable">
      <alias type="CMSIS" value="USDHC_CMD_XFR_TYP_CICEN(x)"/>
      <bit_field_value name="CMD_XFR_TYP_CICEN_0b0" value="0b0" description="Disable command index check"/>
      <bit_field_value name="CMD_XFR_TYP_CICEN_0b1" value="0b1" description="Enables command index check"/>
    </bit_field>
    <bit_field offset="21" width="1" name="DPSEL" access="RW" reset_value="0" description="Data present select">
      <alias type="CMSIS" value="USDHC_CMD_XFR_TYP_DPSEL(x)"/>
      <bit_field_value name="CMD_XFR_TYP_DPSEL_0b0" value="0b0" description="No data present"/>
      <bit_field_value name="CMD_XFR_TYP_DPSEL_0b1" value="0b1" description="Data present"/>
    </bit_field>
    <bit_field offset="22" width="2" name="CMDTYP" access="RW" reset_value="0" description="Command type">
      <alias type="CMSIS" value="USDHC_CMD_XFR_TYP_CMDTYP(x)"/>
      <bit_field_value name="CMD_XFR_TYP_CMDTYP_0b00" value="0b00" description="Normal other commands"/>
      <bit_field_value name="CMD_XFR_TYP_CMDTYP_0b01" value="0b01" description="Suspend CMD52 for writing bus suspend in CCCR"/>
      <bit_field_value name="CMD_XFR_TYP_CMDTYP_0b10" value="0b10" description="Resume CMD52 for writing function select in CCCR"/>
      <bit_field_value name="CMD_XFR_TYP_CMDTYP_0b11" value="0b11" description="Abort CMD12, CMD52 for writing I/O Abort in CCCR"/>
    </bit_field>
    <bit_field offset="24" width="6" name="CMDINX" access="RW" reset_value="0" description="Command index">
      <alias type="CMSIS" value="USDHC_CMD_XFR_TYP_CMDINX(x)"/>
    </bit_field>
    <reserved_bit_field offset="30" width="2" reset_value="0"/>
  </register>
  <register offset="0x10" width="32" name="CMD_RSP0" description="Command Response0">
    <alias type="CMSIS" value="CMD_RSP0"/>
    <bit_field offset="0" width="32" name="CMDRSP0" access="RO" reset_value="0" description="Command response 0">
      <alias type="CMSIS" value="USDHC_CMD_RSP0_CMDRSP0(x)"/>
    </bit_field>
  </register>
  <register offset="0x14" width="32" name="CMD_RSP1" description="Command Response1">
    <alias type="CMSIS" value="CMD_RSP1"/>
    <bit_field offset="0" width="32" name="CMDRSP1" access="RO" reset_value="0" description="Command response 1">
      <alias type="CMSIS" value="USDHC_CMD_RSP1_CMDRSP1(x)"/>
    </bit_field>
  </register>
  <register offset="0x18" width="32" name="CMD_RSP2" description="Command Response2">
    <alias type="CMSIS" value="CMD_RSP2"/>
    <bit_field offset="0" width="32" name="CMDRSP2" access="RO" reset_value="0" description="Command response 2">
      <alias type="CMSIS" value="USDHC_CMD_RSP2_CMDRSP2(x)"/>
    </bit_field>
  </register>
  <register offset="0x1C" width="32" name="CMD_RSP3" description="Command Response3">
    <alias type="CMSIS" value="CMD_RSP3"/>
    <bit_field offset="0" width="32" name="CMDRSP3" access="RO" reset_value="0" description="Command response 3">
      <alias type="CMSIS" value="USDHC_CMD_RSP3_CMDRSP3(x)"/>
    </bit_field>
  </register>
  <register offset="0x20" width="32" name="DATA_BUFF_ACC_PORT" description="Data Buffer Access Port">
    <alias type="CMSIS" value="DATA_BUFF_ACC_PORT"/>
    <bit_field offset="0" width="32" name="DATCONT" access="RW" reset_value="0" description="Data content">
      <alias type="CMSIS" value="USDHC_DATA_BUFF_ACC_PORT_DATCONT(x)"/>
    </bit_field>
  </register>
  <register offset="0x24" width="32" name="PRES_STATE" description="Present State">
    <alias type="CMSIS" value="PRES_STATE"/>
    <bit_field offset="0" width="1" name="CIHB" access="RO" reset_value="0" description="Command inhibit (CMD)">
      <alias type="CMSIS" value="USDHC_PRES_STATE_CIHB(x)"/>
      <bit_field_value name="PRES_STATE_CIHB_0b0" value="0b0" description="Can issue command using only CMD line"/>
      <bit_field_value name="PRES_STATE_CIHB_0b1" value="0b1" description="Cannot issue command"/>
    </bit_field>
    <bit_field offset="1" width="1" name="CDIHB" access="RO" reset_value="0" description="Command inhibit (DATA)">
      <alias type="CMSIS" value="USDHC_PRES_STATE_CDIHB(x)"/>
      <bit_field_value name="PRES_STATE_CDIHB_0b0" value="0b0" description="Can issue command that uses the DATA line"/>
      <bit_field_value name="PRES_STATE_CDIHB_0b1" value="0b1" description="Cannot issue command that uses the DATA line"/>
    </bit_field>
    <bit_field offset="2" width="1" name="DLA" access="RO" reset_value="0" description="Data line active">
      <alias type="CMSIS" value="USDHC_PRES_STATE_DLA(x)"/>
      <bit_field_value name="PRES_STATE_DLA_0b0" value="0b0" description="DATA line inactive"/>
      <bit_field_value name="PRES_STATE_DLA_0b1" value="0b1" description="DATA line active"/>
    </bit_field>
    <bit_field offset="3" width="1" name="SDSTB" access="RO" reset_value="0" description="SD clock stable">
      <alias type="CMSIS" value="USDHC_PRES_STATE_SDSTB(x)"/>
      <bit_field_value name="PRES_STATE_SDSTB_0b0" value="0b0" description="Clock is changing frequency and not stable."/>
      <bit_field_value name="PRES_STATE_SDSTB_0b1" value="0b1" description="Clock is stable."/>
    </bit_field>
    <bit_field offset="4" width="1" name="IPGOFF" access="RO" reset_value="0" description="Peripheral clock gated off internally">
      <alias type="CMSIS" value="USDHC_PRES_STATE_IPGOFF(x)"/>
      <bit_field_value name="PRES_STATE_IPGOFF_0b0" value="0b0" description="Peripheral clock is active."/>
      <bit_field_value name="PRES_STATE_IPGOFF_0b1" value="0b1" description="Peripheral clock is gated off."/>
    </bit_field>
    <bit_field offset="5" width="1" name="HCKOFF" access="RO" reset_value="0" description="HCLK gated off internally">
      <alias type="CMSIS" value="USDHC_PRES_STATE_HCKOFF(x)"/>
      <bit_field_value name="PRES_STATE_HCKOFF_0b0" value="0b0" description="HCLK is active."/>
      <bit_field_value name="PRES_STATE_HCKOFF_0b1" value="0b1" description="HCLK is gated off."/>
    </bit_field>
    <bit_field offset="6" width="1" name="PEROFF" access="RO" reset_value="0" description="IPG_PERCLK gated off internally">
      <alias type="CMSIS" value="USDHC_PRES_STATE_PEROFF(x)"/>
      <bit_field_value name="PRES_STATE_PEROFF_0b0" value="0b0" description="IPG_PERCLK is active."/>
      <bit_field_value name="PRES_STATE_PEROFF_0b1" value="0b1" description="IPG_PERCLK is gated off."/>
    </bit_field>
    <bit_field offset="7" width="1" name="SDOFF" access="RO" reset_value="0x1" description="SD clock gated off internally">
      <alias type="CMSIS" value="USDHC_PRES_STATE_SDOFF(x)"/>
      <bit_field_value name="PRES_STATE_SDOFF_0b0" value="0b0" description="SD clock is active."/>
      <bit_field_value name="PRES_STATE_SDOFF_0b1" value="0b1" description="SD clock is gated off."/>
    </bit_field>
    <bit_field offset="8" width="1" name="WTA" access="RO" reset_value="0" description="Write transfer active">
      <alias type="CMSIS" value="USDHC_PRES_STATE_WTA(x)"/>
      <bit_field_value name="PRES_STATE_WTA_0b0" value="0b0" description="No valid data"/>
      <bit_field_value name="PRES_STATE_WTA_0b1" value="0b1" description="Transferring data"/>
    </bit_field>
    <bit_field offset="9" width="1" name="RTA" access="RO" reset_value="0" description="Read transfer active">
      <alias type="CMSIS" value="USDHC_PRES_STATE_RTA(x)"/>
      <bit_field_value name="PRES_STATE_RTA_0b0" value="0b0" description="No valid data"/>
      <bit_field_value name="PRES_STATE_RTA_0b1" value="0b1" description="Transferring data"/>
    </bit_field>
    <bit_field offset="10" width="1" name="BWEN" access="RO" reset_value="0" description="Buffer write enable">
      <alias type="CMSIS" value="USDHC_PRES_STATE_BWEN(x)"/>
      <bit_field_value name="PRES_STATE_BWEN_0b0" value="0b0" description="Write disable"/>
      <bit_field_value name="PRES_STATE_BWEN_0b1" value="0b1" description="Write enable"/>
    </bit_field>
    <bit_field offset="11" width="1" name="BREN" access="RO" reset_value="0" description="Buffer read enable">
      <alias type="CMSIS" value="USDHC_PRES_STATE_BREN(x)"/>
      <bit_field_value name="PRES_STATE_BREN_0b0" value="0b0" description="Read disable"/>
      <bit_field_value name="PRES_STATE_BREN_0b1" value="0b1" description="Read enable"/>
    </bit_field>
    <bit_field offset="12" width="1" name="RTR" access="RO" reset_value="0" description="Re-Tuning Request (only for SD3.0 SDR104 mode and EMMC HS200 mode)">
      <alias type="CMSIS" value="USDHC_PRES_STATE_RTR(x)"/>
      <bit_field_value name="PRES_STATE_RTR_0b0" value="0b0" description="Fixed or well tuned sampling clock"/>
      <bit_field_value name="PRES_STATE_RTR_0b1" value="0b1" description="Sampling clock needs re-tuning"/>
    </bit_field>
    <reserved_bit_field offset="13" width="2" reset_value="0"/>
    <bit_field offset="15" width="1" name="TSCD" access="RO" reset_value="0x1" description="Tape select change done">
      <alias type="CMSIS" value="USDHC_PRES_STATE_TSCD(x)"/>
      <bit_field_value name="PRES_STATE_TSCD_0b0" value="0b0" description="Delay cell select change is not finished."/>
      <bit_field_value name="PRES_STATE_TSCD_0b1" value="0b1" description="Delay cell select change is finished."/>
    </bit_field>
    <bit_field offset="16" width="1" name="CINST" access="RO" reset_value="0" reset_mask="0" description="Card inserted">
      <alias type="CMSIS" value="USDHC_PRES_STATE_CINST(x)"/>
      <bit_field_value name="PRES_STATE_CINST_0b0" value="0b0" description="Power on reset or no card"/>
      <bit_field_value name="PRES_STATE_CINST_0b1" value="0b1" description="Card inserted"/>
    </bit_field>
    <reserved_bit_field offset="17" width="1" reset_value="0"/>
    <reserved_bit_field offset="18" width="1" reset_value="0"/>
    <reserved_bit_field offset="19" width="1" reset_value="0"/>
    <reserved_bit_field offset="20" width="3" reset_value="0"/>
    <bit_field offset="23" width="1" name="CLSL" access="RO" reset_value="0" reset_mask="0" description="CMD line signal level">
      <alias type="CMSIS" value="USDHC_PRES_STATE_CLSL(x)"/>
    </bit_field>
    <bit_field offset="24" width="8" name="DLSL" access="RO" reset_value="0" reset_mask="0" description="DATA[7:0] line signal level">
      <alias type="CMSIS" value="USDHC_PRES_STATE_DLSL(x)"/>
      <bit_field_value name="PRES_STATE_DLSL_DATA0" value="0b00000000" description="Data 0 line signal level"/>
      <bit_field_value name="PRES_STATE_DLSL_DATA1" value="0b00000001" description="Data 1 line signal level"/>
      <bit_field_value name="PRES_STATE_DLSL_DATA2" value="0b00000010" description="Data 2 line signal level"/>
      <bit_field_value name="PRES_STATE_DLSL_DATA3" value="0b00000011" description="Data 3 line signal level"/>
      <bit_field_value name="PRES_STATE_DLSL_DATA4" value="0b00000100" description="Data 4 line signal level"/>
      <bit_field_value name="PRES_STATE_DLSL_DATA5" value="0b00000101" description="Data 5 line signal level"/>
      <bit_field_value name="PRES_STATE_DLSL_DATA6" value="0b00000110" description="Data 6 line signal level"/>
      <bit_field_value name="PRES_STATE_DLSL_DATA7" value="0b00000111" description="Data 7 line signal level"/>
    </bit_field>
  </register>
  <register offset="0x28" width="32" name="PROT_CTRL" description="Protocol Control">
    <alias type="CMSIS" value="PROT_CTRL"/>
    <reserved_bit_field offset="0" width="1" reset_value="0"/>
    <bit_field offset="1" width="2" name="DTW" access="RW" reset_value="0" description="Data transfer width">
      <alias type="CMSIS" value="USDHC_PROT_CTRL_DTW(x)"/>
      <bit_field_value name="PROT_CTRL_DTW_0b00" value="0b00" description="1-bit mode"/>
      <bit_field_value name="PROT_CTRL_DTW_0b01" value="0b01" description="4-bit mode"/>
      <bit_field_value name="PROT_CTRL_DTW_0b10" value="0b10" description="8-bit mode"/>
      <bit_field_value name="PROT_CTRL_DTW_0b11" value="0b11" description="Reserved"/>
    </bit_field>
    <bit_field offset="3" width="1" name="D3CD" access="RW" reset_value="0" description="DATA3 as card detection pin">
      <alias type="CMSIS" value="USDHC_PROT_CTRL_D3CD(x)"/>
      <bit_field_value name="PROT_CTRL_D3CD_0b0" value="0b0" description="DATA3 does not monitor card insertion"/>
      <bit_field_value name="PROT_CTRL_D3CD_0b1" value="0b1" description="DATA3 as card detection pin"/>
    </bit_field>
    <bit_field offset="4" width="2" name="EMODE" access="RW" reset_value="0x2" description="Endian mode">
      <alias type="CMSIS" value="USDHC_PROT_CTRL_EMODE(x)"/>
      <bit_field_value name="PROT_CTRL_EMODE_0b00" value="0b00" description="Big endian mode"/>
      <bit_field_value name="PROT_CTRL_EMODE_0b01" value="0b01" description="Half word big endian mode"/>
      <bit_field_value name="PROT_CTRL_EMODE_0b10" value="0b10" description="Little endian mode"/>
      <bit_field_value name="PROT_CTRL_EMODE_0b11" value="0b11" description="Reserved"/>
    </bit_field>
    <reserved_bit_field offset="6" width="1" reset_value="0"/>
    <reserved_bit_field offset="7" width="1" reset_value="0"/>
    <bit_field offset="8" width="2" name="DMASEL" access="RW" reset_value="0" description="DMA select">
      <alias type="CMSIS" value="USDHC_PROT_CTRL_DMASEL(x)"/>
      <bit_field_value name="PROT_CTRL_DMASEL_0b00" value="0b00" description="No DMA or simple DMA is selected."/>
      <bit_field_value name="PROT_CTRL_DMASEL_0b01" value="0b01" description="ADMA1 is selected."/>
      <bit_field_value name="PROT_CTRL_DMASEL_0b10" value="0b10" description="ADMA2 is selected."/>
      <bit_field_value name="PROT_CTRL_DMASEL_0b11" value="0b11" description="Reserved"/>
    </bit_field>
    <reserved_bit_field offset="10" width="6" reset_value="0"/>
    <bit_field offset="16" width="1" name="SABGREQ" access="RW" reset_value="0" description="Stop at block gap request">
      <alias type="CMSIS" value="USDHC_PROT_CTRL_SABGREQ(x)"/>
      <bit_field_value name="PROT_CTRL_SABGREQ_0b0" value="0b0" description="Transfer"/>
      <bit_field_value name="PROT_CTRL_SABGREQ_0b1" value="0b1" description="Stop"/>
    </bit_field>
    <bit_field offset="17" width="1" name="CREQ" access="RW" reset_value="0" description="Continue request">
      <alias type="CMSIS" value="USDHC_PROT_CTRL_CREQ(x)"/>
      <bit_field_value name="PROT_CTRL_CREQ_0b0" value="0b0" description="No effect"/>
      <bit_field_value name="PROT_CTRL_CREQ_0b1" value="0b1" description="Restart"/>
    </bit_field>
    <bit_field offset="18" width="1" name="RWCTL" access="RW" reset_value="0" description="Read wait control">
      <alias type="CMSIS" value="USDHC_PROT_CTRL_RWCTL(x)"/>
      <bit_field_value name="PROT_CTRL_RWCTL_0b0" value="0b0" description="Disables read wait control and stop SD clock at block gap when SABGREQ field is set"/>
      <bit_field_value name="PROT_CTRL_RWCTL_0b1" value="0b1" description="Enables read wait control and assert read wait without stopping SD clock at block gap when SABGREQ field is set"/>
    </bit_field>
    <bit_field offset="19" width="1" name="IABG" access="RW" reset_value="0" description="Interrupt at block gap">
      <alias type="CMSIS" value="USDHC_PROT_CTRL_IABG(x)"/>
      <bit_field_value name="PROT_CTRL_IABG_0b0" value="0b0" description="Disables interrupt at block gap"/>
      <bit_field_value name="PROT_CTRL_IABG_0b1" value="0b1" description="Enables interrupt at block gap"/>
    </bit_field>
    <bit_field offset="20" width="1" name="RD_DONE_NO_8CLK" access="RW" reset_value="0" description="Read performed number 8 clock">
      <alias type="CMSIS" value="USDHC_PROT_CTRL_RD_DONE_NO_8CLK(x)"/>
    </bit_field>
    <reserved_bit_field offset="21" width="3" reset_value="0x4"/>
    <bit_field offset="24" width="1" name="WECINT" access="RW" reset_value="0" description="Wakeup event enable on card interrupt">
      <alias type="CMSIS" value="USDHC_PROT_CTRL_WECINT(x)"/>
      <bit_field_value name="PROT_CTRL_WECINT_0b0" value="0b0" description="Disables wakeup event enable on card interrupt"/>
      <bit_field_value name="PROT_CTRL_WECINT_0b1" value="0b1" description="Enables wakeup event enable on card interrupt"/>
    </bit_field>
    <bit_field offset="25" width="1" name="WECINS" access="RW" reset_value="0" description="Wakeup event enable on SD card insertion">
      <alias type="CMSIS" value="USDHC_PROT_CTRL_WECINS(x)"/>
      <bit_field_value name="PROT_CTRL_WECINS_0b0" value="0b0" description="Disable wakeup event enable on SD card insertion"/>
      <bit_field_value name="PROT_CTRL_WECINS_0b1" value="0b1" description="Enable wakeup event enable on SD card insertion"/>
    </bit_field>
    <bit_field offset="26" width="1" name="WECRM" access="RW" reset_value="0" description="Wakeup event enable on SD card removal">
      <alias type="CMSIS" value="USDHC_PROT_CTRL_WECRM(x)"/>
      <bit_field_value name="PROT_CTRL_WECRM_0b0" value="0b0" description="Disables wakeup event enable on SD card removal"/>
      <bit_field_value name="PROT_CTRL_WECRM_0b1" value="0b1" description="Enables wakeup event enable on SD card removal"/>
    </bit_field>
    <bit_field offset="27" width="3" name="BURST_LEN_EN" access="RW" reset_value="0x1" description="BURST length enable for INCR, INCR4 / INCR8 / INCR16, INCR4-WRAP / INCR8-WRAP / INCR16-WRAP">
      <alias type="CMSIS" value="USDHC_PROT_CTRL_BURST_LEN_EN(x)"/>
      <bit_field_value name="PROT_CTRL_BURST_LEN_EN_0b1xx" value="0b1??" description="Burst length is enabled for INCR4-WRAP / INCR8-WRAP / INCR16-WRAP."/>
      <bit_field_value name="PROT_CTRL_BURST_LEN_EN_0bx1x" value="0b?1?" description="Burst length is enabled for INCR4 / INCR8 / INCR16."/>
      <bit_field_value name="PROT_CTRL_BURST_LEN_EN_0bxx1" value="0b??1" description="Burst length is enabled for INCR."/>
    </bit_field>
    <bit_field offset="30" width="1" name="NON_EXACT_BLK_RD" access="RW" reset_value="0" description="Non-exact block read">
      <alias type="CMSIS" value="USDHC_PROT_CTRL_NON_EXACT_BLK_RD(x)"/>
      <bit_field_value name="PROT_CTRL_NON_EXACT_BLK_RD_0b0" value="0b0" description="The block read is exact block read. Host driver does not need to issue abort command to terminate this multi-block read."/>
      <bit_field_value name="PROT_CTRL_NON_EXACT_BLK_RD_0b1" value="0b1" description="The block read is non-exact block read. Host driver needs to issue abort command to terminate this multi-block read."/>
    </bit_field>
    <reserved_bit_field offset="31" width="1" reset_value="0"/>
  </register>
  <register offset="0x2C" width="32" name="SYS_CTRL" description="System Control">
    <alias type="CMSIS" value="SYS_CTRL"/>
    <reserved_bit_field offset="0" width="4" reset_value="0xF"/>
    <bit_field offset="4" width="4" name="DVS" access="RW" reset_value="0" description="Divisor">
      <alias type="CMSIS" value="USDHC_SYS_CTRL_DVS(x)"/>
      <bit_field_value name="SYS_CTRL_DVS_0b0000" value="0b0000" description="Divide-by-1"/>
      <bit_field_value name="SYS_CTRL_DVS_0b0001" value="0b0001" description="Divide-by-2"/>
      <bit_field_value name="SYS_CTRL_DVS_0b1110" value="0b1110" description="Divide-by-15"/>
      <bit_field_value name="SYS_CTRL_DVS_0b1111" value="0b1111" description="Divide-by-16"/>
    </bit_field>
    <bit_field offset="8" width="8" name="SDCLKFS" access="RW" reset_value="0x80" description="SDCLK frequency select">
      <alias type="CMSIS" value="USDHC_SYS_CTRL_SDCLKFS(x)"/>
    </bit_field>
    <bit_field offset="16" width="4" name="DTOCV" access="RW" reset_value="0" description="Data timeout counter value">
      <alias type="CMSIS" value="USDHC_SYS_CTRL_DTOCV(x)"/>
      <bit_field_value name="SYS_CTRL_DTOCV_0b0000" value="0b0000" description="SDCLK x 2 14"/>
      <bit_field_value name="SYS_CTRL_DTOCV_0b0001" value="0b0001" description="SDCLK x 2 15"/>
      <bit_field_value name="SYS_CTRL_DTOCV_0b0010" value="0b0010" description="SDCLK x 2 16"/>
      <bit_field_value name="SYS_CTRL_DTOCV_0b0011" value="0b0011" description="SDCLK x 2 17"/>
      <bit_field_value name="SYS_CTRL_DTOCV_0b0100" value="0b0100" description="SDCLK x 2 18"/>
      <bit_field_value name="SYS_CTRL_DTOCV_0b0101" value="0b0101" description="SDCLK x 2 19"/>
      <bit_field_value name="SYS_CTRL_DTOCV_0b0110" value="0b0110" description="SDCLK x 2 20"/>
      <bit_field_value name="SYS_CTRL_DTOCV_0b0111" value="0b0111" description="SDCLK x 2 21"/>
      <bit_field_value name="SYS_CTRL_DTOCV_0b1000" value="0b1000" description="SDCLK x 2 22"/>
      <bit_field_value name="SYS_CTRL_DTOCV_0b1001" value="0b1001" description="SDCLK x 2 23"/>
      <bit_field_value name="SYS_CTRL_DTOCV_0b1010" value="0b1010" description="SDCLK x 2 24"/>
      <bit_field_value name="SYS_CTRL_DTOCV_0b1011" value="0b1011" description="SDCLK x 2 25"/>
      <bit_field_value name="SYS_CTRL_DTOCV_0b1100" value="0b1100" description="SDCLK x 2 26"/>
      <bit_field_value name="SYS_CTRL_DTOCV_0b1101" value="0b1101" description="SDCLK x 2 27"/>
      <bit_field_value name="SYS_CTRL_DTOCV_0b1110" value="0b1110" description="SDCLK x 2 28"/>
      <bit_field_value name="SYS_CTRL_DTOCV_0b1111" value="0b1111" description="SDCLK x 2 29"/>
    </bit_field>
    <reserved_bit_field offset="20" width="1" reset_value="0"/>
    <reserved_bit_field offset="21" width="1" reset_value="0"/>
    <reserved_bit_field offset="22" width="1" reset_value="0"/>
    <bit_field offset="23" width="1" name="IPP_RST_N" access="RW" reset_value="0x1" description="Hardware reset">
      <alias type="CMSIS" value="USDHC_SYS_CTRL_IPP_RST_N(x)"/>
    </bit_field>
    <bit_field offset="24" width="1" name="RSTA" access="RW" reset_value="0" description="Software reset for all">
      <alias type="CMSIS" value="USDHC_SYS_CTRL_RSTA(x)"/>
      <bit_field_value name="SYS_CTRL_RSTA_0b0" value="0b0" description="No reset"/>
      <bit_field_value name="SYS_CTRL_RSTA_0b1" value="0b1" description="Reset"/>
    </bit_field>
    <bit_field offset="25" width="1" name="RSTC" access="RW" reset_value="0" description="Software reset for CMD line">
      <alias type="CMSIS" value="USDHC_SYS_CTRL_RSTC(x)"/>
      <bit_field_value name="SYS_CTRL_RSTC_0b0" value="0b0" description="No reset"/>
      <bit_field_value name="SYS_CTRL_RSTC_0b1" value="0b1" description="Reset"/>
    </bit_field>
    <bit_field offset="26" width="1" name="RSTD" access="RW" reset_value="0" description="Software reset for data line">
      <alias type="CMSIS" value="USDHC_SYS_CTRL_RSTD(x)"/>
      <bit_field_value name="SYS_CTRL_RSTD_0b0" value="0b0" description="No reset"/>
      <bit_field_value name="SYS_CTRL_RSTD_0b1" value="0b1" description="Reset"/>
    </bit_field>
    <bit_field offset="27" width="1" name="INITA" access="RW" reset_value="0" description="Initialization active">
      <alias type="CMSIS" value="USDHC_SYS_CTRL_INITA(x)"/>
    </bit_field>
    <bit_field offset="28" width="1" name="RSTT" access="RW" reset_value="0" description="Reset tuning">
      <alias type="CMSIS" value="USDHC_SYS_CTRL_RSTT(x)"/>
    </bit_field>
    <reserved_bit_field offset="29" width="3" reset_value="0"/>
  </register>
  <register offset="0x30" width="32" name="INT_STATUS" description="Interrupt Status">
    <alias type="CMSIS" value="INT_STATUS"/>
    <bit_field offset="0" width="1" name="CC" access="W1C" reset_value="0" description="Command complete">
      <alias type="CMSIS" value="USDHC_INT_STATUS_CC(x)"/>
      <bit_field_value name="INT_STATUS_CC_0b0" value="0b0" description="Command not complete"/>
      <bit_field_value name="INT_STATUS_CC_0b1" value="0b1" description="Command complete"/>
    </bit_field>
    <bit_field offset="1" width="1" name="TC" access="W1C" reset_value="0" description="Transfer complete">
      <alias type="CMSIS" value="USDHC_INT_STATUS_TC(x)"/>
      <bit_field_value name="INT_STATUS_TC_0b0" value="0b0" description="Transfer does not complete"/>
      <bit_field_value name="INT_STATUS_TC_0b1" value="0b1" description="Transfer complete"/>
    </bit_field>
    <bit_field offset="2" width="1" name="BGE" access="W1C" reset_value="0" description="Block gap event">
      <alias type="CMSIS" value="USDHC_INT_STATUS_BGE(x)"/>
      <bit_field_value name="INT_STATUS_BGE_0b0" value="0b0" description="No block gap event"/>
      <bit_field_value name="INT_STATUS_BGE_0b1" value="0b1" description="Transaction stopped at block gap"/>
    </bit_field>
    <bit_field offset="3" width="1" name="DINT" access="W1C" reset_value="0" description="DMA interrupt">
      <alias type="CMSIS" value="USDHC_INT_STATUS_DINT(x)"/>
      <bit_field_value name="INT_STATUS_DINT_0b0" value="0b0" description="No DMA interrupt"/>
      <bit_field_value name="INT_STATUS_DINT_0b1" value="0b1" description="DMA interrupt is generated."/>
    </bit_field>
    <bit_field offset="4" width="1" name="BWR" access="W1C" reset_value="0" description="Buffer write ready">
      <alias type="CMSIS" value="USDHC_INT_STATUS_BWR(x)"/>
      <bit_field_value name="INT_STATUS_BWR_0b0" value="0b0" description="Not ready to write buffer"/>
      <bit_field_value name="INT_STATUS_BWR_0b1" value="0b1" description="Ready to write buffer"/>
    </bit_field>
    <bit_field offset="5" width="1" name="BRR" access="W1C" reset_value="0" description="Buffer read ready">
      <alias type="CMSIS" value="USDHC_INT_STATUS_BRR(x)"/>
      <bit_field_value name="INT_STATUS_BRR_0b0" value="0b0" description="Not ready to read buffer"/>
      <bit_field_value name="INT_STATUS_BRR_0b1" value="0b1" description="Ready to read buffer"/>
    </bit_field>
    <bit_field offset="6" width="1" name="CINS" access="W1C" reset_value="0" description="Card insertion">
      <alias type="CMSIS" value="USDHC_INT_STATUS_CINS(x)"/>
      <bit_field_value name="INT_STATUS_CINS_0b0" value="0b0" description="Card state unstable or removed"/>
      <bit_field_value name="INT_STATUS_CINS_0b1" value="0b1" description="Card inserted"/>
    </bit_field>
    <bit_field offset="7" width="1" name="CRM" access="W1C" reset_value="0" description="Card removal">
      <alias type="CMSIS" value="USDHC_INT_STATUS_CRM(x)"/>
      <bit_field_value name="INT_STATUS_CRM_0b0" value="0b0" description="Card state unstable or inserted"/>
      <bit_field_value name="INT_STATUS_CRM_0b1" value="0b1" description="Card removed"/>
    </bit_field>
    <bit_field offset="8" width="1" name="CINT" access="W1C" reset_value="0" description="Card interrupt">
      <alias type="CMSIS" value="USDHC_INT_STATUS_CINT(x)"/>
      <bit_field_value name="INT_STATUS_CINT_0b0" value="0b0" description="No card interrupt"/>
      <bit_field_value name="INT_STATUS_CINT_0b1" value="0b1" description="Generate card interrupt"/>
    </bit_field>
    <reserved_bit_field offset="9" width="3" reset_value="0"/>
    <bit_field offset="12" width="1" name="RTE" access="W1C" reset_value="0" description="Re-tuning event: (only for SD3.0 SDR104 mode and EMMC HS200 mode)">
      <alias type="CMSIS" value="USDHC_INT_STATUS_RTE(x)"/>
      <bit_field_value name="INT_STATUS_RTE_0b0" value="0b0" description="Re-tuning is not required."/>
      <bit_field_value name="INT_STATUS_RTE_0b1" value="0b1" description="Re-tuning should be performed."/>
    </bit_field>
    <reserved_bit_field offset="13" width="1" reset_value="0"/>
    <bit_field offset="14" width="1" name="TP" access="W1C" reset_value="0" description="Tuning pass:(only for SD3.0 SDR104 mode and EMMC HS200 mode)">
      <alias type="CMSIS" value="USDHC_INT_STATUS_TP(x)"/>
    </bit_field>
    <reserved_bit_field offset="15" width="1" reset_value="0"/>
    <bit_field offset="16" width="1" name="CTOE" access="W1C" reset_value="0" description="Command timeout error">
      <alias type="CMSIS" value="USDHC_INT_STATUS_CTOE(x)"/>
      <bit_field_value name="INT_STATUS_CTOE_0b0" value="0b0" description="No error"/>
      <bit_field_value name="INT_STATUS_CTOE_0b1" value="0b1" description="Time out"/>
    </bit_field>
    <bit_field offset="17" width="1" name="CCE" access="W1C" reset_value="0" description="Command CRC error">
      <alias type="CMSIS" value="USDHC_INT_STATUS_CCE(x)"/>
      <bit_field_value name="INT_STATUS_CCE_0b0" value="0b0" description="No error"/>
      <bit_field_value name="INT_STATUS_CCE_0b1" value="0b1" description="CRC error generated"/>
    </bit_field>
    <bit_field offset="18" width="1" name="CEBE" access="W1C" reset_value="0" description="Command end bit error">
      <alias type="CMSIS" value="USDHC_INT_STATUS_CEBE(x)"/>
      <bit_field_value name="INT_STATUS_CEBE_0b0" value="0b0" description="No error"/>
      <bit_field_value name="INT_STATUS_CEBE_0b1" value="0b1" description="End bit error generated"/>
    </bit_field>
    <bit_field offset="19" width="1" name="CIE" access="W1C" reset_value="0" description="Command index error">
      <alias type="CMSIS" value="USDHC_INT_STATUS_CIE(x)"/>
      <bit_field_value name="INT_STATUS_CIE_0b0" value="0b0" description="No error"/>
      <bit_field_value name="INT_STATUS_CIE_0b1" value="0b1" description="Error"/>
    </bit_field>
    <bit_field offset="20" width="1" name="DTOE" access="W1C" reset_value="0" description="Data timeout error">
      <alias type="CMSIS" value="USDHC_INT_STATUS_DTOE(x)"/>
      <bit_field_value name="INT_STATUS_DTOE_0b0" value="0b0" description="No error"/>
      <bit_field_value name="INT_STATUS_DTOE_0b1" value="0b1" description="Time out"/>
    </bit_field>
    <bit_field offset="21" width="1" name="DCE" access="W1C" reset_value="0" description="Data CRC error">
      <alias type="CMSIS" value="USDHC_INT_STATUS_DCE(x)"/>
      <bit_field_value name="INT_STATUS_DCE_0b0" value="0b0" description="No error"/>
      <bit_field_value name="INT_STATUS_DCE_0b1" value="0b1" description="Error"/>
    </bit_field>
    <bit_field offset="22" width="1" name="DEBE" access="W1C" reset_value="0" description="Data end bit error">
      <alias type="CMSIS" value="USDHC_INT_STATUS_DEBE(x)"/>
      <bit_field_value name="INT_STATUS_DEBE_0b0" value="0b0" description="No error"/>
      <bit_field_value name="INT_STATUS_DEBE_0b1" value="0b1" description="Error"/>
    </bit_field>
    <reserved_bit_field offset="23" width="1" reset_value="0"/>
    <bit_field offset="24" width="1" name="AC12E" access="W1C" reset_value="0" description="Auto CMD12 error">
      <alias type="CMSIS" value="USDHC_INT_STATUS_AC12E(x)"/>
      <bit_field_value name="INT_STATUS_AC12E_0b0" value="0b0" description="No error"/>
      <bit_field_value name="INT_STATUS_AC12E_0b1" value="0b1" description="Error"/>
    </bit_field>
    <reserved_bit_field offset="25" width="1" reset_value="0"/>
    <bit_field offset="26" width="1" name="TNE" access="W1C" reset_value="0" description="Tuning error: (only for SD3.0 SDR104 mode and EMMC HS200 mode)">
      <alias type="CMSIS" value="USDHC_INT_STATUS_TNE(x)"/>
    </bit_field>
    <reserved_bit_field offset="27" width="1" reset_value="0"/>
    <bit_field offset="28" width="1" name="DMAE" access="W1C" reset_value="0" description="DMA error">
      <alias type="CMSIS" value="USDHC_INT_STATUS_DMAE(x)"/>
      <bit_field_value name="INT_STATUS_DMAE_0b0" value="0b0" description="No error"/>
      <bit_field_value name="INT_STATUS_DMAE_0b1" value="0b1" description="Error"/>
    </bit_field>
    <reserved_bit_field offset="29" width="3" reset_value="0"/>
  </register>
  <register offset="0x34" width="32" name="INT_STATUS_EN" description="Interrupt Status Enable">
    <alias type="CMSIS" value="INT_STATUS_EN"/>
    <bit_field offset="0" width="1" name="CCSEN" access="RW" reset_value="0" description="Command complete status enable">
      <alias type="CMSIS" value="USDHC_INT_STATUS_EN_CCSEN(x)"/>
      <bit_field_value name="INT_STATUS_EN_CCSEN_0b0" value="0b0" description="Masked"/>
      <bit_field_value name="INT_STATUS_EN_CCSEN_0b1" value="0b1" description="Enabled"/>
    </bit_field>
    <bit_field offset="1" width="1" name="TCSEN" access="RW" reset_value="0" description="Transfer complete status enable">
      <alias type="CMSIS" value="USDHC_INT_STATUS_EN_TCSEN(x)"/>
      <bit_field_value name="INT_STATUS_EN_TCSEN_0b0" value="0b0" description="Masked"/>
      <bit_field_value name="INT_STATUS_EN_TCSEN_0b1" value="0b1" description="Enabled"/>
    </bit_field>
    <bit_field offset="2" width="1" name="BGESEN" access="RW" reset_value="0" description="Block gap event status enable">
      <alias type="CMSIS" value="USDHC_INT_STATUS_EN_BGESEN(x)"/>
      <bit_field_value name="INT_STATUS_EN_BGESEN_0b0" value="0b0" description="Masked"/>
      <bit_field_value name="INT_STATUS_EN_BGESEN_0b1" value="0b1" description="Enabled"/>
    </bit_field>
    <bit_field offset="3" width="1" name="DINTSEN" access="RW" reset_value="0" description="DMA interrupt status enable">
      <alias type="CMSIS" value="USDHC_INT_STATUS_EN_DINTSEN(x)"/>
      <bit_field_value name="INT_STATUS_EN_DINTSEN_0b0" value="0b0" description="Masked"/>
      <bit_field_value name="INT_STATUS_EN_DINTSEN_0b1" value="0b1" description="Enabled"/>
    </bit_field>
    <bit_field offset="4" width="1" name="BWRSEN" access="RW" reset_value="0" description="Buffer write ready status enable">
      <alias type="CMSIS" value="USDHC_INT_STATUS_EN_BWRSEN(x)"/>
      <bit_field_value name="INT_STATUS_EN_BWRSEN_0b0" value="0b0" description="Masked"/>
      <bit_field_value name="INT_STATUS_EN_BWRSEN_0b1" value="0b1" description="Enabled"/>
    </bit_field>
    <bit_field offset="5" width="1" name="BRRSEN" access="RW" reset_value="0" description="Buffer read ready status enable">
      <alias type="CMSIS" value="USDHC_INT_STATUS_EN_BRRSEN(x)"/>
      <bit_field_value name="INT_STATUS_EN_BRRSEN_0b0" value="0b0" description="Masked"/>
      <bit_field_value name="INT_STATUS_EN_BRRSEN_0b1" value="0b1" description="Enabled"/>
    </bit_field>
    <bit_field offset="6" width="1" name="CINSSEN" access="RW" reset_value="0" description="Card insertion status enable">
      <alias type="CMSIS" value="USDHC_INT_STATUS_EN_CINSSEN(x)"/>
      <bit_field_value name="INT_STATUS_EN_CINSSEN_0b0" value="0b0" description="Masked"/>
      <bit_field_value name="INT_STATUS_EN_CINSSEN_0b1" value="0b1" description="Enabled"/>
    </bit_field>
    <bit_field offset="7" width="1" name="CRMSEN" access="RW" reset_value="0" description="Card removal status enable">
      <alias type="CMSIS" value="USDHC_INT_STATUS_EN_CRMSEN(x)"/>
      <bit_field_value name="INT_STATUS_EN_CRMSEN_0b0" value="0b0" description="Masked"/>
      <bit_field_value name="INT_STATUS_EN_CRMSEN_0b1" value="0b1" description="Enabled"/>
    </bit_field>
    <bit_field offset="8" width="1" name="CINTSEN" access="RW" reset_value="0" description="Card interrupt status enable">
      <alias type="CMSIS" value="USDHC_INT_STATUS_EN_CINTSEN(x)"/>
      <bit_field_value name="INT_STATUS_EN_CINTSEN_0b0" value="0b0" description="Masked"/>
      <bit_field_value name="INT_STATUS_EN_CINTSEN_0b1" value="0b1" description="Enabled"/>
    </bit_field>
    <reserved_bit_field offset="9" width="3" reset_value="0"/>
    <bit_field offset="12" width="1" name="RTESEN" access="RW" reset_value="0" description="Re-tuning event status enable">
      <alias type="CMSIS" value="USDHC_INT_STATUS_EN_RTESEN(x)"/>
      <bit_field_value name="INT_STATUS_EN_RTESEN_0b0" value="0b0" description="Masked"/>
      <bit_field_value name="INT_STATUS_EN_RTESEN_0b1" value="0b1" description="Enabled"/>
    </bit_field>
    <reserved_bit_field offset="13" width="1" reset_value="0"/>
    <bit_field offset="14" width="1" name="TPSEN" access="RW" reset_value="0" description="Tuning pass status enable">
      <alias type="CMSIS" value="USDHC_INT_STATUS_EN_TPSEN(x)"/>
      <bit_field_value name="INT_STATUS_EN_TPSEN_0b0" value="0b0" description="Masked"/>
      <bit_field_value name="INT_STATUS_EN_TPSEN_0b1" value="0b1" description="Enabled"/>
    </bit_field>
    <reserved_bit_field offset="15" width="1" reset_value="0"/>
    <bit_field offset="16" width="1" name="CTOESEN" access="RW" reset_value="0" description="Command timeout error status enable">
      <alias type="CMSIS" value="USDHC_INT_STATUS_EN_CTOESEN(x)"/>
      <bit_field_value name="INT_STATUS_EN_CTOESEN_0b0" value="0b0" description="Masked"/>
      <bit_field_value name="INT_STATUS_EN_CTOESEN_0b1" value="0b1" description="Enabled"/>
    </bit_field>
    <bit_field offset="17" width="1" name="CCESEN" access="RW" reset_value="0" description="Command CRC error status enable">
      <alias type="CMSIS" value="USDHC_INT_STATUS_EN_CCESEN(x)"/>
      <bit_field_value name="INT_STATUS_EN_CCESEN_0b0" value="0b0" description="Masked"/>
      <bit_field_value name="INT_STATUS_EN_CCESEN_0b1" value="0b1" description="Enabled"/>
    </bit_field>
    <bit_field offset="18" width="1" name="CEBESEN" access="RW" reset_value="0" description="Command end bit error status enable">
      <alias type="CMSIS" value="USDHC_INT_STATUS_EN_CEBESEN(x)"/>
      <bit_field_value name="INT_STATUS_EN_CEBESEN_0b0" value="0b0" description="Masked"/>
      <bit_field_value name="INT_STATUS_EN_CEBESEN_0b1" value="0b1" description="Enabled"/>
    </bit_field>
    <bit_field offset="19" width="1" name="CIESEN" access="RW" reset_value="0" description="Command index error status enable">
      <alias type="CMSIS" value="USDHC_INT_STATUS_EN_CIESEN(x)"/>
      <bit_field_value name="INT_STATUS_EN_CIESEN_0b0" value="0b0" description="Masked"/>
      <bit_field_value name="INT_STATUS_EN_CIESEN_0b1" value="0b1" description="Enabled"/>
    </bit_field>
    <bit_field offset="20" width="1" name="DTOESEN" access="RW" reset_value="0" description="Data timeout error status enable">
      <alias type="CMSIS" value="USDHC_INT_STATUS_EN_DTOESEN(x)"/>
      <bit_field_value name="INT_STATUS_EN_DTOESEN_0b0" value="0b0" description="Masked"/>
      <bit_field_value name="INT_STATUS_EN_DTOESEN_0b1" value="0b1" description="Enabled"/>
    </bit_field>
    <bit_field offset="21" width="1" name="DCESEN" access="RW" reset_value="0" description="Data CRC error status enable">
      <alias type="CMSIS" value="USDHC_INT_STATUS_EN_DCESEN(x)"/>
      <bit_field_value name="INT_STATUS_EN_DCESEN_0b0" value="0b0" description="Masked"/>
      <bit_field_value name="INT_STATUS_EN_DCESEN_0b1" value="0b1" description="Enabled"/>
    </bit_field>
    <bit_field offset="22" width="1" name="DEBESEN" access="RW" reset_value="0" description="Data end bit error status enable">
      <alias type="CMSIS" value="USDHC_INT_STATUS_EN_DEBESEN(x)"/>
      <bit_field_value name="INT_STATUS_EN_DEBESEN_0b0" value="0b0" description="Masked"/>
      <bit_field_value name="INT_STATUS_EN_DEBESEN_0b1" value="0b1" description="Enabled"/>
    </bit_field>
    <reserved_bit_field offset="23" width="1" reset_value="0"/>
    <bit_field offset="24" width="1" name="AC12ESEN" access="RW" reset_value="0" description="Auto CMD12 error status enable">
      <alias type="CMSIS" value="USDHC_INT_STATUS_EN_AC12ESEN(x)"/>
      <bit_field_value name="INT_STATUS_EN_AC12ESEN_0b0" value="0b0" description="Masked"/>
      <bit_field_value name="INT_STATUS_EN_AC12ESEN_0b1" value="0b1" description="Enabled"/>
    </bit_field>
    <reserved_bit_field offset="25" width="1" reset_value="0"/>
    <bit_field offset="26" width="1" name="TNESEN" access="RW" reset_value="0" description="Tuning error status enable">
      <alias type="CMSIS" value="USDHC_INT_STATUS_EN_TNESEN(x)"/>
      <bit_field_value name="INT_STATUS_EN_TNESEN_0b0" value="0b0" description="Masked"/>
      <bit_field_value name="INT_STATUS_EN_TNESEN_0b1" value="0b1" description="Enabled"/>
    </bit_field>
    <reserved_bit_field offset="27" width="1" reset_value="0"/>
    <bit_field offset="28" width="1" name="DMAESEN" access="RW" reset_value="0" description="DMA error status enable">
      <alias type="CMSIS" value="USDHC_INT_STATUS_EN_DMAESEN(x)"/>
      <bit_field_value name="INT_STATUS_EN_DMAESEN_0b0" value="0b0" description="Masked"/>
      <bit_field_value name="INT_STATUS_EN_DMAESEN_0b1" value="0b1" description="Enabled"/>
    </bit_field>
    <reserved_bit_field offset="29" width="3" reset_value="0"/>
  </register>
  <register offset="0x38" width="32" name="INT_SIGNAL_EN" description="Interrupt Signal Enable">
    <alias type="CMSIS" value="INT_SIGNAL_EN"/>
    <bit_field offset="0" width="1" name="CCIEN" access="RW" reset_value="0" description="Command complete interrupt enable">
      <alias type="CMSIS" value="USDHC_INT_SIGNAL_EN_CCIEN(x)"/>
      <bit_field_value name="INT_SIGNAL_EN_CCIEN_0b0" value="0b0" description="Masked"/>
      <bit_field_value name="INT_SIGNAL_EN_CCIEN_0b1" value="0b1" description="Enabled"/>
    </bit_field>
    <bit_field offset="1" width="1" name="TCIEN" access="RW" reset_value="0" description="Transfer complete interrupt enable">
      <alias type="CMSIS" value="USDHC_INT_SIGNAL_EN_TCIEN(x)"/>
      <bit_field_value name="INT_SIGNAL_EN_TCIEN_0b0" value="0b0" description="Masked"/>
      <bit_field_value name="INT_SIGNAL_EN_TCIEN_0b1" value="0b1" description="Enabled"/>
    </bit_field>
    <bit_field offset="2" width="1" name="BGEIEN" access="RW" reset_value="0" description="Block gap event interrupt enable">
      <alias type="CMSIS" value="USDHC_INT_SIGNAL_EN_BGEIEN(x)"/>
      <bit_field_value name="INT_SIGNAL_EN_BGEIEN_0b0" value="0b0" description="Masked"/>
      <bit_field_value name="INT_SIGNAL_EN_BGEIEN_0b1" value="0b1" description="Enabled"/>
    </bit_field>
    <bit_field offset="3" width="1" name="DINTIEN" access="RW" reset_value="0" description="DMA interrupt enable">
      <alias type="CMSIS" value="USDHC_INT_SIGNAL_EN_DINTIEN(x)"/>
      <bit_field_value name="INT_SIGNAL_EN_DINTIEN_0b0" value="0b0" description="Masked"/>
      <bit_field_value name="INT_SIGNAL_EN_DINTIEN_0b1" value="0b1" description="Enabled"/>
    </bit_field>
    <bit_field offset="4" width="1" name="BWRIEN" access="RW" reset_value="0" description="Buffer write ready interrupt enable">
      <alias type="CMSIS" value="USDHC_INT_SIGNAL_EN_BWRIEN(x)"/>
      <bit_field_value name="INT_SIGNAL_EN_BWRIEN_0b0" value="0b0" description="Masked"/>
      <bit_field_value name="INT_SIGNAL_EN_BWRIEN_0b1" value="0b1" description="Enabled"/>
    </bit_field>
    <bit_field offset="5" width="1" name="BRRIEN" access="RW" reset_value="0" description="Buffer read ready interrupt enable">
      <alias type="CMSIS" value="USDHC_INT_SIGNAL_EN_BRRIEN(x)"/>
      <bit_field_value name="INT_SIGNAL_EN_BRRIEN_0b0" value="0b0" description="Masked"/>
      <bit_field_value name="INT_SIGNAL_EN_BRRIEN_0b1" value="0b1" description="Enabled"/>
    </bit_field>
    <bit_field offset="6" width="1" name="CINSIEN" access="RW" reset_value="0" description="Card insertion interrupt enable">
      <alias type="CMSIS" value="USDHC_INT_SIGNAL_EN_CINSIEN(x)"/>
      <bit_field_value name="INT_SIGNAL_EN_CINSIEN_0b0" value="0b0" description="Masked"/>
      <bit_field_value name="INT_SIGNAL_EN_CINSIEN_0b1" value="0b1" description="Enabled"/>
    </bit_field>
    <bit_field offset="7" width="1" name="CRMIEN" access="RW" reset_value="0" description="Card removal interrupt enable">
      <alias type="CMSIS" value="USDHC_INT_SIGNAL_EN_CRMIEN(x)"/>
      <bit_field_value name="INT_SIGNAL_EN_CRMIEN_0b0" value="0b0" description="Masked"/>
      <bit_field_value name="INT_SIGNAL_EN_CRMIEN_0b1" value="0b1" description="Enabled"/>
    </bit_field>
    <bit_field offset="8" width="1" name="CINTIEN" access="RW" reset_value="0" description="Card interrupt enable">
      <alias type="CMSIS" value="USDHC_INT_SIGNAL_EN_CINTIEN(x)"/>
      <bit_field_value name="INT_SIGNAL_EN_CINTIEN_0b0" value="0b0" description="Masked"/>
      <bit_field_value name="INT_SIGNAL_EN_CINTIEN_0b1" value="0b1" description="Enabled"/>
    </bit_field>
    <reserved_bit_field offset="9" width="3" reset_value="0"/>
    <bit_field offset="12" width="1" name="RTEIEN" access="RW" reset_value="0" description="Re-tuning event interrupt enable">
      <alias type="CMSIS" value="USDHC_INT_SIGNAL_EN_RTEIEN(x)"/>
      <bit_field_value name="INT_SIGNAL_EN_RTEIEN_0b0" value="0b0" description="Masked"/>
      <bit_field_value name="INT_SIGNAL_EN_RTEIEN_0b1" value="0b1" description="Enabled"/>
    </bit_field>
    <reserved_bit_field offset="13" width="1" reset_value="0"/>
    <bit_field offset="14" width="1" name="TPIEN" access="RW" reset_value="0" description="Tuning Pass interrupt enable">
      <alias type="CMSIS" value="USDHC_INT_SIGNAL_EN_TPIEN(x)"/>
      <bit_field_value name="INT_SIGNAL_EN_TPIEN_0b0" value="0b0" description="Masked"/>
      <bit_field_value name="INT_SIGNAL_EN_TPIEN_0b1" value="0b1" description="Enabled"/>
    </bit_field>
    <reserved_bit_field offset="15" width="1" reset_value="0"/>
    <bit_field offset="16" width="1" name="CTOEIEN" access="RW" reset_value="0" description="Command timeout error interrupt enable">
      <alias type="CMSIS" value="USDHC_INT_SIGNAL_EN_CTOEIEN(x)"/>
      <bit_field_value name="INT_SIGNAL_EN_CTOEIEN_0b0" value="0b0" description="Masked"/>
      <bit_field_value name="INT_SIGNAL_EN_CTOEIEN_0b1" value="0b1" description="Enabled"/>
    </bit_field>
    <bit_field offset="17" width="1" name="CCEIEN" access="RW" reset_value="0" description="Command CRC error interrupt enable">
      <alias type="CMSIS" value="USDHC_INT_SIGNAL_EN_CCEIEN(x)"/>
      <bit_field_value name="INT_SIGNAL_EN_CCEIEN_0b0" value="0b0" description="Masked"/>
      <bit_field_value name="INT_SIGNAL_EN_CCEIEN_0b1" value="0b1" description="Enabled"/>
    </bit_field>
    <bit_field offset="18" width="1" name="CEBEIEN" access="RW" reset_value="0" description="Command end bit error interrupt enable">
      <alias type="CMSIS" value="USDHC_INT_SIGNAL_EN_CEBEIEN(x)"/>
      <bit_field_value name="INT_SIGNAL_EN_CEBEIEN_0b0" value="0b0" description="Masked"/>
      <bit_field_value name="INT_SIGNAL_EN_CEBEIEN_0b1" value="0b1" description="Enabled"/>
    </bit_field>
    <bit_field offset="19" width="1" name="CIEIEN" access="RW" reset_value="0" description="Command index error interrupt enable">
      <alias type="CMSIS" value="USDHC_INT_SIGNAL_EN_CIEIEN(x)"/>
      <bit_field_value name="INT_SIGNAL_EN_CIEIEN_0b0" value="0b0" description="Masked"/>
      <bit_field_value name="INT_SIGNAL_EN_CIEIEN_0b1" value="0b1" description="Enabled"/>
    </bit_field>
    <bit_field offset="20" width="1" name="DTOEIEN" access="RW" reset_value="0" description="Data timeout error interrupt enable">
      <alias type="CMSIS" value="USDHC_INT_SIGNAL_EN_DTOEIEN(x)"/>
      <bit_field_value name="INT_SIGNAL_EN_DTOEIEN_0b0" value="0b0" description="Masked"/>
      <bit_field_value name="INT_SIGNAL_EN_DTOEIEN_0b1" value="0b1" description="Enabled"/>
    </bit_field>
    <bit_field offset="21" width="1" name="DCEIEN" access="RW" reset_value="0" description="Data CRC error interrupt enable">
      <alias type="CMSIS" value="USDHC_INT_SIGNAL_EN_DCEIEN(x)"/>
      <bit_field_value name="INT_SIGNAL_EN_DCEIEN_0b0" value="0b0" description="Masked"/>
      <bit_field_value name="INT_SIGNAL_EN_DCEIEN_0b1" value="0b1" description="Enabled"/>
    </bit_field>
    <bit_field offset="22" width="1" name="DEBEIEN" access="RW" reset_value="0" description="Data end bit error interrupt enable">
      <alias type="CMSIS" value="USDHC_INT_SIGNAL_EN_DEBEIEN(x)"/>
      <bit_field_value name="INT_SIGNAL_EN_DEBEIEN_0b0" value="0b0" description="Masked"/>
      <bit_field_value name="INT_SIGNAL_EN_DEBEIEN_0b1" value="0b1" description="Enabled"/>
    </bit_field>
    <reserved_bit_field offset="23" width="1" reset_value="0"/>
    <bit_field offset="24" width="1" name="AC12EIEN" access="RW" reset_value="0" description="Auto CMD12 error interrupt enable">
      <alias type="CMSIS" value="USDHC_INT_SIGNAL_EN_AC12EIEN(x)"/>
      <bit_field_value name="INT_SIGNAL_EN_AC12EIEN_0b0" value="0b0" description="Masked"/>
      <bit_field_value name="INT_SIGNAL_EN_AC12EIEN_0b1" value="0b1" description="Enabled"/>
    </bit_field>
    <reserved_bit_field offset="25" width="1" reset_value="0"/>
    <bit_field offset="26" width="1" name="TNEIEN" access="RW" reset_value="0" description="Tuning error interrupt enable">
      <alias type="CMSIS" value="USDHC_INT_SIGNAL_EN_TNEIEN(x)"/>
      <bit_field_value name="INT_SIGNAL_EN_TNEIEN_0b0" value="0b0" description="Masked"/>
      <bit_field_value name="INT_SIGNAL_EN_TNEIEN_0b1" value="0b1" description="Enabled"/>
    </bit_field>
    <reserved_bit_field offset="27" width="1" reset_value="0"/>
    <bit_field offset="28" width="1" name="DMAEIEN" access="RW" reset_value="0" description="DMA error interrupt enable">
      <alias type="CMSIS" value="USDHC_INT_SIGNAL_EN_DMAEIEN(x)"/>
      <bit_field_value name="INT_SIGNAL_EN_DMAEIEN_0b0" value="0b0" description="Masked"/>
      <bit_field_value name="INT_SIGNAL_EN_DMAEIEN_0b1" value="0b1" description="Enable"/>
    </bit_field>
    <reserved_bit_field offset="29" width="3" reset_value="0"/>
  </register>
  <register offset="0x3C" width="32" name="AUTOCMD12_ERR_STATUS" description="Auto CMD12 Error Status">
    <alias type="CMSIS" value="AUTOCMD12_ERR_STATUS"/>
    <bit_field offset="0" width="1" name="AC12NE" access="RO" reset_value="0" description="Auto CMD12 not executed">
      <alias type="CMSIS" value="USDHC_AUTOCMD12_ERR_STATUS_AC12NE(x)"/>
      <bit_field_value name="AUTOCMD12_ERR_STATUS_AC12NE_0b0" value="0b0" description="Executed"/>
      <bit_field_value name="AUTOCMD12_ERR_STATUS_AC12NE_0b1" value="0b1" description="Not executed"/>
    </bit_field>
    <bit_field offset="1" width="1" name="AC12TOE" access="RO" reset_value="0" description="Auto CMD12 / 23 timeout error">
      <alias type="CMSIS" value="USDHC_AUTOCMD12_ERR_STATUS_AC12TOE(x)"/>
      <bit_field_value name="AUTOCMD12_ERR_STATUS_AC12TOE_0b0" value="0b0" description="No error"/>
      <bit_field_value name="AUTOCMD12_ERR_STATUS_AC12TOE_0b1" value="0b1" description="Time out"/>
    </bit_field>
    <bit_field offset="2" width="1" name="AC12EBE" access="RO" reset_value="0" description="Auto CMD12 / 23 end bit error">
      <alias type="CMSIS" value="USDHC_AUTOCMD12_ERR_STATUS_AC12EBE(x)"/>
      <bit_field_value name="AUTOCMD12_ERR_STATUS_AC12EBE_0b0" value="0b0" description="No error"/>
      <bit_field_value name="AUTOCMD12_ERR_STATUS_AC12EBE_0b1" value="0b1" description="End bit error generated"/>
    </bit_field>
    <bit_field offset="3" width="1" name="AC12CE" access="RO" reset_value="0" description="Auto CMD12 / 23 CRC error">
      <alias type="CMSIS" value="USDHC_AUTOCMD12_ERR_STATUS_AC12CE(x)"/>
      <bit_field_value name="AUTOCMD12_ERR_STATUS_AC12CE_0b0" value="0b0" description="No CRC error"/>
      <bit_field_value name="AUTOCMD12_ERR_STATUS_AC12CE_0b1" value="0b1" description="CRC error met in Auto CMD12/23 response"/>
    </bit_field>
    <bit_field offset="4" width="1" name="AC12IE" access="RO" reset_value="0" description="Auto CMD12 / 23 index error">
      <alias type="CMSIS" value="USDHC_AUTOCMD12_ERR_STATUS_AC12IE(x)"/>
      <bit_field_value name="AUTOCMD12_ERR_STATUS_AC12IE_0b0" value="0b0" description="No error"/>
      <bit_field_value name="AUTOCMD12_ERR_STATUS_AC12IE_0b1" value="0b1" description="Error, the CMD index in response is not CMD12/23"/>
    </bit_field>
    <reserved_bit_field offset="5" width="2" reset_value="0"/>
    <bit_field offset="7" width="1" name="CNIBAC12E" access="RO" reset_value="0" description="Command not issued by Auto CMD12 error">
      <alias type="CMSIS" value="USDHC_AUTOCMD12_ERR_STATUS_CNIBAC12E(x)"/>
      <bit_field_value name="AUTOCMD12_ERR_STATUS_CNIBAC12E_0b0" value="0b0" description="No error"/>
      <bit_field_value name="AUTOCMD12_ERR_STATUS_CNIBAC12E_0b1" value="0b1" description="Not issued"/>
    </bit_field>
    <reserved_bit_field offset="8" width="14" reset_value="0"/>
    <bit_field offset="22" width="1" name="EXECUTE_TUNING" access="RW" reset_value="0" description="Execute tuning">
      <alias type="CMSIS" value="USDHC_AUTOCMD12_ERR_STATUS_EXECUTE_TUNING(x)"/>
    </bit_field>
    <bit_field offset="23" width="1" name="SMP_CLK_SEL" access="RW" reset_value="0" description="Sample clock select">
      <alias type="CMSIS" value="USDHC_AUTOCMD12_ERR_STATUS_SMP_CLK_SEL(x)"/>
      <bit_field_value name="AUTOCMD12_ERR_STATUS_SMP_CLK_SEL_0b0" value="0b0" description="Fixed clock is used to sample data"/>
      <bit_field_value name="AUTOCMD12_ERR_STATUS_SMP_CLK_SEL_0b1" value="0b1" description="Tuned clock is used to sample data"/>
    </bit_field>
    <reserved_bit_field offset="24" width="8" reset_value="0"/>
  </register>
  <register offset="0x40" width="32" name="HOST_CTRL_CAP" description="Host Controller Capabilities">
    <alias type="CMSIS" value="HOST_CTRL_CAP"/>
    <bit_field offset="0" width="1" name="SDR50_SUPPORT" access="RO" reset_value="0x1" description="SDR50 support">
      <alias type="CMSIS" value="USDHC_HOST_CTRL_CAP_SDR50_SUPPORT(x)"/>
    </bit_field>
    <bit_field offset="1" width="1" name="SDR104_SUPPORT" access="RO" reset_value="0x1" description="SDR104 support">
      <alias type="CMSIS" value="USDHC_HOST_CTRL_CAP_SDR104_SUPPORT(x)"/>
    </bit_field>
    <bit_field offset="2" width="1" name="DDR50_SUPPORT" access="RO" reset_value="0x1" description="DDR50 support">
      <alias type="CMSIS" value="USDHC_HOST_CTRL_CAP_DDR50_SUPPORT(x)"/>
    </bit_field>
    <reserved_bit_field offset="3" width="5" reset_value="0"/>
    <bit_field offset="8" width="4" name="TIME_COUNT_RETUNING" access="RW" reset_value="0x4" description="Time counter for retuning">
      <alias type="CMSIS" value="USDHC_HOST_CTRL_CAP_TIME_COUNT_RETUNING(x)"/>
    </bit_field>
    <reserved_bit_field offset="12" width="1" reset_value="0x1"/>
    <bit_field offset="13" width="1" name="USE_TUNING_SDR50" access="RW" reset_value="0x1" description="Use Tuning for SDR50">
      <alias type="CMSIS" value="USDHC_HOST_CTRL_CAP_USE_TUNING_SDR50(x)"/>
      <bit_field_value name="HOST_CTRL_CAP_USE_TUNING_SDR50_0b0" value="0b0" description="SDR does not require tuning."/>
      <bit_field_value name="HOST_CTRL_CAP_USE_TUNING_SDR50_0b1" value="0b1" description="SDR50 requires tuning."/>
    </bit_field>
    <bit_field offset="14" width="2" name="RETUNING_MODE" access="RO" reset_value="0x2" description="Retuning Mode">
      <alias type="CMSIS" value="USDHC_HOST_CTRL_CAP_RETUNING_MODE(x)"/>
      <bit_field_value name="HOST_CTRL_CAP_RETUNING_MODE_0b00" value="0b00" description="Mode 1"/>
      <bit_field_value name="HOST_CTRL_CAP_RETUNING_MODE_0b01" value="0b01" description="Mode 2"/>
      <bit_field_value name="HOST_CTRL_CAP_RETUNING_MODE_0b10" value="0b10" description="Mode 3"/>
      <bit_field_value name="HOST_CTRL_CAP_RETUNING_MODE_0b11" value="0b11" description="Reserved"/>
    </bit_field>
    <bit_field offset="16" width="3" name="MBL" access="RO" reset_value="0x3" description="Max block length">
      <alias type="CMSIS" value="USDHC_HOST_CTRL_CAP_MBL(x)"/>
      <bit_field_value name="HOST_CTRL_CAP_MBL_0b000" value="0b000" description="512 bytes"/>
      <bit_field_value name="HOST_CTRL_CAP_MBL_0b001" value="0b001" description="1024 bytes"/>
      <bit_field_value name="HOST_CTRL_CAP_MBL_0b010" value="0b010" description="2048 bytes"/>
      <bit_field_value name="HOST_CTRL_CAP_MBL_0b011" value="0b011" description="4096 bytes"/>
    </bit_field>
    <reserved_bit_field offset="19" width="1" reset_value="0"/>
    <bit_field offset="20" width="1" name="ADMAS" access="RO" reset_value="0x1" description="ADMA support">
      <alias type="CMSIS" value="USDHC_HOST_CTRL_CAP_ADMAS(x)"/>
      <bit_field_value name="HOST_CTRL_CAP_ADMAS_0b0" value="0b0" description="Advanced DMA not supported"/>
      <bit_field_value name="HOST_CTRL_CAP_ADMAS_0b1" value="0b1" description="Advanced DMA supported"/>
    </bit_field>
    <bit_field offset="21" width="1" name="HSS" access="RO" reset_value="0x1" description="High speed support">
      <alias type="CMSIS" value="USDHC_HOST_CTRL_CAP_HSS(x)"/>
      <bit_field_value name="HOST_CTRL_CAP_HSS_0b0" value="0b0" description="High speed not supported"/>
      <bit_field_value name="HOST_CTRL_CAP_HSS_0b1" value="0b1" description="High speed supported"/>
    </bit_field>
    <bit_field offset="22" width="1" name="DMAS" access="RO" reset_value="0x1" description="DMA support">
      <alias type="CMSIS" value="USDHC_HOST_CTRL_CAP_DMAS(x)"/>
      <bit_field_value name="HOST_CTRL_CAP_DMAS_0b0" value="0b0" description="DMA not supported"/>
      <bit_field_value name="HOST_CTRL_CAP_DMAS_0b1" value="0b1" description="DMA supported"/>
    </bit_field>
    <bit_field offset="23" width="1" name="SRS" access="RO" reset_value="0x1" description="Suspend / resume support">
      <alias type="CMSIS" value="USDHC_HOST_CTRL_CAP_SRS(x)"/>
      <bit_field_value name="HOST_CTRL_CAP_SRS_0b0" value="0b0" description="Not supported"/>
      <bit_field_value name="HOST_CTRL_CAP_SRS_0b1" value="0b1" description="Supported"/>
    </bit_field>
    <bit_field offset="24" width="1" name="VS33" access="RO" reset_value="0x1" description="Voltage support 3.3 V">
      <alias type="CMSIS" value="USDHC_HOST_CTRL_CAP_VS33(x)"/>
      <bit_field_value name="HOST_CTRL_CAP_VS33_0b0" value="0b0" description="3.3 V not supported"/>
      <bit_field_value name="HOST_CTRL_CAP_VS33_0b1" value="0b1" description="3.3 V supported"/>
    </bit_field>
    <bit_field offset="25" width="1" name="VS30" access="RO" reset_value="0x1" description="Voltage support 3.0 V">
      <alias type="CMSIS" value="USDHC_HOST_CTRL_CAP_VS30(x)"/>
      <bit_field_value name="HOST_CTRL_CAP_VS30_0b0" value="0b0" description="3.0 V not supported"/>
      <bit_field_value name="HOST_CTRL_CAP_VS30_0b1" value="0b1" description="3.0 V supported"/>
    </bit_field>
    <bit_field offset="26" width="1" name="VS18" access="RO" reset_value="0x1" description="Voltage support 1.8 V">
      <alias type="CMSIS" value="USDHC_HOST_CTRL_CAP_VS18(x)"/>
      <bit_field_value name="HOST_CTRL_CAP_VS18_0b0" value="0b0" description="1.8 V not supported"/>
      <bit_field_value name="HOST_CTRL_CAP_VS18_0b1" value="0b1" description="1.8 V supported"/>
    </bit_field>
    <reserved_bit_field offset="27" width="5" reset_value="0"/>
  </register>
  <register offset="0x44" width="32" name="WTMK_LVL" description="Watermark Level">
    <alias type="CMSIS" value="WTMK_LVL"/>
    <bit_field offset="0" width="8" name="RD_WML" access="RW" reset_value="0x10" description="Read watermark level">
      <alias type="CMSIS" value="USDHC_WTMK_LVL_RD_WML(x)"/>
    </bit_field>
    <bit_field offset="8" width="5" name="RD_BRST_LEN" access="RW" reset_value="0x8" description="Read burst length due to system restriction, the actual burst length might not exceed 16">
      <alias type="CMSIS" value="USDHC_WTMK_LVL_RD_BRST_LEN(x)"/>
    </bit_field>
    <reserved_bit_field offset="13" width="3" reset_value="0"/>
    <bit_field offset="16" width="8" name="WR_WML" access="RW" reset_value="0x10" description="Write watermark level">
      <alias type="CMSIS" value="USDHC_WTMK_LVL_WR_WML(x)"/>
    </bit_field>
    <bit_field offset="24" width="5" name="WR_BRST_LEN" access="RW" reset_value="0x8" description="Write burst length due to system restriction, the actual burst length might not exceed 16">
      <alias type="CMSIS" value="USDHC_WTMK_LVL_WR_BRST_LEN(x)"/>
    </bit_field>
    <reserved_bit_field offset="29" width="3" reset_value="0"/>
  </register>
  <register offset="0x48" width="32" name="MIX_CTRL" description="Mixer Control">
    <alias type="CMSIS" value="MIX_CTRL"/>
    <bit_field offset="0" width="1" name="DMAEN" access="RW" reset_value="0" description="DMA enable">
      <alias type="CMSIS" value="USDHC_MIX_CTRL_DMAEN(x)"/>
      <bit_field_value name="MIX_CTRL_DMAEN_0b0" value="0b0" description="Disable"/>
      <bit_field_value name="MIX_CTRL_DMAEN_0b1" value="0b1" description="Enable"/>
    </bit_field>
    <bit_field offset="1" width="1" name="BCEN" access="RW" reset_value="0" description="Block count enable">
      <alias type="CMSIS" value="USDHC_MIX_CTRL_BCEN(x)"/>
      <bit_field_value name="MIX_CTRL_BCEN_0b0" value="0b0" description="Disable"/>
      <bit_field_value name="MIX_CTRL_BCEN_0b1" value="0b1" description="Enable"/>
    </bit_field>
    <bit_field offset="2" width="1" name="AC12EN" access="RW" reset_value="0" description="Auto CMD12 enable">
      <alias type="CMSIS" value="USDHC_MIX_CTRL_AC12EN(x)"/>
      <bit_field_value name="MIX_CTRL_AC12EN_0b0" value="0b0" description="Disable"/>
      <bit_field_value name="MIX_CTRL_AC12EN_0b1" value="0b1" description="Enable"/>
    </bit_field>
    <bit_field offset="3" width="1" name="DDR_EN" access="RW" reset_value="0" description="Dual data rate mode selection">
      <alias type="CMSIS" value="USDHC_MIX_CTRL_DDR_EN(x)"/>
    </bit_field>
    <bit_field offset="4" width="1" name="DTDSEL" access="RW" reset_value="0" description="Data transfer direction select">
      <alias type="CMSIS" value="USDHC_MIX_CTRL_DTDSEL(x)"/>
      <bit_field_value name="MIX_CTRL_DTDSEL_0b0" value="0b0" description="Write (Host to card)"/>
      <bit_field_value name="MIX_CTRL_DTDSEL_0b1" value="0b1" description="Read (Card to host)"/>
    </bit_field>
    <bit_field offset="5" width="1" name="MSBSEL" access="RW" reset_value="0" description="Multi / Single block select">
      <alias type="CMSIS" value="USDHC_MIX_CTRL_MSBSEL(x)"/>
      <bit_field_value name="MIX_CTRL_MSBSEL_0b0" value="0b0" description="Single block"/>
      <bit_field_value name="MIX_CTRL_MSBSEL_0b1" value="0b1" description="Multiple blocks"/>
    </bit_field>
    <bit_field offset="6" width="1" name="NIBBLE_POS" access="RW" reset_value="0" description="Nibble position indication">
      <alias type="CMSIS" value="USDHC_MIX_CTRL_NIBBLE_POS(x)"/>
    </bit_field>
    <bit_field offset="7" width="1" name="AC23EN" access="RW" reset_value="0" description="Auto CMD23 enable">
      <alias type="CMSIS" value="USDHC_MIX_CTRL_AC23EN(x)"/>
    </bit_field>
    <reserved_bit_field offset="8" width="14" reset_value="0"/>
    <bit_field offset="22" width="1" name="EXE_TUNE" access="RW" reset_value="0" description="Execute tuning: (Only used for SD3.0, SDR104 mode and EMMC HS200 mode)">
      <alias type="CMSIS" value="USDHC_MIX_CTRL_EXE_TUNE(x)"/>
      <bit_field_value name="MIX_CTRL_EXE_TUNE_0b0" value="0b0" description="Not tuned or tuning completed"/>
      <bit_field_value name="MIX_CTRL_EXE_TUNE_0b1" value="0b1" description="Execute tuning"/>
    </bit_field>
    <bit_field offset="23" width="1" name="SMP_CLK_SEL" access="RW" reset_value="0" description="Clock selection">
      <alias type="CMSIS" value="USDHC_MIX_CTRL_SMP_CLK_SEL(x)"/>
      <bit_field_value name="MIX_CTRL_SMP_CLK_SEL_0b0" value="0b0" description="Fixed clock is used to sample data / cmd"/>
      <bit_field_value name="MIX_CTRL_SMP_CLK_SEL_0b1" value="0b1" description="Tuned clock is used to sample data / cmd"/>
    </bit_field>
    <bit_field offset="24" width="1" name="AUTO_TUNE_EN" access="RW" reset_value="0" description="Auto tuning enable (Only used for SD3.0, SDR104 mode and and EMMC HS200 mode)">
      <alias type="CMSIS" value="USDHC_MIX_CTRL_AUTO_TUNE_EN(x)"/>
      <bit_field_value name="MIX_CTRL_AUTO_TUNE_EN_0b0" value="0b0" description="Disable auto tuning"/>
      <bit_field_value name="MIX_CTRL_AUTO_TUNE_EN_0b1" value="0b1" description="Enable auto tuning"/>
    </bit_field>
    <bit_field offset="25" width="1" name="FBCLK_SEL" access="RW" reset_value="0" description="Feedback clock source selection (Only used for SD3.0, SDR104 mode and EMMC HS200 mode)">
      <alias type="CMSIS" value="USDHC_MIX_CTRL_FBCLK_SEL(x)"/>
      <bit_field_value name="MIX_CTRL_FBCLK_SEL_0b0" value="0b0" description="Feedback clock comes from the loopback CLK"/>
      <bit_field_value name="MIX_CTRL_FBCLK_SEL_0b1" value="0b1" description="Feedback clock comes from the ipp_card_clk_out"/>
    </bit_field>
    <reserved_bit_field offset="26" width="1" reset_value="0"/>
    <reserved_bit_field offset="27" width="1" reset_value="0"/>
    <reserved_bit_field offset="28" width="1" reset_value="0"/>
    <reserved_bit_field offset="29" width="1" reset_value="0"/>
    <reserved_bit_field offset="30" width="1" reset_value="0"/>
    <reserved_bit_field offset="31" width="1" reset_value="0x1"/>
  </register>
  <register offset="0x50" width="32" name="FORCE_EVENT" description="Force Event">
    <alias type="CMSIS" value="FORCE_EVENT"/>
    <bit_field offset="0" width="1" name="FEVTAC12NE" access="WORZ" reset_value="0" description="Force event auto command 12 not executed">
      <alias type="CMSIS" value="USDHC_FORCE_EVENT_FEVTAC12NE(x)"/>
    </bit_field>
    <bit_field offset="1" width="1" name="FEVTAC12TOE" access="WORZ" reset_value="0" description="Force event auto command 12 time out error">
      <alias type="CMSIS" value="USDHC_FORCE_EVENT_FEVTAC12TOE(x)"/>
    </bit_field>
    <bit_field offset="2" width="1" name="FEVTAC12CE" access="WORZ" reset_value="0" description="Force event auto command 12 CRC error">
      <alias type="CMSIS" value="USDHC_FORCE_EVENT_FEVTAC12CE(x)"/>
    </bit_field>
    <bit_field offset="3" width="1" name="FEVTAC12EBE" access="WORZ" reset_value="0" description="Force event Auto Command 12 end bit error">
      <alias type="CMSIS" value="USDHC_FORCE_EVENT_FEVTAC12EBE(x)"/>
    </bit_field>
    <bit_field offset="4" width="1" name="FEVTAC12IE" access="WORZ" reset_value="0" description="Force event Auto Command 12 index error">
      <alias type="CMSIS" value="USDHC_FORCE_EVENT_FEVTAC12IE(x)"/>
    </bit_field>
    <reserved_bit_field offset="5" width="2" reset_value="0"/>
    <bit_field offset="7" width="1" name="FEVTCNIBAC12E" access="WORZ" reset_value="0" description="Force event command not executed by Auto Command 12 error">
      <alias type="CMSIS" value="USDHC_FORCE_EVENT_FEVTCNIBAC12E(x)"/>
    </bit_field>
    <reserved_bit_field offset="8" width="8" reset_value="0"/>
    <bit_field offset="16" width="1" name="FEVTCTOE" access="WORZ" reset_value="0" description="Force event command time out error">
      <alias type="CMSIS" value="USDHC_FORCE_EVENT_FEVTCTOE(x)"/>
    </bit_field>
    <bit_field offset="17" width="1" name="FEVTCCE" access="WORZ" reset_value="0" description="Force event command CRC error">
      <alias type="CMSIS" value="USDHC_FORCE_EVENT_FEVTCCE(x)"/>
    </bit_field>
    <bit_field offset="18" width="1" name="FEVTCEBE" access="WORZ" reset_value="0" description="Force event command end bit error">
      <alias type="CMSIS" value="USDHC_FORCE_EVENT_FEVTCEBE(x)"/>
    </bit_field>
    <bit_field offset="19" width="1" name="FEVTCIE" access="WORZ" reset_value="0" description="Force event command index error">
      <alias type="CMSIS" value="USDHC_FORCE_EVENT_FEVTCIE(x)"/>
    </bit_field>
    <bit_field offset="20" width="1" name="FEVTDTOE" access="WORZ" reset_value="0" description="Force event data time out error">
      <alias type="CMSIS" value="USDHC_FORCE_EVENT_FEVTDTOE(x)"/>
    </bit_field>
    <bit_field offset="21" width="1" name="FEVTDCE" access="WORZ" reset_value="0" description="Force event data CRC error">
      <alias type="CMSIS" value="USDHC_FORCE_EVENT_FEVTDCE(x)"/>
    </bit_field>
    <bit_field offset="22" width="1" name="FEVTDEBE" access="WORZ" reset_value="0" description="Force event data end bit error">
      <alias type="CMSIS" value="USDHC_FORCE_EVENT_FEVTDEBE(x)"/>
    </bit_field>
    <reserved_bit_field offset="23" width="1" reset_value="0"/>
    <bit_field offset="24" width="1" name="FEVTAC12E" access="WORZ" reset_value="0" description="Force event Auto Command 12 error">
      <alias type="CMSIS" value="USDHC_FORCE_EVENT_FEVTAC12E(x)"/>
    </bit_field>
    <reserved_bit_field offset="25" width="1" reset_value="0"/>
    <bit_field offset="26" width="1" name="FEVTTNE" access="WORZ" reset_value="0" description="Force tuning error">
      <alias type="CMSIS" value="USDHC_FORCE_EVENT_FEVTTNE(x)"/>
    </bit_field>
    <reserved_bit_field offset="27" width="1" reset_value="0"/>
    <bit_field offset="28" width="1" name="FEVTDMAE" access="WORZ" reset_value="0" description="Force event DMA error">
      <alias type="CMSIS" value="USDHC_FORCE_EVENT_FEVTDMAE(x)"/>
    </bit_field>
    <reserved_bit_field offset="29" width="2" reset_value="0"/>
    <bit_field offset="31" width="1" name="FEVTCINT" access="WORZ" reset_value="0" description="Force event card interrupt">
      <alias type="CMSIS" value="USDHC_FORCE_EVENT_FEVTCINT(x)"/>
    </bit_field>
  </register>
  <register offset="0x54" width="32" name="ADMA_ERR_STATUS" description="ADMA Error Status">
    <alias type="CMSIS" value="ADMA_ERR_STATUS"/>
    <bit_field offset="0" width="2" name="ADMAES" access="RO" reset_value="0" description="ADMA error state (when ADMA error is occurred)">
      <alias type="CMSIS" value="USDHC_ADMA_ERR_STATUS_ADMAES(x)"/>
    </bit_field>
    <bit_field offset="2" width="1" name="ADMALME" access="RO" reset_value="0" description="ADMA length mismatch error">
      <alias type="CMSIS" value="USDHC_ADMA_ERR_STATUS_ADMALME(x)"/>
      <bit_field_value name="ADMA_ERR_STATUS_ADMALME_0b0" value="0b0" description="No error"/>
      <bit_field_value name="ADMA_ERR_STATUS_ADMALME_0b1" value="0b1" description="Error"/>
    </bit_field>
    <bit_field offset="3" width="1" name="ADMADCE" access="RO" reset_value="0" description="ADMA descriptor error">
      <alias type="CMSIS" value="USDHC_ADMA_ERR_STATUS_ADMADCE(x)"/>
      <bit_field_value name="ADMA_ERR_STATUS_ADMADCE_0b0" value="0b0" description="No error"/>
      <bit_field_value name="ADMA_ERR_STATUS_ADMADCE_0b1" value="0b1" description="Error"/>
    </bit_field>
    <reserved_bit_field offset="4" width="28" reset_value="0"/>
  </register>
  <register offset="0x58" width="32" name="ADMA_SYS_ADDR" description="ADMA System Address">
    <alias type="CMSIS" value="ADMA_SYS_ADDR"/>
    <reserved_bit_field offset="0" width="2" reset_value="0"/>
    <bit_field offset="2" width="30" name="ADS_ADDR" access="RW" reset_value="0" description="ADMA system address">
      <alias type="CMSIS" value="USDHC_ADMA_SYS_ADDR_ADS_ADDR(x)"/>
    </bit_field>
  </register>
  <register offset="0x60" width="32" name="DLL_CTRL" description="DLL (Delay Line) Control">
    <alias type="CMSIS" value="DLL_CTRL"/>
    <bit_field offset="0" width="1" name="DLL_CTRL_ENABLE" access="RW" reset_value="0" description="DLL and delay chain">
      <alias type="CMSIS" value="USDHC_DLL_CTRL_DLL_CTRL_ENABLE(x)"/>
    </bit_field>
    <bit_field offset="1" width="1" name="DLL_CTRL_RESET" access="RW" reset_value="0" description="DLL reset">
      <alias type="CMSIS" value="USDHC_DLL_CTRL_DLL_CTRL_RESET(x)"/>
    </bit_field>
    <bit_field offset="2" width="1" name="DLL_CTRL_SLV_FORCE_UPD" access="RW" reset_value="0" description="DLL slave delay line">
      <alias type="CMSIS" value="USDHC_DLL_CTRL_DLL_CTRL_SLV_FORCE_UPD(x)"/>
    </bit_field>
    <bit_field offset="3" width="4" name="DLL_CTRL_SLV_DLY_TARGET0" access="RW" reset_value="0" description="DLL slave delay target0">
      <alias type="CMSIS" value="USDHC_DLL_CTRL_DLL_CTRL_SLV_DLY_TARGET0(x)"/>
    </bit_field>
    <bit_field offset="7" width="1" name="DLL_CTRL_GATE_UPDATE" access="RW" reset_value="0" description="DLL gate update">
      <alias type="CMSIS" value="USDHC_DLL_CTRL_DLL_CTRL_GATE_UPDATE(x)"/>
    </bit_field>
    <bit_field offset="8" width="1" name="DLL_CTRL_SLV_OVERRIDE" access="RW" reset_value="0" description="DLL slave override">
      <alias type="CMSIS" value="USDHC_DLL_CTRL_DLL_CTRL_SLV_OVERRIDE(x)"/>
    </bit_field>
    <bit_field offset="9" width="7" name="DLL_CTRL_SLV_OVERRIDE_VAL" access="RW" reset_value="0" description="DLL slave override val">
      <alias type="CMSIS" value="USDHC_DLL_CTRL_DLL_CTRL_SLV_OVERRIDE_VAL(x)"/>
    </bit_field>
    <bit_field offset="16" width="3" name="DLL_CTRL_SLV_DLY_TARGET1" access="RW" reset_value="0" description="DLL slave delay target1">
      <alias type="CMSIS" value="USDHC_DLL_CTRL_DLL_CTRL_SLV_DLY_TARGET1(x)"/>
    </bit_field>
    <reserved_bit_field offset="19" width="1" reset_value="0"/>
    <bit_field offset="20" width="8" name="DLL_CTRL_SLV_UPDATE_INT" access="RW" reset_value="0" description="Slave delay line update interval">
      <alias type="CMSIS" value="USDHC_DLL_CTRL_DLL_CTRL_SLV_UPDATE_INT(x)"/>
    </bit_field>
    <bit_field offset="28" width="4" name="DLL_CTRL_REF_UPDATE_INT" access="RW" reset_value="0" description="DLL control loop update interval">
      <alias type="CMSIS" value="USDHC_DLL_CTRL_DLL_CTRL_REF_UPDATE_INT(x)"/>
    </bit_field>
  </register>
  <register offset="0x64" width="32" name="DLL_STATUS" description="DLL Status">
    <alias type="CMSIS" value="DLL_STATUS"/>
    <bit_field offset="0" width="1" name="DLL_STS_SLV_LOCK" access="RO" reset_value="0" description="Slave delay-line lock status">
      <alias type="CMSIS" value="USDHC_DLL_STATUS_DLL_STS_SLV_LOCK(x)"/>
    </bit_field>
    <bit_field offset="1" width="1" name="DLL_STS_REF_LOCK" access="RO" reset_value="0" description="Reference DLL lock status">
      <alias type="CMSIS" value="USDHC_DLL_STATUS_DLL_STS_REF_LOCK(x)"/>
    </bit_field>
    <bit_field offset="2" width="7" name="DLL_STS_SLV_SEL" access="RO" reset_value="0" description="Slave delay line select status">
      <alias type="CMSIS" value="USDHC_DLL_STATUS_DLL_STS_SLV_SEL(x)"/>
    </bit_field>
    <bit_field offset="9" width="7" name="DLL_STS_REF_SEL" access="RO" reset_value="0x1" description="Reference delay line select taps">
      <alias type="CMSIS" value="USDHC_DLL_STATUS_DLL_STS_REF_SEL(x)"/>
    </bit_field>
    <reserved_bit_field offset="16" width="16" reset_value="0"/>
  </register>
  <register offset="0x68" width="32" name="CLK_TUNE_CTRL_STATUS" description="CLK Tuning Control and Status">
    <alias type="CMSIS" value="CLK_TUNE_CTRL_STATUS"/>
    <bit_field offset="0" width="4" name="DLY_CELL_SET_POST" access="RW" reset_value="0" description="Delay cells on the feedback clock between CLK_OUT and CLK_POST">
      <alias type="CMSIS" value="USDHC_CLK_TUNE_CTRL_STATUS_DLY_CELL_SET_POST(x)"/>
    </bit_field>
    <bit_field offset="4" width="4" name="DLY_CELL_SET_OUT" access="RW" reset_value="0" description="Delay cells on the feedback clock between CLK_PRE and CLK_OUT">
      <alias type="CMSIS" value="USDHC_CLK_TUNE_CTRL_STATUS_DLY_CELL_SET_OUT(x)"/>
    </bit_field>
    <bit_field offset="8" width="7" name="DLY_CELL_SET_PRE" access="RW" reset_value="0" description="delay cells on the feedback clock between the feedback clock and CLK_PRE">
      <alias type="CMSIS" value="USDHC_CLK_TUNE_CTRL_STATUS_DLY_CELL_SET_PRE(x)"/>
    </bit_field>
    <bit_field offset="15" width="1" name="NXT_ERR" access="RO" reset_value="0" description="NXT error">
      <alias type="CMSIS" value="USDHC_CLK_TUNE_CTRL_STATUS_NXT_ERR(x)"/>
    </bit_field>
    <bit_field offset="16" width="4" name="TAP_SEL_POST" access="RO" reset_value="0" description="Delay cells added on the feedback clock between CLK_OUT and CLK_POST">
      <alias type="CMSIS" value="USDHC_CLK_TUNE_CTRL_STATUS_TAP_SEL_POST(x)"/>
    </bit_field>
    <bit_field offset="20" width="4" name="TAP_SEL_OUT" access="RO" reset_value="0" description="Delay cells added on the feedback clock between CLK_PRE and CLK_OUT">
      <alias type="CMSIS" value="USDHC_CLK_TUNE_CTRL_STATUS_TAP_SEL_OUT(x)"/>
    </bit_field>
    <bit_field offset="24" width="7" name="TAP_SEL_PRE" access="RO" reset_value="0" description="TAP_SEL_PRE">
      <alias type="CMSIS" value="USDHC_CLK_TUNE_CTRL_STATUS_TAP_SEL_PRE(x)"/>
    </bit_field>
    <bit_field offset="31" width="1" name="PRE_ERR" access="RO" reset_value="0" description="PRE error">
      <alias type="CMSIS" value="USDHC_CLK_TUNE_CTRL_STATUS_PRE_ERR(x)"/>
    </bit_field>
  </register>
  <register offset="0xC0" width="32" name="VEND_SPEC" description="Vendor Specific Register">
    <alias type="CMSIS" value="VEND_SPEC"/>
    <reserved_bit_field offset="0" width="1" reset_value="0x1"/>
    <bit_field offset="1" width="1" name="VSELECT" access="RW" reset_value="0" description="Voltage selection">
      <alias type="CMSIS" value="USDHC_VEND_SPEC_VSELECT(x)"/>
      <bit_field_value name="VEND_SPEC_VSELECT_0b0" value="0b0" description="Change the voltage to high voltage range, around 3.0 V"/>
      <bit_field_value name="VEND_SPEC_VSELECT_0b1" value="0b1" description="Change the voltage to low voltage range, around 1.8 V"/>
    </bit_field>
    <bit_field offset="2" width="1" name="CONFLICT_CHK_EN" access="RW" reset_value="0" description="Conflict check enable">
      <alias type="CMSIS" value="USDHC_VEND_SPEC_CONFLICT_CHK_EN(x)"/>
      <bit_field_value name="VEND_SPEC_CONFLICT_CHK_EN_0b0" value="0b0" description="Conflict check disable"/>
      <bit_field_value name="VEND_SPEC_CONFLICT_CHK_EN_0b1" value="0b1" description="Conflict check enable"/>
    </bit_field>
    <bit_field offset="3" width="1" name="AC12_WR_CHKBUSY_EN" access="RW" reset_value="0x1" description="Check busy enable">
      <alias type="CMSIS" value="USDHC_VEND_SPEC_AC12_WR_CHKBUSY_EN(x)"/>
      <bit_field_value name="VEND_SPEC_AC12_WR_CHKBUSY_EN_0b0" value="0b0" description="Do not check busy after auto CMD12 for write data packet"/>
      <bit_field_value name="VEND_SPEC_AC12_WR_CHKBUSY_EN_0b1" value="0b1" description="Check busy after auto CMD12 for write data packet"/>
    </bit_field>
    <reserved_bit_field offset="4" width="1" reset_value="0"/>
    <reserved_bit_field offset="5" width="1" reset_value="0"/>
    <reserved_bit_field offset="6" width="1" reset_value="0"/>
    <reserved_bit_field offset="7" width="1" reset_value="0"/>
    <bit_field offset="8" width="1" name="FRC_SDCLK_ON" access="RW" reset_value="0" description="Force CLK">
      <alias type="CMSIS" value="USDHC_VEND_SPEC_FRC_SDCLK_ON(x)"/>
      <bit_field_value name="VEND_SPEC_FRC_SDCLK_ON_0b0" value="0b0" description="CLK active or inactive is fully controlled by the hardware."/>
      <bit_field_value name="VEND_SPEC_FRC_SDCLK_ON_0b1" value="0b1" description="Force CLK active"/>
    </bit_field>
    <reserved_bit_field offset="9" width="1" reset_value="0"/>
    <reserved_bit_field offset="10" width="1" reset_value="0"/>
    <reserved_bit_field offset="11" width="4" reset_value="0xF"/>
    <bit_field offset="15" width="1" name="CRC_CHK_DIS" access="RW" reset_value="0" description="CRC Check Disable">
      <alias type="CMSIS" value="USDHC_VEND_SPEC_CRC_CHK_DIS(x)"/>
      <bit_field_value name="VEND_SPEC_CRC_CHK_DIS_0b0" value="0b0" description="Check CRC16 for every read data packet and check CRC fields for every write data packet"/>
      <bit_field_value name="VEND_SPEC_CRC_CHK_DIS_0b1" value="0b1" description="Ignore CRC16 check for every read data packet and ignore CRC fields check for every write data packet"/>
    </bit_field>
    <reserved_bit_field offset="16" width="8" reset_value="0"/>
    <reserved_bit_field offset="24" width="4" reset_value="0"/>
    <reserved_bit_field offset="28" width="1" reset_value="0"/>
    <reserved_bit_field offset="29" width="1" reset_value="0x1"/>
    <reserved_bit_field offset="30" width="1" reset_value="0"/>
    <bit_field offset="31" width="1" name="CMD_BYTE_EN" access="RW" reset_value="0" description="Byte access">
      <alias type="CMSIS" value="USDHC_VEND_SPEC_CMD_BYTE_EN(x)"/>
      <bit_field_value name="VEND_SPEC_CMD_BYTE_EN_0b0" value="0b0" description="Disable"/>
      <bit_field_value name="VEND_SPEC_CMD_BYTE_EN_0b1" value="0b1" description="Enable"/>
    </bit_field>
  </register>
  <register offset="0xC4" width="32" name="MMC_BOOT" description="MMC Boot">
    <alias type="CMSIS" value="MMC_BOOT"/>
    <bit_field offset="0" width="4" name="DTOCV_ACK" access="RW" reset_value="0" description="Boot ACK time out">
      <alias type="CMSIS" value="USDHC_MMC_BOOT_DTOCV_ACK(x)"/>
      <bit_field_value name="MMC_BOOT_DTOCV_ACK_0b0000" value="0b0000" description="SDCLK x 2^14"/>
      <bit_field_value name="MMC_BOOT_DTOCV_ACK_0b0001" value="0b0001" description="SDCLK x 2^15"/>
      <bit_field_value name="MMC_BOOT_DTOCV_ACK_0b0010" value="0b0010" description="SDCLK x 2^16"/>
      <bit_field_value name="MMC_BOOT_DTOCV_ACK_0b0011" value="0b0011" description="SDCLK x 2^17"/>
      <bit_field_value name="MMC_BOOT_DTOCV_ACK_0b0100" value="0b0100" description="SDCLK x 2^18"/>
      <bit_field_value name="MMC_BOOT_DTOCV_ACK_0b0101" value="0b0101" description="SDCLK x 2^19"/>
      <bit_field_value name="MMC_BOOT_DTOCV_ACK_0b0110" value="0b0110" description="SDCLK x 2^20"/>
      <bit_field_value name="MMC_BOOT_DTOCV_ACK_0b0111" value="0b0111" description="SDCLK x 2^21"/>
      <bit_field_value name="MMC_BOOT_DTOCV_ACK_0b1110" value="0b1110" description="SDCLK x 2^28"/>
      <bit_field_value name="MMC_BOOT_DTOCV_ACK_0b1111" value="0b1111" description="SDCLK x 2^29"/>
    </bit_field>
    <bit_field offset="4" width="1" name="BOOT_ACK" access="RW" reset_value="0" description="BOOT ACK">
      <alias type="CMSIS" value="USDHC_MMC_BOOT_BOOT_ACK(x)"/>
      <bit_field_value name="MMC_BOOT_BOOT_ACK_0b0" value="0b0" description="No ack"/>
      <bit_field_value name="MMC_BOOT_BOOT_ACK_0b1" value="0b1" description="Ack"/>
    </bit_field>
    <bit_field offset="5" width="1" name="BOOT_MODE" access="RW" reset_value="0" description="Boot mode">
      <alias type="CMSIS" value="USDHC_MMC_BOOT_BOOT_MODE(x)"/>
      <bit_field_value name="MMC_BOOT_BOOT_MODE_0b0" value="0b0" description="Normal boot"/>
      <bit_field_value name="MMC_BOOT_BOOT_MODE_0b1" value="0b1" description="Alternative boot"/>
    </bit_field>
    <bit_field offset="6" width="1" name="BOOT_EN" access="RW" reset_value="0" description="Boot enable">
      <alias type="CMSIS" value="USDHC_MMC_BOOT_BOOT_EN(x)"/>
      <bit_field_value name="MMC_BOOT_BOOT_EN_0b0" value="0b0" description="Fast boot disable"/>
      <bit_field_value name="MMC_BOOT_BOOT_EN_0b1" value="0b1" description="Fast boot enable"/>
    </bit_field>
    <bit_field offset="7" width="1" name="AUTO_SABG_EN" access="RW" reset_value="0" description="Auto stop at block gap">
      <alias type="CMSIS" value="USDHC_MMC_BOOT_AUTO_SABG_EN(x)"/>
    </bit_field>
    <bit_field offset="8" width="1" name="DISABLE_TIME_OUT" access="RW" reset_value="0" description="Time out">
      <alias type="CMSIS" value="USDHC_MMC_BOOT_DISABLE_TIME_OUT(x)"/>
      <bit_field_value name="MMC_BOOT_DISABLE_TIME_OUT_0b0" value="0b0" description="Enable time out"/>
      <bit_field_value name="MMC_BOOT_DISABLE_TIME_OUT_0b1" value="0b1" description="Disable time out"/>
    </bit_field>
    <reserved_bit_field offset="9" width="7" reset_value="0"/>
    <bit_field offset="16" width="16" name="BOOT_BLK_CNT" access="RW" reset_value="0" description="Stop At Block Gap value of automatic mode">
      <alias type="CMSIS" value="USDHC_MMC_BOOT_BOOT_BLK_CNT(x)"/>
    </bit_field>
  </register>
  <register offset="0xC8" width="32" name="VEND_SPEC2" description="Vendor Specific 2 Register">
    <alias type="CMSIS" value="VEND_SPEC2"/>
    <reserved_bit_field offset="0" width="3" reset_value="0x6"/>
    <bit_field offset="3" width="1" name="CARD_INT_D3_TEST" access="RW" reset_value="0" description="Card interrupt detection test">
      <alias type="CMSIS" value="USDHC_VEND_SPEC2_CARD_INT_D3_TEST(x)"/>
      <bit_field_value name="VEND_SPEC2_CARD_INT_D3_TEST_0b0" value="0b0" description="Check the card interrupt only when DATA3 is high."/>
      <bit_field_value name="VEND_SPEC2_CARD_INT_D3_TEST_0b1" value="0b1" description="Check the card interrupt by ignoring the status of DATA3."/>
    </bit_field>
    <bit_field offset="4" width="1" name="TUNING_8bit_EN" access="RW" reset_value="0" description="Tuning 8bit enable">
      <alias type="CMSIS" value="USDHC_VEND_SPEC2_TUNING_8bit_EN(x)"/>
    </bit_field>
    <bit_field offset="5" width="1" name="TUNING_1bit_EN" access="RW" reset_value="0" description="Tuning 1bit enable">
      <alias type="CMSIS" value="USDHC_VEND_SPEC2_TUNING_1bit_EN(x)"/>
    </bit_field>
    <bit_field offset="6" width="1" name="TUNING_CMD_EN" access="RW" reset_value="0" description="Tuning command enable">
      <alias type="CMSIS" value="USDHC_VEND_SPEC2_TUNING_CMD_EN(x)"/>
      <bit_field_value name="VEND_SPEC2_TUNING_CMD_EN_0b0" value="0b0" description="Auto tuning circuit does not check the CMD line."/>
      <bit_field_value name="VEND_SPEC2_TUNING_CMD_EN_0b1" value="0b1" description="Auto tuning circuit checks the CMD line."/>
    </bit_field>
    <reserved_bit_field offset="7" width="2" reset_value="0"/>
    <reserved_bit_field offset="9" width="1" reset_value="0"/>
    <reserved_bit_field offset="10" width="2" reset_value="0"/>
    <bit_field offset="12" width="1" name="ACMD23_ARGU2_EN" access="RW" reset_value="0x1" description="Argument2 register enable for ACMD23">
      <alias type="CMSIS" value="USDHC_VEND_SPEC2_ACMD23_ARGU2_EN(x)"/>
      <bit_field_value name="VEND_SPEC2_ACMD23_ARGU2_EN_0b0" value="0b0" description="Disable"/>
      <bit_field_value name="VEND_SPEC2_ACMD23_ARGU2_EN_0b1" value="0b1" description="Argument2 register enable for ACMD23 sharing with SDMA system address register. Default is enabled."/>
    </bit_field>
    <reserved_bit_field offset="13" width="1" reset_value="0"/>
    <reserved_bit_field offset="14" width="1" reset_value="0"/>
    <reserved_bit_field offset="15" width="17" reset_value="0"/>
  </register>
  <register offset="0xCC" width="32" name="TUNING_CTRL" description="Tuning Control">
    <alias type="CMSIS" value="TUNING_CTRL"/>
    <bit_field offset="0" width="8" name="TUNING_START_TAP" access="RW" reset_value="0" description="Tuning start">
      <alias type="CMSIS" value="USDHC_TUNING_CTRL_TUNING_START_TAP(x)"/>
    </bit_field>
    <bit_field offset="8" width="8" name="TUNING_COUNTER" access="RW" reset_value="0x28" description="Tuning counter">
      <alias type="CMSIS" value="USDHC_TUNING_CTRL_TUNING_COUNTER(x)"/>
    </bit_field>
    <bit_field offset="16" width="3" name="TUNING_STEP" access="RW" reset_value="0x1" description="TUNING_STEP">
      <alias type="CMSIS" value="USDHC_TUNING_CTRL_TUNING_STEP(x)"/>
    </bit_field>
    <reserved_bit_field offset="19" width="1" reset_value="0"/>
    <bit_field offset="20" width="3" name="TUNING_WINDOW" access="RW" reset_value="0x2" description="Data window">
      <alias type="CMSIS" value="USDHC_TUNING_CTRL_TUNING_WINDOW(x)"/>
    </bit_field>
    <reserved_bit_field offset="23" width="1" reset_value="0"/>
    <bit_field offset="24" width="1" name="STD_TUNING_EN" access="RW" reset_value="0" description="Standard tuning circuit and procedure enable">
      <alias type="CMSIS" value="USDHC_TUNING_CTRL_STD_TUNING_EN(x)"/>
    </bit_field>
    <reserved_bit_field offset="25" width="7" reset_value="0"/>
  </register>
</regs:peripheral>