<?xml version="1.0"?>
<regs:peripheral xmlns:regs="http://swtools.freescale.net/XSD/registers/4.0/regsPeripheral.xsd" xmlns:xsi="http://www.w3.org/2001/XMLSchema-instance" xsi:schemaLocation="http://swtools.freescale.net/XSD/registers/4.0/regsPeripheral.xsd http://swtools.freescale.net/XSD/registers/4.0/regsPeripheral.xsd">
  <register offset="0" width="16" name="WCR" description="Watchdog Control Register">
    <alias type="CMSIS" value="WCR"/>
    <bit_field offset="0" width="1" name="WDZST" access="RW" reset_value="0" description="WDZST">
      <alias type="CMSIS" value="WDOG_WCR_WDZST(x)"/>
      <bit_field_value name="WCR_WDZST_0b0" value="0b0" description="Continue timer operation (Default)."/>
      <bit_field_value name="WCR_WDZST_0b1" value="0b1" description="Suspend the watchdog timer."/>
    </bit_field>
    <bit_field offset="1" width="1" name="WDBG" access="RW" reset_value="0" description="WDBG">
      <alias type="CMSIS" value="WDOG_WCR_WDBG(x)"/>
      <bit_field_value name="WCR_WDBG_0b0" value="0b0" description="Continue WDOG timer operation (Default)."/>
      <bit_field_value name="WCR_WDBG_0b1" value="0b1" description="Suspend the watchdog timer."/>
    </bit_field>
    <bit_field offset="2" width="1" name="WDE" access="RW" reset_value="0" description="WDE">
      <alias type="CMSIS" value="WDOG_WCR_WDE(x)"/>
      <bit_field_value name="WCR_WDE_0b0" value="0b0" description="Disable the Watchdog (Default)."/>
      <bit_field_value name="WCR_WDE_0b1" value="0b1" description="Enable the Watchdog."/>
    </bit_field>
    <bit_field offset="3" width="1" name="WDT" access="RW" reset_value="0" description="WDT">
      <alias type="CMSIS" value="WDOG_WCR_WDT(x)"/>
      <bit_field_value name="WCR_WDT_0b0" value="0b0" description="No effect on WDOG_B (Default)."/>
      <bit_field_value name="WCR_WDT_0b1" value="0b1" description="Assert WDOG_B upon a Watchdog Time-out event."/>
    </bit_field>
    <bit_field offset="4" width="1" name="SRS" access="RW" reset_value="0x1" description="SRS">
      <alias type="CMSIS" value="WDOG_WCR_SRS(x)"/>
      <bit_field_value name="WCR_SRS_0b0" value="0b0" description="Assert system reset signal."/>
      <bit_field_value name="WCR_SRS_0b1" value="0b1" description="No effect on the system (Default)."/>
    </bit_field>
    <bit_field offset="5" width="1" name="WDA" access="RW" reset_value="0x1" description="WDA">
      <alias type="CMSIS" value="WDOG_WCR_WDA(x)"/>
      <bit_field_value name="WCR_WDA_0b0" value="0b0" description="Assert WDOG_B output."/>
      <bit_field_value name="WCR_WDA_0b1" value="0b1" description="No effect on system (Default)."/>
    </bit_field>
    <bit_field offset="6" width="1" name="SRE" access="RW" reset_value="0" description="software reset extension, an option way to generate software reset">
      <alias type="CMSIS" value="WDOG_WCR_SRE(x)"/>
      <bit_field_value name="WCR_SRE_0b0" value="0b0" description="using original way to generate software reset (default)"/>
      <bit_field_value name="WCR_SRE_0b1" value="0b1" description="using new way to generate software reset."/>
    </bit_field>
    <bit_field offset="7" width="1" name="WDW" access="RW" reset_value="0" description="WDW">
      <alias type="CMSIS" value="WDOG_WCR_WDW(x)"/>
      <bit_field_value name="WCR_WDW_0b0" value="0b0" description="Continue WDOG timer operation (Default)."/>
      <bit_field_value name="WCR_WDW_0b1" value="0b1" description="Suspend WDOG timer operation."/>
    </bit_field>
    <bit_field offset="8" width="8" name="WT" access="RW" reset_value="0" description="WT">
      <alias type="CMSIS" value="WDOG_WCR_WT(x)"/>
      <bit_field_value name="WCR_WT_0b00000000" value="0b00000000" description="- 0.5 Seconds (Default)."/>
      <bit_field_value name="WCR_WT_0b00000001" value="0b00000001" description="- 1.0 Seconds."/>
      <bit_field_value name="WCR_WT_0b00000010" value="0b00000010" description="- 1.5 Seconds."/>
      <bit_field_value name="WCR_WT_0b00000011" value="0b00000011" description="- 2.0 Seconds."/>
      <bit_field_value name="WCR_WT_0b11111111" value="0b11111111" description="- 128 Seconds."/>
    </bit_field>
  </register>
  <register offset="0x2" width="16" name="WSR" description="Watchdog Service Register">
    <alias type="CMSIS" value="WSR"/>
    <bit_field offset="0" width="16" name="WSR" access="RW" reset_value="0" description="WSR">
      <alias type="CMSIS" value="WDOG_WSR_WSR(x)"/>
      <bit_field_value name="WSR_WSR_0b0101010101010101" value="0b0101010101010101" description="Write to the Watchdog Service Register (WDOG_WSR)."/>
      <bit_field_value name="WSR_WSR_0b1010101010101010" value="0b1010101010101010" description="Write to the Watchdog Service Register (WDOG_WSR)."/>
    </bit_field>
  </register>
  <register offset="0x4" width="16" name="WRSR" description="Watchdog Reset Status Register">
    <alias type="CMSIS" value="WRSR"/>
    <bit_field offset="0" width="1" name="SFTW" access="RO" reset_value="0" description="SFTW">
      <alias type="CMSIS" value="WDOG_WRSR_SFTW(x)"/>
      <bit_field_value name="WRSR_SFTW_0b0" value="0b0" description="Reset is not the result of a software reset."/>
      <bit_field_value name="WRSR_SFTW_0b1" value="0b1" description="Reset is the result of a software reset."/>
    </bit_field>
    <bit_field offset="1" width="1" name="TOUT" access="RO" reset_value="0" description="TOUT">
      <alias type="CMSIS" value="WDOG_WRSR_TOUT(x)"/>
      <bit_field_value name="WRSR_TOUT_0b0" value="0b0" description="Reset is not the result of a WDOG timeout."/>
      <bit_field_value name="WRSR_TOUT_0b1" value="0b1" description="Reset is the result of a WDOG timeout."/>
    </bit_field>
    <reserved_bit_field offset="2" width="2" reset_value="0"/>
    <bit_field offset="4" width="1" name="POR" access="RO" reset_value="0" description="POR">
      <alias type="CMSIS" value="WDOG_WRSR_POR(x)"/>
      <bit_field_value name="WRSR_POR_0b0" value="0b0" description="Reset is not the result of a power on reset."/>
      <bit_field_value name="WRSR_POR_0b1" value="0b1" description="Reset is the result of a power on reset."/>
    </bit_field>
    <reserved_bit_field offset="5" width="11" reset_value="0"/>
  </register>
  <register offset="0x6" width="16" name="WICR" description="Watchdog Interrupt Control Register">
    <alias type="CMSIS" value="WICR"/>
    <bit_field offset="0" width="8" name="WICT" access="RW" reset_value="0x4" description="WICT">
      <alias type="CMSIS" value="WDOG_WICR_WICT(x)"/>
      <bit_field_value name="WICR_WICT_0b00000000" value="0b00000000" description="WICT[7:0] = Time duration between interrupt and time-out is 0 seconds."/>
      <bit_field_value name="WICR_WICT_0b00000001" value="0b00000001" description="WICT[7:0] = Time duration between interrupt and time-out is 0.5 seconds."/>
      <bit_field_value name="WICR_WICT_0b00000100" value="0b00000100" description="WICT[7:0] = Time duration between interrupt and time-out is 2 seconds (Default)."/>
      <bit_field_value name="WICR_WICT_0b11111111" value="0b11111111" description="WICT[7:0] = Time duration between interrupt and time-out is 127.5 seconds."/>
    </bit_field>
    <reserved_bit_field offset="8" width="6" reset_value="0"/>
    <bit_field offset="14" width="1" name="WTIS" access="W1C" reset_value="0" description="WTIS">
      <alias type="CMSIS" value="WDOG_WICR_WTIS(x)"/>
      <bit_field_value name="WICR_WTIS_0b0" value="0b0" description="No interrupt has occurred (Default)."/>
      <bit_field_value name="WICR_WTIS_0b1" value="0b1" description="Interrupt has occurred"/>
    </bit_field>
    <bit_field offset="15" width="1" name="WIE" access="RW" reset_value="0" description="WIE">
      <alias type="CMSIS" value="WDOG_WICR_WIE(x)"/>
      <bit_field_value name="WICR_WIE_0b0" value="0b0" description="Disable Interrupt (Default)."/>
      <bit_field_value name="WICR_WIE_0b1" value="0b1" description="Enable Interrupt."/>
    </bit_field>
  </register>
  <register offset="0x8" width="16" name="WMCR" description="Watchdog Miscellaneous Control Register">
    <alias type="CMSIS" value="WMCR"/>
    <bit_field offset="0" width="1" name="PDE" access="RW" reset_value="0x1" description="PDE">
      <alias type="CMSIS" value="WDOG_WMCR_PDE(x)"/>
      <bit_field_value name="WMCR_PDE_0b0" value="0b0" description="Power Down Counter of WDOG is disabled."/>
      <bit_field_value name="WMCR_PDE_0b1" value="0b1" description="Power Down Counter of WDOG is enabled (Default)."/>
    </bit_field>
    <reserved_bit_field offset="1" width="15" reset_value="0"/>
  </register>
</regs:peripheral>