<?xml version="1.0"?>
<regs:peripheral xmlns:regs="http://swtools.freescale.net/XSD/registers/4.0/regsPeripheral.xsd" xmlns:xsi="http://www.w3.org/2001/XMLSchema-instance" xsi:schemaLocation="http://swtools.freescale.net/XSD/registers/4.0/regsPeripheral.xsd http://swtools.freescale.net/XSD/registers/4.0/regsPeripheral.xsd">
  <register offset="0" width="16" name="SEL0" description="Crossbar A Select Register 0">
    <alias type="CMSIS" value="SEL0"/>
    <bit_field offset="0" width="7" name="SEL0" access="RW" reset_value="0" description="Input (XBARA_INn) to be muxed to XBARA_OUT0 (refer to Functional Description section for input/output assignment)">
      <alias type="CMSIS" value="XBARA_SEL0_SEL0(x)"/>
    </bit_field>
    <reserved_bit_field offset="7" width="1" reset_value="0"/>
    <bit_field offset="8" width="7" name="SEL1" access="RW" reset_value="0" description="Input (XBARA_INn) to be muxed to XBARA_OUT1 (refer to Functional Description section for input/output assignment)">
      <alias type="CMSIS" value="XBARA_SEL0_SEL1(x)"/>
    </bit_field>
    <reserved_bit_field offset="15" width="1" reset_value="0"/>
  </register>
  <register offset="0x2" width="16" name="SEL1" description="Crossbar A Select Register 1">
    <alias type="CMSIS" value="SEL1"/>
    <bit_field offset="0" width="7" name="SEL2" access="RW" reset_value="0" description="Input (XBARA_INn) to be muxed to XBARA_OUT2 (refer to Functional Description section for input/output assignment)">
      <alias type="CMSIS" value="XBARA_SEL1_SEL2(x)"/>
    </bit_field>
    <reserved_bit_field offset="7" width="1" reset_value="0"/>
    <bit_field offset="8" width="7" name="SEL3" access="RW" reset_value="0" description="Input (XBARA_INn) to be muxed to XBARA_OUT3 (refer to Functional Description section for input/output assignment)">
      <alias type="CMSIS" value="XBARA_SEL1_SEL3(x)"/>
    </bit_field>
    <reserved_bit_field offset="15" width="1" reset_value="0"/>
  </register>
  <register offset="0x4" width="16" name="SEL2" description="Crossbar A Select Register 2">
    <alias type="CMSIS" value="SEL2"/>
    <bit_field offset="0" width="7" name="SEL4" access="RW" reset_value="0" description="Input (XBARA_INn) to be muxed to XBARA_OUT4 (refer to Functional Description section for input/output assignment)">
      <alias type="CMSIS" value="XBARA_SEL2_SEL4(x)"/>
    </bit_field>
    <reserved_bit_field offset="7" width="1" reset_value="0"/>
    <bit_field offset="8" width="7" name="SEL5" access="RW" reset_value="0" description="Input (XBARA_INn) to be muxed to XBARA_OUT5 (refer to Functional Description section for input/output assignment)">
      <alias type="CMSIS" value="XBARA_SEL2_SEL5(x)"/>
    </bit_field>
    <reserved_bit_field offset="15" width="1" reset_value="0"/>
  </register>
  <register offset="0x6" width="16" name="SEL3" description="Crossbar A Select Register 3">
    <alias type="CMSIS" value="SEL3"/>
    <bit_field offset="0" width="7" name="SEL6" access="RW" reset_value="0" description="Input (XBARA_INn) to be muxed to XBARA_OUT6 (refer to Functional Description section for input/output assignment)">
      <alias type="CMSIS" value="XBARA_SEL3_SEL6(x)"/>
    </bit_field>
    <reserved_bit_field offset="7" width="1" reset_value="0"/>
    <bit_field offset="8" width="7" name="SEL7" access="RW" reset_value="0" description="Input (XBARA_INn) to be muxed to XBARA_OUT7 (refer to Functional Description section for input/output assignment)">
      <alias type="CMSIS" value="XBARA_SEL3_SEL7(x)"/>
    </bit_field>
    <reserved_bit_field offset="15" width="1" reset_value="0"/>
  </register>
  <register offset="0x8" width="16" name="SEL4" description="Crossbar A Select Register 4">
    <alias type="CMSIS" value="SEL4"/>
    <bit_field offset="0" width="7" name="SEL8" access="RW" reset_value="0" description="Input (XBARA_INn) to be muxed to XBARA_OUT8 (refer to Functional Description section for input/output assignment)">
      <alias type="CMSIS" value="XBARA_SEL4_SEL8(x)"/>
    </bit_field>
    <reserved_bit_field offset="7" width="1" reset_value="0"/>
    <bit_field offset="8" width="7" name="SEL9" access="RW" reset_value="0" description="Input (XBARA_INn) to be muxed to XBARA_OUT9 (refer to Functional Description section for input/output assignment)">
      <alias type="CMSIS" value="XBARA_SEL4_SEL9(x)"/>
    </bit_field>
    <reserved_bit_field offset="15" width="1" reset_value="0"/>
  </register>
  <register offset="0xA" width="16" name="SEL5" description="Crossbar A Select Register 5">
    <alias type="CMSIS" value="SEL5"/>
    <bit_field offset="0" width="7" name="SEL10" access="RW" reset_value="0" description="Input (XBARA_INn) to be muxed to XBARA_OUT10 (refer to Functional Description section for input/output assignment)">
      <alias type="CMSIS" value="XBARA_SEL5_SEL10(x)"/>
    </bit_field>
    <reserved_bit_field offset="7" width="1" reset_value="0"/>
    <bit_field offset="8" width="7" name="SEL11" access="RW" reset_value="0" description="Input (XBARA_INn) to be muxed to XBARA_OUT11 (refer to Functional Description section for input/output assignment)">
      <alias type="CMSIS" value="XBARA_SEL5_SEL11(x)"/>
    </bit_field>
    <reserved_bit_field offset="15" width="1" reset_value="0"/>
  </register>
  <register offset="0xC" width="16" name="SEL6" description="Crossbar A Select Register 6">
    <alias type="CMSIS" value="SEL6"/>
    <bit_field offset="0" width="7" name="SEL12" access="RW" reset_value="0" description="Input (XBARA_INn) to be muxed to XBARA_OUT12 (refer to Functional Description section for input/output assignment)">
      <alias type="CMSIS" value="XBARA_SEL6_SEL12(x)"/>
    </bit_field>
    <reserved_bit_field offset="7" width="1" reset_value="0"/>
    <bit_field offset="8" width="7" name="SEL13" access="RW" reset_value="0" description="Input (XBARA_INn) to be muxed to XBARA_OUT13 (refer to Functional Description section for input/output assignment)">
      <alias type="CMSIS" value="XBARA_SEL6_SEL13(x)"/>
    </bit_field>
    <reserved_bit_field offset="15" width="1" reset_value="0"/>
  </register>
  <register offset="0xE" width="16" name="SEL7" description="Crossbar A Select Register 7">
    <alias type="CMSIS" value="SEL7"/>
    <bit_field offset="0" width="7" name="SEL14" access="RW" reset_value="0" description="Input (XBARA_INn) to be muxed to XBARA_OUT14 (refer to Functional Description section for input/output assignment)">
      <alias type="CMSIS" value="XBARA_SEL7_SEL14(x)"/>
    </bit_field>
    <reserved_bit_field offset="7" width="1" reset_value="0"/>
    <bit_field offset="8" width="7" name="SEL15" access="RW" reset_value="0" description="Input (XBARA_INn) to be muxed to XBARA_OUT15 (refer to Functional Description section for input/output assignment)">
      <alias type="CMSIS" value="XBARA_SEL7_SEL15(x)"/>
    </bit_field>
    <reserved_bit_field offset="15" width="1" reset_value="0"/>
  </register>
  <register offset="0x10" width="16" name="SEL8" description="Crossbar A Select Register 8">
    <alias type="CMSIS" value="SEL8"/>
    <bit_field offset="0" width="7" name="SEL16" access="RW" reset_value="0" description="Input (XBARA_INn) to be muxed to XBARA_OUT16 (refer to Functional Description section for input/output assignment)">
      <alias type="CMSIS" value="XBARA_SEL8_SEL16(x)"/>
    </bit_field>
    <reserved_bit_field offset="7" width="1" reset_value="0"/>
    <bit_field offset="8" width="7" name="SEL17" access="RW" reset_value="0" description="Input (XBARA_INn) to be muxed to XBARA_OUT17 (refer to Functional Description section for input/output assignment)">
      <alias type="CMSIS" value="XBARA_SEL8_SEL17(x)"/>
    </bit_field>
    <reserved_bit_field offset="15" width="1" reset_value="0"/>
  </register>
  <register offset="0x12" width="16" name="SEL9" description="Crossbar A Select Register 9">
    <alias type="CMSIS" value="SEL9"/>
    <bit_field offset="0" width="7" name="SEL18" access="RW" reset_value="0" description="Input (XBARA_INn) to be muxed to XBARA_OUT18 (refer to Functional Description section for input/output assignment)">
      <alias type="CMSIS" value="XBARA_SEL9_SEL18(x)"/>
    </bit_field>
    <reserved_bit_field offset="7" width="1" reset_value="0"/>
    <bit_field offset="8" width="7" name="SEL19" access="RW" reset_value="0" description="Input (XBARA_INn) to be muxed to XBARA_OUT19 (refer to Functional Description section for input/output assignment)">
      <alias type="CMSIS" value="XBARA_SEL9_SEL19(x)"/>
    </bit_field>
    <reserved_bit_field offset="15" width="1" reset_value="0"/>
  </register>
  <register offset="0x14" width="16" name="SEL10" description="Crossbar A Select Register 10">
    <alias type="CMSIS" value="SEL10"/>
    <bit_field offset="0" width="7" name="SEL20" access="RW" reset_value="0" description="Input (XBARA_INn) to be muxed to XBARA_OUT20 (refer to Functional Description section for input/output assignment)">
      <alias type="CMSIS" value="XBARA_SEL10_SEL20(x)"/>
    </bit_field>
    <reserved_bit_field offset="7" width="1" reset_value="0"/>
    <bit_field offset="8" width="7" name="SEL21" access="RW" reset_value="0" description="Input (XBARA_INn) to be muxed to XBARA_OUT21 (refer to Functional Description section for input/output assignment)">
      <alias type="CMSIS" value="XBARA_SEL10_SEL21(x)"/>
    </bit_field>
    <reserved_bit_field offset="15" width="1" reset_value="0"/>
  </register>
  <register offset="0x16" width="16" name="SEL11" description="Crossbar A Select Register 11">
    <alias type="CMSIS" value="SEL11"/>
    <bit_field offset="0" width="7" name="SEL22" access="RW" reset_value="0" description="Input (XBARA_INn) to be muxed to XBARA_OUT22 (refer to Functional Description section for input/output assignment)">
      <alias type="CMSIS" value="XBARA_SEL11_SEL22(x)"/>
    </bit_field>
    <reserved_bit_field offset="7" width="1" reset_value="0"/>
    <bit_field offset="8" width="7" name="SEL23" access="RW" reset_value="0" description="Input (XBARA_INn) to be muxed to XBARA_OUT23 (refer to Functional Description section for input/output assignment)">
      <alias type="CMSIS" value="XBARA_SEL11_SEL23(x)"/>
    </bit_field>
    <reserved_bit_field offset="15" width="1" reset_value="0"/>
  </register>
  <register offset="0x18" width="16" name="SEL12" description="Crossbar A Select Register 12">
    <alias type="CMSIS" value="SEL12"/>
    <bit_field offset="0" width="7" name="SEL24" access="RW" reset_value="0" description="Input (XBARA_INn) to be muxed to XBARA_OUT24 (refer to Functional Description section for input/output assignment)">
      <alias type="CMSIS" value="XBARA_SEL12_SEL24(x)"/>
    </bit_field>
    <reserved_bit_field offset="7" width="1" reset_value="0"/>
    <bit_field offset="8" width="7" name="SEL25" access="RW" reset_value="0" description="Input (XBARA_INn) to be muxed to XBARA_OUT25 (refer to Functional Description section for input/output assignment)">
      <alias type="CMSIS" value="XBARA_SEL12_SEL25(x)"/>
    </bit_field>
    <reserved_bit_field offset="15" width="1" reset_value="0"/>
  </register>
  <register offset="0x1A" width="16" name="SEL13" description="Crossbar A Select Register 13">
    <alias type="CMSIS" value="SEL13"/>
    <bit_field offset="0" width="7" name="SEL26" access="RW" reset_value="0" description="Input (XBARA_INn) to be muxed to XBARA_OUT26 (refer to Functional Description section for input/output assignment)">
      <alias type="CMSIS" value="XBARA_SEL13_SEL26(x)"/>
    </bit_field>
    <reserved_bit_field offset="7" width="1" reset_value="0"/>
    <bit_field offset="8" width="7" name="SEL27" access="RW" reset_value="0" description="Input (XBARA_INn) to be muxed to XBARA_OUT27 (refer to Functional Description section for input/output assignment)">
      <alias type="CMSIS" value="XBARA_SEL13_SEL27(x)"/>
    </bit_field>
    <reserved_bit_field offset="15" width="1" reset_value="0"/>
  </register>
  <register offset="0x1C" width="16" name="SEL14" description="Crossbar A Select Register 14">
    <alias type="CMSIS" value="SEL14"/>
    <bit_field offset="0" width="7" name="SEL28" access="RW" reset_value="0" description="Input (XBARA_INn) to be muxed to XBARA_OUT28 (refer to Functional Description section for input/output assignment)">
      <alias type="CMSIS" value="XBARA_SEL14_SEL28(x)"/>
    </bit_field>
    <reserved_bit_field offset="7" width="1" reset_value="0"/>
    <bit_field offset="8" width="7" name="SEL29" access="RW" reset_value="0" description="Input (XBARA_INn) to be muxed to XBARA_OUT29 (refer to Functional Description section for input/output assignment)">
      <alias type="CMSIS" value="XBARA_SEL14_SEL29(x)"/>
    </bit_field>
    <reserved_bit_field offset="15" width="1" reset_value="0"/>
  </register>
  <register offset="0x1E" width="16" name="SEL15" description="Crossbar A Select Register 15">
    <alias type="CMSIS" value="SEL15"/>
    <bit_field offset="0" width="7" name="SEL30" access="RW" reset_value="0" description="Input (XBARA_INn) to be muxed to XBARA_OUT30 (refer to Functional Description section for input/output assignment)">
      <alias type="CMSIS" value="XBARA_SEL15_SEL30(x)"/>
    </bit_field>
    <reserved_bit_field offset="7" width="1" reset_value="0"/>
    <bit_field offset="8" width="7" name="SEL31" access="RW" reset_value="0" description="Input (XBARA_INn) to be muxed to XBARA_OUT31 (refer to Functional Description section for input/output assignment)">
      <alias type="CMSIS" value="XBARA_SEL15_SEL31(x)"/>
    </bit_field>
    <reserved_bit_field offset="15" width="1" reset_value="0"/>
  </register>
  <register offset="0x20" width="16" name="SEL16" description="Crossbar A Select Register 16">
    <alias type="CMSIS" value="SEL16"/>
    <bit_field offset="0" width="7" name="SEL32" access="RW" reset_value="0" description="Input (XBARA_INn) to be muxed to XBARA_OUT32 (refer to Functional Description section for input/output assignment)">
      <alias type="CMSIS" value="XBARA_SEL16_SEL32(x)"/>
    </bit_field>
    <reserved_bit_field offset="7" width="1" reset_value="0"/>
    <bit_field offset="8" width="7" name="SEL33" access="RW" reset_value="0" description="Input (XBARA_INn) to be muxed to XBARA_OUT33 (refer to Functional Description section for input/output assignment)">
      <alias type="CMSIS" value="XBARA_SEL16_SEL33(x)"/>
    </bit_field>
    <reserved_bit_field offset="15" width="1" reset_value="0"/>
  </register>
  <register offset="0x22" width="16" name="SEL17" description="Crossbar A Select Register 17">
    <alias type="CMSIS" value="SEL17"/>
    <bit_field offset="0" width="7" name="SEL34" access="RW" reset_value="0" description="Input (XBARA_INn) to be muxed to XBARA_OUT34 (refer to Functional Description section for input/output assignment)">
      <alias type="CMSIS" value="XBARA_SEL17_SEL34(x)"/>
    </bit_field>
    <reserved_bit_field offset="7" width="1" reset_value="0"/>
    <bit_field offset="8" width="7" name="SEL35" access="RW" reset_value="0" description="Input (XBARA_INn) to be muxed to XBARA_OUT35 (refer to Functional Description section for input/output assignment)">
      <alias type="CMSIS" value="XBARA_SEL17_SEL35(x)"/>
    </bit_field>
    <reserved_bit_field offset="15" width="1" reset_value="0"/>
  </register>
  <register offset="0x24" width="16" name="SEL18" description="Crossbar A Select Register 18">
    <alias type="CMSIS" value="SEL18"/>
    <bit_field offset="0" width="7" name="SEL36" access="RW" reset_value="0" description="Input (XBARA_INn) to be muxed to XBARA_OUT36 (refer to Functional Description section for input/output assignment)">
      <alias type="CMSIS" value="XBARA_SEL18_SEL36(x)"/>
    </bit_field>
    <reserved_bit_field offset="7" width="1" reset_value="0"/>
    <bit_field offset="8" width="7" name="SEL37" access="RW" reset_value="0" description="Input (XBARA_INn) to be muxed to XBARA_OUT37 (refer to Functional Description section for input/output assignment)">
      <alias type="CMSIS" value="XBARA_SEL18_SEL37(x)"/>
    </bit_field>
    <reserved_bit_field offset="15" width="1" reset_value="0"/>
  </register>
  <register offset="0x26" width="16" name="SEL19" description="Crossbar A Select Register 19">
    <alias type="CMSIS" value="SEL19"/>
    <bit_field offset="0" width="7" name="SEL38" access="RW" reset_value="0" description="Input (XBARA_INn) to be muxed to XBARA_OUT38 (refer to Functional Description section for input/output assignment)">
      <alias type="CMSIS" value="XBARA_SEL19_SEL38(x)"/>
    </bit_field>
    <reserved_bit_field offset="7" width="1" reset_value="0"/>
    <bit_field offset="8" width="7" name="SEL39" access="RW" reset_value="0" description="Input (XBARA_INn) to be muxed to XBARA_OUT39 (refer to Functional Description section for input/output assignment)">
      <alias type="CMSIS" value="XBARA_SEL19_SEL39(x)"/>
    </bit_field>
    <reserved_bit_field offset="15" width="1" reset_value="0"/>
  </register>
  <register offset="0x28" width="16" name="SEL20" description="Crossbar A Select Register 20">
    <alias type="CMSIS" value="SEL20"/>
    <bit_field offset="0" width="7" name="SEL40" access="RW" reset_value="0" description="Input (XBARA_INn) to be muxed to XBARA_OUT40 (refer to Functional Description section for input/output assignment)">
      <alias type="CMSIS" value="XBARA_SEL20_SEL40(x)"/>
    </bit_field>
    <reserved_bit_field offset="7" width="1" reset_value="0"/>
    <bit_field offset="8" width="7" name="SEL41" access="RW" reset_value="0" description="Input (XBARA_INn) to be muxed to XBARA_OUT41 (refer to Functional Description section for input/output assignment)">
      <alias type="CMSIS" value="XBARA_SEL20_SEL41(x)"/>
    </bit_field>
    <reserved_bit_field offset="15" width="1" reset_value="0"/>
  </register>
  <register offset="0x2A" width="16" name="SEL21" description="Crossbar A Select Register 21">
    <alias type="CMSIS" value="SEL21"/>
    <bit_field offset="0" width="7" name="SEL42" access="RW" reset_value="0" description="Input (XBARA_INn) to be muxed to XBARA_OUT42 (refer to Functional Description section for input/output assignment)">
      <alias type="CMSIS" value="XBARA_SEL21_SEL42(x)"/>
    </bit_field>
    <reserved_bit_field offset="7" width="1" reset_value="0"/>
    <bit_field offset="8" width="7" name="SEL43" access="RW" reset_value="0" description="Input (XBARA_INn) to be muxed to XBARA_OUT43 (refer to Functional Description section for input/output assignment)">
      <alias type="CMSIS" value="XBARA_SEL21_SEL43(x)"/>
    </bit_field>
    <reserved_bit_field offset="15" width="1" reset_value="0"/>
  </register>
  <register offset="0x2C" width="16" name="SEL22" description="Crossbar A Select Register 22">
    <alias type="CMSIS" value="SEL22"/>
    <bit_field offset="0" width="7" name="SEL44" access="RW" reset_value="0" description="Input (XBARA_INn) to be muxed to XBARA_OUT44 (refer to Functional Description section for input/output assignment)">
      <alias type="CMSIS" value="XBARA_SEL22_SEL44(x)"/>
    </bit_field>
    <reserved_bit_field offset="7" width="1" reset_value="0"/>
    <bit_field offset="8" width="7" name="SEL45" access="RW" reset_value="0" description="Input (XBARA_INn) to be muxed to XBARA_OUT45 (refer to Functional Description section for input/output assignment)">
      <alias type="CMSIS" value="XBARA_SEL22_SEL45(x)"/>
    </bit_field>
    <reserved_bit_field offset="15" width="1" reset_value="0"/>
  </register>
  <register offset="0x2E" width="16" name="SEL23" description="Crossbar A Select Register 23">
    <alias type="CMSIS" value="SEL23"/>
    <bit_field offset="0" width="7" name="SEL46" access="RW" reset_value="0" description="Input (XBARA_INn) to be muxed to XBARA_OUT46 (refer to Functional Description section for input/output assignment)">
      <alias type="CMSIS" value="XBARA_SEL23_SEL46(x)"/>
    </bit_field>
    <reserved_bit_field offset="7" width="1" reset_value="0"/>
    <bit_field offset="8" width="7" name="SEL47" access="RW" reset_value="0" description="Input (XBARA_INn) to be muxed to XBARA_OUT47 (refer to Functional Description section for input/output assignment)">
      <alias type="CMSIS" value="XBARA_SEL23_SEL47(x)"/>
    </bit_field>
    <reserved_bit_field offset="15" width="1" reset_value="0"/>
  </register>
  <register offset="0x30" width="16" name="SEL24" description="Crossbar A Select Register 24">
    <alias type="CMSIS" value="SEL24"/>
    <bit_field offset="0" width="7" name="SEL48" access="RW" reset_value="0" description="Input (XBARA_INn) to be muxed to XBARA_OUT48 (refer to Functional Description section for input/output assignment)">
      <alias type="CMSIS" value="XBARA_SEL24_SEL48(x)"/>
    </bit_field>
    <reserved_bit_field offset="7" width="1" reset_value="0"/>
    <bit_field offset="8" width="7" name="SEL49" access="RW" reset_value="0" description="Input (XBARA_INn) to be muxed to XBARA_OUT49 (refer to Functional Description section for input/output assignment)">
      <alias type="CMSIS" value="XBARA_SEL24_SEL49(x)"/>
    </bit_field>
    <reserved_bit_field offset="15" width="1" reset_value="0"/>
  </register>
  <register offset="0x32" width="16" name="SEL25" description="Crossbar A Select Register 25">
    <alias type="CMSIS" value="SEL25"/>
    <bit_field offset="0" width="7" name="SEL50" access="RW" reset_value="0" description="Input (XBARA_INn) to be muxed to XBARA_OUT50 (refer to Functional Description section for input/output assignment)">
      <alias type="CMSIS" value="XBARA_SEL25_SEL50(x)"/>
    </bit_field>
    <reserved_bit_field offset="7" width="1" reset_value="0"/>
    <bit_field offset="8" width="7" name="SEL51" access="RW" reset_value="0" description="Input (XBARA_INn) to be muxed to XBARA_OUT51 (refer to Functional Description section for input/output assignment)">
      <alias type="CMSIS" value="XBARA_SEL25_SEL51(x)"/>
    </bit_field>
    <reserved_bit_field offset="15" width="1" reset_value="0"/>
  </register>
  <register offset="0x34" width="16" name="SEL26" description="Crossbar A Select Register 26">
    <alias type="CMSIS" value="SEL26"/>
    <bit_field offset="0" width="7" name="SEL52" access="RW" reset_value="0" description="Input (XBARA_INn) to be muxed to XBARA_OUT52 (refer to Functional Description section for input/output assignment)">
      <alias type="CMSIS" value="XBARA_SEL26_SEL52(x)"/>
    </bit_field>
    <reserved_bit_field offset="7" width="1" reset_value="0"/>
    <bit_field offset="8" width="7" name="SEL53" access="RW" reset_value="0" description="Input (XBARA_INn) to be muxed to XBARA_OUT53 (refer to Functional Description section for input/output assignment)">
      <alias type="CMSIS" value="XBARA_SEL26_SEL53(x)"/>
    </bit_field>
    <reserved_bit_field offset="15" width="1" reset_value="0"/>
  </register>
  <register offset="0x36" width="16" name="SEL27" description="Crossbar A Select Register 27">
    <alias type="CMSIS" value="SEL27"/>
    <bit_field offset="0" width="7" name="SEL54" access="RW" reset_value="0" description="Input (XBARA_INn) to be muxed to XBARA_OUT54 (refer to Functional Description section for input/output assignment)">
      <alias type="CMSIS" value="XBARA_SEL27_SEL54(x)"/>
    </bit_field>
    <reserved_bit_field offset="7" width="1" reset_value="0"/>
    <bit_field offset="8" width="7" name="SEL55" access="RW" reset_value="0" description="Input (XBARA_INn) to be muxed to XBARA_OUT55 (refer to Functional Description section for input/output assignment)">
      <alias type="CMSIS" value="XBARA_SEL27_SEL55(x)"/>
    </bit_field>
    <reserved_bit_field offset="15" width="1" reset_value="0"/>
  </register>
  <register offset="0x38" width="16" name="SEL28" description="Crossbar A Select Register 28">
    <alias type="CMSIS" value="SEL28"/>
    <bit_field offset="0" width="7" name="SEL56" access="RW" reset_value="0" description="Input (XBARA_INn) to be muxed to XBARA_OUT56 (refer to Functional Description section for input/output assignment)">
      <alias type="CMSIS" value="XBARA_SEL28_SEL56(x)"/>
    </bit_field>
    <reserved_bit_field offset="7" width="1" reset_value="0"/>
    <bit_field offset="8" width="7" name="SEL57" access="RW" reset_value="0" description="Input (XBARA_INn) to be muxed to XBARA_OUT57 (refer to Functional Description section for input/output assignment)">
      <alias type="CMSIS" value="XBARA_SEL28_SEL57(x)"/>
    </bit_field>
    <reserved_bit_field offset="15" width="1" reset_value="0"/>
  </register>
  <register offset="0x3A" width="16" name="SEL29" description="Crossbar A Select Register 29">
    <alias type="CMSIS" value="SEL29"/>
    <bit_field offset="0" width="7" name="SEL58" access="RW" reset_value="0" description="Input (XBARA_INn) to be muxed to XBARA_OUT58 (refer to Functional Description section for input/output assignment)">
      <alias type="CMSIS" value="XBARA_SEL29_SEL58(x)"/>
    </bit_field>
    <reserved_bit_field offset="7" width="1" reset_value="0"/>
    <bit_field offset="8" width="7" name="SEL59" access="RW" reset_value="0" description="Input (XBARA_INn) to be muxed to XBARA_OUT59 (refer to Functional Description section for input/output assignment)">
      <alias type="CMSIS" value="XBARA_SEL29_SEL59(x)"/>
    </bit_field>
    <reserved_bit_field offset="15" width="1" reset_value="0"/>
  </register>
  <register offset="0x3C" width="16" name="SEL30" description="Crossbar A Select Register 30">
    <alias type="CMSIS" value="SEL30"/>
    <bit_field offset="0" width="7" name="SEL60" access="RW" reset_value="0" description="Input (XBARA_INn) to be muxed to XBARA_OUT60 (refer to Functional Description section for input/output assignment)">
      <alias type="CMSIS" value="XBARA_SEL30_SEL60(x)"/>
    </bit_field>
    <reserved_bit_field offset="7" width="1" reset_value="0"/>
    <bit_field offset="8" width="7" name="SEL61" access="RW" reset_value="0" description="Input (XBARA_INn) to be muxed to XBARA_OUT61 (refer to Functional Description section for input/output assignment)">
      <alias type="CMSIS" value="XBARA_SEL30_SEL61(x)"/>
    </bit_field>
    <reserved_bit_field offset="15" width="1" reset_value="0"/>
  </register>
  <register offset="0x3E" width="16" name="SEL31" description="Crossbar A Select Register 31">
    <alias type="CMSIS" value="SEL31"/>
    <bit_field offset="0" width="7" name="SEL62" access="RW" reset_value="0" description="Input (XBARA_INn) to be muxed to XBARA_OUT62 (refer to Functional Description section for input/output assignment)">
      <alias type="CMSIS" value="XBARA_SEL31_SEL62(x)"/>
    </bit_field>
    <reserved_bit_field offset="7" width="1" reset_value="0"/>
    <bit_field offset="8" width="7" name="SEL63" access="RW" reset_value="0" description="Input (XBARA_INn) to be muxed to XBARA_OUT63 (refer to Functional Description section for input/output assignment)">
      <alias type="CMSIS" value="XBARA_SEL31_SEL63(x)"/>
    </bit_field>
    <reserved_bit_field offset="15" width="1" reset_value="0"/>
  </register>
  <register offset="0x40" width="16" name="SEL32" description="Crossbar A Select Register 32">
    <alias type="CMSIS" value="SEL32"/>
    <bit_field offset="0" width="7" name="SEL64" access="RW" reset_value="0" description="Input (XBARA_INn) to be muxed to XBARA_OUT64 (refer to Functional Description section for input/output assignment)">
      <alias type="CMSIS" value="XBARA_SEL32_SEL64(x)"/>
    </bit_field>
    <reserved_bit_field offset="7" width="1" reset_value="0"/>
    <bit_field offset="8" width="7" name="SEL65" access="RW" reset_value="0" description="Input (XBARA_INn) to be muxed to XBARA_OUT65 (refer to Functional Description section for input/output assignment)">
      <alias type="CMSIS" value="XBARA_SEL32_SEL65(x)"/>
    </bit_field>
    <reserved_bit_field offset="15" width="1" reset_value="0"/>
  </register>
  <register offset="0x42" width="16" name="SEL33" description="Crossbar A Select Register 33">
    <alias type="CMSIS" value="SEL33"/>
    <bit_field offset="0" width="7" name="SEL66" access="RW" reset_value="0" description="Input (XBARA_INn) to be muxed to XBARA_OUT66 (refer to Functional Description section for input/output assignment)">
      <alias type="CMSIS" value="XBARA_SEL33_SEL66(x)"/>
    </bit_field>
    <reserved_bit_field offset="7" width="1" reset_value="0"/>
    <bit_field offset="8" width="7" name="SEL67" access="RW" reset_value="0" description="Input (XBARA_INn) to be muxed to XBARA_OUT67 (refer to Functional Description section for input/output assignment)">
      <alias type="CMSIS" value="XBARA_SEL33_SEL67(x)"/>
    </bit_field>
    <reserved_bit_field offset="15" width="1" reset_value="0"/>
  </register>
  <register offset="0x44" width="16" name="SEL34" description="Crossbar A Select Register 34">
    <alias type="CMSIS" value="SEL34"/>
    <bit_field offset="0" width="7" name="SEL68" access="RW" reset_value="0" description="Input (XBARA_INn) to be muxed to XBARA_OUT68 (refer to Functional Description section for input/output assignment)">
      <alias type="CMSIS" value="XBARA_SEL34_SEL68(x)"/>
    </bit_field>
    <reserved_bit_field offset="7" width="1" reset_value="0"/>
    <bit_field offset="8" width="7" name="SEL69" access="RW" reset_value="0" description="Input (XBARA_INn) to be muxed to XBARA_OUT69 (refer to Functional Description section for input/output assignment)">
      <alias type="CMSIS" value="XBARA_SEL34_SEL69(x)"/>
    </bit_field>
    <reserved_bit_field offset="15" width="1" reset_value="0"/>
  </register>
  <register offset="0x46" width="16" name="SEL35" description="Crossbar A Select Register 35">
    <alias type="CMSIS" value="SEL35"/>
    <bit_field offset="0" width="7" name="SEL70" access="RW" reset_value="0" description="Input (XBARA_INn) to be muxed to XBARA_OUT70 (refer to Functional Description section for input/output assignment)">
      <alias type="CMSIS" value="XBARA_SEL35_SEL70(x)"/>
    </bit_field>
    <reserved_bit_field offset="7" width="1" reset_value="0"/>
    <bit_field offset="8" width="7" name="SEL71" access="RW" reset_value="0" description="Input (XBARA_INn) to be muxed to XBARA_OUT71 (refer to Functional Description section for input/output assignment)">
      <alias type="CMSIS" value="XBARA_SEL35_SEL71(x)"/>
    </bit_field>
    <reserved_bit_field offset="15" width="1" reset_value="0"/>
  </register>
  <register offset="0x48" width="16" name="SEL36" description="Crossbar A Select Register 36">
    <alias type="CMSIS" value="SEL36"/>
    <bit_field offset="0" width="7" name="SEL72" access="RW" reset_value="0" description="Input (XBARA_INn) to be muxed to XBARA_OUT72 (refer to Functional Description section for input/output assignment)">
      <alias type="CMSIS" value="XBARA_SEL36_SEL72(x)"/>
    </bit_field>
    <reserved_bit_field offset="7" width="1" reset_value="0"/>
    <bit_field offset="8" width="7" name="SEL73" access="RW" reset_value="0" description="Input (XBARA_INn) to be muxed to XBARA_OUT73 (refer to Functional Description section for input/output assignment)">
      <alias type="CMSIS" value="XBARA_SEL36_SEL73(x)"/>
    </bit_field>
    <reserved_bit_field offset="15" width="1" reset_value="0"/>
  </register>
  <register offset="0x4A" width="16" name="SEL37" description="Crossbar A Select Register 37">
    <alias type="CMSIS" value="SEL37"/>
    <bit_field offset="0" width="7" name="SEL74" access="RW" reset_value="0" description="Input (XBARA_INn) to be muxed to XBARA_OUT74 (refer to Functional Description section for input/output assignment)">
      <alias type="CMSIS" value="XBARA_SEL37_SEL74(x)"/>
    </bit_field>
    <reserved_bit_field offset="7" width="1" reset_value="0"/>
    <bit_field offset="8" width="7" name="SEL75" access="RW" reset_value="0" description="Input (XBARA_INn) to be muxed to XBARA_OUT75 (refer to Functional Description section for input/output assignment)">
      <alias type="CMSIS" value="XBARA_SEL37_SEL75(x)"/>
    </bit_field>
    <reserved_bit_field offset="15" width="1" reset_value="0"/>
  </register>
  <register offset="0x4C" width="16" name="SEL38" description="Crossbar A Select Register 38">
    <alias type="CMSIS" value="SEL38"/>
    <bit_field offset="0" width="7" name="SEL76" access="RW" reset_value="0" description="Input (XBARA_INn) to be muxed to XBARA_OUT76 (refer to Functional Description section for input/output assignment)">
      <alias type="CMSIS" value="XBARA_SEL38_SEL76(x)"/>
    </bit_field>
    <reserved_bit_field offset="7" width="1" reset_value="0"/>
    <bit_field offset="8" width="7" name="SEL77" access="RW" reset_value="0" description="Input (XBARA_INn) to be muxed to XBARA_OUT77 (refer to Functional Description section for input/output assignment)">
      <alias type="CMSIS" value="XBARA_SEL38_SEL77(x)"/>
    </bit_field>
    <reserved_bit_field offset="15" width="1" reset_value="0"/>
  </register>
  <register offset="0x4E" width="16" name="SEL39" description="Crossbar A Select Register 39">
    <alias type="CMSIS" value="SEL39"/>
    <bit_field offset="0" width="7" name="SEL78" access="RW" reset_value="0" description="Input (XBARA_INn) to be muxed to XBARA_OUT78 (refer to Functional Description section for input/output assignment)">
      <alias type="CMSIS" value="XBARA_SEL39_SEL78(x)"/>
    </bit_field>
    <reserved_bit_field offset="7" width="1" reset_value="0"/>
    <bit_field offset="8" width="7" name="SEL79" access="RW" reset_value="0" description="Input (XBARA_INn) to be muxed to XBARA_OUT79 (refer to Functional Description section for input/output assignment)">
      <alias type="CMSIS" value="XBARA_SEL39_SEL79(x)"/>
    </bit_field>
    <reserved_bit_field offset="15" width="1" reset_value="0"/>
  </register>
  <register offset="0x50" width="16" name="SEL40" description="Crossbar A Select Register 40">
    <alias type="CMSIS" value="SEL40"/>
    <bit_field offset="0" width="7" name="SEL80" access="RW" reset_value="0" description="Input (XBARA_INn) to be muxed to XBARA_OUT80 (refer to Functional Description section for input/output assignment)">
      <alias type="CMSIS" value="XBARA_SEL40_SEL80(x)"/>
    </bit_field>
    <reserved_bit_field offset="7" width="1" reset_value="0"/>
    <bit_field offset="8" width="7" name="SEL81" access="RW" reset_value="0" description="Input (XBARA_INn) to be muxed to XBARA_OUT81 (refer to Functional Description section for input/output assignment)">
      <alias type="CMSIS" value="XBARA_SEL40_SEL81(x)"/>
    </bit_field>
    <reserved_bit_field offset="15" width="1" reset_value="0"/>
  </register>
  <register offset="0x52" width="16" name="SEL41" description="Crossbar A Select Register 41">
    <alias type="CMSIS" value="SEL41"/>
    <bit_field offset="0" width="7" name="SEL82" access="RW" reset_value="0" description="Input (XBARA_INn) to be muxed to XBARA_OUT82 (refer to Functional Description section for input/output assignment)">
      <alias type="CMSIS" value="XBARA_SEL41_SEL82(x)"/>
    </bit_field>
    <reserved_bit_field offset="7" width="1" reset_value="0"/>
    <bit_field offset="8" width="7" name="SEL83" access="RW" reset_value="0" description="Input (XBARA_INn) to be muxed to XBARA_OUT83 (refer to Functional Description section for input/output assignment)">
      <alias type="CMSIS" value="XBARA_SEL41_SEL83(x)"/>
    </bit_field>
    <reserved_bit_field offset="15" width="1" reset_value="0"/>
  </register>
  <register offset="0x54" width="16" name="SEL42" description="Crossbar A Select Register 42">
    <alias type="CMSIS" value="SEL42"/>
    <bit_field offset="0" width="7" name="SEL84" access="RW" reset_value="0" description="Input (XBARA_INn) to be muxed to XBARA_OUT84 (refer to Functional Description section for input/output assignment)">
      <alias type="CMSIS" value="XBARA_SEL42_SEL84(x)"/>
    </bit_field>
    <reserved_bit_field offset="7" width="1" reset_value="0"/>
    <bit_field offset="8" width="7" name="SEL85" access="RW" reset_value="0" description="Input (XBARA_INn) to be muxed to XBARA_OUT85 (refer to Functional Description section for input/output assignment)">
      <alias type="CMSIS" value="XBARA_SEL42_SEL85(x)"/>
    </bit_field>
    <reserved_bit_field offset="15" width="1" reset_value="0"/>
  </register>
  <register offset="0x56" width="16" name="SEL43" description="Crossbar A Select Register 43">
    <alias type="CMSIS" value="SEL43"/>
    <bit_field offset="0" width="7" name="SEL86" access="RW" reset_value="0" description="Input (XBARA_INn) to be muxed to XBARA_OUT86 (refer to Functional Description section for input/output assignment)">
      <alias type="CMSIS" value="XBARA_SEL43_SEL86(x)"/>
    </bit_field>
    <reserved_bit_field offset="7" width="1" reset_value="0"/>
    <bit_field offset="8" width="7" name="SEL87" access="RW" reset_value="0" description="Input (XBARA_INn) to be muxed to XBARA_OUT87 (refer to Functional Description section for input/output assignment)">
      <alias type="CMSIS" value="XBARA_SEL43_SEL87(x)"/>
    </bit_field>
    <reserved_bit_field offset="15" width="1" reset_value="0"/>
  </register>
  <register offset="0x58" width="16" name="SEL44" description="Crossbar A Select Register 44">
    <alias type="CMSIS" value="SEL44"/>
    <bit_field offset="0" width="7" name="SEL88" access="RW" reset_value="0" description="Input (XBARA_INn) to be muxed to XBARA_OUT88 (refer to Functional Description section for input/output assignment)">
      <alias type="CMSIS" value="XBARA_SEL44_SEL88(x)"/>
    </bit_field>
    <reserved_bit_field offset="7" width="1" reset_value="0"/>
    <bit_field offset="8" width="7" name="SEL89" access="RW" reset_value="0" description="Input (XBARA_INn) to be muxed to XBARA_OUT89 (refer to Functional Description section for input/output assignment)">
      <alias type="CMSIS" value="XBARA_SEL44_SEL89(x)"/>
    </bit_field>
    <reserved_bit_field offset="15" width="1" reset_value="0"/>
  </register>
  <register offset="0x5A" width="16" name="SEL45" description="Crossbar A Select Register 45">
    <alias type="CMSIS" value="SEL45"/>
    <bit_field offset="0" width="7" name="SEL90" access="RW" reset_value="0" description="Input (XBARA_INn) to be muxed to XBARA_OUT90 (refer to Functional Description section for input/output assignment)">
      <alias type="CMSIS" value="XBARA_SEL45_SEL90(x)"/>
    </bit_field>
    <reserved_bit_field offset="7" width="1" reset_value="0"/>
    <bit_field offset="8" width="7" name="SEL91" access="RW" reset_value="0" description="Input (XBARA_INn) to be muxed to XBARA_OUT91 (refer to Functional Description section for input/output assignment)">
      <alias type="CMSIS" value="XBARA_SEL45_SEL91(x)"/>
    </bit_field>
    <reserved_bit_field offset="15" width="1" reset_value="0"/>
  </register>
  <register offset="0x5C" width="16" name="SEL46" description="Crossbar A Select Register 46">
    <alias type="CMSIS" value="SEL46"/>
    <bit_field offset="0" width="7" name="SEL92" access="RW" reset_value="0" description="Input (XBARA_INn) to be muxed to XBARA_OUT92 (refer to Functional Description section for input/output assignment)">
      <alias type="CMSIS" value="XBARA_SEL46_SEL92(x)"/>
    </bit_field>
    <reserved_bit_field offset="7" width="1" reset_value="0"/>
    <bit_field offset="8" width="7" name="SEL93" access="RW" reset_value="0" description="Input (XBARA_INn) to be muxed to XBARA_OUT93 (refer to Functional Description section for input/output assignment)">
      <alias type="CMSIS" value="XBARA_SEL46_SEL93(x)"/>
    </bit_field>
    <reserved_bit_field offset="15" width="1" reset_value="0"/>
  </register>
  <register offset="0x5E" width="16" name="SEL47" description="Crossbar A Select Register 47">
    <alias type="CMSIS" value="SEL47"/>
    <bit_field offset="0" width="7" name="SEL94" access="RW" reset_value="0" description="Input (XBARA_INn) to be muxed to XBARA_OUT94 (refer to Functional Description section for input/output assignment)">
      <alias type="CMSIS" value="XBARA_SEL47_SEL94(x)"/>
    </bit_field>
    <reserved_bit_field offset="7" width="1" reset_value="0"/>
    <bit_field offset="8" width="7" name="SEL95" access="RW" reset_value="0" description="Input (XBARA_INn) to be muxed to XBARA_OUT95 (refer to Functional Description section for input/output assignment)">
      <alias type="CMSIS" value="XBARA_SEL47_SEL95(x)"/>
    </bit_field>
    <reserved_bit_field offset="15" width="1" reset_value="0"/>
  </register>
  <register offset="0x60" width="16" name="SEL48" description="Crossbar A Select Register 48">
    <alias type="CMSIS" value="SEL48"/>
    <bit_field offset="0" width="7" name="SEL96" access="RW" reset_value="0" description="Input (XBARA_INn) to be muxed to XBARA_OUT96 (refer to Functional Description section for input/output assignment)">
      <alias type="CMSIS" value="XBARA_SEL48_SEL96(x)"/>
    </bit_field>
    <reserved_bit_field offset="7" width="1" reset_value="0"/>
    <bit_field offset="8" width="7" name="SEL97" access="RW" reset_value="0" description="Input (XBARA_INn) to be muxed to XBARA_OUT97 (refer to Functional Description section for input/output assignment)">
      <alias type="CMSIS" value="XBARA_SEL48_SEL97(x)"/>
    </bit_field>
    <reserved_bit_field offset="15" width="1" reset_value="0"/>
  </register>
  <register offset="0x62" width="16" name="SEL49" description="Crossbar A Select Register 49">
    <alias type="CMSIS" value="SEL49"/>
    <bit_field offset="0" width="7" name="SEL98" access="RW" reset_value="0" description="Input (XBARA_INn) to be muxed to XBARA_OUT98 (refer to Functional Description section for input/output assignment)">
      <alias type="CMSIS" value="XBARA_SEL49_SEL98(x)"/>
    </bit_field>
    <reserved_bit_field offset="7" width="1" reset_value="0"/>
    <bit_field offset="8" width="7" name="SEL99" access="RW" reset_value="0" description="Input (XBARA_INn) to be muxed to XBARA_OUT99 (refer to Functional Description section for input/output assignment)">
      <alias type="CMSIS" value="XBARA_SEL49_SEL99(x)"/>
    </bit_field>
    <reserved_bit_field offset="15" width="1" reset_value="0"/>
  </register>
  <register offset="0x64" width="16" name="SEL50" description="Crossbar A Select Register 50">
    <alias type="CMSIS" value="SEL50"/>
    <bit_field offset="0" width="7" name="SEL100" access="RW" reset_value="0" description="Input (XBARA_INn) to be muxed to XBARA_OUT100 (refer to Functional Description section for input/output assignment)">
      <alias type="CMSIS" value="XBARA_SEL50_SEL100(x)"/>
    </bit_field>
    <reserved_bit_field offset="7" width="1" reset_value="0"/>
    <bit_field offset="8" width="7" name="SEL101" access="RW" reset_value="0" description="Input (XBARA_INn) to be muxed to XBARA_OUT101 (refer to Functional Description section for input/output assignment)">
      <alias type="CMSIS" value="XBARA_SEL50_SEL101(x)"/>
    </bit_field>
    <reserved_bit_field offset="15" width="1" reset_value="0"/>
  </register>
  <register offset="0x66" width="16" name="SEL51" description="Crossbar A Select Register 51">
    <alias type="CMSIS" value="SEL51"/>
    <bit_field offset="0" width="7" name="SEL102" access="RW" reset_value="0" description="Input (XBARA_INn) to be muxed to XBARA_OUT102 (refer to Functional Description section for input/output assignment)">
      <alias type="CMSIS" value="XBARA_SEL51_SEL102(x)"/>
    </bit_field>
    <reserved_bit_field offset="7" width="1" reset_value="0"/>
    <bit_field offset="8" width="7" name="SEL103" access="RW" reset_value="0" description="Input (XBARA_INn) to be muxed to XBARA_OUT103 (refer to Functional Description section for input/output assignment)">
      <alias type="CMSIS" value="XBARA_SEL51_SEL103(x)"/>
    </bit_field>
    <reserved_bit_field offset="15" width="1" reset_value="0"/>
  </register>
  <register offset="0x68" width="16" name="SEL52" description="Crossbar A Select Register 52">
    <alias type="CMSIS" value="SEL52"/>
    <bit_field offset="0" width="7" name="SEL104" access="RW" reset_value="0" description="Input (XBARA_INn) to be muxed to XBARA_OUT104 (refer to Functional Description section for input/output assignment)">
      <alias type="CMSIS" value="XBARA_SEL52_SEL104(x)"/>
    </bit_field>
    <reserved_bit_field offset="7" width="1" reset_value="0"/>
    <bit_field offset="8" width="7" name="SEL105" access="RW" reset_value="0" description="Input (XBARA_INn) to be muxed to XBARA_OUT105 (refer to Functional Description section for input/output assignment)">
      <alias type="CMSIS" value="XBARA_SEL52_SEL105(x)"/>
    </bit_field>
    <reserved_bit_field offset="15" width="1" reset_value="0"/>
  </register>
  <register offset="0x6A" width="16" name="SEL53" description="Crossbar A Select Register 53">
    <alias type="CMSIS" value="SEL53"/>
    <bit_field offset="0" width="7" name="SEL106" access="RW" reset_value="0" description="Input (XBARA_INn) to be muxed to XBARA_OUT106 (refer to Functional Description section for input/output assignment)">
      <alias type="CMSIS" value="XBARA_SEL53_SEL106(x)"/>
    </bit_field>
    <reserved_bit_field offset="7" width="1" reset_value="0"/>
    <bit_field offset="8" width="7" name="SEL107" access="RW" reset_value="0" description="Input (XBARA_INn) to be muxed to XBARA_OUT107 (refer to Functional Description section for input/output assignment)">
      <alias type="CMSIS" value="XBARA_SEL53_SEL107(x)"/>
    </bit_field>
    <reserved_bit_field offset="15" width="1" reset_value="0"/>
  </register>
  <register offset="0x6C" width="16" name="SEL54" description="Crossbar A Select Register 54">
    <alias type="CMSIS" value="SEL54"/>
    <bit_field offset="0" width="7" name="SEL108" access="RW" reset_value="0" description="Input (XBARA_INn) to be muxed to XBARA_OUT108 (refer to Functional Description section for input/output assignment)">
      <alias type="CMSIS" value="XBARA_SEL54_SEL108(x)"/>
    </bit_field>
    <reserved_bit_field offset="7" width="1" reset_value="0"/>
    <bit_field offset="8" width="7" name="SEL109" access="RW" reset_value="0" description="Input (XBARA_INn) to be muxed to XBARA_OUT109 (refer to Functional Description section for input/output assignment)">
      <alias type="CMSIS" value="XBARA_SEL54_SEL109(x)"/>
    </bit_field>
    <reserved_bit_field offset="15" width="1" reset_value="0"/>
  </register>
  <register offset="0x6E" width="16" name="SEL55" description="Crossbar A Select Register 55">
    <alias type="CMSIS" value="SEL55"/>
    <bit_field offset="0" width="7" name="SEL110" access="RW" reset_value="0" description="Input (XBARA_INn) to be muxed to XBARA_OUT110 (refer to Functional Description section for input/output assignment)">
      <alias type="CMSIS" value="XBARA_SEL55_SEL110(x)"/>
    </bit_field>
    <reserved_bit_field offset="7" width="1" reset_value="0"/>
    <bit_field offset="8" width="7" name="SEL111" access="RW" reset_value="0" description="Input (XBARA_INn) to be muxed to XBARA_OUT111 (refer to Functional Description section for input/output assignment)">
      <alias type="CMSIS" value="XBARA_SEL55_SEL111(x)"/>
    </bit_field>
    <reserved_bit_field offset="15" width="1" reset_value="0"/>
  </register>
  <register offset="0x70" width="16" name="SEL56" description="Crossbar A Select Register 56">
    <alias type="CMSIS" value="SEL56"/>
    <bit_field offset="0" width="7" name="SEL112" access="RW" reset_value="0" description="Input (XBARA_INn) to be muxed to XBARA_OUT112 (refer to Functional Description section for input/output assignment)">
      <alias type="CMSIS" value="XBARA_SEL56_SEL112(x)"/>
    </bit_field>
    <reserved_bit_field offset="7" width="1" reset_value="0"/>
    <bit_field offset="8" width="7" name="SEL113" access="RW" reset_value="0" description="Input (XBARA_INn) to be muxed to XBARA_OUT113 (refer to Functional Description section for input/output assignment)">
      <alias type="CMSIS" value="XBARA_SEL56_SEL113(x)"/>
    </bit_field>
    <reserved_bit_field offset="15" width="1" reset_value="0"/>
  </register>
  <register offset="0x72" width="16" name="SEL57" description="Crossbar A Select Register 57">
    <alias type="CMSIS" value="SEL57"/>
    <bit_field offset="0" width="7" name="SEL114" access="RW" reset_value="0" description="Input (XBARA_INn) to be muxed to XBARA_OUT114 (refer to Functional Description section for input/output assignment)">
      <alias type="CMSIS" value="XBARA_SEL57_SEL114(x)"/>
    </bit_field>
    <reserved_bit_field offset="7" width="1" reset_value="0"/>
    <bit_field offset="8" width="7" name="SEL115" access="RW" reset_value="0" description="Input (XBARA_INn) to be muxed to XBARA_OUT115 (refer to Functional Description section for input/output assignment)">
      <alias type="CMSIS" value="XBARA_SEL57_SEL115(x)"/>
    </bit_field>
    <reserved_bit_field offset="15" width="1" reset_value="0"/>
  </register>
  <register offset="0x74" width="16" name="SEL58" description="Crossbar A Select Register 58">
    <alias type="CMSIS" value="SEL58"/>
    <bit_field offset="0" width="7" name="SEL116" access="RW" reset_value="0" description="Input (XBARA_INn) to be muxed to XBARA_OUT116 (refer to Functional Description section for input/output assignment)">
      <alias type="CMSIS" value="XBARA_SEL58_SEL116(x)"/>
    </bit_field>
    <reserved_bit_field offset="7" width="1" reset_value="0"/>
    <bit_field offset="8" width="7" name="SEL117" access="RW" reset_value="0" description="Input (XBARA_INn) to be muxed to XBARA_OUT117 (refer to Functional Description section for input/output assignment)">
      <alias type="CMSIS" value="XBARA_SEL58_SEL117(x)"/>
    </bit_field>
    <reserved_bit_field offset="15" width="1" reset_value="0"/>
  </register>
  <register offset="0x76" width="16" name="SEL59" description="Crossbar A Select Register 59">
    <alias type="CMSIS" value="SEL59"/>
    <bit_field offset="0" width="7" name="SEL118" access="RW" reset_value="0" description="Input (XBARA_INn) to be muxed to XBARA_OUT118 (refer to Functional Description section for input/output assignment)">
      <alias type="CMSIS" value="XBARA_SEL59_SEL118(x)"/>
    </bit_field>
    <reserved_bit_field offset="7" width="1" reset_value="0"/>
    <bit_field offset="8" width="7" name="SEL119" access="RW" reset_value="0" description="Input (XBARA_INn) to be muxed to XBARA_OUT119 (refer to Functional Description section for input/output assignment)">
      <alias type="CMSIS" value="XBARA_SEL59_SEL119(x)"/>
    </bit_field>
    <reserved_bit_field offset="15" width="1" reset_value="0"/>
  </register>
  <register offset="0x78" width="16" name="SEL60" description="Crossbar A Select Register 60">
    <alias type="CMSIS" value="SEL60"/>
    <bit_field offset="0" width="7" name="SEL120" access="RW" reset_value="0" description="Input (XBARA_INn) to be muxed to XBARA_OUT120 (refer to Functional Description section for input/output assignment)">
      <alias type="CMSIS" value="XBARA_SEL60_SEL120(x)"/>
    </bit_field>
    <reserved_bit_field offset="7" width="1" reset_value="0"/>
    <bit_field offset="8" width="7" name="SEL121" access="RW" reset_value="0" description="Input (XBARA_INn) to be muxed to XBARA_OUT121 (refer to Functional Description section for input/output assignment)">
      <alias type="CMSIS" value="XBARA_SEL60_SEL121(x)"/>
    </bit_field>
    <reserved_bit_field offset="15" width="1" reset_value="0"/>
  </register>
  <register offset="0x7A" width="16" name="SEL61" description="Crossbar A Select Register 61">
    <alias type="CMSIS" value="SEL61"/>
    <bit_field offset="0" width="7" name="SEL122" access="RW" reset_value="0" description="Input (XBARA_INn) to be muxed to XBARA_OUT122 (refer to Functional Description section for input/output assignment)">
      <alias type="CMSIS" value="XBARA_SEL61_SEL122(x)"/>
    </bit_field>
    <reserved_bit_field offset="7" width="1" reset_value="0"/>
    <bit_field offset="8" width="7" name="SEL123" access="RW" reset_value="0" description="Input (XBARA_INn) to be muxed to XBARA_OUT123 (refer to Functional Description section for input/output assignment)">
      <alias type="CMSIS" value="XBARA_SEL61_SEL123(x)"/>
    </bit_field>
    <reserved_bit_field offset="15" width="1" reset_value="0"/>
  </register>
  <register offset="0x7C" width="16" name="SEL62" description="Crossbar A Select Register 62">
    <alias type="CMSIS" value="SEL62"/>
    <bit_field offset="0" width="7" name="SEL124" access="RW" reset_value="0" description="Input (XBARA_INn) to be muxed to XBARA_OUT124 (refer to Functional Description section for input/output assignment)">
      <alias type="CMSIS" value="XBARA_SEL62_SEL124(x)"/>
    </bit_field>
    <reserved_bit_field offset="7" width="1" reset_value="0"/>
    <bit_field offset="8" width="7" name="SEL125" access="RW" reset_value="0" description="Input (XBARA_INn) to be muxed to XBARA_OUT125 (refer to Functional Description section for input/output assignment)">
      <alias type="CMSIS" value="XBARA_SEL62_SEL125(x)"/>
    </bit_field>
    <reserved_bit_field offset="15" width="1" reset_value="0"/>
  </register>
  <register offset="0x7E" width="16" name="SEL63" description="Crossbar A Select Register 63">
    <alias type="CMSIS" value="SEL63"/>
    <bit_field offset="0" width="7" name="SEL126" access="RW" reset_value="0" description="Input (XBARA_INn) to be muxed to XBARA_OUT126 (refer to Functional Description section for input/output assignment)">
      <alias type="CMSIS" value="XBARA_SEL63_SEL126(x)"/>
    </bit_field>
    <reserved_bit_field offset="7" width="1" reset_value="0"/>
    <bit_field offset="8" width="7" name="SEL127" access="RW" reset_value="0" description="Input (XBARA_INn) to be muxed to XBARA_OUT127 (refer to Functional Description section for input/output assignment)">
      <alias type="CMSIS" value="XBARA_SEL63_SEL127(x)"/>
    </bit_field>
    <reserved_bit_field offset="15" width="1" reset_value="0"/>
  </register>
  <register offset="0x80" width="16" name="SEL64" description="Crossbar A Select Register 64">
    <alias type="CMSIS" value="SEL64"/>
    <bit_field offset="0" width="7" name="SEL128" access="RW" reset_value="0" description="Input (XBARA_INn) to be muxed to XBARA_OUT128 (refer to Functional Description section for input/output assignment)">
      <alias type="CMSIS" value="XBARA_SEL64_SEL128(x)"/>
    </bit_field>
    <reserved_bit_field offset="7" width="1" reset_value="0"/>
    <bit_field offset="8" width="7" name="SEL129" access="RW" reset_value="0" description="Input (XBARA_INn) to be muxed to XBARA_OUT129 (refer to Functional Description section for input/output assignment)">
      <alias type="CMSIS" value="XBARA_SEL64_SEL129(x)"/>
    </bit_field>
    <reserved_bit_field offset="15" width="1" reset_value="0"/>
  </register>
  <register offset="0x82" width="16" name="SEL65" description="Crossbar A Select Register 65">
    <alias type="CMSIS" value="SEL65"/>
    <bit_field offset="0" width="7" name="SEL130" access="RW" reset_value="0" description="Input (XBARA_INn) to be muxed to XBARA_OUT130 (refer to Functional Description section for input/output assignment)">
      <alias type="CMSIS" value="XBARA_SEL65_SEL130(x)"/>
    </bit_field>
    <reserved_bit_field offset="7" width="1" reset_value="0"/>
    <bit_field offset="8" width="7" name="SEL131" access="RW" reset_value="0" description="Input (XBARA_INn) to be muxed to XBARA_OUT131 (refer to Functional Description section for input/output assignment)">
      <alias type="CMSIS" value="XBARA_SEL65_SEL131(x)"/>
    </bit_field>
    <reserved_bit_field offset="15" width="1" reset_value="0"/>
  </register>
  <register offset="0x84" width="16" name="CTRL0" description="Crossbar A Control Register 0">
    <alias type="CMSIS" value="CTRL0"/>
    <bit_field offset="0" width="1" name="DEN0" access="RW" reset_value="0" description="DMA Enable for XBAR_OUT0">
      <alias type="CMSIS" value="XBARA_CTRL0_DEN0(x)"/>
      <bit_field_value name="CTRL0_DEN0_0b0" value="0b0" description="DMA disabled"/>
      <bit_field_value name="CTRL0_DEN0_0b1" value="0b1" description="DMA enabled"/>
    </bit_field>
    <bit_field offset="1" width="1" name="IEN0" access="RW" reset_value="0" description="Interrupt Enable for XBAR_OUT0">
      <alias type="CMSIS" value="XBARA_CTRL0_IEN0(x)"/>
      <bit_field_value name="CTRL0_IEN0_0b0" value="0b0" description="Interrupt disabled"/>
      <bit_field_value name="CTRL0_IEN0_0b1" value="0b1" description="Interrupt enabled"/>
    </bit_field>
    <bit_field offset="2" width="2" name="EDGE0" access="RW" reset_value="0" description="Active edge for edge detection on XBAR_OUT0">
      <alias type="CMSIS" value="XBARA_CTRL0_EDGE0(x)"/>
      <bit_field_value name="CTRL0_EDGE0_0b00" value="0b00" description="STS0 never asserts"/>
      <bit_field_value name="CTRL0_EDGE0_0b01" value="0b01" description="STS0 asserts on rising edges of XBAR_OUT0"/>
      <bit_field_value name="CTRL0_EDGE0_0b10" value="0b10" description="STS0 asserts on falling edges of XBAR_OUT0"/>
      <bit_field_value name="CTRL0_EDGE0_0b11" value="0b11" description="STS0 asserts on rising and falling edges of XBAR_OUT0"/>
    </bit_field>
    <bit_field offset="4" width="1" name="STS0" access="W1C" reset_value="0" description="Edge detection status for XBAR_OUT0">
      <alias type="CMSIS" value="XBARA_CTRL0_STS0(x)"/>
      <bit_field_value name="CTRL0_STS0_0b0" value="0b0" description="Active edge not yet detected on XBAR_OUT0"/>
      <bit_field_value name="CTRL0_STS0_0b1" value="0b1" description="Active edge detected on XBAR_OUT0"/>
    </bit_field>
    <reserved_bit_field offset="5" width="3" reset_value="0"/>
    <bit_field offset="8" width="1" name="DEN1" access="RW" reset_value="0" description="DMA Enable for XBAR_OUT1">
      <alias type="CMSIS" value="XBARA_CTRL0_DEN1(x)"/>
      <bit_field_value name="CTRL0_DEN1_0b0" value="0b0" description="DMA disabled"/>
      <bit_field_value name="CTRL0_DEN1_0b1" value="0b1" description="DMA enabled"/>
    </bit_field>
    <bit_field offset="9" width="1" name="IEN1" access="RW" reset_value="0" description="Interrupt Enable for XBAR_OUT1">
      <alias type="CMSIS" value="XBARA_CTRL0_IEN1(x)"/>
      <bit_field_value name="CTRL0_IEN1_0b0" value="0b0" description="Interrupt disabled"/>
      <bit_field_value name="CTRL0_IEN1_0b1" value="0b1" description="Interrupt enabled"/>
    </bit_field>
    <bit_field offset="10" width="2" name="EDGE1" access="RW" reset_value="0" description="Active edge for edge detection on XBAR_OUT1">
      <alias type="CMSIS" value="XBARA_CTRL0_EDGE1(x)"/>
      <bit_field_value name="CTRL0_EDGE1_0b00" value="0b00" description="STS1 never asserts"/>
      <bit_field_value name="CTRL0_EDGE1_0b01" value="0b01" description="STS1 asserts on rising edges of XBAR_OUT1"/>
      <bit_field_value name="CTRL0_EDGE1_0b10" value="0b10" description="STS1 asserts on falling edges of XBAR_OUT1"/>
      <bit_field_value name="CTRL0_EDGE1_0b11" value="0b11" description="STS1 asserts on rising and falling edges of XBAR_OUT1"/>
    </bit_field>
    <bit_field offset="12" width="1" name="STS1" access="W1C" reset_value="0" description="Edge detection status for XBAR_OUT1">
      <alias type="CMSIS" value="XBARA_CTRL0_STS1(x)"/>
      <bit_field_value name="CTRL0_STS1_0b0" value="0b0" description="Active edge not yet detected on XBAR_OUT1"/>
      <bit_field_value name="CTRL0_STS1_0b1" value="0b1" description="Active edge detected on XBAR_OUT1"/>
    </bit_field>
    <reserved_bit_field offset="13" width="3" reset_value="0"/>
  </register>
  <register offset="0x86" width="16" name="CTRL1" description="Crossbar A Control Register 1">
    <alias type="CMSIS" value="CTRL1"/>
    <bit_field offset="0" width="1" name="DEN2" access="RW" reset_value="0" description="DMA Enable for XBAR_OUT2">
      <alias type="CMSIS" value="XBARA_CTRL1_DEN2(x)"/>
      <bit_field_value name="CTRL1_DEN2_0b0" value="0b0" description="DMA disabled"/>
      <bit_field_value name="CTRL1_DEN2_0b1" value="0b1" description="DMA enabled"/>
    </bit_field>
    <bit_field offset="1" width="1" name="IEN2" access="RW" reset_value="0" description="Interrupt Enable for XBAR_OUT2">
      <alias type="CMSIS" value="XBARA_CTRL1_IEN2(x)"/>
      <bit_field_value name="CTRL1_IEN2_0b0" value="0b0" description="Interrupt disabled"/>
      <bit_field_value name="CTRL1_IEN2_0b1" value="0b1" description="Interrupt enabled"/>
    </bit_field>
    <bit_field offset="2" width="2" name="EDGE2" access="RW" reset_value="0" description="Active edge for edge detection on XBAR_OUT2">
      <alias type="CMSIS" value="XBARA_CTRL1_EDGE2(x)"/>
      <bit_field_value name="CTRL1_EDGE2_0b00" value="0b00" description="STS2 never asserts"/>
      <bit_field_value name="CTRL1_EDGE2_0b01" value="0b01" description="STS2 asserts on rising edges of XBAR_OUT2"/>
      <bit_field_value name="CTRL1_EDGE2_0b10" value="0b10" description="STS2 asserts on falling edges of XBAR_OUT2"/>
      <bit_field_value name="CTRL1_EDGE2_0b11" value="0b11" description="STS2 asserts on rising and falling edges of XBAR_OUT2"/>
    </bit_field>
    <bit_field offset="4" width="1" name="STS2" access="W1C" reset_value="0" description="Edge detection status for XBAR_OUT2">
      <alias type="CMSIS" value="XBARA_CTRL1_STS2(x)"/>
      <bit_field_value name="CTRL1_STS2_0b0" value="0b0" description="Active edge not yet detected on XBAR_OUT2"/>
      <bit_field_value name="CTRL1_STS2_0b1" value="0b1" description="Active edge detected on XBAR_OUT2"/>
    </bit_field>
    <reserved_bit_field offset="5" width="3" reset_value="0"/>
    <bit_field offset="8" width="1" name="DEN3" access="RW" reset_value="0" description="DMA Enable for XBAR_OUT3">
      <alias type="CMSIS" value="XBARA_CTRL1_DEN3(x)"/>
      <bit_field_value name="CTRL1_DEN3_0b0" value="0b0" description="DMA disabled"/>
      <bit_field_value name="CTRL1_DEN3_0b1" value="0b1" description="DMA enabled"/>
    </bit_field>
    <bit_field offset="9" width="1" name="IEN3" access="RW" reset_value="0" description="Interrupt Enable for XBAR_OUT3">
      <alias type="CMSIS" value="XBARA_CTRL1_IEN3(x)"/>
      <bit_field_value name="CTRL1_IEN3_0b0" value="0b0" description="Interrupt disabled"/>
      <bit_field_value name="CTRL1_IEN3_0b1" value="0b1" description="Interrupt enabled"/>
    </bit_field>
    <bit_field offset="10" width="2" name="EDGE3" access="RW" reset_value="0" description="Active edge for edge detection on XBAR_OUT3">
      <alias type="CMSIS" value="XBARA_CTRL1_EDGE3(x)"/>
      <bit_field_value name="CTRL1_EDGE3_0b00" value="0b00" description="STS3 never asserts"/>
      <bit_field_value name="CTRL1_EDGE3_0b01" value="0b01" description="STS3 asserts on rising edges of XBAR_OUT3"/>
      <bit_field_value name="CTRL1_EDGE3_0b10" value="0b10" description="STS3 asserts on falling edges of XBAR_OUT3"/>
      <bit_field_value name="CTRL1_EDGE3_0b11" value="0b11" description="STS3 asserts on rising and falling edges of XBAR_OUT3"/>
    </bit_field>
    <bit_field offset="12" width="1" name="STS3" access="W1C" reset_value="0" description="Edge detection status for XBAR_OUT3">
      <alias type="CMSIS" value="XBARA_CTRL1_STS3(x)"/>
      <bit_field_value name="CTRL1_STS3_0b0" value="0b0" description="Active edge not yet detected on XBAR_OUT3"/>
      <bit_field_value name="CTRL1_STS3_0b1" value="0b1" description="Active edge detected on XBAR_OUT3"/>
    </bit_field>
    <reserved_bit_field offset="13" width="3" reset_value="0"/>
  </register>
</regs:peripheral>