<?xml version="1.0"?>
<regs:peripheral xmlns:regs="http://swtools.freescale.net/XSD/registers/4.0/regsPeripheral.xsd" xmlns:xsi="http://www.w3.org/2001/XMLSchema-instance" xsi:schemaLocation="http://swtools.freescale.net/XSD/registers/4.0/regsPeripheral.xsd http://swtools.freescale.net/XSD/registers/4.0/regsPeripheral.xsd">
  <register offset="0" width="16" name="SEL0" description="Crossbar B Select Register 0">
    <alias type="CMSIS" value="SEL0"/>
    <bit_field offset="0" width="6" name="SEL0" access="RW" reset_value="0" description="Input (XBARB_INn) to be muxed to XBARB_OUT0 (refer to Functional Description section for input/output assignment)">
      <alias type="CMSIS" value="XBARB_SEL0_SEL0(x)"/>
    </bit_field>
    <reserved_bit_field offset="6" width="2" reset_value="0"/>
    <bit_field offset="8" width="6" name="SEL1" access="RW" reset_value="0" description="Input (XBARB_INn) to be muxed to XBARB_OUT1 (refer to Functional Description section for input/output assignment)">
      <alias type="CMSIS" value="XBARB_SEL0_SEL1(x)"/>
    </bit_field>
    <reserved_bit_field offset="14" width="2" reset_value="0"/>
  </register>
  <register offset="0x2" width="16" name="SEL1" description="Crossbar B Select Register 1">
    <alias type="CMSIS" value="SEL1"/>
    <bit_field offset="0" width="6" name="SEL2" access="RW" reset_value="0" description="Input (XBARB_INn) to be muxed to XBARB_OUT2 (refer to Functional Description section for input/output assignment)">
      <alias type="CMSIS" value="XBARB_SEL1_SEL2(x)"/>
    </bit_field>
    <reserved_bit_field offset="6" width="2" reset_value="0"/>
    <bit_field offset="8" width="6" name="SEL3" access="RW" reset_value="0" description="Input (XBARB_INn) to be muxed to XBARB_OUT3 (refer to Functional Description section for input/output assignment)">
      <alias type="CMSIS" value="XBARB_SEL1_SEL3(x)"/>
    </bit_field>
    <reserved_bit_field offset="14" width="2" reset_value="0"/>
  </register>
  <register offset="0x4" width="16" name="SEL2" description="Crossbar B Select Register 2">
    <alias type="CMSIS" value="SEL2"/>
    <bit_field offset="0" width="6" name="SEL4" access="RW" reset_value="0" description="Input (XBARB_INn) to be muxed to XBARB_OUT4 (refer to Functional Description section for input/output assignment)">
      <alias type="CMSIS" value="XBARB_SEL2_SEL4(x)"/>
    </bit_field>
    <reserved_bit_field offset="6" width="2" reset_value="0"/>
    <bit_field offset="8" width="6" name="SEL5" access="RW" reset_value="0" description="Input (XBARB_INn) to be muxed to XBARB_OUT5 (refer to Functional Description section for input/output assignment)">
      <alias type="CMSIS" value="XBARB_SEL2_SEL5(x)"/>
    </bit_field>
    <reserved_bit_field offset="14" width="2" reset_value="0"/>
  </register>
  <register offset="0x6" width="16" name="SEL3" description="Crossbar B Select Register 3">
    <alias type="CMSIS" value="SEL3"/>
    <bit_field offset="0" width="6" name="SEL6" access="RW" reset_value="0" description="Input (XBARB_INn) to be muxed to XBARB_OUT6 (refer to Functional Description section for input/output assignment)">
      <alias type="CMSIS" value="XBARB_SEL3_SEL6(x)"/>
    </bit_field>
    <reserved_bit_field offset="6" width="2" reset_value="0"/>
    <bit_field offset="8" width="6" name="SEL7" access="RW" reset_value="0" description="Input (XBARB_INn) to be muxed to XBARB_OUT7 (refer to Functional Description section for input/output assignment)">
      <alias type="CMSIS" value="XBARB_SEL3_SEL7(x)"/>
    </bit_field>
    <reserved_bit_field offset="14" width="2" reset_value="0"/>
  </register>
  <register offset="0x8" width="16" name="SEL4" description="Crossbar B Select Register 4">
    <alias type="CMSIS" value="SEL4"/>
    <bit_field offset="0" width="6" name="SEL8" access="RW" reset_value="0" description="Input (XBARB_INn) to be muxed to XBARB_OUT8 (refer to Functional Description section for input/output assignment)">
      <alias type="CMSIS" value="XBARB_SEL4_SEL8(x)"/>
    </bit_field>
    <reserved_bit_field offset="6" width="2" reset_value="0"/>
    <bit_field offset="8" width="6" name="SEL9" access="RW" reset_value="0" description="Input (XBARB_INn) to be muxed to XBARB_OUT9 (refer to Functional Description section for input/output assignment)">
      <alias type="CMSIS" value="XBARB_SEL4_SEL9(x)"/>
    </bit_field>
    <reserved_bit_field offset="14" width="2" reset_value="0"/>
  </register>
  <register offset="0xA" width="16" name="SEL5" description="Crossbar B Select Register 5">
    <alias type="CMSIS" value="SEL5"/>
    <bit_field offset="0" width="6" name="SEL10" access="RW" reset_value="0" description="Input (XBARB_INn) to be muxed to XBARB_OUT10 (refer to Functional Description section for input/output assignment)">
      <alias type="CMSIS" value="XBARB_SEL5_SEL10(x)"/>
    </bit_field>
    <reserved_bit_field offset="6" width="2" reset_value="0"/>
    <bit_field offset="8" width="6" name="SEL11" access="RW" reset_value="0" description="Input (XBARB_INn) to be muxed to XBARB_OUT11 (refer to Functional Description section for input/output assignment)">
      <alias type="CMSIS" value="XBARB_SEL5_SEL11(x)"/>
    </bit_field>
    <reserved_bit_field offset="14" width="2" reset_value="0"/>
  </register>
  <register offset="0xC" width="16" name="SEL6" description="Crossbar B Select Register 6">
    <alias type="CMSIS" value="SEL6"/>
    <bit_field offset="0" width="6" name="SEL12" access="RW" reset_value="0" description="Input (XBARB_INn) to be muxed to XBARB_OUT12 (refer to Functional Description section for input/output assignment)">
      <alias type="CMSIS" value="XBARB_SEL6_SEL12(x)"/>
    </bit_field>
    <reserved_bit_field offset="6" width="2" reset_value="0"/>
    <bit_field offset="8" width="6" name="SEL13" access="RW" reset_value="0" description="Input (XBARB_INn) to be muxed to XBARB_OUT13 (refer to Functional Description section for input/output assignment)">
      <alias type="CMSIS" value="XBARB_SEL6_SEL13(x)"/>
    </bit_field>
    <reserved_bit_field offset="14" width="2" reset_value="0"/>
  </register>
  <register offset="0xE" width="16" name="SEL7" description="Crossbar B Select Register 7">
    <alias type="CMSIS" value="SEL7"/>
    <bit_field offset="0" width="6" name="SEL14" access="RW" reset_value="0" description="Input (XBARB_INn) to be muxed to XBARB_OUT14 (refer to Functional Description section for input/output assignment)">
      <alias type="CMSIS" value="XBARB_SEL7_SEL14(x)"/>
    </bit_field>
    <reserved_bit_field offset="6" width="2" reset_value="0"/>
    <bit_field offset="8" width="6" name="SEL15" access="RW" reset_value="0" description="Input (XBARB_INn) to be muxed to XBARB_OUT15 (refer to Functional Description section for input/output assignment)">
      <alias type="CMSIS" value="XBARB_SEL7_SEL15(x)"/>
    </bit_field>
    <reserved_bit_field offset="14" width="2" reset_value="0"/>
  </register>
</regs:peripheral>