<?xml version="1.0"?>
<regs:peripheral xmlns:regs="http://swtools.freescale.net/XSD/registers/4.0/regsPeripheral.xsd" xmlns:xsi="http://www.w3.org/2001/XMLSchema-instance" xsi:schemaLocation="http://swtools.freescale.net/XSD/registers/4.0/regsPeripheral.xsd http://swtools.freescale.net/XSD/registers/4.0/regsPeripheral.xsd">
  <register offset="0x150" width="32" name="MISC0" description="Miscellaneous Register 0">
    <alias type="CMSIS" value="MISC0"/>
    <bit_field offset="0" width="1" name="REFTOP_PWD" access="RW" reset_value="0" description="Control bit to power-down the analog bandgap reference circuitry. A note of caution, the bandgap is necessary for correct operation of most of the LDO, pll, and other analog functions on the die. Not related to oscillator.">
      <alias type="CMSIS" value="XTALOSC24M_MISC0_REFTOP_PWD(x)"/>
    </bit_field>
    <reserved_bit_field offset="1" width="2" reset_value="0"/>
    <bit_field offset="3" width="1" name="REFTOP_SELFBIASOFF" access="RW" reset_value="0" description="Control bit to disable the self-bias circuit in the analog bandgap. The self-bias circuit is used by the bandgap during startup. This bit should be set after the bandgap has stabilized and is necessary for best noise performance of analog blocks using the outputs of the bandgap. Value should be returned to zero before removing vddhigh_in or asserting bit 0 of this register (REFTOP_PWD) to assure proper restart of the circuit. Not related to oscillator.">
      <alias type="CMSIS" value="XTALOSC24M_MISC0_REFTOP_SELFBIASOFF(x)"/>
      <bit_field_value name="MISC0_REFTOP_SELFBIASOFF_0b0" value="0b0" description="Uses coarse bias currents for startup"/>
      <bit_field_value name="MISC0_REFTOP_SELFBIASOFF_0b1" value="0b1" description="Uses bandgap-based bias currents for best performance."/>
    </bit_field>
    <bit_field offset="4" width="3" name="REFTOP_VBGADJ" access="RW" reset_value="0" description="Not related to oscillator.">
      <alias type="CMSIS" value="XTALOSC24M_MISC0_REFTOP_VBGADJ(x)"/>
      <bit_field_value name="MISC0_REFTOP_VBGADJ_0b000" value="0b000" description="Nominal VBG"/>
      <bit_field_value name="MISC0_REFTOP_VBGADJ_0b001" value="0b001" description="VBG+0.78%"/>
      <bit_field_value name="MISC0_REFTOP_VBGADJ_0b010" value="0b010" description="VBG+1.56%"/>
      <bit_field_value name="MISC0_REFTOP_VBGADJ_0b011" value="0b011" description="VBG+2.34%"/>
      <bit_field_value name="MISC0_REFTOP_VBGADJ_0b100" value="0b100" description="VBG-0.78%"/>
      <bit_field_value name="MISC0_REFTOP_VBGADJ_0b101" value="0b101" description="VBG-1.56%"/>
      <bit_field_value name="MISC0_REFTOP_VBGADJ_0b110" value="0b110" description="VBG-2.34%"/>
      <bit_field_value name="MISC0_REFTOP_VBGADJ_0b111" value="0b111" description="VBG-3.12%"/>
    </bit_field>
    <bit_field offset="7" width="1" name="REFTOP_VBGUP" access="RW" reset_value="0" description="Status bit that signals the analog bandgap voltage is up and stable. 1 - Stable. Not related to oscillator.">
      <alias type="CMSIS" value="XTALOSC24M_MISC0_REFTOP_VBGUP(x)"/>
    </bit_field>
    <reserved_bit_field offset="8" width="2" reset_value="0"/>
    <bit_field offset="10" width="2" name="STOP_MODE_CONFIG" access="RW" reset_value="0" description="Configure the analog behavior in stop mode. Not related to oscillator.">
      <alias type="CMSIS" value="XTALOSC24M_MISC0_STOP_MODE_CONFIG(x)"/>
      <bit_field_value name="MISC0_STOP_MODE_CONFIG_0b00" value="0b00" description="All analog except rtc powered down on stop mode assertion. XtalOsc=on, RCOsc=off;"/>
      <bit_field_value name="MISC0_STOP_MODE_CONFIG_0b01" value="0b01" description="Certain analog functions such as certain regulators left up. XtalOsc=on, RCOsc=off;"/>
      <bit_field_value name="MISC0_STOP_MODE_CONFIG_0b10" value="0b10" description="XtalOsc=off, RCOsc=on, Old BG=on, New BG=off."/>
      <bit_field_value name="MISC0_STOP_MODE_CONFIG_0b11" value="0b11" description="XtalOsc=off, RCOsc=on, Old BG=off, New BG=on."/>
    </bit_field>
    <bit_field offset="12" width="1" name="DISCON_HIGH_SNVS" access="RW" reset_value="0" description="This bit controls a switch from VDD_HIGH_IN to VDD_SNVS_IN.">
      <alias type="CMSIS" value="XTALOSC24M_MISC0_DISCON_HIGH_SNVS(x)"/>
      <bit_field_value name="MISC0_DISCON_HIGH_SNVS_0b0" value="0b0" description="Turn on the switch"/>
      <bit_field_value name="MISC0_DISCON_HIGH_SNVS_0b1" value="0b1" description="Turn off the switch"/>
    </bit_field>
    <bit_field offset="13" width="2" name="OSC_I" access="RW" reset_value="0" description="This field determines the bias current in the 24MHz oscillator. The aim is to start up with the highest bias current, which can be decreased after startup if it is determined to be acceptable.">
      <alias type="CMSIS" value="XTALOSC24M_MISC0_OSC_I(x)"/>
      <bit_field_value name="MISC0_OSC_I_NOMINAL" value="0b00" description="Nominal"/>
      <bit_field_value name="MISC0_OSC_I_MINUS_12_5_PERCENT" value="0b01" description="Decrease current by 12.5%"/>
      <bit_field_value name="MISC0_OSC_I_MINUS_25_PERCENT" value="0b10" description="Decrease current by 25.0%"/>
      <bit_field_value name="MISC0_OSC_I_MINUS_37_5_PERCENT" value="0b11" description="Decrease current by 37.5%"/>
    </bit_field>
    <bit_field offset="15" width="1" name="OSC_XTALOK" access="RO" reset_value="0" description="Status bit that signals that the output of the 24-MHz crystal oscillator is stable. Generated from a timer and active detection of the actual frequency.">
      <alias type="CMSIS" value="XTALOSC24M_MISC0_OSC_XTALOK(x)"/>
    </bit_field>
    <bit_field offset="16" width="1" name="OSC_XTALOK_EN" access="RW" reset_value="0" description="This bit enables the detector that signals when the 24MHz crystal oscillator is stable.">
      <alias type="CMSIS" value="XTALOSC24M_MISC0_OSC_XTALOK_EN(x)"/>
    </bit_field>
    <reserved_bit_field offset="17" width="8" reset_value="0"/>
    <bit_field offset="25" width="1" name="CLKGATE_CTRL" access="RW" reset_value="0" description="This bit allows disabling the clock gate (always ungated) for the xtal 24MHz clock that clocks the digital logic in the analog block. Do not change the field during a low power event. This is not a field that the user would normally need to modify.">
      <alias type="CMSIS" value="XTALOSC24M_MISC0_CLKGATE_CTRL(x)"/>
      <bit_field_value name="MISC0_CLKGATE_CTRL_ALLOW_AUTO_GATE" value="0b0" description="Allow the logic to automatically gate the clock when the XTAL is powered down."/>
      <bit_field_value name="MISC0_CLKGATE_CTRL_NO_AUTO_GATE" value="0b1" description="Prevent the logic from ever gating off the clock."/>
    </bit_field>
    <bit_field offset="26" width="3" name="CLKGATE_DELAY" access="RW" reset_value="0x1" description="This field specifies the delay between powering up the XTAL 24MHz clock and releasing the clock to the digital logic inside the analog block. Do not change the field during a low power event. This is not a field that the user would normally need to modify.">
      <alias type="CMSIS" value="XTALOSC24M_MISC0_CLKGATE_DELAY(x)"/>
      <bit_field_value name="MISC0_CLKGATE_DELAY_0b000" value="0b000" description="0.5ms"/>
      <bit_field_value name="MISC0_CLKGATE_DELAY_0b001" value="0b001" description="1.0ms"/>
      <bit_field_value name="MISC0_CLKGATE_DELAY_0b010" value="0b010" description="2.0ms"/>
      <bit_field_value name="MISC0_CLKGATE_DELAY_0b011" value="0b011" description="3.0ms"/>
      <bit_field_value name="MISC0_CLKGATE_DELAY_0b100" value="0b100" description="4.0ms"/>
      <bit_field_value name="MISC0_CLKGATE_DELAY_0b101" value="0b101" description="5.0ms"/>
      <bit_field_value name="MISC0_CLKGATE_DELAY_0b110" value="0b110" description="6.0ms"/>
      <bit_field_value name="MISC0_CLKGATE_DELAY_0b111" value="0b111" description="7.0ms"/>
    </bit_field>
    <bit_field offset="29" width="1" name="RTC_XTAL_SOURCE" access="RO" reset_value="0" description="This field indicates which chip source is being used for the rtc clock.">
      <alias type="CMSIS" value="XTALOSC24M_MISC0_RTC_XTAL_SOURCE(x)"/>
      <bit_field_value name="MISC0_RTC_XTAL_SOURCE_0b0" value="0b0" description="Internal ring oscillator"/>
      <bit_field_value name="MISC0_RTC_XTAL_SOURCE_0b1" value="0b1" description="RTC_XTAL"/>
    </bit_field>
    <bit_field offset="30" width="1" name="XTAL_24M_PWD" access="RW" reset_value="0" description="This field powers down the 24M crystal oscillator if set true.">
      <alias type="CMSIS" value="XTALOSC24M_MISC0_XTAL_24M_PWD(x)"/>
    </bit_field>
    <bit_field offset="31" width="1" name="VID_PLL_PREDIV" access="RW" reset_value="0" description="Predivider for the source clock of the PLL's. Not related to oscillator.">
      <alias type="CMSIS" value="XTALOSC24M_MISC0_VID_PLL_PREDIV(x)"/>
      <bit_field_value name="MISC0_VID_PLL_PREDIV_0b0" value="0b0" description="Divide by 1"/>
      <bit_field_value name="MISC0_VID_PLL_PREDIV_0b1" value="0b1" description="Divide by 2"/>
    </bit_field>
  </register>
  <register offset="0x154" width="32" name="MISC0_SET" description="Miscellaneous Register 0">
    <alias type="CMSIS" value="MISC0_SET"/>
    <bit_field offset="0" width="1" name="REFTOP_PWD" access="RW" reset_value="0" description="Control bit to power-down the analog bandgap reference circuitry. A note of caution, the bandgap is necessary for correct operation of most of the LDO, pll, and other analog functions on the die. Not related to oscillator.">
      <alias type="CMSIS" value="XTALOSC24M_MISC0_SET_REFTOP_PWD(x)"/>
    </bit_field>
    <reserved_bit_field offset="1" width="2" reset_value="0"/>
    <bit_field offset="3" width="1" name="REFTOP_SELFBIASOFF" access="RW" reset_value="0" description="Control bit to disable the self-bias circuit in the analog bandgap. The self-bias circuit is used by the bandgap during startup. This bit should be set after the bandgap has stabilized and is necessary for best noise performance of analog blocks using the outputs of the bandgap. Value should be returned to zero before removing vddhigh_in or asserting bit 0 of this register (REFTOP_PWD) to assure proper restart of the circuit. Not related to oscillator.">
      <alias type="CMSIS" value="XTALOSC24M_MISC0_SET_REFTOP_SELFBIASOFF(x)"/>
      <bit_field_value name="MISC0_SET_REFTOP_SELFBIASOFF_0b0" value="0b0" description="Uses coarse bias currents for startup"/>
      <bit_field_value name="MISC0_SET_REFTOP_SELFBIASOFF_0b1" value="0b1" description="Uses bandgap-based bias currents for best performance."/>
    </bit_field>
    <bit_field offset="4" width="3" name="REFTOP_VBGADJ" access="RW" reset_value="0" description="Not related to oscillator.">
      <alias type="CMSIS" value="XTALOSC24M_MISC0_SET_REFTOP_VBGADJ(x)"/>
      <bit_field_value name="MISC0_SET_REFTOP_VBGADJ_0b000" value="0b000" description="Nominal VBG"/>
      <bit_field_value name="MISC0_SET_REFTOP_VBGADJ_0b001" value="0b001" description="VBG+0.78%"/>
      <bit_field_value name="MISC0_SET_REFTOP_VBGADJ_0b010" value="0b010" description="VBG+1.56%"/>
      <bit_field_value name="MISC0_SET_REFTOP_VBGADJ_0b011" value="0b011" description="VBG+2.34%"/>
      <bit_field_value name="MISC0_SET_REFTOP_VBGADJ_0b100" value="0b100" description="VBG-0.78%"/>
      <bit_field_value name="MISC0_SET_REFTOP_VBGADJ_0b101" value="0b101" description="VBG-1.56%"/>
      <bit_field_value name="MISC0_SET_REFTOP_VBGADJ_0b110" value="0b110" description="VBG-2.34%"/>
      <bit_field_value name="MISC0_SET_REFTOP_VBGADJ_0b111" value="0b111" description="VBG-3.12%"/>
    </bit_field>
    <bit_field offset="7" width="1" name="REFTOP_VBGUP" access="RW" reset_value="0" description="Status bit that signals the analog bandgap voltage is up and stable. 1 - Stable. Not related to oscillator.">
      <alias type="CMSIS" value="XTALOSC24M_MISC0_SET_REFTOP_VBGUP(x)"/>
    </bit_field>
    <reserved_bit_field offset="8" width="2" reset_value="0"/>
    <bit_field offset="10" width="2" name="STOP_MODE_CONFIG" access="RW" reset_value="0" description="Configure the analog behavior in stop mode. Not related to oscillator.">
      <alias type="CMSIS" value="XTALOSC24M_MISC0_SET_STOP_MODE_CONFIG(x)"/>
      <bit_field_value name="MISC0_SET_STOP_MODE_CONFIG_0b00" value="0b00" description="All analog except rtc powered down on stop mode assertion. XtalOsc=on, RCOsc=off;"/>
      <bit_field_value name="MISC0_SET_STOP_MODE_CONFIG_0b01" value="0b01" description="Certain analog functions such as certain regulators left up. XtalOsc=on, RCOsc=off;"/>
      <bit_field_value name="MISC0_SET_STOP_MODE_CONFIG_0b10" value="0b10" description="XtalOsc=off, RCOsc=on, Old BG=on, New BG=off."/>
      <bit_field_value name="MISC0_SET_STOP_MODE_CONFIG_0b11" value="0b11" description="XtalOsc=off, RCOsc=on, Old BG=off, New BG=on."/>
    </bit_field>
    <bit_field offset="12" width="1" name="DISCON_HIGH_SNVS" access="RW" reset_value="0" description="This bit controls a switch from VDD_HIGH_IN to VDD_SNVS_IN.">
      <alias type="CMSIS" value="XTALOSC24M_MISC0_SET_DISCON_HIGH_SNVS(x)"/>
      <bit_field_value name="MISC0_SET_DISCON_HIGH_SNVS_0b0" value="0b0" description="Turn on the switch"/>
      <bit_field_value name="MISC0_SET_DISCON_HIGH_SNVS_0b1" value="0b1" description="Turn off the switch"/>
    </bit_field>
    <bit_field offset="13" width="2" name="OSC_I" access="RW" reset_value="0" description="This field determines the bias current in the 24MHz oscillator. The aim is to start up with the highest bias current, which can be decreased after startup if it is determined to be acceptable.">
      <alias type="CMSIS" value="XTALOSC24M_MISC0_SET_OSC_I(x)"/>
      <bit_field_value name="MISC0_SET_OSC_I_NOMINAL" value="0b00" description="Nominal"/>
      <bit_field_value name="MISC0_SET_OSC_I_MINUS_12_5_PERCENT" value="0b01" description="Decrease current by 12.5%"/>
      <bit_field_value name="MISC0_SET_OSC_I_MINUS_25_PERCENT" value="0b10" description="Decrease current by 25.0%"/>
      <bit_field_value name="MISC0_SET_OSC_I_MINUS_37_5_PERCENT" value="0b11" description="Decrease current by 37.5%"/>
    </bit_field>
    <bit_field offset="15" width="1" name="OSC_XTALOK" access="RO" reset_value="0" description="Status bit that signals that the output of the 24-MHz crystal oscillator is stable. Generated from a timer and active detection of the actual frequency.">
      <alias type="CMSIS" value="XTALOSC24M_MISC0_SET_OSC_XTALOK(x)"/>
    </bit_field>
    <bit_field offset="16" width="1" name="OSC_XTALOK_EN" access="RW" reset_value="0" description="This bit enables the detector that signals when the 24MHz crystal oscillator is stable.">
      <alias type="CMSIS" value="XTALOSC24M_MISC0_SET_OSC_XTALOK_EN(x)"/>
    </bit_field>
    <reserved_bit_field offset="17" width="8" reset_value="0"/>
    <bit_field offset="25" width="1" name="CLKGATE_CTRL" access="RW" reset_value="0" description="This bit allows disabling the clock gate (always ungated) for the xtal 24MHz clock that clocks the digital logic in the analog block. Do not change the field during a low power event. This is not a field that the user would normally need to modify.">
      <alias type="CMSIS" value="XTALOSC24M_MISC0_SET_CLKGATE_CTRL(x)"/>
      <bit_field_value name="MISC0_SET_CLKGATE_CTRL_ALLOW_AUTO_GATE" value="0b0" description="Allow the logic to automatically gate the clock when the XTAL is powered down."/>
      <bit_field_value name="MISC0_SET_CLKGATE_CTRL_NO_AUTO_GATE" value="0b1" description="Prevent the logic from ever gating off the clock."/>
    </bit_field>
    <bit_field offset="26" width="3" name="CLKGATE_DELAY" access="RW" reset_value="0x1" description="This field specifies the delay between powering up the XTAL 24MHz clock and releasing the clock to the digital logic inside the analog block. Do not change the field during a low power event. This is not a field that the user would normally need to modify.">
      <alias type="CMSIS" value="XTALOSC24M_MISC0_SET_CLKGATE_DELAY(x)"/>
      <bit_field_value name="MISC0_SET_CLKGATE_DELAY_0b000" value="0b000" description="0.5ms"/>
      <bit_field_value name="MISC0_SET_CLKGATE_DELAY_0b001" value="0b001" description="1.0ms"/>
      <bit_field_value name="MISC0_SET_CLKGATE_DELAY_0b010" value="0b010" description="2.0ms"/>
      <bit_field_value name="MISC0_SET_CLKGATE_DELAY_0b011" value="0b011" description="3.0ms"/>
      <bit_field_value name="MISC0_SET_CLKGATE_DELAY_0b100" value="0b100" description="4.0ms"/>
      <bit_field_value name="MISC0_SET_CLKGATE_DELAY_0b101" value="0b101" description="5.0ms"/>
      <bit_field_value name="MISC0_SET_CLKGATE_DELAY_0b110" value="0b110" description="6.0ms"/>
      <bit_field_value name="MISC0_SET_CLKGATE_DELAY_0b111" value="0b111" description="7.0ms"/>
    </bit_field>
    <bit_field offset="29" width="1" name="RTC_XTAL_SOURCE" access="RO" reset_value="0" description="This field indicates which chip source is being used for the rtc clock.">
      <alias type="CMSIS" value="XTALOSC24M_MISC0_SET_RTC_XTAL_SOURCE(x)"/>
      <bit_field_value name="MISC0_SET_RTC_XTAL_SOURCE_0b0" value="0b0" description="Internal ring oscillator"/>
      <bit_field_value name="MISC0_SET_RTC_XTAL_SOURCE_0b1" value="0b1" description="RTC_XTAL"/>
    </bit_field>
    <bit_field offset="30" width="1" name="XTAL_24M_PWD" access="RW" reset_value="0" description="This field powers down the 24M crystal oscillator if set true.">
      <alias type="CMSIS" value="XTALOSC24M_MISC0_SET_XTAL_24M_PWD(x)"/>
    </bit_field>
    <bit_field offset="31" width="1" name="VID_PLL_PREDIV" access="RW" reset_value="0" description="Predivider for the source clock of the PLL's. Not related to oscillator.">
      <alias type="CMSIS" value="XTALOSC24M_MISC0_SET_VID_PLL_PREDIV(x)"/>
      <bit_field_value name="MISC0_SET_VID_PLL_PREDIV_0b0" value="0b0" description="Divide by 1"/>
      <bit_field_value name="MISC0_SET_VID_PLL_PREDIV_0b1" value="0b1" description="Divide by 2"/>
    </bit_field>
  </register>
  <register offset="0x158" width="32" name="MISC0_CLR" description="Miscellaneous Register 0">
    <alias type="CMSIS" value="MISC0_CLR"/>
    <bit_field offset="0" width="1" name="REFTOP_PWD" access="RW" reset_value="0" description="Control bit to power-down the analog bandgap reference circuitry. A note of caution, the bandgap is necessary for correct operation of most of the LDO, pll, and other analog functions on the die. Not related to oscillator.">
      <alias type="CMSIS" value="XTALOSC24M_MISC0_CLR_REFTOP_PWD(x)"/>
    </bit_field>
    <reserved_bit_field offset="1" width="2" reset_value="0"/>
    <bit_field offset="3" width="1" name="REFTOP_SELFBIASOFF" access="RW" reset_value="0" description="Control bit to disable the self-bias circuit in the analog bandgap. The self-bias circuit is used by the bandgap during startup. This bit should be set after the bandgap has stabilized and is necessary for best noise performance of analog blocks using the outputs of the bandgap. Value should be returned to zero before removing vddhigh_in or asserting bit 0 of this register (REFTOP_PWD) to assure proper restart of the circuit. Not related to oscillator.">
      <alias type="CMSIS" value="XTALOSC24M_MISC0_CLR_REFTOP_SELFBIASOFF(x)"/>
      <bit_field_value name="MISC0_CLR_REFTOP_SELFBIASOFF_0b0" value="0b0" description="Uses coarse bias currents for startup"/>
      <bit_field_value name="MISC0_CLR_REFTOP_SELFBIASOFF_0b1" value="0b1" description="Uses bandgap-based bias currents for best performance."/>
    </bit_field>
    <bit_field offset="4" width="3" name="REFTOP_VBGADJ" access="RW" reset_value="0" description="Not related to oscillator.">
      <alias type="CMSIS" value="XTALOSC24M_MISC0_CLR_REFTOP_VBGADJ(x)"/>
      <bit_field_value name="MISC0_CLR_REFTOP_VBGADJ_0b000" value="0b000" description="Nominal VBG"/>
      <bit_field_value name="MISC0_CLR_REFTOP_VBGADJ_0b001" value="0b001" description="VBG+0.78%"/>
      <bit_field_value name="MISC0_CLR_REFTOP_VBGADJ_0b010" value="0b010" description="VBG+1.56%"/>
      <bit_field_value name="MISC0_CLR_REFTOP_VBGADJ_0b011" value="0b011" description="VBG+2.34%"/>
      <bit_field_value name="MISC0_CLR_REFTOP_VBGADJ_0b100" value="0b100" description="VBG-0.78%"/>
      <bit_field_value name="MISC0_CLR_REFTOP_VBGADJ_0b101" value="0b101" description="VBG-1.56%"/>
      <bit_field_value name="MISC0_CLR_REFTOP_VBGADJ_0b110" value="0b110" description="VBG-2.34%"/>
      <bit_field_value name="MISC0_CLR_REFTOP_VBGADJ_0b111" value="0b111" description="VBG-3.12%"/>
    </bit_field>
    <bit_field offset="7" width="1" name="REFTOP_VBGUP" access="RW" reset_value="0" description="Status bit that signals the analog bandgap voltage is up and stable. 1 - Stable. Not related to oscillator.">
      <alias type="CMSIS" value="XTALOSC24M_MISC0_CLR_REFTOP_VBGUP(x)"/>
    </bit_field>
    <reserved_bit_field offset="8" width="2" reset_value="0"/>
    <bit_field offset="10" width="2" name="STOP_MODE_CONFIG" access="RW" reset_value="0" description="Configure the analog behavior in stop mode. Not related to oscillator.">
      <alias type="CMSIS" value="XTALOSC24M_MISC0_CLR_STOP_MODE_CONFIG(x)"/>
      <bit_field_value name="MISC0_CLR_STOP_MODE_CONFIG_0b00" value="0b00" description="All analog except rtc powered down on stop mode assertion. XtalOsc=on, RCOsc=off;"/>
      <bit_field_value name="MISC0_CLR_STOP_MODE_CONFIG_0b01" value="0b01" description="Certain analog functions such as certain regulators left up. XtalOsc=on, RCOsc=off;"/>
      <bit_field_value name="MISC0_CLR_STOP_MODE_CONFIG_0b10" value="0b10" description="XtalOsc=off, RCOsc=on, Old BG=on, New BG=off."/>
      <bit_field_value name="MISC0_CLR_STOP_MODE_CONFIG_0b11" value="0b11" description="XtalOsc=off, RCOsc=on, Old BG=off, New BG=on."/>
    </bit_field>
    <bit_field offset="12" width="1" name="DISCON_HIGH_SNVS" access="RW" reset_value="0" description="This bit controls a switch from VDD_HIGH_IN to VDD_SNVS_IN.">
      <alias type="CMSIS" value="XTALOSC24M_MISC0_CLR_DISCON_HIGH_SNVS(x)"/>
      <bit_field_value name="MISC0_CLR_DISCON_HIGH_SNVS_0b0" value="0b0" description="Turn on the switch"/>
      <bit_field_value name="MISC0_CLR_DISCON_HIGH_SNVS_0b1" value="0b1" description="Turn off the switch"/>
    </bit_field>
    <bit_field offset="13" width="2" name="OSC_I" access="RW" reset_value="0" description="This field determines the bias current in the 24MHz oscillator. The aim is to start up with the highest bias current, which can be decreased after startup if it is determined to be acceptable.">
      <alias type="CMSIS" value="XTALOSC24M_MISC0_CLR_OSC_I(x)"/>
      <bit_field_value name="MISC0_CLR_OSC_I_NOMINAL" value="0b00" description="Nominal"/>
      <bit_field_value name="MISC0_CLR_OSC_I_MINUS_12_5_PERCENT" value="0b01" description="Decrease current by 12.5%"/>
      <bit_field_value name="MISC0_CLR_OSC_I_MINUS_25_PERCENT" value="0b10" description="Decrease current by 25.0%"/>
      <bit_field_value name="MISC0_CLR_OSC_I_MINUS_37_5_PERCENT" value="0b11" description="Decrease current by 37.5%"/>
    </bit_field>
    <bit_field offset="15" width="1" name="OSC_XTALOK" access="RO" reset_value="0" description="Status bit that signals that the output of the 24-MHz crystal oscillator is stable. Generated from a timer and active detection of the actual frequency.">
      <alias type="CMSIS" value="XTALOSC24M_MISC0_CLR_OSC_XTALOK(x)"/>
    </bit_field>
    <bit_field offset="16" width="1" name="OSC_XTALOK_EN" access="RW" reset_value="0" description="This bit enables the detector that signals when the 24MHz crystal oscillator is stable.">
      <alias type="CMSIS" value="XTALOSC24M_MISC0_CLR_OSC_XTALOK_EN(x)"/>
    </bit_field>
    <reserved_bit_field offset="17" width="8" reset_value="0"/>
    <bit_field offset="25" width="1" name="CLKGATE_CTRL" access="RW" reset_value="0" description="This bit allows disabling the clock gate (always ungated) for the xtal 24MHz clock that clocks the digital logic in the analog block. Do not change the field during a low power event. This is not a field that the user would normally need to modify.">
      <alias type="CMSIS" value="XTALOSC24M_MISC0_CLR_CLKGATE_CTRL(x)"/>
      <bit_field_value name="MISC0_CLR_CLKGATE_CTRL_ALLOW_AUTO_GATE" value="0b0" description="Allow the logic to automatically gate the clock when the XTAL is powered down."/>
      <bit_field_value name="MISC0_CLR_CLKGATE_CTRL_NO_AUTO_GATE" value="0b1" description="Prevent the logic from ever gating off the clock."/>
    </bit_field>
    <bit_field offset="26" width="3" name="CLKGATE_DELAY" access="RW" reset_value="0x1" description="This field specifies the delay between powering up the XTAL 24MHz clock and releasing the clock to the digital logic inside the analog block. Do not change the field during a low power event. This is not a field that the user would normally need to modify.">
      <alias type="CMSIS" value="XTALOSC24M_MISC0_CLR_CLKGATE_DELAY(x)"/>
      <bit_field_value name="MISC0_CLR_CLKGATE_DELAY_0b000" value="0b000" description="0.5ms"/>
      <bit_field_value name="MISC0_CLR_CLKGATE_DELAY_0b001" value="0b001" description="1.0ms"/>
      <bit_field_value name="MISC0_CLR_CLKGATE_DELAY_0b010" value="0b010" description="2.0ms"/>
      <bit_field_value name="MISC0_CLR_CLKGATE_DELAY_0b011" value="0b011" description="3.0ms"/>
      <bit_field_value name="MISC0_CLR_CLKGATE_DELAY_0b100" value="0b100" description="4.0ms"/>
      <bit_field_value name="MISC0_CLR_CLKGATE_DELAY_0b101" value="0b101" description="5.0ms"/>
      <bit_field_value name="MISC0_CLR_CLKGATE_DELAY_0b110" value="0b110" description="6.0ms"/>
      <bit_field_value name="MISC0_CLR_CLKGATE_DELAY_0b111" value="0b111" description="7.0ms"/>
    </bit_field>
    <bit_field offset="29" width="1" name="RTC_XTAL_SOURCE" access="RO" reset_value="0" description="This field indicates which chip source is being used for the rtc clock.">
      <alias type="CMSIS" value="XTALOSC24M_MISC0_CLR_RTC_XTAL_SOURCE(x)"/>
      <bit_field_value name="MISC0_CLR_RTC_XTAL_SOURCE_0b0" value="0b0" description="Internal ring oscillator"/>
      <bit_field_value name="MISC0_CLR_RTC_XTAL_SOURCE_0b1" value="0b1" description="RTC_XTAL"/>
    </bit_field>
    <bit_field offset="30" width="1" name="XTAL_24M_PWD" access="RW" reset_value="0" description="This field powers down the 24M crystal oscillator if set true.">
      <alias type="CMSIS" value="XTALOSC24M_MISC0_CLR_XTAL_24M_PWD(x)"/>
    </bit_field>
    <bit_field offset="31" width="1" name="VID_PLL_PREDIV" access="RW" reset_value="0" description="Predivider for the source clock of the PLL's. Not related to oscillator.">
      <alias type="CMSIS" value="XTALOSC24M_MISC0_CLR_VID_PLL_PREDIV(x)"/>
      <bit_field_value name="MISC0_CLR_VID_PLL_PREDIV_0b0" value="0b0" description="Divide by 1"/>
      <bit_field_value name="MISC0_CLR_VID_PLL_PREDIV_0b1" value="0b1" description="Divide by 2"/>
    </bit_field>
  </register>
  <register offset="0x15C" width="32" name="MISC0_TOG" description="Miscellaneous Register 0">
    <alias type="CMSIS" value="MISC0_TOG"/>
    <bit_field offset="0" width="1" name="REFTOP_PWD" access="RW" reset_value="0" description="Control bit to power-down the analog bandgap reference circuitry. A note of caution, the bandgap is necessary for correct operation of most of the LDO, pll, and other analog functions on the die. Not related to oscillator.">
      <alias type="CMSIS" value="XTALOSC24M_MISC0_TOG_REFTOP_PWD(x)"/>
    </bit_field>
    <reserved_bit_field offset="1" width="2" reset_value="0"/>
    <bit_field offset="3" width="1" name="REFTOP_SELFBIASOFF" access="RW" reset_value="0" description="Control bit to disable the self-bias circuit in the analog bandgap. The self-bias circuit is used by the bandgap during startup. This bit should be set after the bandgap has stabilized and is necessary for best noise performance of analog blocks using the outputs of the bandgap. Value should be returned to zero before removing vddhigh_in or asserting bit 0 of this register (REFTOP_PWD) to assure proper restart of the circuit. Not related to oscillator.">
      <alias type="CMSIS" value="XTALOSC24M_MISC0_TOG_REFTOP_SELFBIASOFF(x)"/>
      <bit_field_value name="MISC0_TOG_REFTOP_SELFBIASOFF_0b0" value="0b0" description="Uses coarse bias currents for startup"/>
      <bit_field_value name="MISC0_TOG_REFTOP_SELFBIASOFF_0b1" value="0b1" description="Uses bandgap-based bias currents for best performance."/>
    </bit_field>
    <bit_field offset="4" width="3" name="REFTOP_VBGADJ" access="RW" reset_value="0" description="Not related to oscillator.">
      <alias type="CMSIS" value="XTALOSC24M_MISC0_TOG_REFTOP_VBGADJ(x)"/>
      <bit_field_value name="MISC0_TOG_REFTOP_VBGADJ_0b000" value="0b000" description="Nominal VBG"/>
      <bit_field_value name="MISC0_TOG_REFTOP_VBGADJ_0b001" value="0b001" description="VBG+0.78%"/>
      <bit_field_value name="MISC0_TOG_REFTOP_VBGADJ_0b010" value="0b010" description="VBG+1.56%"/>
      <bit_field_value name="MISC0_TOG_REFTOP_VBGADJ_0b011" value="0b011" description="VBG+2.34%"/>
      <bit_field_value name="MISC0_TOG_REFTOP_VBGADJ_0b100" value="0b100" description="VBG-0.78%"/>
      <bit_field_value name="MISC0_TOG_REFTOP_VBGADJ_0b101" value="0b101" description="VBG-1.56%"/>
      <bit_field_value name="MISC0_TOG_REFTOP_VBGADJ_0b110" value="0b110" description="VBG-2.34%"/>
      <bit_field_value name="MISC0_TOG_REFTOP_VBGADJ_0b111" value="0b111" description="VBG-3.12%"/>
    </bit_field>
    <bit_field offset="7" width="1" name="REFTOP_VBGUP" access="RW" reset_value="0" description="Status bit that signals the analog bandgap voltage is up and stable. 1 - Stable. Not related to oscillator.">
      <alias type="CMSIS" value="XTALOSC24M_MISC0_TOG_REFTOP_VBGUP(x)"/>
    </bit_field>
    <reserved_bit_field offset="8" width="2" reset_value="0"/>
    <bit_field offset="10" width="2" name="STOP_MODE_CONFIG" access="RW" reset_value="0" description="Configure the analog behavior in stop mode. Not related to oscillator.">
      <alias type="CMSIS" value="XTALOSC24M_MISC0_TOG_STOP_MODE_CONFIG(x)"/>
      <bit_field_value name="MISC0_TOG_STOP_MODE_CONFIG_0b00" value="0b00" description="All analog except rtc powered down on stop mode assertion. XtalOsc=on, RCOsc=off;"/>
      <bit_field_value name="MISC0_TOG_STOP_MODE_CONFIG_0b01" value="0b01" description="Certain analog functions such as certain regulators left up. XtalOsc=on, RCOsc=off;"/>
      <bit_field_value name="MISC0_TOG_STOP_MODE_CONFIG_0b10" value="0b10" description="XtalOsc=off, RCOsc=on, Old BG=on, New BG=off."/>
      <bit_field_value name="MISC0_TOG_STOP_MODE_CONFIG_0b11" value="0b11" description="XtalOsc=off, RCOsc=on, Old BG=off, New BG=on."/>
    </bit_field>
    <bit_field offset="12" width="1" name="DISCON_HIGH_SNVS" access="RW" reset_value="0" description="This bit controls a switch from VDD_HIGH_IN to VDD_SNVS_IN.">
      <alias type="CMSIS" value="XTALOSC24M_MISC0_TOG_DISCON_HIGH_SNVS(x)"/>
      <bit_field_value name="MISC0_TOG_DISCON_HIGH_SNVS_0b0" value="0b0" description="Turn on the switch"/>
      <bit_field_value name="MISC0_TOG_DISCON_HIGH_SNVS_0b1" value="0b1" description="Turn off the switch"/>
    </bit_field>
    <bit_field offset="13" width="2" name="OSC_I" access="RW" reset_value="0" description="This field determines the bias current in the 24MHz oscillator. The aim is to start up with the highest bias current, which can be decreased after startup if it is determined to be acceptable.">
      <alias type="CMSIS" value="XTALOSC24M_MISC0_TOG_OSC_I(x)"/>
      <bit_field_value name="MISC0_TOG_OSC_I_NOMINAL" value="0b00" description="Nominal"/>
      <bit_field_value name="MISC0_TOG_OSC_I_MINUS_12_5_PERCENT" value="0b01" description="Decrease current by 12.5%"/>
      <bit_field_value name="MISC0_TOG_OSC_I_MINUS_25_PERCENT" value="0b10" description="Decrease current by 25.0%"/>
      <bit_field_value name="MISC0_TOG_OSC_I_MINUS_37_5_PERCENT" value="0b11" description="Decrease current by 37.5%"/>
    </bit_field>
    <bit_field offset="15" width="1" name="OSC_XTALOK" access="RO" reset_value="0" description="Status bit that signals that the output of the 24-MHz crystal oscillator is stable. Generated from a timer and active detection of the actual frequency.">
      <alias type="CMSIS" value="XTALOSC24M_MISC0_TOG_OSC_XTALOK(x)"/>
    </bit_field>
    <bit_field offset="16" width="1" name="OSC_XTALOK_EN" access="RW" reset_value="0" description="This bit enables the detector that signals when the 24MHz crystal oscillator is stable.">
      <alias type="CMSIS" value="XTALOSC24M_MISC0_TOG_OSC_XTALOK_EN(x)"/>
    </bit_field>
    <reserved_bit_field offset="17" width="8" reset_value="0"/>
    <bit_field offset="25" width="1" name="CLKGATE_CTRL" access="RW" reset_value="0" description="This bit allows disabling the clock gate (always ungated) for the xtal 24MHz clock that clocks the digital logic in the analog block. Do not change the field during a low power event. This is not a field that the user would normally need to modify.">
      <alias type="CMSIS" value="XTALOSC24M_MISC0_TOG_CLKGATE_CTRL(x)"/>
      <bit_field_value name="MISC0_TOG_CLKGATE_CTRL_ALLOW_AUTO_GATE" value="0b0" description="Allow the logic to automatically gate the clock when the XTAL is powered down."/>
      <bit_field_value name="MISC0_TOG_CLKGATE_CTRL_NO_AUTO_GATE" value="0b1" description="Prevent the logic from ever gating off the clock."/>
    </bit_field>
    <bit_field offset="26" width="3" name="CLKGATE_DELAY" access="RW" reset_value="0x1" description="This field specifies the delay between powering up the XTAL 24MHz clock and releasing the clock to the digital logic inside the analog block. Do not change the field during a low power event. This is not a field that the user would normally need to modify.">
      <alias type="CMSIS" value="XTALOSC24M_MISC0_TOG_CLKGATE_DELAY(x)"/>
      <bit_field_value name="MISC0_TOG_CLKGATE_DELAY_0b000" value="0b000" description="0.5ms"/>
      <bit_field_value name="MISC0_TOG_CLKGATE_DELAY_0b001" value="0b001" description="1.0ms"/>
      <bit_field_value name="MISC0_TOG_CLKGATE_DELAY_0b010" value="0b010" description="2.0ms"/>
      <bit_field_value name="MISC0_TOG_CLKGATE_DELAY_0b011" value="0b011" description="3.0ms"/>
      <bit_field_value name="MISC0_TOG_CLKGATE_DELAY_0b100" value="0b100" description="4.0ms"/>
      <bit_field_value name="MISC0_TOG_CLKGATE_DELAY_0b101" value="0b101" description="5.0ms"/>
      <bit_field_value name="MISC0_TOG_CLKGATE_DELAY_0b110" value="0b110" description="6.0ms"/>
      <bit_field_value name="MISC0_TOG_CLKGATE_DELAY_0b111" value="0b111" description="7.0ms"/>
    </bit_field>
    <bit_field offset="29" width="1" name="RTC_XTAL_SOURCE" access="RO" reset_value="0" description="This field indicates which chip source is being used for the rtc clock.">
      <alias type="CMSIS" value="XTALOSC24M_MISC0_TOG_RTC_XTAL_SOURCE(x)"/>
      <bit_field_value name="MISC0_TOG_RTC_XTAL_SOURCE_0b0" value="0b0" description="Internal ring oscillator"/>
      <bit_field_value name="MISC0_TOG_RTC_XTAL_SOURCE_0b1" value="0b1" description="RTC_XTAL"/>
    </bit_field>
    <bit_field offset="30" width="1" name="XTAL_24M_PWD" access="RW" reset_value="0" description="This field powers down the 24M crystal oscillator if set true.">
      <alias type="CMSIS" value="XTALOSC24M_MISC0_TOG_XTAL_24M_PWD(x)"/>
    </bit_field>
    <bit_field offset="31" width="1" name="VID_PLL_PREDIV" access="RW" reset_value="0" description="Predivider for the source clock of the PLL's. Not related to oscillator.">
      <alias type="CMSIS" value="XTALOSC24M_MISC0_TOG_VID_PLL_PREDIV(x)"/>
      <bit_field_value name="MISC0_TOG_VID_PLL_PREDIV_0b0" value="0b0" description="Divide by 1"/>
      <bit_field_value name="MISC0_TOG_VID_PLL_PREDIV_0b1" value="0b1" description="Divide by 2"/>
    </bit_field>
  </register>
  <register offset="0x270" width="32" name="LOWPWR_CTRL" description="XTAL OSC (LP) Control Register">
    <alias type="CMSIS" value="LOWPWR_CTRL"/>
    <bit_field offset="0" width="1" name="RC_OSC_EN" access="RW" reset_value="0x1" description="RC Osc. enable control.">
      <alias type="CMSIS" value="XTALOSC24M_LOWPWR_CTRL_RC_OSC_EN(x)"/>
      <bit_field_value name="LOWPWR_CTRL_RC_OSC_EN_0b0" value="0b0" description="Use XTAL OSC to source the 24MHz clock"/>
      <bit_field_value name="LOWPWR_CTRL_RC_OSC_EN_0b1" value="0b1" description="Use RC OSC"/>
    </bit_field>
    <reserved_bit_field offset="1" width="3" reset_value="0"/>
    <bit_field offset="4" width="1" name="OSC_SEL" access="RW" reset_value="0" description="Select the source for the 24MHz clock.">
      <alias type="CMSIS" value="XTALOSC24M_LOWPWR_CTRL_OSC_SEL(x)"/>
      <bit_field_value name="LOWPWR_CTRL_OSC_SEL_0b0" value="0b0" description="XTAL OSC"/>
      <bit_field_value name="LOWPWR_CTRL_OSC_SEL_0b1" value="0b1" description="RC OSC"/>
    </bit_field>
    <bit_field offset="5" width="1" name="LPBG_SEL" access="RW" reset_value="0" description="Bandgap select. Not related to oscillator.">
      <alias type="CMSIS" value="XTALOSC24M_LOWPWR_CTRL_LPBG_SEL(x)"/>
      <bit_field_value name="LOWPWR_CTRL_LPBG_SEL_0b0" value="0b0" description="Normal power bandgap"/>
      <bit_field_value name="LOWPWR_CTRL_LPBG_SEL_0b1" value="0b1" description="Low power bandgap"/>
    </bit_field>
    <bit_field offset="6" width="1" name="LPBG_TEST" access="RW" reset_value="0" description="Low power bandgap test bit. Not related to oscillator.">
      <alias type="CMSIS" value="XTALOSC24M_LOWPWR_CTRL_LPBG_TEST(x)"/>
    </bit_field>
    <bit_field offset="7" width="1" name="REFTOP_IBIAS_OFF" access="RW" reset_value="0" description="Low power reftop ibias disable. Not related to oscillator.">
      <alias type="CMSIS" value="XTALOSC24M_LOWPWR_CTRL_REFTOP_IBIAS_OFF(x)"/>
    </bit_field>
    <bit_field offset="8" width="1" name="L1_PWRGATE" access="RW" reset_value="0" description="L1 power gate control. Used as software override. Not related to oscillator.">
      <alias type="CMSIS" value="XTALOSC24M_LOWPWR_CTRL_L1_PWRGATE(x)"/>
    </bit_field>
    <bit_field offset="9" width="1" name="L2_PWRGATE" access="RW" reset_value="0" description="L2 power gate control. Used as software override. Not related to oscillator.">
      <alias type="CMSIS" value="XTALOSC24M_LOWPWR_CTRL_L2_PWRGATE(x)"/>
    </bit_field>
    <bit_field offset="10" width="1" name="CPU_PWRGATE" access="RW" reset_value="0" description="CPU power gate control. Used as software override. Test purpose only Not related to oscillator.">
      <alias type="CMSIS" value="XTALOSC24M_LOWPWR_CTRL_CPU_PWRGATE(x)"/>
    </bit_field>
    <bit_field offset="11" width="1" name="DISPLAY_PWRGATE" access="RW" reset_value="0" description="Display logic power gate control. Used as software override. Not related to oscillator.">
      <alias type="CMSIS" value="XTALOSC24M_LOWPWR_CTRL_DISPLAY_PWRGATE(x)"/>
    </bit_field>
    <reserved_bit_field offset="12" width="1" reset_value="0"/>
    <bit_field offset="13" width="1" name="RCOSC_CG_OVERRIDE" access="RW" reset_value="0" description="For debug purposes only. This bit effects clock gating of certain digital logic clocked by the 24MHz clk.">
      <alias type="CMSIS" value="XTALOSC24M_LOWPWR_CTRL_RCOSC_CG_OVERRIDE(x)"/>
    </bit_field>
    <bit_field offset="14" width="2" name="XTALOSC_PWRUP_DELAY" access="RW" reset_value="0x1" description="Specifies the time delay between when the 24MHz xtal is powered up until it is stable and ready to use.">
      <alias type="CMSIS" value="XTALOSC24M_LOWPWR_CTRL_XTALOSC_PWRUP_DELAY(x)"/>
      <bit_field_value name="LOWPWR_CTRL_XTALOSC_PWRUP_DELAY_0b00" value="0b00" description="0.25ms"/>
      <bit_field_value name="LOWPWR_CTRL_XTALOSC_PWRUP_DELAY_0b01" value="0b01" description="0.5ms"/>
      <bit_field_value name="LOWPWR_CTRL_XTALOSC_PWRUP_DELAY_0b10" value="0b10" description="1ms"/>
      <bit_field_value name="LOWPWR_CTRL_XTALOSC_PWRUP_DELAY_0b11" value="0b11" description="2ms"/>
    </bit_field>
    <bit_field offset="16" width="1" name="XTALOSC_PWRUP_STAT" access="RO" reset_value="0" description="Status of the 24MHz xtal oscillator.">
      <alias type="CMSIS" value="XTALOSC24M_LOWPWR_CTRL_XTALOSC_PWRUP_STAT(x)"/>
      <bit_field_value name="LOWPWR_CTRL_XTALOSC_PWRUP_STAT_0b0" value="0b0" description="Not stable"/>
      <bit_field_value name="LOWPWR_CTRL_XTALOSC_PWRUP_STAT_0b1" value="0b1" description="Stable and ready to use"/>
    </bit_field>
    <bit_field offset="17" width="1" name="MIX_PWRGATE" access="RW" reset_value="0" description="Display power gate control. Used as software mask. Set to zero to force ungated.">
      <alias type="CMSIS" value="XTALOSC24M_LOWPWR_CTRL_MIX_PWRGATE(x)"/>
    </bit_field>
    <bit_field offset="18" width="1" name="GPU_PWRGATE" access="RW" reset_value="0" description="GPU power gate control. Used as software mask. Set to zero to force ungated.">
      <alias type="CMSIS" value="XTALOSC24M_LOWPWR_CTRL_GPU_PWRGATE(x)"/>
    </bit_field>
    <reserved_bit_field offset="19" width="13" reset_value="0"/>
  </register>
  <register offset="0x274" width="32" name="LOWPWR_CTRL_SET" description="XTAL OSC (LP) Control Register">
    <alias type="CMSIS" value="LOWPWR_CTRL_SET"/>
    <bit_field offset="0" width="1" name="RC_OSC_EN" access="RW" reset_value="0x1" description="RC Osc. enable control.">
      <alias type="CMSIS" value="XTALOSC24M_LOWPWR_CTRL_SET_RC_OSC_EN(x)"/>
      <bit_field_value name="LOWPWR_CTRL_SET_RC_OSC_EN_0b0" value="0b0" description="Use XTAL OSC to source the 24MHz clock"/>
      <bit_field_value name="LOWPWR_CTRL_SET_RC_OSC_EN_0b1" value="0b1" description="Use RC OSC"/>
    </bit_field>
    <reserved_bit_field offset="1" width="3" reset_value="0"/>
    <bit_field offset="4" width="1" name="OSC_SEL" access="RW" reset_value="0" description="Select the source for the 24MHz clock.">
      <alias type="CMSIS" value="XTALOSC24M_LOWPWR_CTRL_SET_OSC_SEL(x)"/>
      <bit_field_value name="LOWPWR_CTRL_SET_OSC_SEL_0b0" value="0b0" description="XTAL OSC"/>
      <bit_field_value name="LOWPWR_CTRL_SET_OSC_SEL_0b1" value="0b1" description="RC OSC"/>
    </bit_field>
    <bit_field offset="5" width="1" name="LPBG_SEL" access="RW" reset_value="0" description="Bandgap select. Not related to oscillator.">
      <alias type="CMSIS" value="XTALOSC24M_LOWPWR_CTRL_SET_LPBG_SEL(x)"/>
      <bit_field_value name="LOWPWR_CTRL_SET_LPBG_SEL_0b0" value="0b0" description="Normal power bandgap"/>
      <bit_field_value name="LOWPWR_CTRL_SET_LPBG_SEL_0b1" value="0b1" description="Low power bandgap"/>
    </bit_field>
    <bit_field offset="6" width="1" name="LPBG_TEST" access="RW" reset_value="0" description="Low power bandgap test bit. Not related to oscillator.">
      <alias type="CMSIS" value="XTALOSC24M_LOWPWR_CTRL_SET_LPBG_TEST(x)"/>
    </bit_field>
    <bit_field offset="7" width="1" name="REFTOP_IBIAS_OFF" access="RW" reset_value="0" description="Low power reftop ibias disable. Not related to oscillator.">
      <alias type="CMSIS" value="XTALOSC24M_LOWPWR_CTRL_SET_REFTOP_IBIAS_OFF(x)"/>
    </bit_field>
    <bit_field offset="8" width="1" name="L1_PWRGATE" access="RW" reset_value="0" description="L1 power gate control. Used as software override. Not related to oscillator.">
      <alias type="CMSIS" value="XTALOSC24M_LOWPWR_CTRL_SET_L1_PWRGATE(x)"/>
    </bit_field>
    <bit_field offset="9" width="1" name="L2_PWRGATE" access="RW" reset_value="0" description="L2 power gate control. Used as software override. Not related to oscillator.">
      <alias type="CMSIS" value="XTALOSC24M_LOWPWR_CTRL_SET_L2_PWRGATE(x)"/>
    </bit_field>
    <bit_field offset="10" width="1" name="CPU_PWRGATE" access="RW" reset_value="0" description="CPU power gate control. Used as software override. Test purpose only Not related to oscillator.">
      <alias type="CMSIS" value="XTALOSC24M_LOWPWR_CTRL_SET_CPU_PWRGATE(x)"/>
    </bit_field>
    <bit_field offset="11" width="1" name="DISPLAY_PWRGATE" access="RW" reset_value="0" description="Display logic power gate control. Used as software override. Not related to oscillator.">
      <alias type="CMSIS" value="XTALOSC24M_LOWPWR_CTRL_SET_DISPLAY_PWRGATE(x)"/>
    </bit_field>
    <reserved_bit_field offset="12" width="1" reset_value="0"/>
    <bit_field offset="13" width="1" name="RCOSC_CG_OVERRIDE" access="RW" reset_value="0" description="For debug purposes only. This bit effects clock gating of certain digital logic clocked by the 24MHz clk.">
      <alias type="CMSIS" value="XTALOSC24M_LOWPWR_CTRL_SET_RCOSC_CG_OVERRIDE(x)"/>
    </bit_field>
    <bit_field offset="14" width="2" name="XTALOSC_PWRUP_DELAY" access="RW" reset_value="0x1" description="Specifies the time delay between when the 24MHz xtal is powered up until it is stable and ready to use.">
      <alias type="CMSIS" value="XTALOSC24M_LOWPWR_CTRL_SET_XTALOSC_PWRUP_DELAY(x)"/>
      <bit_field_value name="LOWPWR_CTRL_SET_XTALOSC_PWRUP_DELAY_0b00" value="0b00" description="0.25ms"/>
      <bit_field_value name="LOWPWR_CTRL_SET_XTALOSC_PWRUP_DELAY_0b01" value="0b01" description="0.5ms"/>
      <bit_field_value name="LOWPWR_CTRL_SET_XTALOSC_PWRUP_DELAY_0b10" value="0b10" description="1ms"/>
      <bit_field_value name="LOWPWR_CTRL_SET_XTALOSC_PWRUP_DELAY_0b11" value="0b11" description="2ms"/>
    </bit_field>
    <bit_field offset="16" width="1" name="XTALOSC_PWRUP_STAT" access="RO" reset_value="0" description="Status of the 24MHz xtal oscillator.">
      <alias type="CMSIS" value="XTALOSC24M_LOWPWR_CTRL_SET_XTALOSC_PWRUP_STAT(x)"/>
      <bit_field_value name="LOWPWR_CTRL_SET_XTALOSC_PWRUP_STAT_0b0" value="0b0" description="Not stable"/>
      <bit_field_value name="LOWPWR_CTRL_SET_XTALOSC_PWRUP_STAT_0b1" value="0b1" description="Stable and ready to use"/>
    </bit_field>
    <bit_field offset="17" width="1" name="MIX_PWRGATE" access="RW" reset_value="0" description="Display power gate control. Used as software mask. Set to zero to force ungated.">
      <alias type="CMSIS" value="XTALOSC24M_LOWPWR_CTRL_SET_MIX_PWRGATE(x)"/>
    </bit_field>
    <bit_field offset="18" width="1" name="GPU_PWRGATE" access="RW" reset_value="0" description="GPU power gate control. Used as software mask. Set to zero to force ungated.">
      <alias type="CMSIS" value="XTALOSC24M_LOWPWR_CTRL_SET_GPU_PWRGATE(x)"/>
    </bit_field>
    <reserved_bit_field offset="19" width="13" reset_value="0"/>
  </register>
  <register offset="0x278" width="32" name="LOWPWR_CTRL_CLR" description="XTAL OSC (LP) Control Register">
    <alias type="CMSIS" value="LOWPWR_CTRL_CLR"/>
    <bit_field offset="0" width="1" name="RC_OSC_EN" access="RW" reset_value="0x1" description="RC Osc. enable control.">
      <alias type="CMSIS" value="XTALOSC24M_LOWPWR_CTRL_CLR_RC_OSC_EN(x)"/>
      <bit_field_value name="LOWPWR_CTRL_CLR_RC_OSC_EN_0b0" value="0b0" description="Use XTAL OSC to source the 24MHz clock"/>
      <bit_field_value name="LOWPWR_CTRL_CLR_RC_OSC_EN_0b1" value="0b1" description="Use RC OSC"/>
    </bit_field>
    <reserved_bit_field offset="1" width="3" reset_value="0"/>
    <bit_field offset="4" width="1" name="OSC_SEL" access="RW" reset_value="0" description="Select the source for the 24MHz clock.">
      <alias type="CMSIS" value="XTALOSC24M_LOWPWR_CTRL_CLR_OSC_SEL(x)"/>
      <bit_field_value name="LOWPWR_CTRL_CLR_OSC_SEL_0b0" value="0b0" description="XTAL OSC"/>
      <bit_field_value name="LOWPWR_CTRL_CLR_OSC_SEL_0b1" value="0b1" description="RC OSC"/>
    </bit_field>
    <bit_field offset="5" width="1" name="LPBG_SEL" access="RW" reset_value="0" description="Bandgap select. Not related to oscillator.">
      <alias type="CMSIS" value="XTALOSC24M_LOWPWR_CTRL_CLR_LPBG_SEL(x)"/>
      <bit_field_value name="LOWPWR_CTRL_CLR_LPBG_SEL_0b0" value="0b0" description="Normal power bandgap"/>
      <bit_field_value name="LOWPWR_CTRL_CLR_LPBG_SEL_0b1" value="0b1" description="Low power bandgap"/>
    </bit_field>
    <bit_field offset="6" width="1" name="LPBG_TEST" access="RW" reset_value="0" description="Low power bandgap test bit. Not related to oscillator.">
      <alias type="CMSIS" value="XTALOSC24M_LOWPWR_CTRL_CLR_LPBG_TEST(x)"/>
    </bit_field>
    <bit_field offset="7" width="1" name="REFTOP_IBIAS_OFF" access="RW" reset_value="0" description="Low power reftop ibias disable. Not related to oscillator.">
      <alias type="CMSIS" value="XTALOSC24M_LOWPWR_CTRL_CLR_REFTOP_IBIAS_OFF(x)"/>
    </bit_field>
    <bit_field offset="8" width="1" name="L1_PWRGATE" access="RW" reset_value="0" description="L1 power gate control. Used as software override. Not related to oscillator.">
      <alias type="CMSIS" value="XTALOSC24M_LOWPWR_CTRL_CLR_L1_PWRGATE(x)"/>
    </bit_field>
    <bit_field offset="9" width="1" name="L2_PWRGATE" access="RW" reset_value="0" description="L2 power gate control. Used as software override. Not related to oscillator.">
      <alias type="CMSIS" value="XTALOSC24M_LOWPWR_CTRL_CLR_L2_PWRGATE(x)"/>
    </bit_field>
    <bit_field offset="10" width="1" name="CPU_PWRGATE" access="RW" reset_value="0" description="CPU power gate control. Used as software override. Test purpose only Not related to oscillator.">
      <alias type="CMSIS" value="XTALOSC24M_LOWPWR_CTRL_CLR_CPU_PWRGATE(x)"/>
    </bit_field>
    <bit_field offset="11" width="1" name="DISPLAY_PWRGATE" access="RW" reset_value="0" description="Display logic power gate control. Used as software override. Not related to oscillator.">
      <alias type="CMSIS" value="XTALOSC24M_LOWPWR_CTRL_CLR_DISPLAY_PWRGATE(x)"/>
    </bit_field>
    <reserved_bit_field offset="12" width="1" reset_value="0"/>
    <bit_field offset="13" width="1" name="RCOSC_CG_OVERRIDE" access="RW" reset_value="0" description="For debug purposes only. This bit effects clock gating of certain digital logic clocked by the 24MHz clk.">
      <alias type="CMSIS" value="XTALOSC24M_LOWPWR_CTRL_CLR_RCOSC_CG_OVERRIDE(x)"/>
    </bit_field>
    <bit_field offset="14" width="2" name="XTALOSC_PWRUP_DELAY" access="RW" reset_value="0x1" description="Specifies the time delay between when the 24MHz xtal is powered up until it is stable and ready to use.">
      <alias type="CMSIS" value="XTALOSC24M_LOWPWR_CTRL_CLR_XTALOSC_PWRUP_DELAY(x)"/>
      <bit_field_value name="LOWPWR_CTRL_CLR_XTALOSC_PWRUP_DELAY_0b00" value="0b00" description="0.25ms"/>
      <bit_field_value name="LOWPWR_CTRL_CLR_XTALOSC_PWRUP_DELAY_0b01" value="0b01" description="0.5ms"/>
      <bit_field_value name="LOWPWR_CTRL_CLR_XTALOSC_PWRUP_DELAY_0b10" value="0b10" description="1ms"/>
      <bit_field_value name="LOWPWR_CTRL_CLR_XTALOSC_PWRUP_DELAY_0b11" value="0b11" description="2ms"/>
    </bit_field>
    <bit_field offset="16" width="1" name="XTALOSC_PWRUP_STAT" access="RO" reset_value="0" description="Status of the 24MHz xtal oscillator.">
      <alias type="CMSIS" value="XTALOSC24M_LOWPWR_CTRL_CLR_XTALOSC_PWRUP_STAT(x)"/>
      <bit_field_value name="LOWPWR_CTRL_CLR_XTALOSC_PWRUP_STAT_0b0" value="0b0" description="Not stable"/>
      <bit_field_value name="LOWPWR_CTRL_CLR_XTALOSC_PWRUP_STAT_0b1" value="0b1" description="Stable and ready to use"/>
    </bit_field>
    <bit_field offset="17" width="1" name="MIX_PWRGATE" access="RW" reset_value="0" description="Display power gate control. Used as software mask. Set to zero to force ungated.">
      <alias type="CMSIS" value="XTALOSC24M_LOWPWR_CTRL_CLR_MIX_PWRGATE(x)"/>
    </bit_field>
    <bit_field offset="18" width="1" name="GPU_PWRGATE" access="RW" reset_value="0" description="GPU power gate control. Used as software mask. Set to zero to force ungated.">
      <alias type="CMSIS" value="XTALOSC24M_LOWPWR_CTRL_CLR_GPU_PWRGATE(x)"/>
    </bit_field>
    <reserved_bit_field offset="19" width="13" reset_value="0"/>
  </register>
  <register offset="0x27C" width="32" name="LOWPWR_CTRL_TOG" description="XTAL OSC (LP) Control Register">
    <alias type="CMSIS" value="LOWPWR_CTRL_TOG"/>
    <bit_field offset="0" width="1" name="RC_OSC_EN" access="RW" reset_value="0x1" description="RC Osc. enable control.">
      <alias type="CMSIS" value="XTALOSC24M_LOWPWR_CTRL_TOG_RC_OSC_EN(x)"/>
      <bit_field_value name="LOWPWR_CTRL_TOG_RC_OSC_EN_0b0" value="0b0" description="Use XTAL OSC to source the 24MHz clock"/>
      <bit_field_value name="LOWPWR_CTRL_TOG_RC_OSC_EN_0b1" value="0b1" description="Use RC OSC"/>
    </bit_field>
    <reserved_bit_field offset="1" width="3" reset_value="0"/>
    <bit_field offset="4" width="1" name="OSC_SEL" access="RW" reset_value="0" description="Select the source for the 24MHz clock.">
      <alias type="CMSIS" value="XTALOSC24M_LOWPWR_CTRL_TOG_OSC_SEL(x)"/>
      <bit_field_value name="LOWPWR_CTRL_TOG_OSC_SEL_0b0" value="0b0" description="XTAL OSC"/>
      <bit_field_value name="LOWPWR_CTRL_TOG_OSC_SEL_0b1" value="0b1" description="RC OSC"/>
    </bit_field>
    <bit_field offset="5" width="1" name="LPBG_SEL" access="RW" reset_value="0" description="Bandgap select. Not related to oscillator.">
      <alias type="CMSIS" value="XTALOSC24M_LOWPWR_CTRL_TOG_LPBG_SEL(x)"/>
      <bit_field_value name="LOWPWR_CTRL_TOG_LPBG_SEL_0b0" value="0b0" description="Normal power bandgap"/>
      <bit_field_value name="LOWPWR_CTRL_TOG_LPBG_SEL_0b1" value="0b1" description="Low power bandgap"/>
    </bit_field>
    <bit_field offset="6" width="1" name="LPBG_TEST" access="RW" reset_value="0" description="Low power bandgap test bit. Not related to oscillator.">
      <alias type="CMSIS" value="XTALOSC24M_LOWPWR_CTRL_TOG_LPBG_TEST(x)"/>
    </bit_field>
    <bit_field offset="7" width="1" name="REFTOP_IBIAS_OFF" access="RW" reset_value="0" description="Low power reftop ibias disable. Not related to oscillator.">
      <alias type="CMSIS" value="XTALOSC24M_LOWPWR_CTRL_TOG_REFTOP_IBIAS_OFF(x)"/>
    </bit_field>
    <bit_field offset="8" width="1" name="L1_PWRGATE" access="RW" reset_value="0" description="L1 power gate control. Used as software override. Not related to oscillator.">
      <alias type="CMSIS" value="XTALOSC24M_LOWPWR_CTRL_TOG_L1_PWRGATE(x)"/>
    </bit_field>
    <bit_field offset="9" width="1" name="L2_PWRGATE" access="RW" reset_value="0" description="L2 power gate control. Used as software override. Not related to oscillator.">
      <alias type="CMSIS" value="XTALOSC24M_LOWPWR_CTRL_TOG_L2_PWRGATE(x)"/>
    </bit_field>
    <bit_field offset="10" width="1" name="CPU_PWRGATE" access="RW" reset_value="0" description="CPU power gate control. Used as software override. Test purpose only Not related to oscillator.">
      <alias type="CMSIS" value="XTALOSC24M_LOWPWR_CTRL_TOG_CPU_PWRGATE(x)"/>
    </bit_field>
    <bit_field offset="11" width="1" name="DISPLAY_PWRGATE" access="RW" reset_value="0" description="Display logic power gate control. Used as software override. Not related to oscillator.">
      <alias type="CMSIS" value="XTALOSC24M_LOWPWR_CTRL_TOG_DISPLAY_PWRGATE(x)"/>
    </bit_field>
    <reserved_bit_field offset="12" width="1" reset_value="0"/>
    <bit_field offset="13" width="1" name="RCOSC_CG_OVERRIDE" access="RW" reset_value="0" description="For debug purposes only. This bit effects clock gating of certain digital logic clocked by the 24MHz clk.">
      <alias type="CMSIS" value="XTALOSC24M_LOWPWR_CTRL_TOG_RCOSC_CG_OVERRIDE(x)"/>
    </bit_field>
    <bit_field offset="14" width="2" name="XTALOSC_PWRUP_DELAY" access="RW" reset_value="0x1" description="Specifies the time delay between when the 24MHz xtal is powered up until it is stable and ready to use.">
      <alias type="CMSIS" value="XTALOSC24M_LOWPWR_CTRL_TOG_XTALOSC_PWRUP_DELAY(x)"/>
      <bit_field_value name="LOWPWR_CTRL_TOG_XTALOSC_PWRUP_DELAY_0b00" value="0b00" description="0.25ms"/>
      <bit_field_value name="LOWPWR_CTRL_TOG_XTALOSC_PWRUP_DELAY_0b01" value="0b01" description="0.5ms"/>
      <bit_field_value name="LOWPWR_CTRL_TOG_XTALOSC_PWRUP_DELAY_0b10" value="0b10" description="1ms"/>
      <bit_field_value name="LOWPWR_CTRL_TOG_XTALOSC_PWRUP_DELAY_0b11" value="0b11" description="2ms"/>
    </bit_field>
    <bit_field offset="16" width="1" name="XTALOSC_PWRUP_STAT" access="RO" reset_value="0" description="Status of the 24MHz xtal oscillator.">
      <alias type="CMSIS" value="XTALOSC24M_LOWPWR_CTRL_TOG_XTALOSC_PWRUP_STAT(x)"/>
      <bit_field_value name="LOWPWR_CTRL_TOG_XTALOSC_PWRUP_STAT_0b0" value="0b0" description="Not stable"/>
      <bit_field_value name="LOWPWR_CTRL_TOG_XTALOSC_PWRUP_STAT_0b1" value="0b1" description="Stable and ready to use"/>
    </bit_field>
    <bit_field offset="17" width="1" name="MIX_PWRGATE" access="RW" reset_value="0" description="Display power gate control. Used as software mask. Set to zero to force ungated.">
      <alias type="CMSIS" value="XTALOSC24M_LOWPWR_CTRL_TOG_MIX_PWRGATE(x)"/>
    </bit_field>
    <bit_field offset="18" width="1" name="GPU_PWRGATE" access="RW" reset_value="0" description="GPU power gate control. Used as software mask. Set to zero to force ungated.">
      <alias type="CMSIS" value="XTALOSC24M_LOWPWR_CTRL_TOG_GPU_PWRGATE(x)"/>
    </bit_field>
    <reserved_bit_field offset="19" width="13" reset_value="0"/>
  </register>
  <register offset="0x2A0" width="32" name="OSC_CONFIG0" description="XTAL OSC Configuration 0 Register">
    <alias type="CMSIS" value="OSC_CONFIG0"/>
    <bit_field offset="0" width="1" name="START" access="RW" reset_value="0" description="Start/stop bit for the RC tuning calculation logic. If stopped the tuning logic is reset.">
      <alias type="CMSIS" value="XTALOSC24M_OSC_CONFIG0_START(x)"/>
    </bit_field>
    <bit_field offset="1" width="1" name="ENABLE" access="RW" reset_value="0" description="Enables the tuning logic to calculate new RC tuning values. Disabling essentially freezes the state of the calculation.">
      <alias type="CMSIS" value="XTALOSC24M_OSC_CONFIG0_ENABLE(x)"/>
    </bit_field>
    <bit_field offset="2" width="1" name="BYPASS" access="RW" reset_value="0" description="Bypasses any calculated RC tuning value and uses the programmed register value.">
      <alias type="CMSIS" value="XTALOSC24M_OSC_CONFIG0_BYPASS(x)"/>
    </bit_field>
    <bit_field offset="3" width="1" name="INVERT" access="RW" reset_value="0" description="Invert the stepping of the calculated RC tuning value.">
      <alias type="CMSIS" value="XTALOSC24M_OSC_CONFIG0_INVERT(x)"/>
    </bit_field>
    <bit_field offset="4" width="8" name="RC_OSC_PROG" access="RW" reset_value="0x2" description="RC osc. tuning values.">
      <alias type="CMSIS" value="XTALOSC24M_OSC_CONFIG0_RC_OSC_PROG(x)"/>
    </bit_field>
    <bit_field offset="12" width="4" name="HYST_PLUS" access="RW" reset_value="0x1" description="Positive hysteresis value. Added to target value before comparison. This, along with HYST_MINUS creates a range.">
      <alias type="CMSIS" value="XTALOSC24M_OSC_CONFIG0_HYST_PLUS(x)"/>
    </bit_field>
    <bit_field offset="16" width="4" name="HYST_MINUS" access="RW" reset_value="0" description="Negative hysteresis value. Subtracted from target value before comparison. This, along with HYST_PLUS creates a range.">
      <alias type="CMSIS" value="XTALOSC24M_OSC_CONFIG0_HYST_MINUS(x)"/>
    </bit_field>
    <reserved_bit_field offset="20" width="4" reset_value="0"/>
    <bit_field offset="24" width="8" name="RC_OSC_PROG_CUR" access="RW" reset_value="0" description="The current tuning value in use.">
      <alias type="CMSIS" value="XTALOSC24M_OSC_CONFIG0_RC_OSC_PROG_CUR(x)"/>
    </bit_field>
  </register>
  <register offset="0x2A4" width="32" name="OSC_CONFIG0_SET" description="XTAL OSC Configuration 0 Register">
    <alias type="CMSIS" value="OSC_CONFIG0_SET"/>
    <bit_field offset="0" width="1" name="START" access="RW" reset_value="0" description="Start/stop bit for the RC tuning calculation logic. If stopped the tuning logic is reset.">
      <alias type="CMSIS" value="XTALOSC24M_OSC_CONFIG0_SET_START(x)"/>
    </bit_field>
    <bit_field offset="1" width="1" name="ENABLE" access="RW" reset_value="0" description="Enables the tuning logic to calculate new RC tuning values. Disabling essentially freezes the state of the calculation.">
      <alias type="CMSIS" value="XTALOSC24M_OSC_CONFIG0_SET_ENABLE(x)"/>
    </bit_field>
    <bit_field offset="2" width="1" name="BYPASS" access="RW" reset_value="0" description="Bypasses any calculated RC tuning value and uses the programmed register value.">
      <alias type="CMSIS" value="XTALOSC24M_OSC_CONFIG0_SET_BYPASS(x)"/>
    </bit_field>
    <bit_field offset="3" width="1" name="INVERT" access="RW" reset_value="0" description="Invert the stepping of the calculated RC tuning value.">
      <alias type="CMSIS" value="XTALOSC24M_OSC_CONFIG0_SET_INVERT(x)"/>
    </bit_field>
    <bit_field offset="4" width="8" name="RC_OSC_PROG" access="RW" reset_value="0x2" description="RC osc. tuning values.">
      <alias type="CMSIS" value="XTALOSC24M_OSC_CONFIG0_SET_RC_OSC_PROG(x)"/>
    </bit_field>
    <bit_field offset="12" width="4" name="HYST_PLUS" access="RW" reset_value="0x1" description="Positive hysteresis value. Added to target value before comparison. This, along with HYST_MINUS creates a range.">
      <alias type="CMSIS" value="XTALOSC24M_OSC_CONFIG0_SET_HYST_PLUS(x)"/>
    </bit_field>
    <bit_field offset="16" width="4" name="HYST_MINUS" access="RW" reset_value="0" description="Negative hysteresis value. Subtracted from target value before comparison. This, along with HYST_PLUS creates a range.">
      <alias type="CMSIS" value="XTALOSC24M_OSC_CONFIG0_SET_HYST_MINUS(x)"/>
    </bit_field>
    <reserved_bit_field offset="20" width="4" reset_value="0"/>
    <bit_field offset="24" width="8" name="RC_OSC_PROG_CUR" access="RW" reset_value="0" description="The current tuning value in use.">
      <alias type="CMSIS" value="XTALOSC24M_OSC_CONFIG0_SET_RC_OSC_PROG_CUR(x)"/>
    </bit_field>
  </register>
  <register offset="0x2A8" width="32" name="OSC_CONFIG0_CLR" description="XTAL OSC Configuration 0 Register">
    <alias type="CMSIS" value="OSC_CONFIG0_CLR"/>
    <bit_field offset="0" width="1" name="START" access="RW" reset_value="0" description="Start/stop bit for the RC tuning calculation logic. If stopped the tuning logic is reset.">
      <alias type="CMSIS" value="XTALOSC24M_OSC_CONFIG0_CLR_START(x)"/>
    </bit_field>
    <bit_field offset="1" width="1" name="ENABLE" access="RW" reset_value="0" description="Enables the tuning logic to calculate new RC tuning values. Disabling essentially freezes the state of the calculation.">
      <alias type="CMSIS" value="XTALOSC24M_OSC_CONFIG0_CLR_ENABLE(x)"/>
    </bit_field>
    <bit_field offset="2" width="1" name="BYPASS" access="RW" reset_value="0" description="Bypasses any calculated RC tuning value and uses the programmed register value.">
      <alias type="CMSIS" value="XTALOSC24M_OSC_CONFIG0_CLR_BYPASS(x)"/>
    </bit_field>
    <bit_field offset="3" width="1" name="INVERT" access="RW" reset_value="0" description="Invert the stepping of the calculated RC tuning value.">
      <alias type="CMSIS" value="XTALOSC24M_OSC_CONFIG0_CLR_INVERT(x)"/>
    </bit_field>
    <bit_field offset="4" width="8" name="RC_OSC_PROG" access="RW" reset_value="0x2" description="RC osc. tuning values.">
      <alias type="CMSIS" value="XTALOSC24M_OSC_CONFIG0_CLR_RC_OSC_PROG(x)"/>
    </bit_field>
    <bit_field offset="12" width="4" name="HYST_PLUS" access="RW" reset_value="0x1" description="Positive hysteresis value. Added to target value before comparison. This, along with HYST_MINUS creates a range.">
      <alias type="CMSIS" value="XTALOSC24M_OSC_CONFIG0_CLR_HYST_PLUS(x)"/>
    </bit_field>
    <bit_field offset="16" width="4" name="HYST_MINUS" access="RW" reset_value="0" description="Negative hysteresis value. Subtracted from target value before comparison. This, along with HYST_PLUS creates a range.">
      <alias type="CMSIS" value="XTALOSC24M_OSC_CONFIG0_CLR_HYST_MINUS(x)"/>
    </bit_field>
    <reserved_bit_field offset="20" width="4" reset_value="0"/>
    <bit_field offset="24" width="8" name="RC_OSC_PROG_CUR" access="RW" reset_value="0" description="The current tuning value in use.">
      <alias type="CMSIS" value="XTALOSC24M_OSC_CONFIG0_CLR_RC_OSC_PROG_CUR(x)"/>
    </bit_field>
  </register>
  <register offset="0x2AC" width="32" name="OSC_CONFIG0_TOG" description="XTAL OSC Configuration 0 Register">
    <alias type="CMSIS" value="OSC_CONFIG0_TOG"/>
    <bit_field offset="0" width="1" name="START" access="RW" reset_value="0" description="Start/stop bit for the RC tuning calculation logic. If stopped the tuning logic is reset.">
      <alias type="CMSIS" value="XTALOSC24M_OSC_CONFIG0_TOG_START(x)"/>
    </bit_field>
    <bit_field offset="1" width="1" name="ENABLE" access="RW" reset_value="0" description="Enables the tuning logic to calculate new RC tuning values. Disabling essentially freezes the state of the calculation.">
      <alias type="CMSIS" value="XTALOSC24M_OSC_CONFIG0_TOG_ENABLE(x)"/>
    </bit_field>
    <bit_field offset="2" width="1" name="BYPASS" access="RW" reset_value="0" description="Bypasses any calculated RC tuning value and uses the programmed register value.">
      <alias type="CMSIS" value="XTALOSC24M_OSC_CONFIG0_TOG_BYPASS(x)"/>
    </bit_field>
    <bit_field offset="3" width="1" name="INVERT" access="RW" reset_value="0" description="Invert the stepping of the calculated RC tuning value.">
      <alias type="CMSIS" value="XTALOSC24M_OSC_CONFIG0_TOG_INVERT(x)"/>
    </bit_field>
    <bit_field offset="4" width="8" name="RC_OSC_PROG" access="RW" reset_value="0x2" description="RC osc. tuning values.">
      <alias type="CMSIS" value="XTALOSC24M_OSC_CONFIG0_TOG_RC_OSC_PROG(x)"/>
    </bit_field>
    <bit_field offset="12" width="4" name="HYST_PLUS" access="RW" reset_value="0x1" description="Positive hysteresis value. Added to target value before comparison. This, along with HYST_MINUS creates a range.">
      <alias type="CMSIS" value="XTALOSC24M_OSC_CONFIG0_TOG_HYST_PLUS(x)"/>
    </bit_field>
    <bit_field offset="16" width="4" name="HYST_MINUS" access="RW" reset_value="0" description="Negative hysteresis value. Subtracted from target value before comparison. This, along with HYST_PLUS creates a range.">
      <alias type="CMSIS" value="XTALOSC24M_OSC_CONFIG0_TOG_HYST_MINUS(x)"/>
    </bit_field>
    <reserved_bit_field offset="20" width="4" reset_value="0"/>
    <bit_field offset="24" width="8" name="RC_OSC_PROG_CUR" access="RW" reset_value="0" description="The current tuning value in use.">
      <alias type="CMSIS" value="XTALOSC24M_OSC_CONFIG0_TOG_RC_OSC_PROG_CUR(x)"/>
    </bit_field>
  </register>
  <register offset="0x2B0" width="32" name="OSC_CONFIG1" description="XTAL OSC Configuration 1 Register">
    <alias type="CMSIS" value="OSC_CONFIG1"/>
    <bit_field offset="0" width="12" name="COUNT_RC_TRG" access="RW" reset_value="0x2EE" description="The target count used to tune the RC OSC frequency. Essentially the number of desired RC OSC clock cycles is within one 32kHz clock cycle.">
      <alias type="CMSIS" value="XTALOSC24M_OSC_CONFIG1_COUNT_RC_TRG(x)"/>
    </bit_field>
    <reserved_bit_field offset="12" width="8" reset_value="0"/>
    <bit_field offset="20" width="12" name="COUNT_RC_CUR" access="RW" reset_value="0" description="The current tuning value in use.">
      <alias type="CMSIS" value="XTALOSC24M_OSC_CONFIG1_COUNT_RC_CUR(x)"/>
    </bit_field>
  </register>
  <register offset="0x2B4" width="32" name="OSC_CONFIG1_SET" description="XTAL OSC Configuration 1 Register">
    <alias type="CMSIS" value="OSC_CONFIG1_SET"/>
    <bit_field offset="0" width="12" name="COUNT_RC_TRG" access="RW" reset_value="0x2EE" description="The target count used to tune the RC OSC frequency. Essentially the number of desired RC OSC clock cycles is within one 32kHz clock cycle.">
      <alias type="CMSIS" value="XTALOSC24M_OSC_CONFIG1_SET_COUNT_RC_TRG(x)"/>
    </bit_field>
    <reserved_bit_field offset="12" width="8" reset_value="0"/>
    <bit_field offset="20" width="12" name="COUNT_RC_CUR" access="RW" reset_value="0" description="The current tuning value in use.">
      <alias type="CMSIS" value="XTALOSC24M_OSC_CONFIG1_SET_COUNT_RC_CUR(x)"/>
    </bit_field>
  </register>
  <register offset="0x2B8" width="32" name="OSC_CONFIG1_CLR" description="XTAL OSC Configuration 1 Register">
    <alias type="CMSIS" value="OSC_CONFIG1_CLR"/>
    <bit_field offset="0" width="12" name="COUNT_RC_TRG" access="RW" reset_value="0x2EE" description="The target count used to tune the RC OSC frequency. Essentially the number of desired RC OSC clock cycles is within one 32kHz clock cycle.">
      <alias type="CMSIS" value="XTALOSC24M_OSC_CONFIG1_CLR_COUNT_RC_TRG(x)"/>
    </bit_field>
    <reserved_bit_field offset="12" width="8" reset_value="0"/>
    <bit_field offset="20" width="12" name="COUNT_RC_CUR" access="RW" reset_value="0" description="The current tuning value in use.">
      <alias type="CMSIS" value="XTALOSC24M_OSC_CONFIG1_CLR_COUNT_RC_CUR(x)"/>
    </bit_field>
  </register>
  <register offset="0x2BC" width="32" name="OSC_CONFIG1_TOG" description="XTAL OSC Configuration 1 Register">
    <alias type="CMSIS" value="OSC_CONFIG1_TOG"/>
    <bit_field offset="0" width="12" name="COUNT_RC_TRG" access="RW" reset_value="0x2EE" description="The target count used to tune the RC OSC frequency. Essentially the number of desired RC OSC clock cycles is within one 32kHz clock cycle.">
      <alias type="CMSIS" value="XTALOSC24M_OSC_CONFIG1_TOG_COUNT_RC_TRG(x)"/>
    </bit_field>
    <reserved_bit_field offset="12" width="8" reset_value="0"/>
    <bit_field offset="20" width="12" name="COUNT_RC_CUR" access="RW" reset_value="0" description="The current tuning value in use.">
      <alias type="CMSIS" value="XTALOSC24M_OSC_CONFIG1_TOG_COUNT_RC_CUR(x)"/>
    </bit_field>
  </register>
  <register offset="0x2C0" width="32" name="OSC_CONFIG2" description="XTAL OSC Configuration 2 Register">
    <alias type="CMSIS" value="OSC_CONFIG2"/>
    <bit_field offset="0" width="12" name="COUNT_1M_TRG" access="RW" reset_value="0x2E2" description="The target count used to tune the 1MHz clock frequency. Essentially the number of desired RC OSC clock cycles used to generate the 1MHz clock is within one 32kHz clock cycle.">
      <alias type="CMSIS" value="XTALOSC24M_OSC_CONFIG2_COUNT_1M_TRG(x)"/>
    </bit_field>
    <reserved_bit_field offset="12" width="4" reset_value="0"/>
    <bit_field offset="16" width="1" name="ENABLE_1M" access="RW" reset_value="0x1" description="Enable the 1MHz clock output. 0 - disabled; 1 - enabled.">
      <alias type="CMSIS" value="XTALOSC24M_OSC_CONFIG2_ENABLE_1M(x)"/>
    </bit_field>
    <bit_field offset="17" width="1" name="MUX_1M" access="RW" reset_value="0" description="Mux the corrected or uncorrected 1MHz clock to the output. 0 - free 1MHz clock; 1 - locked 1MHz clock.">
      <alias type="CMSIS" value="XTALOSC24M_OSC_CONFIG2_MUX_1M(x)"/>
    </bit_field>
    <reserved_bit_field offset="18" width="13" reset_value="0"/>
    <bit_field offset="31" width="1" name="CLK_1M_ERR_FL" access="RW" reset_value="0" description="Flag indicates that the count_1m count wasn't reached within 1 32kHz period. This is intended as feedback to software that the HW_ANADIG_OSC_CONFIG2_COUNT_1M_TRG value is too high for the RC Osc frequency.">
      <alias type="CMSIS" value="XTALOSC24M_OSC_CONFIG2_CLK_1M_ERR_FL(x)"/>
    </bit_field>
  </register>
  <register offset="0x2C4" width="32" name="OSC_CONFIG2_SET" description="XTAL OSC Configuration 2 Register">
    <alias type="CMSIS" value="OSC_CONFIG2_SET"/>
    <bit_field offset="0" width="12" name="COUNT_1M_TRG" access="RW" reset_value="0x2E2" description="The target count used to tune the 1MHz clock frequency. Essentially the number of desired RC OSC clock cycles used to generate the 1MHz clock is within one 32kHz clock cycle.">
      <alias type="CMSIS" value="XTALOSC24M_OSC_CONFIG2_SET_COUNT_1M_TRG(x)"/>
    </bit_field>
    <reserved_bit_field offset="12" width="4" reset_value="0"/>
    <bit_field offset="16" width="1" name="ENABLE_1M" access="RW" reset_value="0x1" description="Enable the 1MHz clock output. 0 - disabled; 1 - enabled.">
      <alias type="CMSIS" value="XTALOSC24M_OSC_CONFIG2_SET_ENABLE_1M(x)"/>
    </bit_field>
    <bit_field offset="17" width="1" name="MUX_1M" access="RW" reset_value="0" description="Mux the corrected or uncorrected 1MHz clock to the output. 0 - free 1MHz clock; 1 - locked 1MHz clock.">
      <alias type="CMSIS" value="XTALOSC24M_OSC_CONFIG2_SET_MUX_1M(x)"/>
    </bit_field>
    <reserved_bit_field offset="18" width="13" reset_value="0"/>
    <bit_field offset="31" width="1" name="CLK_1M_ERR_FL" access="RW" reset_value="0" description="Flag indicates that the count_1m count wasn't reached within 1 32kHz period. This is intended as feedback to software that the HW_ANADIG_OSC_CONFIG2_COUNT_1M_TRG value is too high for the RC Osc frequency.">
      <alias type="CMSIS" value="XTALOSC24M_OSC_CONFIG2_SET_CLK_1M_ERR_FL(x)"/>
    </bit_field>
  </register>
  <register offset="0x2C8" width="32" name="OSC_CONFIG2_CLR" description="XTAL OSC Configuration 2 Register">
    <alias type="CMSIS" value="OSC_CONFIG2_CLR"/>
    <bit_field offset="0" width="12" name="COUNT_1M_TRG" access="RW" reset_value="0x2E2" description="The target count used to tune the 1MHz clock frequency. Essentially the number of desired RC OSC clock cycles used to generate the 1MHz clock is within one 32kHz clock cycle.">
      <alias type="CMSIS" value="XTALOSC24M_OSC_CONFIG2_CLR_COUNT_1M_TRG(x)"/>
    </bit_field>
    <reserved_bit_field offset="12" width="4" reset_value="0"/>
    <bit_field offset="16" width="1" name="ENABLE_1M" access="RW" reset_value="0x1" description="Enable the 1MHz clock output. 0 - disabled; 1 - enabled.">
      <alias type="CMSIS" value="XTALOSC24M_OSC_CONFIG2_CLR_ENABLE_1M(x)"/>
    </bit_field>
    <bit_field offset="17" width="1" name="MUX_1M" access="RW" reset_value="0" description="Mux the corrected or uncorrected 1MHz clock to the output. 0 - free 1MHz clock; 1 - locked 1MHz clock.">
      <alias type="CMSIS" value="XTALOSC24M_OSC_CONFIG2_CLR_MUX_1M(x)"/>
    </bit_field>
    <reserved_bit_field offset="18" width="13" reset_value="0"/>
    <bit_field offset="31" width="1" name="CLK_1M_ERR_FL" access="RW" reset_value="0" description="Flag indicates that the count_1m count wasn't reached within 1 32kHz period. This is intended as feedback to software that the HW_ANADIG_OSC_CONFIG2_COUNT_1M_TRG value is too high for the RC Osc frequency.">
      <alias type="CMSIS" value="XTALOSC24M_OSC_CONFIG2_CLR_CLK_1M_ERR_FL(x)"/>
    </bit_field>
  </register>
  <register offset="0x2CC" width="32" name="OSC_CONFIG2_TOG" description="XTAL OSC Configuration 2 Register">
    <alias type="CMSIS" value="OSC_CONFIG2_TOG"/>
    <bit_field offset="0" width="12" name="COUNT_1M_TRG" access="RW" reset_value="0x2E2" description="The target count used to tune the 1MHz clock frequency. Essentially the number of desired RC OSC clock cycles used to generate the 1MHz clock is within one 32kHz clock cycle.">
      <alias type="CMSIS" value="XTALOSC24M_OSC_CONFIG2_TOG_COUNT_1M_TRG(x)"/>
    </bit_field>
    <reserved_bit_field offset="12" width="4" reset_value="0"/>
    <bit_field offset="16" width="1" name="ENABLE_1M" access="RW" reset_value="0x1" description="Enable the 1MHz clock output. 0 - disabled; 1 - enabled.">
      <alias type="CMSIS" value="XTALOSC24M_OSC_CONFIG2_TOG_ENABLE_1M(x)"/>
    </bit_field>
    <bit_field offset="17" width="1" name="MUX_1M" access="RW" reset_value="0" description="Mux the corrected or uncorrected 1MHz clock to the output. 0 - free 1MHz clock; 1 - locked 1MHz clock.">
      <alias type="CMSIS" value="XTALOSC24M_OSC_CONFIG2_TOG_MUX_1M(x)"/>
    </bit_field>
    <reserved_bit_field offset="18" width="13" reset_value="0"/>
    <bit_field offset="31" width="1" name="CLK_1M_ERR_FL" access="RW" reset_value="0" description="Flag indicates that the count_1m count wasn't reached within 1 32kHz period. This is intended as feedback to software that the HW_ANADIG_OSC_CONFIG2_COUNT_1M_TRG value is too high for the RC Osc frequency.">
      <alias type="CMSIS" value="XTALOSC24M_OSC_CONFIG2_TOG_CLK_1M_ERR_FL(x)"/>
    </bit_field>
  </register>
</regs:peripheral>