<?xml version="1.0"?>
<part:part_number xmlns:part="http://swtools.freescale.net/XSD/part_number/2.0" xmlns:xsi="http://www.w3.org/2001/XMLSchema-instance" xsi:schemaLocation="http://swtools.freescale.net/XSD/part_number/2.0 http://swtools.freescale.net/XSD/part_number/2.0/part_number.xsd" id="MIMXRT1021DAF5A">
  <db_link type="part_info" link="MIMXRT1021DAF5A/part_info.xml" format_version="1.0" description="Part information about NDA, depreciation etc."/>
  <db_link type="package" link="packages/LQFP100.xml" format_version="1.0" description="LQFP100 package definition"/>
  <db_link type="registers" link="MIMXRT1021DAF5A/registers/registers.xml" format_version="4.0" description="Register and clock gating definition, merged for all parts belonging to MIMXRT1021xxxxx"/>
  <db_link type="peripherals_model" link="MIMXRT1021DAF5A/peripherals_model_info.xml" format_version="5.0" description="List of configuration steps used by the pins model"/>
  <db_link type="pins_model" link="MIMXRT1021DAF5A/signal_configuration.xml" format_version="5.0" description="Pins model - pinout and muxing definition"/>
  <db_link type="cores_info" link="common/cores_info.xml" format_version="1.0" description="Multi-cores information"/>
  <db_link type="clocks_model" link="clocks/TOP.xml" format_version="1.1" description="Clocks model - clock definition"/>
  <db_link type="clocks_scripts" link="scripts/clocks" format_version="1.1" description="Clocks model - clock scripts"/>
  <db_link type="module_clocks" link="MIMXRT1021DAF5A/module_clocks.xml" format_version="1.1" description="Clocks model - module definiton"/>
  <db_link type="sdk_features" link="common/sdk_features.xml" format_version="1.0" description="Sdk features list"/>
  <db_link type="cfg_components" link="$COMMON" format_version="1.0" description="Configuration components"/>
  <db_link type="resource_tables" link="MIMXRT1021DAF5A/resource_tables" format_version="1.0" description="Configuration components resource tables"/>
  <db_link type="dcdx_model" link="dcdx/dcdx_model.xml" format_version="2.0" description="DCDx model"/>
  <db_link type="validation_scripts" link="mem_validation" format_version="1.1" description="Validation model - validation scripts"/>
</part:part_number>