<?xml version="1.0"?>
<part:processor xmlns:part="http://swtools.freescale.net/XSD/processor/2.0" xmlns:xsi="http://www.w3.org/2001/XMLSchema-instance" xsi:schemaLocation="http://swtools.freescale.net/XSD/processor/2.0 http://swtools.freescale.net/XSD/processor/2.0/processor.xsd">
  <basic_facts id="MIMXRT1021xxxxx" producer="NXP" family="i.MX" series="i.MX RT" default_part="MIMXRT1021DAG5A"/>
  <target_products>
    <product>MCUX</product>
    <product>PINS</product>
  </target_products>
  <enabled_tools>
    <enabled_tool>Pins</enabled_tool>
    <enabled_tool>Clocks</enabled_tool>
    <enabled_tool>Peripherals</enabled_tool>
    <enabled_tool>DCDx</enabled_tool>
  </enabled_tools>
</part:processor>