<?xml version="1.0"?>
<clocks:component xmlns:clocks="http://apif.freescale.net/schemas/clocks/1.1" xmlns:xsi="http://www.w3.org/2001/XMLSchema-instance" xsi:schemaLocation="http://apif.freescale.net/schemas/clocks/1.1 http://apif.freescale.net/schemas/clocks/1.1/clocks.xsd" id="CCM">
  <instance_header>
    <instance_description>Clock model for CCM Analog device (i.MX)</instance_description>
  </instance_header>
  <interface>
    <input_clock_signal id="OSC_CLK_IN" name="OSC_CLK" description="24MHz oscillator output from the XTALOSC24M module."/>
    <input_clock_signal id="RTC_OSC_CLK_IN" name="RTC_OSC_CLK" description="RTC oscillator output from the XTALOSC24M module."/>
    <input_clock_signal id="PLL2_MAIN_CLK_IN" name="PLL2_MAIN_CLK" description="PLL2 (System PLL) main output clock."/>
    <input_clock_signal id="PLL2_PFD0_CLK_IN" name="PLL2_PFD0_CLK" description="PLL2 PFD0 (PLL2 phase fractional divider 0) output clock."/>
    <input_clock_signal id="PLL2_PFD1_CLK_IN" name="PLL2_PFD1_CLK" description="PLL2 PFD1 (PLL2 phase fractional divider 1) output clock."/>
    <input_clock_signal id="PLL2_PFD2_CLK_IN" name="PLL2_PFD2_CLK" description="PLL2 PFD2 (PLL2 phase fractional divider 2) output clock."/>
    <input_clock_signal id="PLL2_PFD3_CLK_IN" name="PLL2_PFD3_CLK" description="PLL2 PFD3 (PLL2 phase fractional divider 3) output clock."/>
    <input_clock_signal id="PLL2_BYPASS_CLK_IN" name="PLL2_BYPASS_CLK" description="PLL2 (System PLL) bypass clock (24MHz)."/>
    <input_clock_signal id="PLL3_MAIN_CLK_IN" name="PLL3_MAIN_CLK" description="PLL3 (USB1 PLL) main output clock 480MHz."/>
    <input_clock_signal id="PLL3_PFD0_CLK_IN" name="PLL3_PFD0_CLK" description="PLL3 PFD0 (PLL3 phase fractional divider 0) output clock."/>
    <input_clock_signal id="PLL3_PFD1_CLK_IN" name="PLL3_PFD1_CLK" description="PLL3 PFD1 (PLL3 phase fractional divider 1) output clock."/>
    <input_clock_signal id="PLL3_PFD2_CLK_IN" name="PLL3_PFD2_CLK" description="PLL3 PFD2 (PLL3 phase fractional divider 2) output clock."/>
    <input_clock_signal id="PLL3_PFD3_CLK_IN" name="PLL3_PFD3_CLK" description="PLL3 PFD3 (PLL3 phase fractional divider 3) output clock."/>
    <input_clock_signal id="PLL3_BYPASS_CLK_IN" name="PLL3_BYPASS_CLK" description="PLL3 (USB1 PLL) bypass clock (24MHz)."/>
    <input_clock_signal id="PLL4_MAIN_CLK_IN" name="PLL4_MAIN_CLK" description="PLL4 (Audio PLL) main output clock."/>
    <input_clock_signal id="ENET_500M_REF_CLK_IN" name="ENET_500M_REF_CLK" description="ENET 500MHz reference output clock."/>
    <output_clock_signal id="AHB_CLK_ROOT" name="AHB_CLK_ROOT" description="AHB (Advanced High-performance Bus) root clock"/>
    <output_clock_signal id="IPG_CLK_ROOT" name="IPG_CLK_ROOT" description="IPG (IP Global) root clock"/>
    <output_clock_signal id="SEMC_CLK_ROOT" name="SEMC_CLK_ROOT" description="SEMC (Smart External Memory Controller) root clock"/>
    <output_clock_signal id="PERCLK_CLK_ROOT" name="PERCLK_CLK_ROOT" description="Peripheral root clock"/>
    <output_clock_signal id="USDHC1_CLK_ROOT" name="USDHC1_CLK_ROOT" description="USDHC1 (Ultra Secured Digital Host Controller) root clock"/>
    <output_clock_signal id="USDHC2_CLK_ROOT" name="USDHC2_CLK_ROOT" description="USDHC2 (Ultra Secured Digital Host Controller) root clock"/>
    <output_clock_signal id="FLEXSPI_CLK_ROOT" name="FLEXSPI_CLK_ROOT" description="FlexSPI (Flexible SPI) root clock"/>
    <output_clock_signal id="SPDIF0_CLK_ROOT" name="SPDIF0_CLK_ROOT" description="SPDIF0 (Sony/Philips Digital Interface) root clock "/>
    <output_clock_signal id="FLEXIO1_CLK_ROOT" name="FLEXIO1_CLK_ROOT" description="FlexIO1 (Flexible Input/Output) root clock"/>
    <output_clock_signal id="SAI1_CLK_ROOT" name="SAI1_CLK_ROOT" description="SAI1 (Synchronous Audio Interface) root clock"/>
    <output_clock_signal id="SAI2_CLK_ROOT" name="SAI2_CLK_ROOT" description="SAI2 (Synchronous Audio Interface) root clock"/>
    <output_clock_signal id="SAI3_CLK_ROOT" name="SAI3_CLK_ROOT" description="SAI3 (Synchronous Audio Interface) root clock"/>
    <output_clock_signal id="LPI2C_CLK_ROOT" name="LPI2C_CLK_ROOT" description="LPI2C (Low Power Inter-Integrated Circuit) root clock"/>
    <output_clock_signal id="CAN_CLK_ROOT" name="CAN_CLK_ROOT" description="CAN (Controller Area Network) root clock"/>
    <output_clock_signal id="UART_CLK_ROOT" name="UART_CLK_ROOT" description="UART (Universal Asynchronous Receiver/Transmitter) root clock"/>
    <output_clock_signal id="LPSPI_CLK_ROOT" name="LPSPI_CLK_ROOT" description="LPSPI (Low Power Serial Peripheral Interface) root clock"/>
    <output_clock_signal id="TRACE_CLK_ROOT" name="TRACE_CLK_ROOT" description="TRACE (Trace port interface) root clock"/>
    <output_clock_signal id="CKIL_SYNC_CLK_ROOT" name="CKIL_SYNC_CLK_ROOT" description="CKIL (External Low Frequency Clock) root clock"/>
    <output_clock_signal id="CLKO1_CLK" name="CLKO1_CLK" description="Clock output 1"/>
    <output_clock_signal id="CLKO2_CLK" name="CLKO2_CLK" description="Clock output 2"/>
  </interface>
  <implementation>
    <configuration_element id="CCM_CCR_COSC_EN_CFG" name="On-chip oscillator 24MHz" description="Enable/disable the on-chip oscillator 24MHz.">
      <default value="Enabled"/>
      <item id="Enabled" description="Enabled">
        <long_description>On chip oscillator 24 MHz is enabled.</long_description>
        <assigns>
          <assign register="CCM::CCR" bit_field="COSC_EN" value="1"/>
        </assigns>
      </item>
      <item id="Disabled" description="Disabled">
        <long_description>On chip oscillator 24 MHz is disabled. The on-chip oscillator can be disabled only when on chip oscillator is not chosen as the clock source.</long_description>
        <assigns>
          <assign register="CCM::CCR" bit_field="COSC_EN" value="0"/>
        </assigns>
      </item>
    </configuration_element>
    <clock_select id="PLL3_SW_CLK_SEL" name="PLL3 SW clock selector">
      <value_map expr="CCSR[PLL3_SW_CLK_SEL]">
        <input ctrl_value="0" signal="PLL3_MAIN_CLK_IN" name="PLL3 main clock output"/>
        <input ctrl_value="1" signal="PLL3_BYPASS_CLK_IN" name="PLL3 Bypass clock selector output"/>
      </value_map>
    </clock_select>
    <prescaler id="PLL3_SW_80M_CLK_DIV" name="PLL3 SW 80MHz static divider " description="PLL3 (USB PLL) SW static clock divider by 6 to provide 80MHz clock">
      <input signal="PLL3_SW_CLK_SEL.clk"/>
      <divide expr="6"/>
    </prescaler>
    <prescaler id="PLL3_SW_60M_CLK_DIV" name="PLL3 SW 60MHz static divider " description="PLL3 (USB PLL) SW static clock divider by 8 to provide 60MHz clock">
      <input signal="PLL3_SW_CLK_SEL.clk"/>
      <divide expr="8"/>
    </prescaler>
    <prescaler id="ARM_PODF" name="ARM clock root divider">
      <input signal="ENET_500M_REF_CLK_IN"/>
      <divide expr="CACRR[ARM_PODF]+1"/>
    </prescaler>
    <clock_select id="PERIPH_CLK2_SEL" name="Peripheral main clock 2 selector">
      <value_map expr="CBCMR[PERIPH_CLK2_SEL]">
        <input ctrl_value="0" signal="PLL3_SW_CLK_SEL.clk" name="PLL3 SW clock"/>
        <input ctrl_value="1" signal="OSC_CLK_IN" name="OSC 24MHz clock"/>
        <input ctrl_value="2" signal="PLL2_BYPASS_CLK_IN" name="PLL2 Bypass clock"/>
      </value_map>
    </clock_select>
    <prescaler id="PERIPH_CLK2_PODF" name="Peripheral clock 2 divider">
      <input signal="PERIPH_CLK2_SEL.clk"/>
      <divide expr="CBCDR[PERIPH_CLK2_PODF]+1"/>
    </prescaler>
    <clock_select id="PRE_PERIPH_CLK_SEL" name="Pre-Peripheral main clock selector">
      <value_map expr="CBCMR[PRE_PERIPH_CLK_SEL]">
        <input ctrl_value="0" signal="PLL2_MAIN_CLK_IN" name="PLL2 main clock output"/>
        <input ctrl_value="1" signal="PLL3_PFD3_CLK_IN" name="PLL3 PFD3 clock output"/>
        <input ctrl_value="2" signal="PLL2_PFD3_CLK_IN" name="PLL2 PFD3 clock output"/>
        <input ctrl_value="3" signal="ARM_PODF.clk" name="ARM PODF divider clock output"/>
      </value_map>
    </clock_select>
    <clock_select id="PERIPH_CLK_SEL" name="Peripheral main clock selector">
      <value_map expr="CBCDR[PERIPH_CLK_SEL]">
        <input ctrl_value="0" signal="PRE_PERIPH_CLK_SEL.clk" name="Pre-peripheral clock output"/>
        <input ctrl_value="1" signal="PERIPH_CLK2_PODF.clk" name="Peripheral clock 2 divided output"/>
      </value_map>
    </clock_select>
    <prescaler id="AHB_PODF" name="AHB divider">
      <input signal="PERIPH_CLK_SEL.clk"/>
      <divide expr="CBCDR[AHB_PODF]+1"/>
    </prescaler>
    <prescaler id="IPG_PODF" name="IPG divider" description="IP Glock clock divider">
      <input signal="AHB_PODF.clk"/>
      <divide expr="CBCDR[IPG_PODF]+1"/>
    </prescaler>
    <clock_select id="SEMC_ALT_CLK_SEL" name="SEMC alt. clock selector" description="SEMC (Smart External Memory Controller) alternative clock selector">
      <value_map expr="CBCDR[SEMC_ALT_CLK_SEL]">
        <input ctrl_value="0" signal="PLL2_PFD2_CLK_IN" name="PLL2 PFD2 clock output"/>
        <input ctrl_value="1" signal="PLL3_PFD1_CLK_IN" name="PLL3 PFD1 clock output"/>
      </value_map>
    </clock_select>
    <clock_select id="SEMC_CLK_SEL" name="SEMC clock selector" description="SEMC (Smart External Memory Controller) clock selector">
      <value_map expr="CBCDR[SEMC_CLK_SEL]">
        <input ctrl_value="0" signal="PERIPH_CLK_SEL.clk" name="Peripheral main clock output"/>
        <input ctrl_value="1" signal="SEMC_ALT_CLK_SEL.clk" name="SEMC alt. clock output"/>
      </value_map>
    </clock_select>
    <prescaler id="SEMC_PODF" name="SEMC divider" description="SEMC (Smart External Memory Controller) clock divider">
      <input signal="SEMC_CLK_SEL.clk"/>
      <divide expr="CBCDR[SEMC_PODF]+1"/>
    </prescaler>
    <clock_select id="PERCLK_CLK_SEL" name="PERCLK clock selector">
      <value_map expr="CSCMR1[PERCLK_CLK_SEL]">
        <input ctrl_value="0" signal="IPG_PODF.clk" name="IPG root clock"/>
        <input ctrl_value="1" signal="OSC_CLK_IN" name="OSC 24MHz clock"/>
      </value_map>
    </clock_select>
    <prescaler id="PERCLK_PODF" name="PERCLK clock divider">
      <input signal="PERCLK_CLK_SEL.clk"/>
      <divide expr="CSCMR1[PERCLK_PODF]+1"/>
    </prescaler>
    <clock_select id="USDHC1_CLK_SEL" name="USDHC1 clock selector" description="USDHC1 (Ultra Secured Digital Host Controller) clock selector">
      <value_map expr="CSCMR1[USDHC1_CLK_SEL]">
        <input ctrl_value="0" signal="PLL2_PFD2_CLK_IN" name="PLL2 PFD2 clock output"/>
        <input ctrl_value="1" signal="PLL2_PFD0_CLK_IN" name="PLL2 PFD0 clock output"/>
      </value_map>
    </clock_select>
    <clock_select id="USDHC2_CLK_SEL" name="USDHC2 clock selector" description="USDHC2 (Ultra Secured Digital Host Controller) clock selector">
      <value_map expr="CSCMR1[USDHC2_CLK_SEL]">
        <input ctrl_value="0" signal="PLL2_PFD2_CLK_IN" name="PLL2 PFD2 clock output"/>
        <input ctrl_value="1" signal="PLL2_PFD0_CLK_IN" name="PLL2 PFD0 clock output"/>
      </value_map>
    </clock_select>
    <prescaler id="USDHC1_PODF" name="USDHC1 divider" description="USDHC1 (Ultra Secured Digital Host Controller) clock divider">
      <input signal="USDHC1_CLK_SEL.clk"/>
      <divide expr="CSCDR1[USDHC1_PODF]+1"/>
    </prescaler>
    <prescaler id="USDHC2_PODF" name="USDHC2 divider" description="USDHC2 (Ultra Secured Digital Host Controller) clock divider">
      <input signal="USDHC2_CLK_SEL.clk"/>
      <divide expr="CSCDR1[USDHC2_PODF]+1"/>
    </prescaler>
    <clock_select id="FLEXSPI_SEL" name="FLEXSPI clock selector" description="Flexible SPI clock selector">
      <value_map expr="CSCMR1[FLEXSPI_CLK_SEL]">
        <input ctrl_value="0" signal="SEMC_PODF.clk" name="SEMC root clock"/>
        <input ctrl_value="1" signal="PLL3_SW_CLK_SEL.clk" name="PLL3 SW clock"/>
        <input ctrl_value="2" signal="PLL2_PFD2_CLK_IN" name="PLL2 PFD2 clock output"/>
        <input ctrl_value="3" signal="PLL3_PFD0_CLK_IN" name="PLL3 PFD0 clock output"/>
      </value_map>
    </clock_select>
    <prescaler id="FLEXSPI_PODF" name="FLEXSPI clock divider" description="Flexible SPI clock divider">
      <input signal="FLEXSPI_SEL.clk"/>
      <divide expr="CSCMR1[FLEXSPI_PODF]+1"/>
    </prescaler>
    <clock_select id="LPSPI_CLK_SEL" name="LPSPI clock selector" description="LPSPI (Low Power Serial Peripheral Interface) clock selector">
      <value_map expr="CBCMR[LPSPI_CLK_SEL]">
        <input ctrl_value="0" signal="PLL3_PFD1_CLK_IN" name="PLL3 PFD1 clock output"/>
        <input ctrl_value="1" signal="PLL3_PFD0_CLK_IN" name="PLL3 PFD0 clock output"/>
        <input ctrl_value="2" signal="PLL2_MAIN_CLK_IN" name="PLL2 main clock output"/>
        <input ctrl_value="3" signal="PLL2_PFD2_CLK_IN" name="PLL2 PFD2 clock output"/>
      </value_map>
    </clock_select>
    <prescaler id="LPSPI_PODF" name="LPSPI clock divider" description="LPSPI (Low Power Serial Peripheral Interface) clock divider">
      <input signal="LPSPI_CLK_SEL.clk"/>
      <divide expr="CBCMR[LPSPI_PODF]+1"/>
    </prescaler>
    <clock_select id="TRACE_CLK_SEL" name="TRACE clock selector" description="TRACE (Trace port interface) clock selector">
      <value_map expr="CBCMR[TRACE_CLK_SEL]">
        <input ctrl_value="0" signal="PLL2_MAIN_CLK_IN" name="PLL2 main clock output"/>
        <input ctrl_value="1" signal="PLL2_PFD2_CLK_IN" name="PLL2 PFD2 clock output"/>
        <input ctrl_value="2" signal="PLL2_PFD0_CLK_IN" name="PLL2 PFD0 clock output"/>
        <input ctrl_value="3" signal="PLL2_PFD1_CLK_IN" name="PLL2 PFD1 clock output"/>
      </value_map>
    </clock_select>
    <prescaler id="TRACE_PODF" name="TRACE clock divider" description="TRACE (Trace port interface) clock divider">
      <input signal="TRACE_CLK_SEL.clk"/>
      <divide expr="CSCDR1[TRACE_PODF]+1"/>
    </prescaler>
    <clock_select id="SAI1_CLK_SEL" name="SAI1 clock selector" description="SAI1 (Synchronous Audio Interface) clock selector">
      <value_map expr="CSCMR1[SAI1_CLK_SEL]">
        <input ctrl_value="0" signal="PLL3_PFD2_CLK_IN" name="PLL3 PFD2 clock output"/>
        <input ctrl_value="2" signal="PLL4_MAIN_CLK_IN" name="PLL4 main clock output"/>
      </value_map>
    </clock_select>
    <prescaler id="SAI1_CLK_PRED" name="SAI1 clock pre-divider" description="SAI1 (Synchronous Audio Interface) clock pre-divider">
      <input signal="SAI1_CLK_SEL.clk"/>
      <divide expr="CS1CDR[SAI1_CLK_PRED]+1"/>
    </prescaler>
    <prescaler id="SAI1_CLK_PODF" name="SAI1 clock divider" description="SAI1 (Synchronous Audio Interface) clock divider">
      <input signal="SAI1_CLK_PRED.clk"/>
      <divide expr="CS1CDR[SAI1_CLK_PODF]+1"/>
    </prescaler>
    <clock_select id="SAI2_CLK_SEL" name="SAI2 clock selector" description="SAI2 (Synchronous Audio Interface) clock selector">
      <value_map expr="CSCMR1[SAI2_CLK_SEL]">
        <input ctrl_value="0" signal="PLL3_PFD2_CLK_IN" name="PLL3 PFD2 clock output"/>
        <input ctrl_value="2" signal="PLL4_MAIN_CLK_IN" name="PLL4 main clock output"/>
      </value_map>
    </clock_select>
    <prescaler id="SAI2_CLK_PRED" name="SAI2 clock pre-divider" description="SAI2 (Synchronous Audio Interface) clock pre-divider">
      <input signal="SAI2_CLK_SEL.clk"/>
      <divide expr="CS2CDR[SAI2_CLK_PRED]+1"/>
    </prescaler>
    <prescaler id="SAI2_CLK_PODF" name="SAI2 clock divider" description="SAI2 (Synchronous Audio Interface) clock divider">
      <input signal="SAI2_CLK_PRED.clk"/>
      <divide expr="CS2CDR[SAI2_CLK_PODF]+1"/>
    </prescaler>
    <clock_select id="SAI3_CLK_SEL" name="SAI3 clock selector" description="SAI3 (Synchronous Audio Interface) clock selector">
      <value_map expr="CSCMR1[SAI3_CLK_SEL]">
        <input ctrl_value="0" signal="PLL3_PFD2_CLK_IN" name="PLL3 PFD2 clock output"/>
        <input ctrl_value="2" signal="PLL4_MAIN_CLK_IN" name="PLL4 main clock output"/>
      </value_map>
    </clock_select>
    <prescaler id="SAI3_CLK_PRED" name="SAI3 clock pre-divider" description="SAI3 (Synchronous Audio Interface) clock pre-divider">
      <input signal="SAI3_CLK_SEL.clk"/>
      <divide expr="CS1CDR[SAI3_CLK_PRED]+1"/>
    </prescaler>
    <prescaler id="SAI3_CLK_PODF" name="SAI3 clock divider" description="SAI3 (Synchronous Audio Interface) clock divider">
      <input signal="SAI3_CLK_PRED.clk"/>
      <divide expr="CS1CDR[SAI3_CLK_PODF]+1"/>
    </prescaler>
    <clock_select id="LPI2C_CLK_SEL" name="LPI2C clock selector" description="LPI2C (Low Power Inter-Integrated Circuit) clock selector">
      <value_map expr="CSCDR2[LPI2C_CLK_SEL]">
        <input ctrl_value="0" signal="PLL3_SW_60M_CLK_DIV.clk" name="PLL3 SW clock 60MHz"/>
        <input ctrl_value="1" signal="OSC_CLK_IN" name="OSC 24MHz clock"/>
      </value_map>
    </clock_select>
    <prescaler id="LPI2C_CLK_PODF" name="LPI2C clock divider" description="LPI2C (Low Power Inter-Integrated Circuit) clock divider">
      <input signal="LPI2C_CLK_SEL.clk"/>
      <divide expr="CSCDR2[LPI2C_CLK_PODF]+1"/>
    </prescaler>
    <clock_select id="CAN_CLK_SEL" name="CAN clock selector" description="CAN (Controller Area Network) clock selector">
      <value_map expr="CSCMR2[CAN_CLK_SEL]">
        <input ctrl_value="0" signal="PLL3_SW_60M_CLK_DIV.clk" name="PLL3 SW clock 60MHz"/>
        <input ctrl_value="1" signal="OSC_CLK_IN" name="OSC 24MHz clock"/>
        <input ctrl_value="2" signal="PLL3_SW_80M_CLK_DIV.clk" name="PLL3 SW clock 80MHz"/>
      </value_map>
    </clock_select>
    <prescaler id="CAN_CLK_PODF" name="CAN clock divider" description="CAN (Controller Area Network) clock divider">
      <input signal="CAN_CLK_SEL.clk"/>
      <divide expr="CSCMR2[CAN_CLK_PODF]+1"/>
    </prescaler>
    <clock_select id="UART_CLK_SEL" name="UART clock selector" description="UART (Universal Asynchronous Receiver/Transmitter) clock selector">
      <value_map expr="CSCDR1[UART_CLK_SEL]">
        <input ctrl_value="0" signal="PLL3_SW_80M_CLK_DIV.clk" name="PLL3 SW clock 80MHz"/>
        <input ctrl_value="1" signal="OSC_CLK_IN" name="OSC 24MHz clock"/>
      </value_map>
    </clock_select>
    <prescaler id="UART_CLK_PODF" name="UART clock divider" description="UART (Universal Asynchronous Receiver/Transmitter) clock divider">
      <input signal="UART_CLK_SEL.clk"/>
      <divide expr="CSCDR1[UART_CLK_PODF]+1"/>
    </prescaler>
    <clock_select id="SPDIF0_CLK_SEL" name="SPDIF0 clock selector" description="SPDIF0 (Sony/Philips Digital Interface) clock selector">
      <value_map expr="CDCDR[SPDIF0_CLK_SEL]">
        <input ctrl_value="0" signal="PLL4_MAIN_CLK_IN" name="PLL4 main clock output"/>
        <input ctrl_value="1" signal="PLL3_PFD2_CLK_IN" name="PLL3 PFD2 clock output"/>
        <input ctrl_value="3" signal="PLL3_SW_CLK_SEL.clk" name="PLL3 SW clock"/>
      </value_map>
    </clock_select>
    <prescaler id="SPDIF0_CLK_PRED" name="SPDIF0 clock pre-divider" description="SPDIF0 (Sony/Philips Digital Interface) clock pre-divider">
      <input signal="SPDIF0_CLK_SEL.clk"/>
      <divide expr="CDCDR[SPDIF0_CLK_PRED]+1"/>
    </prescaler>
    <prescaler id="SPDIF0_CLK_PODF" name="SPDIF0 clock divider" description="SPDIF0 (Sony/Philips Digital Interface) clock divider">
      <input signal="SPDIF0_CLK_PRED.clk"/>
      <divide expr="CDCDR[SPDIF0_CLK_PODF]+1"/>
    </prescaler>
    <clock_select id="FLEXIO1_CLK_SEL" name="FLEXIO1 clock selector" description="FLEXIO1 (Flexible Input/Output) clock selector">
      <value_map expr="CSCMR2[FLEXIO1_CLK_SEL]">
        <input ctrl_value="0" signal="PLL4_MAIN_CLK_IN" name="PLL4 main clock output"/>
        <input ctrl_value="1" signal="PLL3_PFD2_CLK_IN" name="PLL3 PFD2 clock output"/>
        <input ctrl_value="3" signal="PLL3_SW_CLK_SEL.clk" name="PLL3 SW clock"/>
      </value_map>
    </clock_select>
    <prescaler id="FLEXIO1_CLK_PRED" name="FLEXIO1 clock pre-divider" description="FLEXIO1 (Flexible Input/Output) clock pre-divider">
      <input signal="FLEXIO1_CLK_SEL.clk"/>
      <divide expr="CS1CDR[FLEXIO1_CLK_PRED]+1"/>
    </prescaler>
    <prescaler id="FLEXIO1_CLK_PODF" name="FLEXIO1 clock divider" description="FLEXIO1 (Flexible Input/Output) clock divider">
      <input signal="FLEXIO1_CLK_PRED.clk"/>
      <divide expr="CS1CDR[FLEXIO1_CLK_PODF]+1"/>
    </prescaler>
    <prescaler id="CLKO1_PLL3_SW_CLK_PREDIV2" name="CLKO1 PLL3 SW clock pre-divider" description="Clock output 1 pre-divider of the PLL3 (USB1 PLL) SW clock signal.">
      <input signal="PLL3_SW_CLK_SEL.clk"/>
      <divide expr="2"/>
    </prescaler>
    <prescaler id="CLKO1_PLL2_PREDIV2" name="CLKO1 PLL2 main clock pre-divider" description="Clock output 1 pre-divider of the PLL2 (System PLL) main clock signal.">
      <input signal="PLL2_MAIN_CLK_IN"/>
      <divide expr="2"/>
    </prescaler>
    <prescaler id="CLKO1_PLL6_PREDIV2" name="CLKO1 PLL6 main clock pre-divider" description="Clock output 1 pre-divider of the PLL6 (Enet PLL) main clock signal.">
      <input signal="ENET_500M_REF_CLK_IN"/>
      <divide expr="2"/>
    </prescaler>
    <clock_select id="CLKO1_SEL" name="CLKO1 clock selector" description="Clock output 1 clock source selector">
      <value_map expr="CCOSR[CLKO1_SEL]">
        <input ctrl_value="0" signal="CLKO1_PLL3_SW_CLK_PREDIV2.clk" name="USB1 SW clock output (divided by 2)"/>
        <input ctrl_value="1" signal="CLKO1_PLL2_PREDIV2.clk" name="System PLL main clock output  (divided by 2)"/>
        <input ctrl_value="2" signal="CLKO1_PLL6_PREDIV2.clk" name="Enet 500M reference clock output (divided by 2)"/>
        <input ctrl_value="5" signal="SEMC_CLK_ROOT" name="SEMC main clock output"/>
        <input ctrl_value="11" signal="AHB_CLK_ROOT" name="AHB main clock output"/>
        <input ctrl_value="12" signal="IPG_CLK_ROOT" name="IPG main clock output"/>
        <input ctrl_value="13" signal="PERCLK_CLK_ROOT" name="PERCLK main clock output"/>
        <input ctrl_value="15" signal="PLL4_MAIN_CLK_IN" name="PLL4 main clock output"/>
      </value_map>
    </clock_select>
    <prescaler id="CLKO1_DIV" name="CLKO1 divider" description="Clock output 1 divider">
      <input signal="CLKO1_SEL.clk"/>
      <divide expr="CCOSR[CLKO1_DIV]+1"/>
    </prescaler>
    <clock_select id="CLK_OUT_SEL" name="CLKO1 output selector" description="CLKO1 output clock selector">
      <value_map expr="CCOSR[CLK_OUT_SEL]">
        <input ctrl_value="0" signal="CLKO1_DIV.clk" name="CCM CLKO1 clock"/>
        <input ctrl_value="1" signal="CLKO2_DIV.clk" name="CCM CLKO2 clock"/>
      </value_map>
    </clock_select>
    <clock_select id="CLKO2_SEL" name="CLKO2 clock selector" description="Clock output 1 clock source selector">
      <value_map expr="CCOSR[CLKO2_SEL]">
        <input ctrl_value="3" signal="USDHC1_CLK_ROOT" name="USDHC1 main clock output"/>
        <input ctrl_value="6" signal="LPI2C_CLK_ROOT" name="LPI2C main clock output"/>
        <input ctrl_value="16" signal="LPSPI_CLK_ROOT" name="LPSPI main clock output"/>
        <input ctrl_value="14" signal="OSC_CLK_IN" name="OSC 24MHz clock"/>
        <input ctrl_value="17" signal="USDHC2_CLK_ROOT" name="USDHC2 main clock output"/>
        <input ctrl_value="18" signal="SAI1_CLK_ROOT" name="SAI1 main clock output"/>
        <input ctrl_value="19" signal="SAI2_CLK_ROOT" name="SAI2 main clock output"/>
        <input ctrl_value="20" signal="SAI3_CLK_ROOT" name="SAI3 main clock output"/>
        <input ctrl_value="22" signal="TRACE_CLK_ROOT" name="TRACE main clock output"/>
        <input ctrl_value="23" signal="CAN_CLK_ROOT" name="CAN main clock output"/>
        <input ctrl_value="27" signal="FLEXSPI_CLK_ROOT" name="FLEXSPI main clock output"/>
        <input ctrl_value="28" signal="UART_CLK_ROOT" name="UART main clock output"/>
        <input ctrl_value="29" signal="SPDIF0_CLK_ROOT" name="SPDIF0 main clock output"/>
      </value_map>
    </clock_select>
    <prescaler id="CLKO2_DIV" name="CLKO2 divider" description="Clock output 1 divider">
      <input signal="CLKO2_SEL.clk"/>
      <divide expr="CCOSR[CLKO2_DIV]+1"/>
    </prescaler>
    <map_output id="AHB_CLK_ROOT">
      <input signal="AHB_PODF.clk"/>
    </map_output>
    <map_output id="IPG_CLK_ROOT">
      <input signal="IPG_PODF.clk"/>
    </map_output>
    <map_output id="PERCLK_CLK_ROOT">
      <input signal="PERCLK_PODF.clk"/>
    </map_output>
    <map_output id="USDHC1_CLK_ROOT">
      <input signal="USDHC1_PODF.clk"/>
    </map_output>
    <map_output id="USDHC2_CLK_ROOT">
      <input signal="USDHC2_PODF.clk"/>
    </map_output>
    <map_output id="SEMC_CLK_ROOT">
      <input signal="SEMC_PODF.clk"/>
    </map_output>
    <map_output id="FLEXSPI_CLK_ROOT">
      <input signal="FLEXSPI_PODF.clk"/>
    </map_output>
    <map_output id="LPSPI_CLK_ROOT">
      <input signal="LPSPI_PODF.clk"/>
    </map_output>
    <map_output id="TRACE_CLK_ROOT">
      <input signal="TRACE_PODF.clk"/>
    </map_output>
    <map_output id="SAI1_CLK_ROOT">
      <input signal="SAI1_CLK_PODF.clk"/>
    </map_output>
    <map_output id="SAI2_CLK_ROOT">
      <input signal="SAI2_CLK_PODF.clk"/>
    </map_output>
    <map_output id="SAI3_CLK_ROOT">
      <input signal="SAI3_CLK_PODF.clk"/>
    </map_output>
    <map_output id="LPI2C_CLK_ROOT">
      <input signal="LPI2C_CLK_PODF.clk"/>
    </map_output>
    <map_output id="CAN_CLK_ROOT">
      <input signal="CAN_CLK_PODF.clk"/>
    </map_output>
    <map_output id="UART_CLK_ROOT">
      <input signal="UART_CLK_PODF.clk"/>
    </map_output>
    <map_output id="SPDIF0_CLK_ROOT">
      <input signal="SPDIF0_CLK_PODF.clk"/>
    </map_output>
    <map_output id="FLEXIO1_CLK_ROOT">
      <input signal="FLEXIO1_CLK_PODF.clk"/>
    </map_output>
    <map_output id="CKIL_SYNC_CLK_ROOT">
      <input signal="RTC_OSC_CLK_IN"/>
    </map_output>
    <map_output id="CLKO1_CLK">
      <input signal="CLK_OUT_SEL.clk"/>
      <enable cond_expr="CCOSR[CLKO1_EN] == 1" description="The CLKO1 output can be enabled/disabled by using {{CCOSR_CLKO1_EN_CFG}} settings."/>
      <configuration_element id="CCOSR_CLKO1_EN_CFG" name="Enable CLKO1" description="Enable/disable the CLKO1 output.">
        <default value="No"/>
        <item id="Yes" description="Yes">
          <assigns>
            <assign register="CCOSR" bit_field="CLKO1_EN" value="1"/>
          </assigns>
        </item>
        <item id="No" description="No">
          <assigns>
            <assign register="CCOSR" bit_field="CLKO1_EN" value="0"/>
          </assigns>
        </item>
      </configuration_element>
    </map_output>
    <map_output id="CLKO2_CLK">
      <input signal="CLKO2_DIV.clk"/>
      <enable cond_expr="CCOSR[CLKO2_EN] == 1" description="The CLKO2 output can be enabled/disabled by using {{CCOSR_CLKO2_EN_CFG}} settings."/>
      <configuration_element id="CCOSR_CLKO2_EN_CFG" name="Enable CLKO2" description="Enable/disable the CLKO2 output.">
        <default value="No"/>
        <item id="Yes" description="Yes">
          <assigns>
            <assign register="CCOSR" bit_field="CLKO2_EN" value="1"/>
          </assigns>
        </item>
        <item id="No" description="No">
          <assigns>
            <assign register="CCOSR" bit_field="CLKO2_EN" value="0"/>
          </assigns>
        </item>
      </configuration_element>
    </map_output>
  </implementation>
</clocks:component>