<?xml version="1.0"?>
<clocks:component xmlns:clocks="http://apif.freescale.net/schemas/clocks/1.1" xmlns:xsi="http://www.w3.org/2001/XMLSchema-instance" xsi:schemaLocation="http://apif.freescale.net/schemas/clocks/1.1 http://apif.freescale.net/schemas/clocks/1.1/clocks.xsd" id="CCM_ANALOG">
  <instance_header>
    <instance_description>Clock model for CCM Analog device (i.MX)</instance_description>
  </instance_header>
  <interface>
    <input_clock_signal id="OSC_CLK_IN" name="OSC_CLK" description="24MHz oscillator output from the XTALOSC24M module."/>
    <output_clock_signal id="PLL2_MAIN_CLK" name="PLL2_MAIN_CLK" description="PLL2 (System PLL) main output clock."/>
    <output_clock_signal id="PLL2_PFD0_CLK" name="PLL2_PFD0_CLK" description="PLL2 PFD0 (PLL2 phase fractional divider 0) output clock."/>
    <output_clock_signal id="PLL2_PFD1_CLK" name="PLL2_PFD1_CLK" description="PLL2 PFD1 (PLL2 phase fractional divider 1) output clock."/>
    <output_clock_signal id="PLL2_PFD2_CLK" name="PLL2_PFD2_CLK" description="PLL2 PFD2 (PLL2 phase fractional divider 2) output clock."/>
    <output_clock_signal id="PLL2_PFD3_CLK" name="PLL2_PFD3_CLK" description="PLL2 PFD3 (PLL2 phase fractional divider 3) output clock."/>
    <output_clock_signal id="PLL2_BYPASS_CLK" name="PLL2_BYPASS_CLK" description="PLL2 (System PLL) bypass clock (24MHz)."/>
    <output_clock_signal id="PLL2_OUT_CLK" name="PLL2_OUT_CLK" description="PLL2 (System PLL) direct output clock."/>
    <output_clock_signal id="PLL3_MAIN_CLK" name="PLL3_MAIN_CLK" description="PLL3 (USB1 PLL) main output clock 480MHz."/>
    <output_clock_signal id="PLL3_PFD0_CLK" name="PLL3_PFD0_CLK" description="PLL3 PFD0 (PLL3 phase fractional divider 0) output clock."/>
    <output_clock_signal id="PLL3_PFD1_CLK" name="PLL3_PFD1_CLK" description="PLL3 PFD1 (PLL3 phase fractional divider 1) output clock."/>
    <output_clock_signal id="PLL3_PFD2_CLK" name="PLL3_PFD2_CLK" description="PLL3 PFD2 (PLL3 phase fractional divider 2) output clock."/>
    <output_clock_signal id="PLL3_PFD3_CLK" name="PLL3_PFD3_CLK" description="PLL3 PFD3 (PLL3 phase fractional divider 3) output clock."/>
    <output_clock_signal id="PLL3_BYPASS_CLK" name="PLL3_BYPASS_CLK" description="PLL3 (USB1 PLL) bypass clock (24MHz)."/>
    <output_clock_signal id="PLL4_MAIN_CLK" name="PLL4_MAIN_CLK" description="PLL4 (Audio PLL) main output clock."/>
    <output_clock_signal id="ENET_125M_CLK" name="ENET_125M_CLK" description="ENET 125MHz output clock (25/50/100/125 MHz)."/>
    <output_clock_signal id="ENET_25M_REF_CLK" name="ENET_25M_REF_CLK" description="ENET 25MHz reference output clock."/>
    <output_clock_signal id="ENET_500M_REF_CLK" name="ENET_500M_REF_CLK" description="ENET 500MHz reference output clock."/>
    <output_clock_signal id="USBPHY1_CLK" name="USBPHY1 PLL clock" description="USBPHY1 output clocks 480MHz. It is enabled/disabled by the PLL3 settings - PLL clock outputs for USBPHY1."/>
  </interface>
  <implementation>
    <clock_select id="PLL2_BYPASS_CLK_SRC" name="PLL2 bypass clock selector" master="true">
      <value_map expr="PLL_SYS[BYPASS_CLK_SRC]">
        <input ctrl_value="0" signal="OSC_CLK_IN" name="24MHz OSC"/>
      </value_map>
    </clock_select>
    <fnpll id="PLL2" name="PLL2 (System PLL)" description="PLL2 - System PLL (integer type) for clocking of the System bus. It is a fixed frequency multiplier to provide frequency 528 MHz." resolution="400 Hz">
      <input signal="PLL2_BYPASS_CLK_SRC.clk"/>
      <enable cond_expr="PLL_SYS[POWERDOWN]==0" description="PLL2 (System PLL) can be disabled by the {{CCM_ANALOG_PLL_SYS_POWERDOWN_CFG}} settings."/>
      <constraint relates_to="input" freq="24 MHz"/>
      <constraint min_freq="528 MHz" max_freq="552 MHz"/>
      <constraint cond_expr="PLL2.denom &gt; 1" when="PLL_SYS_SS[ENABLE] == 1" level="error" description="When the spread spectrum mode is enabled select directly the denominator value (and lock the value) for proper setting the spread spectrum freqncy range and modulation frequency."/>
      <constraint cond_expr=" (PLL_SYS_NUM[A] &lt; PLL_SYS_SS[STOP]) ? ((PLL_SYS_SS[STOP] - PLL_SYS_NUM[A]) &lt; PLL_SYS_DENOM[B]) : ((PLL_SYS_NUM[A] - PLL_SYS_SS[STOP]) &lt; PLL_SYS_DENOM[B])" when="(PLL_SYS_SS[ENABLE] == 1)" level="error" description="In the spread spectrum mode the following condition must be met for proper functionality: absolute value of (PLL2 NUM value - PLL2 SS frequency range multiplier) is less than PLL2 DENOM value. Set and lock the PLL2 DENOM value firstly otherwise the modulation frequency cannot be set."/>
      <fnpll_element id="div" name="DIV" description="Div value">
        <range min="22" max="22" default="22"/>
        <assigns>
          <assign register="PLL_SYS" bit_field="DIV_SELECT" value="1"/>
        </assigns>
      </fnpll_element>
      <fnpll_element id="num" name="NUM" description="Numerator value">
        <range min="0" max="60000" default="1"/>
        <assigns>
          <assign register="PLL_SYS_NUM" bit_field="A" value="PLL2.num"/>
        </assigns>
      </fnpll_element>
      <fnpll_element id="denom" name="DENOM" description="Denominator value">
        <range min="0" max="60000" default="60000"/>
        <assigns>
          <assign register="PLL_SYS_DENOM" bit_field="B" value="PLL2.denom"/>
        </assigns>
      </fnpll_element>
      <fnpll_select_list>
        <list>
          <item value="528 MHz" description="Default System PLL frequency"/>
        </list>
      </fnpll_select_list>
      <configuration_element id="CCM_ANALOG_PLL_SYS_POWERDOWN_CFG" name="PLL Power down" description="Power down the PLL2 device.">
        <default value="No"/>
        <item id="No" description="No">
          <assigns>
            <assign register="PLL_SYS" bit_field="POWERDOWN" value="0"/>
          </assigns>
        </item>
        <item id="Yes" description="Yes">
          <assigns>
            <assign register="PLL_SYS" bit_field="POWERDOWN" value="1"/>
          </assigns>
        </item>
      </configuration_element>
    </fnpll>
    <map_output id="PLL2_OUT_CLK">
      <input signal="PLL2.clk"/>
    </map_output>
    <clock_select id="PLL2_BYPASS" name="PLL2 bypass">
      <value_map expr="PLL_SYS[BYPASS]">
        <input ctrl_value="0" signal="PLL2_OUT_CLK" name="PLL2 (System) output"/>
        <input ctrl_value="1" signal="PLL2_BYPASS_CLK_SRC.clk" name="PLL2 Bypass clock selector output"/>
      </value_map>
      <constraint cond_expr="PLL_SYS[BYPASS]==1" when="PLL_SYS[POWERDOWN]==1" description="When the PLL2 is in the power down mode the PLL2 must be bypassed. Either disable the power down mode and set the PLL2 or bypass the PLL2 output by the PLL2 bypass clock selector."/>
    </clock_select>
    <map_output id="PLL2_MAIN_CLK">
      <input signal="PLL2_BYPASS.clk"/>
      <enable cond_expr="PLL_SYS[ENABLE] == 1" description="PLL2 can be enabled/disabled by the "/>
      <configuration_element id="CCM_ANALOG_PLL_SYS_ENABLE_CFG" name="PLL2 (System) output" description="Enable/disable the PLL2 (System PLL) main output clock.">
        <default value="Enabled"/>
        <item id="Enabled" description="Enabled">
          <assigns>
            <assign register="PLL_SYS" bit_field="ENABLE" value="1"/>
          </assigns>
        </item>
        <item id="Disabled" description="Disabled">
          <assigns>
            <assign register="PLL_SYS" bit_field="ENABLE" value="0"/>
          </assigns>
        </item>
      </configuration_element>
    </map_output>
    <map_output id="PLL2_BYPASS_CLK">
      <input signal="PLL2_BYPASS_CLK_SRC.clk"/>
    </map_output>
    <pll id="PLL2_PFD0" name="PLL2 PFD0" description="PLL2 PFD0 - System PLL PFD0 (phase fractional divider that provides frequency 528 MHz * 18 / PFD divider (12-35). Default output frequency is 352 MHz.">
      <input signal="PLL2.clk"/>
      <prescaler id="PLL2_PFD0_DIV" name="DIV" description="PLL Reference Divider." min="12" max="35">
        <divide expr="PFD_528[PFD0_FRAC]"/>
      </prescaler>
      <prescaler id="PLL2_PFD0_MUL" name="MUL" description="PFD clock multiplier">
        <multiply expr="18"/>
      </prescaler>
    </pll>
    <clock_select id="PLL2_PFD0_BYPASS" name="PLL2_PFD0_BYPASS" description="PLL PFD0 bypass clock selector that is controlled by the PLL2 bypass.">
      <value_map expr="PLL_SYS[BYPASS]">
        <input ctrl_value="0" signal="PLL2_PFD0.clk" name="PLL2 PFD0 output"/>
        <input ctrl_value="1" signal="PLL2_BYPASS_CLK_SRC.clk" name="PLL2 Bypass clock selector output"/>
      </value_map>
    </clock_select>
    <map_output id="PLL2_PFD0_CLK">
      <input signal="PLL2_PFD0_BYPASS.clk"/>
      <enable cond_expr="PFD_528[PFD0_CLKGATE] == 0" description="PLL2 PFD0 can be enabled/disabled by the {{CCM_ANALOG_PFD_528_PFD0_CLKGATE_CFG}} settings."/>
      <configuration_element id="CCM_ANALOG_PFD_528_PFD0_CLKGATE_CFG" name="PLL2 PFD0 output" description="Enable/disable the PLL2 PFD0 output clock (clock gate).">
        <default value="Enabled"/>
        <item id="Enabled" description="Enabled">
          <assigns>
            <assign register="PFD_528" bit_field="PFD0_CLKGATE" value="0"/>
          </assigns>
        </item>
        <item id="Disabled" description="Disabled">
          <assigns>
            <assign register="PFD_528" bit_field="PFD0_CLKGATE" value="1"/>
          </assigns>
        </item>
      </configuration_element>
    </map_output>
    <pll id="PLL2_PFD1" name="PLL2 PFD1" description="PLL2 PFD1 - System PLL PFD1 (phase fractional divider that provides frequency 528 MHz * 18 / PFD divider (12-35). Default output frequency is 594 MHz.">
      <input signal="PLL2.clk"/>
      <prescaler id="PLL2_PFD1_DIV" name="DIV" description="PLL Reference Divider." min="12" max="35">
        <divide expr="PFD_528[PFD1_FRAC]"/>
      </prescaler>
      <prescaler id="PLL2_PFD1_MUL" name="MUL" description="PFD clock multiplier">
        <multiply expr="18"/>
      </prescaler>
    </pll>
    <clock_select id="PLL2_PFD1_BYPASS" name="PLL2_PFD1_BYPASS" description="PLL PFD1 bypass clock selector that is controlled by the PLL2 bypass.">
      <value_map expr="PLL_SYS[BYPASS]">
        <input ctrl_value="0" signal="PLL2_PFD1.clk" name="PLL2 PFD1 output"/>
        <input ctrl_value="1" signal="PLL2_BYPASS_CLK_SRC.clk" name="PLL2 Bypass clock selector output"/>
      </value_map>
    </clock_select>
    <map_output id="PLL2_PFD1_CLK">
      <input signal="PLL2_PFD1_BYPASS.clk"/>
      <enable cond_expr="PFD_528[PFD1_CLKGATE] == 0" description="PLL2 PFD1 can be enabled/disabled by the {{CCM_ANALOG_PFD_528_PFD1_CLKGATE_CFG}} settings."/>
      <configuration_element id="CCM_ANALOG_PFD_528_PFD1_CLKGATE_CFG" name="PLL2 PFD1 output" description="Enable/disable the PLL2 PFD1 output clock (clock gate).">
        <default value="Enabled"/>
        <item id="Enabled" description="Enabled">
          <assigns>
            <assign register="PFD_528" bit_field="PFD1_CLKGATE" value="0"/>
          </assigns>
        </item>
        <item id="Disabled" description="Disabled">
          <assigns>
            <assign register="PFD_528" bit_field="PFD1_CLKGATE" value="1"/>
          </assigns>
        </item>
      </configuration_element>
    </map_output>
    <pll id="PLL2_PFD2" name="PLL2 PFD2" description="PLL2 PFD2 - System PLL PFD2 (phase fractional divider that provides frequency 528 MHz * 18 / PFD divider (12-35). Default output frequency is 396 MHz.">
      <input signal="PLL2.clk"/>
      <prescaler id="PLL2_PFD2_DIV" name="DIV" description="PLL Reference Divider." min="12" max="35">
        <divide expr="PFD_528[PFD2_FRAC]"/>
      </prescaler>
      <prescaler id="PLL2_PFD2_MUL" name="MUL" description="PFD clock multiplier">
        <multiply expr="18"/>
      </prescaler>
    </pll>
    <clock_select id="PLL2_PFD2_BYPASS" name="PLL2_PFD2_BYPASS" description="PLL PFD2 bypass clock selector that is controlled by the PLL2 bypass.">
      <value_map expr="PLL_SYS[BYPASS]">
        <input ctrl_value="0" signal="PLL2_PFD2.clk" name="PLL2 PFD2 output"/>
        <input ctrl_value="1" signal="PLL2_BYPASS_CLK_SRC.clk" name="PLL2 Bypass clock selector output"/>
      </value_map>
    </clock_select>
    <map_output id="PLL2_PFD2_CLK">
      <input signal="PLL2_PFD2_BYPASS.clk"/>
      <enable cond_expr="PFD_528[PFD2_CLKGATE] == 0" description="PLL2 PFD2 can be enabled/disabled by the {{CCM_ANALOG_PFD_528_PFD2_CLKGATE_CFG}} settings."/>
      <configuration_element id="CCM_ANALOG_PFD_528_PFD2_CLKGATE_CFG" name="PLL2 PFD2 output" description="Enable/disable the PLL2 PFD2 output clock (clock gate).">
        <default value="Enabled"/>
        <item id="Enabled" description="Enabled">
          <assigns>
            <assign register="PFD_528" bit_field="PFD2_CLKGATE" value="0"/>
          </assigns>
        </item>
        <item id="Disabled" description="Disabled">
          <assigns>
            <assign register="PFD_528" bit_field="PFD2_CLKGATE" value="1"/>
          </assigns>
        </item>
      </configuration_element>
    </map_output>
    <pll id="PLL2_PFD3" name="PLL2 PFD3" description="PLL2 PFD3 - System PLL PFD3 (phase fractional divider that provides frequency 528 MHz * 18 / PFD divider (12-35). Default output frequency is 297 MHz.">
      <input signal="PLL2.clk"/>
      <prescaler id="PLL2_PFD3_DIV" name="DIV" description="PLL Reference Divider." min="12" max="35">
        <divide expr="PFD_528[PFD3_FRAC]"/>
      </prescaler>
      <prescaler id="PLL2_PFD3_MUL" name="MUL" description="PFD clock multiplier">
        <multiply expr="18"/>
      </prescaler>
    </pll>
    <clock_select id="PLL2_PFD3_BYPASS" name="PLL2_PFD3_BYPASS" description="PLL PFD3 bypass clock selector that is controlled by the PLL2 bypass.">
      <value_map expr="PLL_SYS[BYPASS]">
        <input ctrl_value="0" signal="PLL2_PFD3.clk" name="PLL2 PFD3 output"/>
        <input ctrl_value="1" signal="PLL2_BYPASS_CLK_SRC.clk" name="PLL2 Bypass clock selector output"/>
      </value_map>
    </clock_select>
    <map_output id="PLL2_PFD3_CLK">
      <input signal="PLL2_PFD3_BYPASS.clk"/>
      <enable cond_expr="PFD_528[PFD3_CLKGATE] == 0" description="PLL2 PFD3 can be enabled/disabled by the {{CCM_ANALOG_PFD_528_PFD3_CLKGATE_CFG}} settings."/>
      <configuration_element id="CCM_ANALOG_PFD_528_PFD3_CLKGATE_CFG" name="PLL2 PFD3 output" description="Enable/disable the PLL2 PFD3 output clock (clock gate).">
        <default value="Enabled"/>
        <item id="Enabled" description="Enabled">
          <assigns>
            <assign register="PFD_528" bit_field="PFD3_CLKGATE" value="0"/>
          </assigns>
        </item>
        <item id="Disabled" description="Disabled">
          <assigns>
            <assign register="PFD_528" bit_field="PFD3_CLKGATE" value="1"/>
          </assigns>
        </item>
      </configuration_element>
    </map_output>
    <clock_select id="PLL3_BYPASS_CLK_SRC" name="PLL3 bypass clock selector">
      <value_map expr="PLL_USB1[BYPASS_CLK_SRC]">
        <input ctrl_value="0" signal="OSC_CLK_IN" name="24MHz OSC"/>
      </value_map>
    </clock_select>
    <pll id="PLL3" name="PLL3 (USB1 PLL)" description="PLL3 - USB1 PLL (integer type) for clocking of the USBPHY1 device (OTG PHY). It is a fixed frequency multiplier to provide frequency 480 MHz.">
      <input signal="PLL3_BYPASS_CLK_SRC.clk"/>
      <enable cond_expr="PLL_USB1[POWER] == 1" description="PLL3 (USB1 PLL) can be powered up by the {{CCM_ANALOG_PLL_USB1_POWER_CFG}} settings."/>
      <prescaler id="PLL3_PREDIV" name="PREDIV" description="PLL Reference pre-divider (fixed).">
        <divide expr="1"/>
        <constraint min_freq="24 MHz" max_freq="24 MHz" description="PLL reference clock must be 24 MHz"/>
      </prescaler>
      <prescaler id="PLL3_VDIV" name="VDIV" description="PLL VCO clock divider (multiplier)">
        <multiply expr="20"/>
        <constraint min_freq="480 MHz" max_freq="480 MHz" description="PLL output frequency must be 480 MHz."/>
      </prescaler>
      <configuration_element id="CCM_ANALOG_PLL_USB1_POWER_CFG" name="PLL Power up" description="Power up the PLL3 device.">
        <default value="No"/>
        <item id="No" description="No">
          <assigns>
            <assign register="PLL_USB1" bit_field="POWER" value="0"/>
          </assigns>
        </item>
        <item id="Yes" description="Yes">
          <assigns>
            <assign register="PLL_USB1" bit_field="POWER" value="1"/>
          </assigns>
        </item>
      </configuration_element>
      <configuration_element id="CCM_ANALOG_PLL_USB1_EN_USB_CLKS_CFG" name="PLL clock outputs for USBPHY1" description="Enable/disable the 9-phase PLL outputs for USBPHY1.">
        <default value="Disabled"/>
        <item id="Disabled" description="Disabled">
          <assigns>
            <assign register="PLL_USB1" bit_field="EN_USB_CLKS" value="0"/>
          </assigns>
        </item>
        <item id="Enabled" description="Enabled">
          <assigns>
            <assign register="PLL_USB1" bit_field="EN_USB_CLKS" value="1"/>
          </assigns>
        </item>
      </configuration_element>
    </pll>
    <clock_select id="PLL3_BYPASS" name="PLL3 bypass" master="true">
      <value_map expr="PLL_USB1[BYPASS]">
        <input ctrl_value="0" signal="PLL3.clk" name="PLL3 (System) output"/>
        <input ctrl_value="1" signal="PLL3_BYPASS_CLK_SRC.clk" name="PLL3 Bypass clock selector output"/>
      </value_map>
      <constraint cond_expr="PLL_USB1[BYPASS]==1" when="PLL_USB1[POWER]==0" description="When the PLL3 is in the power down mode the PLL3 must be bypassed. Either enable the power up mode and set the PLL3 or bypass the PLL3 output by the PLL3 bypass clock selector."/>
    </clock_select>
    <map_output id="PLL3_MAIN_CLK">
      <input signal="PLL3_BYPASS.clk"/>
      <enable cond_expr="PLL_USB1[ENABLE] == 1" description="PLL3 can be enabled/disabled by the {{CCM_ANALOG_PLL_USB1_ENABLE_CFG}} settings."/>
      <configuration_element id="CCM_ANALOG_PLL_USB1_ENABLE_CFG" name="PLL3 (USB1) output" description="Enable/disable the PLL3 (USB1 PLL) main output clock.">
        <default value="Enabled"/>
        <item id="Enabled" description="Enabled">
          <assigns>
            <assign register="PLL_USB1" bit_field="ENABLE" value="1"/>
          </assigns>
        </item>
        <item id="Disabled" description="Disabled">
          <assigns>
            <assign register="PLL_USB1" bit_field="ENABLE" value="0"/>
          </assigns>
        </item>
      </configuration_element>
    </map_output>
    <map_output id="PLL3_BYPASS_CLK">
      <input signal="PLL3_BYPASS_CLK_SRC.clk"/>
    </map_output>
    <pll id="PLL3_PFD0" name="PLL3 PFD0" description="PLL3 PFD0 - USB1 PLL PFD0 (phase fractional divider that provides frequency 480 MHz * 18 / PFD divider (12-35). Default output frequency is 720 MHz.">
      <input signal="PLL3.clk"/>
      <prescaler id="PLL3_PFD0_DIV" name="DIV" description="PLL Reference Divider." min="12" max="35">
        <divide expr="PFD_480[PFD0_FRAC]"/>
      </prescaler>
      <prescaler id="PLL3_PFD0_MUL" name="MUL" description="PFD clock multiplier">
        <multiply expr="18"/>
      </prescaler>
    </pll>
    <clock_select id="PLL3_PFD0_BYPASS" name="PLL3_PFD0_BYPASS" description="PLL3 PFD0 bypass clock selector that is controlled by the PLL3 bypass.">
      <value_map expr="PLL_USB1[BYPASS]">
        <input ctrl_value="0" signal="PLL3_PFD0.clk" name="PLL3 PFD0 output"/>
        <input ctrl_value="1" signal="PLL3_BYPASS_CLK_SRC.clk" name="PLL3 Bypass clock selector output"/>
      </value_map>
    </clock_select>
    <map_output id="PLL3_PFD0_CLK">
      <input signal="PLL3_PFD0_BYPASS.clk"/>
      <enable cond_expr="PFD_480[PFD0_CLKGATE] == 0" description="PLL3 PFD0 can be enabled/disabled by the {{CCM_ANALOG_PFD_480_PFD0_CLKGATE_CFG}} settings."/>
      <configuration_element id="CCM_ANALOG_PFD_480_PFD0_CLKGATE_CFG" name="PLL3 PFD0 output" description="Enable/disable the PLL3 PFD0 output clock (clock gate).">
        <default value="Enabled"/>
        <item id="Enabled" description="Enabled">
          <assigns>
            <assign register="PFD_480" bit_field="PFD0_CLKGATE" value="0"/>
          </assigns>
        </item>
        <item id="Disabled" description="Disabled">
          <assigns>
            <assign register="PFD_480" bit_field="PFD0_CLKGATE" value="1"/>
          </assigns>
        </item>
      </configuration_element>
    </map_output>
    <pll id="PLL3_PFD1" name="PLL3 PFD1" description="PLL3 PFD1 - USB1 PLL PFD1 (phase fractional divider that provides frequency 480 MHz * 18 / PFD divider (12-35). Default output frequency is 664.32 MHz.">
      <input signal="PLL3.clk"/>
      <prescaler id="PLL3_PFD1_DIV" name="DIV" description="PLL Reference Divider." min="12" max="35">
        <divide expr="PFD_480[PFD1_FRAC]"/>
      </prescaler>
      <prescaler id="PLL3_PFD1_MUL" name="MUL" description="PFD clock multiplier">
        <multiply expr="18"/>
      </prescaler>
    </pll>
    <clock_select id="PLL3_PFD1_BYPASS" name="PLL3_PFD1_BYPASS" description="PLL3 PFD1 bypass clock selector that is controlled by the PLL3 bypass.">
      <value_map expr="PLL_USB1[BYPASS]">
        <input ctrl_value="0" signal="PLL3_PFD1.clk" name="PLL3 PFD1 output"/>
        <input ctrl_value="1" signal="PLL3_BYPASS_CLK_SRC.clk" name="PLL3 Bypass clock selector output"/>
      </value_map>
    </clock_select>
    <map_output id="PLL3_PFD1_CLK">
      <input signal="PLL3_PFD1_BYPASS.clk"/>
      <enable cond_expr="PFD_480[PFD1_CLKGATE] == 0" description="PLL3 PFD1 can be enabled/disabled by the {{CCM_ANALOG_PFD_480_PFD1_CLKGATE_CFG}} settings."/>
      <configuration_element id="CCM_ANALOG_PFD_480_PFD1_CLKGATE_CFG" name="PLL3 PFD1 output" description="Enable/disable the PLL3 PFD1 output clock (clock gate).">
        <default value="Enabled"/>
        <item id="Enabled" description="Enabled">
          <assigns>
            <assign register="PFD_480" bit_field="PFD1_CLKGATE" value="0"/>
          </assigns>
        </item>
        <item id="Disabled" description="Disabled">
          <assigns>
            <assign register="PFD_480" bit_field="PFD1_CLKGATE" value="1"/>
          </assigns>
        </item>
      </configuration_element>
    </map_output>
    <pll id="PLL3_PFD2" name="PLL3 PFD2" description="PLL3 PFD2 - USB1 PLL PFD2 (phase fractional divider that provides frequency 480 MHz * 18 / PFD divider (12-35). Default output frequency is 508.24 MHz.">
      <input signal="PLL3.clk"/>
      <prescaler id="PLL3_PFD2_DIV" name="DIV" description="PLL Reference Divider." min="12" max="35">
        <divide expr="PFD_480[PFD2_FRAC]"/>
      </prescaler>
      <prescaler id="PLL3_PFD2_MUL" name="MUL" description="PFD clock multiplier">
        <multiply expr="18"/>
      </prescaler>
    </pll>
    <clock_select id="PLL3_PFD2_BYPASS" name="PLL3_PFD2_BYPASS" description="PLL3 PFD2 bypass clock selector that is controlled by the PLL3 bypass.">
      <value_map expr="PLL_USB1[BYPASS]">
        <input ctrl_value="0" signal="PLL3_PFD2.clk" name="PLL3 PFD2 output"/>
        <input ctrl_value="1" signal="PLL3_BYPASS_CLK_SRC.clk" name="PLL3 Bypass clock selector output"/>
      </value_map>
    </clock_select>
    <map_output id="PLL3_PFD2_CLK">
      <input signal="PLL3_PFD2_BYPASS.clk"/>
      <enable cond_expr="PFD_480[PFD2_CLKGATE] == 0" description="PLL3 PFD2 can be enabled/disabled by the {{CCM_ANALOG_PFD_480_PFD2_CLKGATE_CFG}} settings."/>
      <configuration_element id="CCM_ANALOG_PFD_480_PFD2_CLKGATE_CFG" name="PLL3 PFD2 output" description="Enable/disable the PLL3 PFD2 output clock (clock gate).">
        <default value="Enabled"/>
        <item id="Enabled" description="Enabled">
          <assigns>
            <assign register="PFD_480" bit_field="PFD2_CLKGATE" value="0"/>
          </assigns>
        </item>
        <item id="Disabled" description="Disabled">
          <assigns>
            <assign register="PFD_480" bit_field="PFD2_CLKGATE" value="1"/>
          </assigns>
        </item>
      </configuration_element>
    </map_output>
    <pll id="PLL3_PFD3" name="PLL3 PFD3" description="PLL3 PFD3 - USB1 PLL PFD3 (phase fractional divider that provides frequency 480 MHz * 18 / PFD divider (12-35). Default output frequency is 454.74 MHz.">
      <input signal="PLL3.clk"/>
      <prescaler id="PLL3_PFD3_DIV" name="DIV" description="PLL Reference Divider." min="12" max="35">
        <divide expr="PFD_480[PFD3_FRAC]"/>
      </prescaler>
      <prescaler id="PLL3_PFD3_MUL" name="MUL" description="PFD clock multiplier">
        <multiply expr="18"/>
      </prescaler>
    </pll>
    <clock_select id="PLL3_PFD3_BYPASS" name="PLL3_PFD3_BYPASS" description="PLL3 PFD3 bypass clock selector that is controlled by the PLL3 bypass.">
      <value_map expr="PLL_USB1[BYPASS]">
        <input ctrl_value="0" signal="PLL3_PFD3.clk" name="PLL3 PFD3 output"/>
        <input ctrl_value="1" signal="PLL3_BYPASS_CLK_SRC.clk" name="PLL3 Bypass clock selector output"/>
      </value_map>
    </clock_select>
    <map_output id="PLL3_PFD3_CLK">
      <input signal="PLL3_PFD3_BYPASS.clk"/>
      <enable cond_expr="PFD_480[PFD3_CLKGATE] == 0" description="PLL3 PFD3 can be enabled/disabled by the {{CCM_ANALOG_PFD_480_PFD3_CLKGATE_CFG}} settings."/>
      <configuration_element id="CCM_ANALOG_PFD_480_PFD3_CLKGATE_CFG" name="PLL3 PFD3 output" description="Enable/disable the PLL3 PFD3 output clock (clock gate).">
        <default value="Enabled"/>
        <item id="Enabled" description="Enabled">
          <assigns>
            <assign register="PFD_480" bit_field="PFD3_CLKGATE" value="0"/>
          </assigns>
        </item>
        <item id="Disabled" description="Disabled">
          <assigns>
            <assign register="PFD_480" bit_field="PFD3_CLKGATE" value="1"/>
          </assigns>
        </item>
      </configuration_element>
    </map_output>
    <clock_select id="PLL4_BYPASS_CLK_SRC" name="PLL4 bypass clock selector">
      <value_map expr="PLL_AUDIO[BYPASS_CLK_SRC]">
        <input ctrl_value="0" signal="OSC_CLK_IN" name="24MHz OSC"/>
      </value_map>
    </clock_select>
    <fnpll id="PLL4" name="PLL4 (Audio Fractional-N PLL)" description="PLL4 (Audio) Fractional-N synthesizer PLL with high resolution" resolution="25 Hz">
      <input signal="PLL4_BYPASS_CLK_SRC.clk"/>
      <enable cond_expr="PLL_AUDIO[POWERDOWN]==0" description="PLL4 (Audio Fractional-N PLL) can be disabled by the {{CCM_ANALOG_PLL_AUDIO_POWERDOWN_CFG}} settings."/>
      <constraint relates_to="input" freq="24 MHz"/>
      <constraint min_freq="650 MHz" max_freq="1300 MHz"/>
      <fnpll_element id="div" name="DIV" description="Div value">
        <range min="27" max="54" default="28"/>
        <assigns>
          <assign register="PLL_AUDIO" bit_field="DIV_SELECT" value="PLL4.div"/>
        </assigns>
      </fnpll_element>
      <fnpll_element id="num" name="NUM" description="Numerator value">
        <range min="0" max="960000" default="1"/>
        <assigns>
          <assign register="PLL_AUDIO_NUM" bit_field="A" value="PLL4.num"/>
        </assigns>
      </fnpll_element>
      <fnpll_element id="denom" name="DENOM" description="Denominator value">
        <range min="0" max="960000" default="960000"/>
        <assigns>
          <assign register="PLL_AUDIO_DENOM" bit_field="B" value="PLL4.denom"/>
        </assigns>
      </fnpll_element>
      <fnpll_select_list>
        <list>
          <item value="1179.648 MHz" description="When divided by 48 it provides audio freq = 512 x 48kHz"/>
          <item value="1128.48 MHz" description="When divided by 50 it provides audio freq = 512 x 44.1 kHz"/>
        </list>
      </fnpll_select_list>
      <configuration_element id="CCM_ANALOG_PLL_AUDIO_POWERDOWN_CFG" name="PLL Power down" description="Power down the PLL4 device.">
        <default value="Yes"/>
        <item id="No" description="No">
          <assigns>
            <assign register="PLL_AUDIO" bit_field="POWERDOWN" value="0"/>
          </assigns>
        </item>
        <item id="Yes" description="Yes">
          <assigns>
            <assign register="PLL_AUDIO" bit_field="POWERDOWN" value="1"/>
          </assigns>
        </item>
      </configuration_element>
    </fnpll>
    <prescaler id="PLL4_POST_DIV" name="PLL4 post divider">
      <input signal="PLL4.clk"/>
      <value_map expr="PLL_AUDIO[POST_DIV_SELECT]">
        <divide expr="4" ctrl_value="0"/>
        <divide expr="2" ctrl_value="1"/>
        <divide expr="1" ctrl_value="2"/>
      </value_map>
    </prescaler>
    <clock_select id="PLL4_BYPASS" name="PLL4 bypass">
      <value_map expr="PLL_AUDIO[BYPASS]">
        <input ctrl_value="0" signal="PLL4_POST_DIV.clk" name="PLL4 (Audio) divided output"/>
        <input ctrl_value="1" signal="PLL4_BYPASS_CLK_SRC.clk" name="PLL4 Bypass clock selector output"/>
      </value_map>
      <constraint cond_expr="PLL_AUDIO[BYPASS]==1" when="PLL_AUDIO[POWERDOWN]==1" description="When the PLL4 is in the power down mode the PLL4 must be bypassed. Either disable the power down mode and set the PLL4 or bypass the PLL4 output by the PLL4 bypass clock selector."/>
    </clock_select>
    <clock_enable id="PLL4_ENABLE" name="PLL4 enable output">
      <input signal="PLL4_BYPASS.clk"/>
      <enable cond_expr="PLL_AUDIO[ENABLE] == 1" description="PLL4 can be enabled/disabled by the {{CCM_ANALOG_PLL_AUDIO_ENABLE_CFG}} settings."/>
      <configuration_element id="CCM_ANALOG_PLL_AUDIO_ENABLE_CFG" name="PLL4 (Audio) output" description="Enable/disable the PLL4 (Audio PLL) main output clock.">
        <default value="Enabled"/>
        <item id="Enabled" description="Enabled">
          <assigns>
            <assign register="PLL_AUDIO" bit_field="ENABLE" value="1"/>
          </assigns>
        </item>
        <item id="Disabled" description="Disabled">
          <assigns>
            <assign register="PLL_AUDIO" bit_field="ENABLE" value="0"/>
          </assigns>
        </item>
      </configuration_element>
    </clock_enable>
    <prescaler id="AUDIO_DIV" name="PLL4 post divider">
      <input signal="PLL4_ENABLE.clk"/>
      <value_map expr="{MISC2[AUDIO_DIV_MSB],MISC2[AUDIO_DIV_LSB]}">
        <divide expr="1" ctrl_value="0"/>
        <divide expr="2" ctrl_value="1"/>
        <divide expr="4" ctrl_value="3"/>
      </value_map>
    </prescaler>
    <map_output id="PLL4_MAIN_CLK">
      <input signal="AUDIO_DIV.clk"/>
    </map_output>
    <clock_select id="PLL6_BYPASS_CLK_SRC" name="PLL6 bypass clock selector">
      <value_map expr="PLL_ENET[BYPASS_CLK_SRC]">
        <input ctrl_value="0" signal="OSC_CLK_IN" name="24MHz OSC"/>
      </value_map>
    </clock_select>
    <pll id="PLL6" name="PLL6 (ENET PLL)" description="PLL6 - ENET PLL (integer type) for clocking of the ENET device. It is a fixed frequency multiplier to provide frequency 500 MHz.">
      <input signal="PLL6_BYPASS_CLK_SRC.clk"/>
      <enable cond_expr="PLL_ENET[POWERDOWN]==0" description="PLL6 (ENET PLL) can be disabled by the {{CCM_ANALOG_PLL_ENET_POWERDOWN_CFG}} settings."/>
      <prescaler id="PLL6_PREDIV" name="PREDIV" description="PLL Reference pre-divider (fixed).">
        <divide expr="6"/>
        <constraint relates_to="input" min_freq="24 MHz" max_freq="24 MHz" description="PLL reference clock must be 24 MHz"/>
      </prescaler>
      <prescaler id="PLL6_VDIV" name="VDIV" description="PLL VCO clock divider (multiplier)">
        <multiply expr="125"/>
        <constraint min_freq="500 MHz" max_freq="500 MHz" description="PLL output frequency must be 500 MHz."/>
      </prescaler>
      <configuration_element id="CCM_ANALOG_PLL_ENET_POWERDOWN_CFG" name="PLL Power down" description="Power down the PLL6 device.">
        <default value="No"/>
        <item id="No" description="No">
          <assigns>
            <assign register="PLL_ENET" bit_field="POWERDOWN" value="0"/>
          </assigns>
        </item>
        <item id="Yes" description="Yes">
          <assigns>
            <assign register="PLL_ENET" bit_field="POWERDOWN" value="1"/>
          </assigns>
        </item>
      </configuration_element>
    </pll>
    <clock_select id="PLL6_BYPASS" name="PLL6 bypass">
      <value_map expr="PLL_ENET[BYPASS]">
        <input ctrl_value="0" signal="PLL6.clk" name="PLL6 (ENET) output"/>
        <input ctrl_value="1" signal="PLL6_BYPASS_CLK_SRC.clk" name="PLL6 Bypass clock selector output"/>
      </value_map>
      <constraint cond_expr="PLL_ENET[BYPASS]==1" when="PLL_ENET[POWERDOWN]==1" description="When the PLL6 is in the power down mode the PLL6 must be bypassed. Either disable the power down mode and set the PLL6 or bypass the PLL6 output by the PLL6 bypass clock selector."/>
    </clock_select>
    <prescaler id="ENET_DIV" name="ENET 125 MHz divider" description="ENET 125 MHz divider that controls the frequency of the etherent reference clock. It provides 25 MHz, 50 MHz, 100MHz or 125 MHz output clock.">
      <input signal="PLL6_BYPASS.clk"/>
      <value_map expr="PLL_ENET[DIV_SELECT]">
        <divide expr="20" ctrl_value="0"/>
        <divide expr="10" ctrl_value="1"/>
        <divide expr="5" ctrl_value="2"/>
        <divide expr="4" ctrl_value="3"/>
      </value_map>
    </prescaler>
    <map_output id="ENET_125M_CLK">
      <input signal="ENET_DIV.clk"/>
      <enable cond_expr="PLL_ENET[ENABLE] == 1" description="ENET 125M output can be enabled/disabled by the {{CCM_ANALOG_PLL_ENET_ENABLE_CFG}} settings."/>
      <configuration_element id="CCM_ANALOG_PLL_ENET_ENABLE_CFG" name="ENET 125M output" description="Enable/disable the ENET 125M output clock.">
        <default value="Enabled"/>
        <item id="Enabled" description="Enabled">
          <assigns>
            <assign register="PLL_ENET" bit_field="ENABLE" value="1"/>
          </assigns>
        </item>
        <item id="Disabled" description="Disabled">
          <assigns>
            <assign register="PLL_ENET" bit_field="ENABLE" value="0"/>
          </assigns>
        </item>
      </configuration_element>
    </map_output>
    <prescaler id="ENET_25M_DIV" name="ENET 25 MHz reference divider" description="ENET 25 MHz reference output clock divider. It provides 25 MHz reference output clock for ethernet devices.">
      <input signal="PLL6_BYPASS.clk"/>
      <divide expr="20"/>
    </prescaler>
    <map_output id="ENET_25M_REF_CLK">
      <input signal="ENET_25M_DIV.clk"/>
      <enable cond_expr="PLL_ENET[ENET_25M_REF_EN] == 1" description="ENET 25M refernce output clock can be enabled/disabled by the {{CCM_ANALOG_PLL_ENET_ENET_25M_REF_EN_CFG}} settings."/>
      <configuration_element id="CCM_ANALOG_PLL_ENET_ENET_25M_REF_EN_CFG" name="ENET 25M refernce output" description="Enable/disable the ENET 25M reference output clock.">
        <default value="Enabled"/>
        <item id="Enabled" description="Enabled">
          <assigns>
            <assign register="PLL_ENET" bit_field="ENET_25M_REF_EN" value="1"/>
          </assigns>
        </item>
        <item id="Disabled" description="Disabled">
          <assigns>
            <assign register="PLL_ENET" bit_field="ENET_25M_REF_EN" value="0"/>
          </assigns>
        </item>
      </configuration_element>
    </map_output>
    <prescaler id="ENET_500M_DIV" name="ENET 500 MHz reference divider" description="ENET 500 MHz reference output clock divider. It provides 500 MHz reference output clock for ethernet devices.">
      <input signal="PLL6_BYPASS.clk"/>
      <divide expr="1"/>
    </prescaler>
    <map_output id="ENET_500M_REF_CLK">
      <input signal="ENET_500M_DIV.clk"/>
      <enable cond_expr="PLL_ENET[ENET_500M_REF_EN] == 1" description="ENET 500M refernce output clock can be enabled/disabled by the {{CCM_ANALOG_PLL_ENET_ENET_500M_REF_EN_CFG}} settings."/>
      <configuration_element id="CCM_ANALOG_PLL_ENET_ENET_500M_REF_EN_CFG" name="ENET 500M refernce output" description="Enable/disable the ENET 500M reference output clock.">
        <default value="Enabled"/>
        <item id="Enabled" description="Enabled">
          <assigns>
            <assign register="PLL_ENET" bit_field="ENET_500M_REF_EN" value="1"/>
          </assigns>
        </item>
        <item id="Disabled" description="Disabled">
          <assigns>
            <assign register="PLL_ENET" bit_field="ENET_500M_REF_EN" value="0"/>
          </assigns>
        </item>
      </configuration_element>
    </map_output>
    <map_output id="USBPHY1_CLK">
      <input signal="PLL3_BYPASS.clk"/>
      <enable cond_expr="PLL_USB1[EN_USB_CLKS] == 1" description="PLL7 can be enabled/disabled by the {{CCM_ANALOG_PLL_USB2_ENABLE_CFG}} settings."/>
      <configuration_element id="CCM_ANALOG_PLL_USB1_EN_USB_CLKS_OUT_CFG" name="USBPHY1 clock output" description="Enable/disable the PLL3 output for USBPHY1.">
        <default value="Disabled"/>
        <item id="Disabled" description="Disabled">
          <assigns>
            <assign register="PLL_USB1" bit_field="EN_USB_CLKS" value="0"/>
          </assigns>
        </item>
        <item id="Enabled" description="Enabled">
          <assigns>
            <assign register="PLL_USB1" bit_field="EN_USB_CLKS" value="1"/>
          </assigns>
        </item>
      </configuration_element>
    </map_output>
  </implementation>
</clocks:component>