<?xml version="1.0"?>
<clocks:component xmlns:clocks="http://apif.freescale.net/schemas/clocks/1.1" xmlns:xsi="http://www.w3.org/2001/XMLSchema-instance" xsi:schemaLocation="http://apif.freescale.net/schemas/clocks/1.1 http://apif.freescale.net/schemas/clocks/1.1/clocks.xsd" id="IOMUXC_GPR">
  <instance_header>
    <instance_description>Clock model for CCM Analog device (i.MX)</instance_description>
  </instance_header>
  <interface>
    <input_clock_signal id="PERCLK_CLK_ROOT_IN" name="PERCLK_CLK_ROOT" description="Peripheral root clock"/>
    <input_clock_signal id="CLK_1M_IN" name="Clock 1M input" description="1 MHz clock source"/>
    <input_clock_signal id="SAI1_CLK_ROOT_IN" name="SAI1_CLK_ROOT" description="SAI1 (Synchronous Audio Interface) root clock"/>
    <input_clock_signal id="SAI2_CLK_ROOT_IN" name="SAI2_CLK_ROOT" description="SAI2 (Synchronous Audio Interface) root clock"/>
    <input_clock_signal id="SAI3_CLK_ROOT_IN" name="SAI3_CLK_ROOT" description="SAI3 (Synchronous Audio Interface) root clock"/>
    <input_clock_signal id="SPDIF0_CLK_ROOT_IN" name="SPDIF0_CLK_ROOT" description="SPDIF0 (Sony/Philips Digital Interface) root clock "/>
    <input_clock_signal id="ENET_25M_REF_CLK_IN" name="ENET_25M_REF_CLK" description="ENET 25MHz REF clock."/>
    <output_clock_signal id="GPT1_ipg_clk_highfreq" name="GPT1 high frequency clock" description="GPT1 high frequency reference clock"/>
    <output_clock_signal id="GPT2_ipg_clk_highfreq" name="GPT2 high frequency clock" description="GPT2 high frequency reference clock"/>
    <output_clock_signal id="SAI1_MCLK1" name="SAI1 MCLK 1" description="SAI1 master clock 1"/>
    <output_clock_signal id="SAI1_MCLK2" name="SAI1 MCLK 2" description="SAI1 master clock 2"/>
    <output_clock_signal id="SAI1_MCLK3" name="SAI1 MCLK 3" description="SAI1 master clock 3"/>
    <output_clock_signal id="SAI2_MCLK1" name="SAI2 MCLK 1" description="SAI2 master clock 1"/>
    <output_clock_signal id="SAI2_MCLK2" name="SAI2 MCLK 2" description="SAI2 master clock 2"/>
    <output_clock_signal id="SAI2_MCLK3" name="SAI2 MCLK 3" description="SAI2 master clock 3"/>
    <output_clock_signal id="SAI3_MCLK1" name="SAI3 MCLK 1" description="SAI3 master clock 1"/>
    <output_clock_signal id="SAI3_MCLK2" name="SAI3 MCLK 2" description="SAI3 master clock 2"/>
    <output_clock_signal id="SAI3_MCLK3" name="SAI3 MCLK 3" description="SAI3 master clock 3"/>
    <output_clock_signal id="SPDIF0_EXTCLK_OUT" name="SPDIF0_EXTCLK" description="SPDIF0 external clock output"/>
    <output_clock_signal id="MQS_MCLK" name="MQS MCLK" description="MQS master clock"/>
    <output_clock_signal id="ENET1_TX_CLK" name="ENET_TX_CLK" description="ENET transmitter reference clock"/>
    <pin id="SAI1_MCLK" name="SAI1 Master clock input" description="SAI1 Master clock input" direction="in">
      <peripheral_signal_ref signal="SAI1.sai_mclk"/>
    </pin>
    <pin id="SAI2_MCLK" name="SAI2 Master clock input" description="SAI2 Master clock input" direction="in">
      <peripheral_signal_ref signal="SAI2.sai_mclk"/>
    </pin>
    <pin id="SAI3_MCLK" name="SAI3 Master clock input" description="SAI3 Master clock input" direction="in">
      <peripheral_signal_ref signal="SAI3.sai_mclk"/>
    </pin>
    <pin id="SPDIF_EXTCLK" name="SPDIF extenal clock input" description="SPDIF external reference clock input">
      <peripheral_signal_ref signal="SPDIF.spdif_ext_clk"/>
    </pin>
  </interface>
  <implementation>
    <clock_source id="SAI1_MCLK_EXT" name="SAI1 MCLK" description="SAI1 master clock">
      <external_source>
        <pin id="SAI1_MCLK"/>
        <range min_freq="1 Hz" max_freq="66 MHz"/>
      </external_source>
    </clock_source>
    <clock_source id="SAI2_MCLK_EXT" name="SAI2 MCLK" description="SAI1 master clock">
      <external_source>
        <pin id="SAI2_MCLK"/>
        <range min_freq="1 Hz" max_freq="66 MHz"/>
      </external_source>
    </clock_source>
    <clock_source id="SAI3_MCLK_EXT" name="SAI3 MCLK" description="SAI1 master clock">
      <external_source>
        <pin id="SAI3_MCLK"/>
        <range min_freq="1 Hz" max_freq="66 MHz"/>
      </external_source>
    </clock_source>
    <clock_source id="SPDIF_CLK_EXT" name="SPDIF_CLK_EXT" description="SPDIF external reference clock source.">
      <external_source>
        <pin id="SPDIF_EXTCLK"/>
        <range min_freq="1 Hz" max_freq="66 MHz"/>
      </external_source>
    </clock_source>
    <clock_source id="SPDIF_SRCLK" name="SPDIF_SRCLK" description="SPDIF source clock">
      <internal_source>
        <trimmed default_freq="1 MHz">
          <range min_freq="1 Hz" max_freq="66 MHz"/>
        </trimmed>
      </internal_source>
    </clock_source>
    <clock_source id="SPDIF_OUTCLK" name="SPDIF_OUTCLK" description="SPDIF output clock">
      <internal_source>
        <trimmed default_freq="1 MHz">
          <range min_freq="1 Hz" max_freq="66 MHz"/>
        </trimmed>
      </internal_source>
    </clock_source>
    <clock_select id="SAI1_MCLK1_SEL" name="SAI1 MCLK1 clock selector" description="SAI1 master clock input 1 clock selector.">
      <value_map expr="GPR1[SAI1_MCLK1_SEL]">
        <input ctrl_value="0" signal="SAI1_CLK_ROOT_IN" name="SAI1_CLK_ROOT" description="SAI1 peripheral clock"/>
        <input ctrl_value="1" signal="SAI2_CLK_ROOT_IN" name="SAI2_CLK_ROOT" description="SAI2 peripheral clock"/>
        <input ctrl_value="2" signal="SAI3_CLK_ROOT_IN" name="SAI3_CLK_ROOT" description="SAI3 peripheral clock"/>
        <input ctrl_value="3" signal="SAI1_MCLK_EXT.clk" name="SAI1_MCLK" description="SAI1 master clock input"/>
        <input ctrl_value="4" signal="SAI2_MCLK_EXT.clk" name="SAI2_MCLK" description="SAI2 master clock input"/>
        <input ctrl_value="5" signal="SAI3_MCLK_EXT.clk" name="SAI3_MCLK" description="SAI3 master clock input"/>
      </value_map>
    </clock_select>
    <clock_select id="SAI1_MCLK2_SEL" name="SAI1 MCLK2 clock selector" description="SAI1 master clock input 2 clock selector.">
      <value_map expr="GPR1[SAI1_MCLK2_SEL]">
        <input ctrl_value="0" signal="SAI1_CLK_ROOT_IN" name="SAI1_CLK_ROOT" description="SAI1 peripheral clock"/>
        <input ctrl_value="1" signal="SAI2_CLK_ROOT_IN" name="SAI2_CLK_ROOT" description="SAI2 peripheral clock"/>
        <input ctrl_value="2" signal="SAI3_CLK_ROOT_IN" name="SAI3_CLK_ROOT" description="SAI3 peripheral clock"/>
        <input ctrl_value="3" signal="SAI1_MCLK_EXT.clk" name="SAI1_MCLK" description="SAI1 master clock input"/>
        <input ctrl_value="4" signal="SAI2_MCLK_EXT.clk" name="SAI2_MCLK" description="SAI2 master clock input"/>
        <input ctrl_value="5" signal="SAI3_MCLK_EXT.clk" name="SAI3_MCLK" description="SAI3 master clock input"/>
      </value_map>
    </clock_select>
    <clock_select id="SAI1_MCLK3_SEL" name="SAI1 MCLK3 clock selector" description="SAI1 master clock input 3 clock selector.">
      <value_map expr="GPR1[SAI1_MCLK3_SEL]">
        <input ctrl_value="0" signal="SPDIF0_CLK_ROOT_IN" name="SPDIF0_CLK_ROOT" description="SPDIF0 peripheral clock"/>
        <input ctrl_value="1" signal="SPDIF_CLK_EXT.clk" name="SPDIF_EXTCLK" description="SPDIF external reference clock"/>
        <input ctrl_value="2" signal="SPDIF_SRCLK.clk" name="SPDIF_SRCLK" description="SPDIF source clock"/>
        <input ctrl_value="3" signal="SPDIF_OUTCLK.clk" name="SPDIF_OUTCLK" description="SPDIF output clock"/>
      </value_map>
    </clock_select>
    <map_output id="SAI1_MCLK1">
      <input signal="SAI1_MCLK1_SEL.clk"/>
    </map_output>
    <map_output id="SAI1_MCLK2">
      <input signal="SAI1_MCLK2_SEL.clk"/>
    </map_output>
    <map_output id="SAI1_MCLK3">
      <input signal="SAI1_MCLK3_SEL.clk"/>
    </map_output>
    <clock_select id="SAI2_MCLK3_SEL" name="SAI2 MCLK3 clock selector" description="SAI2 master clock input 3 clock selector.">
      <value_map expr="GPR1[SAI2_MCLK3_SEL]">
        <input ctrl_value="0" signal="SPDIF0_CLK_ROOT_IN" name="SPDIF0_CLK_ROOT" description="SPDIF0 peripheral clock"/>
        <input ctrl_value="1" signal="SPDIF_CLK_EXT.clk" name="SPDIF_EXTCLK" description="SPDIF external reference clock"/>
        <input ctrl_value="2" signal="SPDIF_SRCLK.clk" name="SPDIF_SRCLK" description="SPDIF source clock"/>
        <input ctrl_value="3" signal="SPDIF_OUTCLK.clk" name="SPDIF_OUTCLK" description="SPDIF output clock"/>
      </value_map>
    </clock_select>
    <map_output id="SAI2_MCLK1">
      <input signal="SAI2_CLK_ROOT_IN"/>
    </map_output>
    <map_output id="SAI2_MCLK2">
      <input signal="SAI2_MCLK_EXT.clk"/>
    </map_output>
    <map_output id="SAI2_MCLK3">
      <input signal="SAI2_MCLK3_SEL.clk"/>
    </map_output>
    <clock_select id="SAI3_MCLK3_SEL" name="SAI3 MCLK3 clock selector" description="SAI3 master clock input 3 clock selector.">
      <value_map expr="GPR1[SAI3_MCLK3_SEL]">
        <input ctrl_value="0" signal="SPDIF0_CLK_ROOT_IN" name="SPDIF0_CLK_ROOT" description="SPDIF0 peripheral clock"/>
        <input ctrl_value="1" signal="SPDIF_CLK_EXT.clk" name="SPDIF_EXTCLK" description="SPDIF external reference clock"/>
        <input ctrl_value="2" signal="SPDIF_SRCLK.clk" name="SPDIF_SRCLK" description="SPDIF source clock"/>
        <input ctrl_value="3" signal="SPDIF_OUTCLK.clk" name="SPDIF_OUTCLK" description="SPDIF output clock"/>
      </value_map>
    </clock_select>
    <map_output id="SAI3_MCLK1">
      <input signal="SAI3_CLK_ROOT_IN"/>
    </map_output>
    <map_output id="SAI3_MCLK2">
      <input signal="SAI3_MCLK_EXT.clk"/>
    </map_output>
    <map_output id="SAI3_MCLK3">
      <input signal="SAI3_MCLK3_SEL.clk"/>
    </map_output>
    <prescaler id="MQS_CLK_DIV" name="MQS MCLK divider " description="MQS master clock divider">
      <input signal="SAI3_CLK_ROOT_IN"/>
      <divide expr="GPR2[MQS_CLK_DIV]+1"/>
    </prescaler>
    <map_output id="MQS_MCLK">
      <input signal="MQS_CLK_DIV.clk"/>
      <configuration_element id="IOMUXC_GPR_GPR2_MQS_OVERSAMPLE" name="MQS oversample rate" description="Select MQS oversample rate 32 or 64.">
        <default value="OverSampleRate32"/>
        <item id="OverSampleRate64" description="64">
          <assigns>
            <assign register="GPR2" bit_field="MQS_OVERSAMPLE" value="1"/>
          </assigns>
        </item>
        <item id="OverSampleRate32" description="32">
          <assigns>
            <assign register="GPR2" bit_field="MQS_OVERSAMPLE" value="0"/>
          </assigns>
        </item>
      </configuration_element>
    </map_output>
    <map_output id="ENET1_TX_CLK">
      <input signal="ENET_25M_REF_CLK_IN"/>
      <enable cond_expr="GPR1[ENET_TX_CLK_SEL] == 1" description="The ENET_TX_CLK output can be enabled/disabled by using {{GPR1_ENET_TX_CLK_SEL_CFG}} settings."/>
      <configuration_element id="GPR1_ENET_TX_CLK_SEL_CFG" name="Enable ENET_TX_CLK" description="Enable/disable the ENET_TX_CLK output.">
        <default value="Enabled"/>
        <item id="Enabled" description="Enabled">
          <assigns>
            <assign register="GPR1" bit_field="ENET_TX_CLK_SEL" value="1"/>
          </assigns>
        </item>
        <item id="Disabled" description="Disabled">
          <assigns>
            <assign register="GPR1" bit_field="ENET_TX_CLK_SEL" value="0"/>
          </assigns>
        </item>
      </configuration_element>
    </map_output>
    <clock_select id="VREF_1M_CLK_GPT1_SEL" name="GPT1 1MHz clock select" description="High frequency reference clock selector of the GPT1.">
      <value_map expr="GPR5[VREF_1M_CLK_GPT1]">
        <input ctrl_value="0" signal="PERCLK_CLK_ROOT_IN" name="PERCLK_CLK_ROOT" description="Peripheral root clock"/>
        <input ctrl_value="1" signal="CLK_1M_IN" name="CLK_1M" description="Clock 1MHz"/>
      </value_map>
    </clock_select>
    <map_output id="GPT1_ipg_clk_highfreq">
      <input signal="VREF_1M_CLK_GPT1_SEL.clk"/>
    </map_output>
    <clock_select id="VREF_1M_CLK_GPT2_SEL" name="GPT2 1MHz clock select" description="High frequency reference clock selector of the GPT2.">
      <value_map expr="GPR5[VREF_1M_CLK_GPT2]">
        <input ctrl_value="0" signal="PERCLK_CLK_ROOT_IN" name="PERCLK_CLK_ROOT" description="Peripheral root clock"/>
        <input ctrl_value="1" signal="CLK_1M_IN" name="CLK_1M" description="Clock 1MHz"/>
      </value_map>
    </clock_select>
    <map_output id="GPT2_ipg_clk_highfreq">
      <input signal="VREF_1M_CLK_GPT2_SEL.clk"/>
    </map_output>
    <map_output id="SPDIF0_EXTCLK_OUT">
      <input signal="SPDIF_CLK_EXT.clk"/>
    </map_output>
  </implementation>
</clocks:component>