<?xml version="1.0"?>
<clocks:top_level xmlns:clocks="http://apif.freescale.net/schemas/clocks/1.1" xmlns:xsi="http://www.w3.org/2001/XMLSchema-instance" xsi:schemaLocation="http://apif.freescale.net/schemas/clocks/1.1 http://apif.freescale.net/schemas/clocks/1.1/clocks.xsd">
  <diagram file="CLOCKS_DIAGRAM.dsn"/>
  <power_modes file="POWER_MODES.xml"/>
  <component id="imx_rt_top_level">
    <instance_header>
      <instance_description>Clock model for the CCM/CCM_ANALOG module (parameterized, shared accross all i.MX RT parts)</instance_description>
    </instance_header>
    <interface>
      <output_clock_signal id="AHB_CLK_ROOT" name="AHB_CLK_ROOT" description="AHB (Advanced High-performance Bus) root clock" group="system"/>
      <output_clock_signal id="IPG_CLK_ROOT" name="IPG_CLK_ROOT" description="IPG (IP Global) root clock" group="system"/>
      <output_clock_signal id="SEMC_CLK_ROOT" name="SEMC_CLK_ROOT" description="SEMC (Smart External Memory Controller) root clock" group="peripheral"/>
      <output_clock_signal id="PERCLK_CLK_ROOT" name="PERCLK_CLK_ROOT" description="Peripheral root clock" group="peripheral"/>
      <output_clock_signal id="USDHC1_CLK_ROOT" name="USDHC1_CLK_ROOT" description="USDHC1 (Ultra Secured Digital Host Controller) root clock" group="peripheral"/>
      <output_clock_signal id="USDHC2_CLK_ROOT" name="USDHC2_CLK_ROOT" description="USDHC2 (Ultra Secured Digital Host Controller) root clock" group="peripheral"/>
      <output_clock_signal id="FLEXSPI_CLK_ROOT" name="FLEXSPI_CLK_ROOT" description="FlexSPI (Flexible SPI) root clock" group="peripheral"/>
      <output_clock_signal id="SPDIF0_CLK_ROOT" name="SPDIF0_CLK_ROOT" description="SPDIF0 (Sony/Philips Digital Interface) root clock" group="peripheral"/>
      <output_clock_signal id="FLEXIO1_CLK_ROOT" name="FLEXIO1_CLK_ROOT" description="FlexIO1 (Flexible Input/Output) root clock" group="peripheral"/>
      <output_clock_signal id="SAI1_CLK_ROOT" name="SAI1_CLK_ROOT" description="SAI1 (Synchronous Audio Interface) root clock" group="peripheral"/>
      <output_clock_signal id="SAI2_CLK_ROOT" name="SAI2_CLK_ROOT" description="SAI2 (Synchronous Audio Interface) root clock" group="peripheral"/>
      <output_clock_signal id="SAI3_CLK_ROOT" name="SAI3_CLK_ROOT" description="SAI3 (Synchronous Audio Interface) root clock" group="peripheral"/>
      <output_clock_signal id="LPI2C_CLK_ROOT" name="LPI2C_CLK_ROOT" description="LPI2C (Low Power Inter-Integrated Circuit) root clock" group="peripheral"/>
      <output_clock_signal id="CAN_CLK_ROOT" name="CAN_CLK_ROOT" description="CAN (Controller Area Network) root clock" group="peripheral"/>
      <output_clock_signal id="UART_CLK_ROOT" name="UART_CLK_ROOT" description="UART (Universal Asynchronous Receiver/Transmitter) root clock" group="peripheral"/>
      <output_clock_signal id="LPSPI_CLK_ROOT" name="LPSPI_CLK_ROOT" description="LPSPI (Low Power Serial Peripheral Interface) root clock" group="peripheral"/>
      <output_clock_signal id="TRACE_CLK_ROOT" name="TRACE_CLK_ROOT" description="TRACE (Trace port interface) root clock" group="peripheral"/>
      <output_clock_signal id="CKIL_SYNC_CLK_ROOT" name="CKIL_SYNC_CLK_ROOT" description="CKIL (External Low Frequency Clock) root clock" group="peripheral"/>
      <output_clock_signal id="CLK_1M" name="Clock 1M output" group="peripheral"/>
      <output_clock_signal id="CLK_24M" name="Clock 24MHz output" group="peripheral"/>
      <output_clock_signal id="CLKO1_CLK" name="CLKO1_CLK" description="Clock output 1" group="output"/>
      <output_clock_signal id="CLKO2_CLK" name="CLKO2_CLK" description="Clock output 2" group="output"/>
      <output_clock_signal id="ENET_125M_CLK" name="ENET_125M_CLK" description="ENET 125MHz output clock (25/50/100/125 MHz)." group="peripheral"/>
      <output_clock_signal id="ENET_25M_REF_CLK" name="ENET_25M_REF_CLK" description="ENET 25MHz reference output clock." group="peripheral"/>
      <output_clock_signal id="ENET_500M_REF_CLK" name="ENET_500M_CLK" description="ENET 500MHz reference output clock." group="peripheral"/>
      <output_clock_signal id="USBPHY1_CLK" name="USBPHY1 PLL clock" description="USBPHY1 output clocks 480MHz." group="peripheral"/>
      <output_clock_signal id="GPT1_ipg_clk_highfreq" name="GPT1 high frequency clock" description="GPT1 high frequency reference clock" group="peripheral"/>
      <output_clock_signal id="GPT2_ipg_clk_highfreq" name="GPT2 high frequency clock" description="GPT2 high frequency reference clock" group="peripheral"/>
      <output_clock_signal id="SAI1_MCLK1" name="SAI1 MCLK 1" description="SAI1 master clock 1" group="peripheral"/>
      <output_clock_signal id="SAI1_MCLK2" name="SAI1 MCLK 2" description="SAI1 master clock 2" group="peripheral"/>
      <output_clock_signal id="SAI1_MCLK3" name="SAI1 MCLK 3" description="SAI1 master clock 3" group="peripheral"/>
      <output_clock_signal id="SAI2_MCLK1" name="SAI2 MCLK 1" description="SAI2 master clock 1" group="peripheral"/>
      <output_clock_signal id="SAI2_MCLK2" name="SAI2 MCLK 2" description="SAI2 master clock 2" group="peripheral"/>
      <output_clock_signal id="SAI2_MCLK3" name="SAI2 MCLK 3" description="SAI2 master clock 3" group="peripheral"/>
      <output_clock_signal id="SAI3_MCLK1" name="SAI3 MCLK 1" description="SAI3 master clock 1" group="peripheral"/>
      <output_clock_signal id="SAI3_MCLK2" name="SAI3 MCLK 2" description="SAI3 master clock 2" group="peripheral"/>
      <output_clock_signal id="SAI3_MCLK3" name="SAI3 MCLK 3" description="SAI3 master clock 3" group="peripheral"/>
      <output_clock_signal id="SPDIF0_EXTCLK_OUT" name="SPDIF0_EXTCLK" description="SPDIF0 external clock output" group="peripheral"/>
      <output_clock_signal id="MQS_MCLK" name="MQS MCLK" description="MQS master clock" group="peripheral"/>
      <output_clock_signal id="ENET1_TX_CLK" name="ENET_TX_CLK" description="ENET transmitter reference clock" group="peripheral"/>
    </interface>
    <implementation>
      <component_instance id="XTALOSC24M" name="XTALOSC24M Oscillator" component="XTALOSC24M" peripheral="XTALOSC24M" file="XTALOSC24M.xml">
        <signal_map/>
      </component_instance>
      <component_instance id="CCM_ANALOG" name="CCM_ANALOG" component="CCM_ANALOG" peripheral="CCM_ANALOG" file="CCM_ANALOG.xml">
        <signal_map>
          <input signal="XTALOSC24M.OSC_CLK" component_signal="OSC_CLK_IN"/>
        </signal_map>
      </component_instance>
      <component_instance id="CCM" name="CCM" component="CCM" peripheral="CCM" file="CCM.xml">
        <signal_map>
          <input signal="XTALOSC24M.OSC_CLK" component_signal="OSC_CLK_IN"/>
          <input signal="XTALOSC24M.RTC_OSC_CLK" component_signal="RTC_OSC_CLK_IN"/>
          <input signal="CCM_ANALOG.PLL2_MAIN_CLK" component_signal="PLL2_MAIN_CLK_IN"/>
          <input signal="CCM_ANALOG.PLL2_PFD0_CLK" component_signal="PLL2_PFD0_CLK_IN"/>
          <input signal="CCM_ANALOG.PLL2_PFD1_CLK" component_signal="PLL2_PFD1_CLK_IN"/>
          <input signal="CCM_ANALOG.PLL2_PFD2_CLK" component_signal="PLL2_PFD2_CLK_IN"/>
          <input signal="CCM_ANALOG.PLL2_PFD3_CLK" component_signal="PLL2_PFD3_CLK_IN"/>
          <input signal="CCM_ANALOG.PLL2_BYPASS_CLK" component_signal="PLL2_BYPASS_CLK_IN"/>
          <input signal="CCM_ANALOG.PLL3_MAIN_CLK" component_signal="PLL3_MAIN_CLK_IN"/>
          <input signal="CCM_ANALOG.PLL3_PFD0_CLK" component_signal="PLL3_PFD0_CLK_IN"/>
          <input signal="CCM_ANALOG.PLL3_PFD1_CLK" component_signal="PLL3_PFD1_CLK_IN"/>
          <input signal="CCM_ANALOG.PLL3_PFD2_CLK" component_signal="PLL3_PFD2_CLK_IN"/>
          <input signal="CCM_ANALOG.PLL3_PFD3_CLK" component_signal="PLL3_PFD3_CLK_IN"/>
          <input signal="CCM_ANALOG.PLL3_BYPASS_CLK" component_signal="PLL3_BYPASS_CLK_IN"/>
          <input signal="CCM_ANALOG.PLL4_MAIN_CLK" component_signal="PLL4_MAIN_CLK_IN"/>
          <input signal="CCM_ANALOG.ENET_500M_REF_CLK" component_signal="ENET_500M_REF_CLK_IN"/>
        </signal_map>
      </component_instance>
      <component_instance id="IOMUXC_GPR" name="IOMUXC_GPR" component="IOMUXC_GPR" peripheral="IOMUXC_GPR" file="IOMUXC_GPR.xml">
        <signal_map>
          <input signal="CCM.PERCLK_CLK_ROOT" component_signal="PERCLK_CLK_ROOT_IN"/>
          <input signal="XTALOSC24M.CLK_1M" component_signal="CLK_1M_IN"/>
          <input signal="CCM.SAI1_CLK_ROOT" component_signal="SAI1_CLK_ROOT_IN"/>
          <input signal="CCM.SAI2_CLK_ROOT" component_signal="SAI2_CLK_ROOT_IN"/>
          <input signal="CCM.SAI3_CLK_ROOT" component_signal="SAI3_CLK_ROOT_IN"/>
          <input signal="CCM.SPDIF0_CLK_ROOT" component_signal="SPDIF0_CLK_ROOT_IN"/>
          <input signal="CCM_ANALOG.ENET_125M_CLK" component_signal="ENET_125M_CLK_IN"/>
          <input signal="CCM_ANALOG.ENET_25M_REF_CLK" component_signal="ENET_25M_REF_CLK_IN"/>
        </signal_map>
      </component_instance>
      <map_output id="AHB_CLK_ROOT">
        <input signal="CCM.AHB_CLK_ROOT"/>
        <constraint min_freq="1 Hz" max_freq="500 MHz"/>
      </map_output>
      <map_output id="IPG_CLK_ROOT">
        <input signal="CCM.IPG_CLK_ROOT"/>
        <constraint min_freq="1 Hz" max_freq="150 MHz"/>
      </map_output>
      <map_output id="SEMC_CLK_ROOT">
        <input signal="CCM.SEMC_CLK_ROOT"/>
        <constraint max_freq="166 MHz"/>
      </map_output>
      <map_output id="PERCLK_CLK_ROOT">
        <input signal="CCM.PERCLK_CLK_ROOT"/>
        <constraint max_freq="75 MHz"/>
      </map_output>
      <map_output id="USDHC1_CLK_ROOT">
        <input signal="CCM.USDHC1_CLK_ROOT"/>
        <constraint max_freq=" 200 MHz"/>
      </map_output>
      <map_output id="USDHC2_CLK_ROOT">
        <input signal="CCM.USDHC2_CLK_ROOT"/>
        <constraint max_freq=" 200 MHz"/>
      </map_output>
      <map_output id="FLEXSPI_CLK_ROOT">
        <input signal="CCM.FLEXSPI_CLK_ROOT"/>
        <constraint max_freq="332 MHz"/>
      </map_output>
      <map_output id="SPDIF0_CLK_ROOT">
        <input signal="CCM.SPDIF0_CLK_ROOT"/>
        <constraint max_freq="66 MHz"/>
      </map_output>
      <map_output id="FLEXIO1_CLK_ROOT">
        <input signal="CCM.FLEXIO1_CLK_ROOT"/>
        <constraint max_freq="120 MHz"/>
      </map_output>
      <map_output id="SAI1_CLK_ROOT">
        <input signal="CCM.SAI1_CLK_ROOT"/>
        <constraint max_freq="66 MHz"/>
      </map_output>
      <map_output id="SAI2_CLK_ROOT">
        <input signal="CCM.SAI2_CLK_ROOT"/>
        <constraint max_freq="66 MHz"/>
      </map_output>
      <map_output id="SAI3_CLK_ROOT">
        <input signal="CCM.SAI3_CLK_ROOT"/>
        <constraint max_freq="66 MHz"/>
      </map_output>
      <map_output id="LPI2C_CLK_ROOT">
        <input signal="CCM.LPI2C_CLK_ROOT"/>
        <constraint max_freq="66 MHz"/>
      </map_output>
      <map_output id="CAN_CLK_ROOT">
        <input signal="CCM.CAN_CLK_ROOT"/>
        <constraint max_freq="80 MHz"/>
      </map_output>
      <map_output id="UART_CLK_ROOT">
        <input signal="CCM.UART_CLK_ROOT"/>
        <constraint max_freq="80 MHz"/>
      </map_output>
      <map_output id="LPSPI_CLK_ROOT">
        <input signal="CCM.LPSPI_CLK_ROOT"/>
        <constraint max_freq="132 MHz"/>
      </map_output>
      <map_output id="TRACE_CLK_ROOT">
        <input signal="CCM.TRACE_CLK_ROOT"/>
        <constraint max_freq="150 MHz"/>
      </map_output>
      <map_output id="CKIL_SYNC_CLK_ROOT">
        <input signal="CCM.CKIL_SYNC_CLK_ROOT"/>
      </map_output>
      <map_output id="CLK_1M">
        <input signal="XTALOSC24M.CLK_1M"/>
      </map_output>
      <map_output id="CLK_24M">
        <input signal="XTALOSC24M.OSC_CLK"/>
      </map_output>
      <map_output id="CLKO1_CLK">
        <input signal="CCM.CLKO1_CLK"/>
      </map_output>
      <map_output id="CLKO2_CLK">
        <input signal="CCM.CLKO2_CLK"/>
      </map_output>
      <map_output id="ENET_125M_CLK">
        <input signal="CCM_ANALOG.ENET_125M_CLK"/>
      </map_output>
      <map_output id="ENET_25M_REF_CLK">
        <input signal="CCM_ANALOG.ENET_25M_REF_CLK"/>
      </map_output>
      <map_output id="ENET_500M_REF_CLK">
        <input signal="CCM_ANALOG.ENET_500M_REF_CLK"/>
      </map_output>
      <map_output id="GPT1_ipg_clk_highfreq">
        <input signal="IOMUXC_GPR.GPT1_ipg_clk_highfreq"/>
      </map_output>
      <map_output id="GPT2_ipg_clk_highfreq">
        <input signal="IOMUXC_GPR.GPT2_ipg_clk_highfreq"/>
      </map_output>
      <map_output id="SAI1_MCLK1">
        <input signal="IOMUXC_GPR.SAI1_MCLK1"/>
      </map_output>
      <map_output id="SAI1_MCLK2">
        <input signal="IOMUXC_GPR.SAI1_MCLK2"/>
      </map_output>
      <map_output id="SAI1_MCLK3">
        <input signal="IOMUXC_GPR.SAI1_MCLK3"/>
      </map_output>
      <map_output id="SAI2_MCLK1">
        <input signal="IOMUXC_GPR.SAI2_MCLK1"/>
      </map_output>
      <map_output id="SAI2_MCLK2">
        <input signal="IOMUXC_GPR.SAI2_MCLK2"/>
      </map_output>
      <map_output id="SAI2_MCLK3">
        <input signal="IOMUXC_GPR.SAI2_MCLK3"/>
      </map_output>
      <map_output id="SAI3_MCLK1">
        <input signal="IOMUXC_GPR.SAI3_MCLK1"/>
      </map_output>
      <map_output id="SAI3_MCLK2">
        <input signal="IOMUXC_GPR.SAI3_MCLK2"/>
      </map_output>
      <map_output id="SAI3_MCLK3">
        <input signal="IOMUXC_GPR.SAI3_MCLK3"/>
      </map_output>
      <map_output id="SPDIF0_EXTCLK_OUT">
        <input signal="IOMUXC_GPR.SPDIF0_EXTCLK_OUT"/>
      </map_output>
      <map_output id="MQS_MCLK">
        <input signal="IOMUXC_GPR.MQS_MCLK"/>
      </map_output>
      <map_output id="ENET1_TX_CLK">
        <input signal="IOMUXC_GPR.ENET1_TX_CLK"/>
      </map_output>
      <map_output id="USBPHY1_CLK">
        <input signal="CCM_ANALOG.USBPHY1_CLK"/>
      </map_output>
    </implementation>
  </component>
</clocks:top_level>