<?xml version="1.0"?>
<clocks:component xmlns:clocks="http://apif.freescale.net/schemas/clocks/1.1" xmlns:xsi="http://www.w3.org/2001/XMLSchema-instance" xsi:schemaLocation="http://apif.freescale.net/schemas/clocks/1.1 http://apif.freescale.net/schemas/clocks/1.1/clocks.xsd" id="XTALOSC24M">
  <instance_header>
    <instance_description>Clock model for the RTC 32kHz module oscillator (parameterized, shared accross all Kinetis parts)</instance_description>
  </instance_header>
  <interface>
    <output_clock_signal id="OSC_CLK" name="OSC 24MHz clock output"/>
    <output_clock_signal id="RTC_OSC_CLK" name="RTC OSC 32kHz clock output"/>
    <output_clock_signal id="CLK_1M" name="Clock 1M output"/>
    <pin id="XTALI" name="XTALI" description="XTAL input (24MHz)" direction="in">
      <peripheral_signal_ref signal="xtali"/>
    </pin>
    <pin id="XTALO" name="XTALO" description="XTAL output (24MHz)" direction="out">
      <peripheral_signal_ref signal="xtalo"/>
    </pin>
    <pin id="RTC_XTALI" name="RTC_XTALI" description="RTC XTAL input (32kHz)" direction="in">
      <peripheral_signal_ref signal="rtc_xtali"/>
    </pin>
    <pin id="RTC_XTALO" name="RTC_XTALO" description="RTC XTAL output (32kHz)" direction="out">
      <peripheral_signal_ref signal="rtc_xtalo"/>
    </pin>
  </interface>
  <implementation>
    <clock_source id="RTC_OSC" name="RTC Oscillator" description="RTC 32kHz oscillator">
      <external_source default_freq="32768 Hz">
        <pin id="RTC_XTALI">
          <enable cond_expr="RTC_OSC_Config != `InternalRC`" description="RTC_XTALI input is not used when internal 32kHz oscillator is used."/>
        </pin>
        <pin id="RTC_XTALO">
          <enable cond_expr="RTC_OSC_Config != `InternalRC`" description="RTC_XTALO output is not used when internal 32kHz oscillator is used."/>
        </pin>
        <range min_freq="32 kHz" max_freq="32768 Hz"/>
      </external_source>
      <configuration_element id="RTC_OSC_Config" name="RTC OSC mode" description="Selection of the crystal oscillator or external reference clock.">
        <default value="Crystal"/>
        <item id="Crystal" description="External crystal 32kHz">
          <long_description>External crystal 32kHz/32.768 kHz.</long_description>
          <assigns>
            <assign register="MISC0" bit_field="RTC_XTAL_SOURCE" value="1"/>
          </assigns>
        </item>
        <item id="External_clock" description="External reference clock">
          <long_description>External reference clock 32kHz/32.768kHz.</long_description>
          <assigns>
            <assign register="MISC0" bit_field="RTC_XTAL_SOURCE" value="1"/>
          </assigns>
        </item>
        <item id="InternalRC" description="Internal Oscillator">
          <long_description>External crystal (or external reference clock) is disconnected. Internal ring oscillator 32.768 kHz is automatically muxed and used as the RTC reference clock (lower precision).</long_description>
          <assigns>
            <assign register="MISC0" bit_field="RTC_XTAL_SOURCE" value="0"/>
          </assigns>
        </item>
      </configuration_element>
    </clock_source>
    <clock_source id="OSC" name="24MHz clock source" description="24MHz clock source (external oscillator or internal RC oscillator)">
      <external_source default_freq="24 MHz" default_connected="true">
        <pin id="XTALI">
          <enable cond_expr="LOWPWR_CTRL[OSC_SEL] == 0"/>
        </pin>
        <pin id="XTALO">
          <enable cond_expr="LOWPWR_CTRL[OSC_SEL] == 0"/>
        </pin>
        <range min_freq="24 MHz" max_freq="24 MHz"/>
      </external_source>
      <enable cond_expr="CCM::CCR[COSC_EN] == 1" description="The on chip oscillator can be disabled by {{CCM_CCR_COSC_EN_CFG}} seetings in the CCM device."/>
      <constraint cond_expr="LOWPWR_CTRL[RC_OSC_EN]==1" when="LOWPWR_CTRL[OSC_SEL]==1" description="When the internal RC oscillator is selected as the clock source 24 MHz it must be enabled, see the {{XTALOSC24M_LOWPWR_CTRL_OSC_SEL_CFG}} settings."/>
      <constraint cond_expr="MISC0[XTAL_24M_PWD]==0" when="LOWPWR_CTRL[OSC_SEL]==0" description="When the External crystal 24 MHz or External reference clock 24 MHz is used (see the {{XTALOSC24M_LOWPWR_CTRL_OSC_SEL_CFG}} settings) the power down mode must be disabled, see the {{XTALOSC24M_MISC0_XTAL_24M_PWD_CFG}} settings."/>
      <configuration_element id="XTALOSC24M_MISC0_XTAL_24M_PWD_CFG" name="Power down mode" description="When the power down mode is enabled the OSC 24 MHz oscillator module is disabled (Internal RC 24 MHz can be used only; for low power modes).">
        <default value="Disabled"/>
        <item id="Disabled" description="Disabled">
          <long_description>Power down mode is disabled.</long_description>
          <assigns>
            <assign register="MISC0" bit_field="XTAL_24M_PWD" value="0"/>
          </assigns>
        </item>
        <item id="Enabled" description="Enabled">
          <long_description>Power down mode is enabled.</long_description>
          <assigns>
            <assign register="MISC0" bit_field="XTAL_24M_PWD" value="1"/>
          </assigns>
        </item>
      </configuration_element>
      <configuration_element id="XTALOSC24M_LOWPWR_CTRL_OSC_SEL_CFG" name="OSC mode" description="Selection of the crystal oscillator, external reference clock or internal RC oscillator.">
        <default value="Crystal"/>
        <item id="Crystal" description="External crystal 24 MHz">
          <long_description>External crystal 24 MHz.</long_description>
          <assigns>
            <assign register="LOWPWR_CTRL" bit_field="OSC_SEL" value="0"/>
          </assigns>
        </item>
        <item id="External_clock" description="External reference clock 24 MHz">
          <long_description>External reference clock 24 MHz.</long_description>
          <assigns>
            <assign register="LOWPWR_CTRL" bit_field="OSC_SEL" value="0"/>
          </assigns>
        </item>
        <item id="Internal_RC_clock" description="Internal RC oscillator">
          <long_description>Internal RC oscillator 24 MHz.</long_description>
          <assigns>
            <assign register="LOWPWR_CTRL" bit_field="OSC_SEL" value="1"/>
          </assigns>
        </item>
      </configuration_element>
      <configuration_element id="XTALOSC24M_LOWPWR_CTRL_RC_OSC_EN_CFG" name="RC oscillator" description="Selection of the crystal oscillator or external reference clock.">
        <default value="Enabled"/>
        <item id="Enabled" description="Enabled">
          <long_description>Internal RC oscillator 24 MHz is enabled.</long_description>
          <assigns>
            <assign register="LOWPWR_CTRL" bit_field="RC_OSC_EN" value="1"/>
          </assigns>
        </item>
        <item id="Disabled" description="Disabled">
          <long_description>Internal RC oscillator 24 MHz is disabled.</long_description>
          <assigns>
            <assign register="LOWPWR_CTRL" bit_field="RC_OSC_EN" value="0"/>
          </assigns>
        </item>
      </configuration_element>
      <configuration_element id="CCM_CCR_OSCNT_CFG" name="OSC ready counter value" description="Oscillator ready counter value. This settings define value of 32KHz counter, that serve as counter for oscillator lock time. The range is 1 - 256.">
        <default value="128"/>
        <range_item value_mapping="1:0,2:1,3:2,4:3,5:4,6:5,7:6,8:7,9:8,10:9,11:10,12:11,13:12,14:13,15:14,16:15,17:16,18:17,19:18,20:19,21:20,22:21,23:22,24:23,25:24,26:25,27:26,28:27,29:28,30:29,31:30,32:31,33:32,34:33,35:34,36:35,37:36,38:37,39:38,40:39,41:40,42:41,43:42,44:43,45:44,46:45,47:46,48:47,49:48,50:49,51:50,52:51,53:52,54:53,55:54,56:55,57:56,58:57,59:58,60:59,61:60,62:61,63:62,64:63,65:64,66:65,67:66,68:67,69:68,70:69,71:70,72:71,73:72,74:73,75:74,76:75,77:76,78:77,79:78,80:79,81:80,82:81,83:82,84:83,85:84,86:85,87:86,88:87,89:88,90:89,91:90,92:91,93:92,94:93,95:94,96:95,97:96,98:97,99:98,100:99,101:100,102:101,103:102,104:103,105:104,106:105,107:106,108:107,109:108,110:109,111:110,112:111,113:112,114:113,115:114,116:115,117:116,118:117,119:118,120:119,121:120,122:121,123:122,124:123,125:124,126:125,127:126,128:127,129:128,130:129,131:130,132:131,133:132,134:133,135:134,136:135,137:136,138:137,139:138,140:139,141:140,142:141,143:142,144:143,145:144,146:145,147:146,148:147,149:148,150:149,151:150,152:151,153:152,154:153,155:154,156:155,157:156,158:157,159:158,160:159,161:160,162:161,163:162,164:163,165:164,166:165,167:166,168:167,169:168,170:169,171:170,172:171,173:172,174:173,175:174,176:175,177:176,178:177,179:178,180:179,181:180,182:181,183:182,184:183,185:184,186:185,187:186,188:187,189:188,190:189,191:190,192:191,193:192,194:193,195:194,196:195,197:196,198:197,199:198,200:199,201:200,202:201,203:202,204:203,205:204,206:205,207:206,208:207,209:208,210:209,211:210,212:211,213:212,214:213,215:214,216:215,217:216,218:217,219:218,220:219,221:220,222:221,223:222,224:223,225:224,226:225,227:226,228:227,229:228,230:229,231:230,232:231,233:232,234:233,235:234,236:235,237:236,238:237,239:238,240:239,241:240,242:241,243:242,244:243,245:244,246:245,247:246,248:247,249:248,250:249,251:250,252:251,253:252,254:253,255:254,256:255">
          <long_description>Counter value.</long_description>
          <assign register="CCM::CCR" bit_field="OSCNT"/>
        </range_item>
      </configuration_element>
    </clock_source>
    <clock_source id="CLK_1M_SRC" name="1MHz clock" description="Internal 1 MHz clock source (corrected or uncorrected clock, see the {{XTALOSC24M_OSC_CONFIG2_MUX_1M_CFG}} setting).">
      <internal_source>
        <fixed_frequency freq="1 MHz"/>
      </internal_source>
      <enable cond_expr="(LOWPWR_CTRL[RC_OSC_EN] == 1) &amp;&amp; (OSC_CONFIG2[ENABLE_1M] == 1) " description="The CLK_1M clock source is enabled by {{XTALOSC24M_OSC_CONFIG2_ENABLE_1M_CFG}} setting and {{XTALOSC24M_LOWPWR_CTRL_RC_OSC_EN_CFG}} setting (CLK_1M is derived from the itnernal RC 24MHz oscillator that must be also enabled)."/>
      <configuration_element id="XTALOSC24M_OSC_CONFIG2_ENABLE_1M_CFG" name="Clock 1MHz" description="Enable the 1MHz clock of the OSC device. There is provided provided uncorrected and corrected version of the clock signal. See also the {{XTALOSC24M_OSC_CONFIG2_MUX_1M_CFG}} settings.">
        <default value="Enabled"/>
        <item id="Enabled" description="Enabled">
          <long_description>The 1MHz clock is enabled.</long_description>
          <assigns>
            <assign register="OSC_CONFIG2" bit_field="ENABLE_1M" value="1"/>
          </assigns>
        </item>
        <item id="Disabled" description="Disabled">
          <long_description>The 1MHz clock is disabled.</long_description>
          <assigns>
            <assign register="OSC_CONFIG2" bit_field="ENABLE_1M" value="0"/>
          </assigns>
        </item>
      </configuration_element>
      <configuration_element id="XTALOSC24M_OSC_CONFIG2_MUX_1M_CFG" name="Corrected 1MHz" description="Switch between uncorrected and corrected 1MHz clock of the OSC device.">
        <default value="Disabled"/>
        <item id="Enabled" description="Enabled">
          <long_description>The corrected version of 1MHz clock is used.</long_description>
          <assigns>
            <assign register="OSC_CONFIG2" bit_field="MUX_1M" value="1"/>
          </assigns>
        </item>
        <item id="Disabled" description="Disabled">
          <long_description>The uncorrected version of 1MHz clock is used.</long_description>
          <assigns>
            <assign register="OSC_CONFIG2" bit_field="MUX_1M" value="0"/>
          </assigns>
        </item>
      </configuration_element>
    </clock_source>
    <map_output id="RTC_OSC_CLK">
      <input signal="RTC_OSC.clk"/>
    </map_output>
    <map_output id="OSC_CLK">
      <input signal="OSC.clk"/>
    </map_output>
    <map_output id="CLK_1M">
      <input signal="CLK_1M_SRC.clk"/>
    </map_output>
  </implementation>
</clocks:component>