<?xml version="1.0"?>
<resource:resource_table xmlns:resource="http://swtools.freescale.net/XSD/resource/1.0" xmlns:xsi="http://www.w3.org/2001/XMLSchema-instance" xsi:schemaLocation="http://swtools.freescale.net/XSD/resource/1.0 http://swtools.freescale.net/XSD/resource/1.0/resource.xsd" id="dmamux">
  <user_types>
    <struct id="dmamux" label="DMAMUX channel request">
      <string id="requestNumber" label="Dmamux Request #"/>
      <string id="id" label="Request ID"/>
      <string id="label" label="Label of the request"/>
      <string id="dmamux_dev" label="ID of DMA MUX device"/>
      <array id="devices" label="Devices information" type="req_dev"/>
    </struct>
    <struct id="req_dev" label="DMA request device">
      <string id="device" label="ID of the device"/>
      <string id="function" label="function of the DMA requests"/>
      <string id="channel" label="channel of the device"/>
    </struct>
    <struct id="dma_mux_info" label="Defines mapping from dma device to dmamux">
      <string id="muxDevice" label="ID of DMA MUX device"/>
      <string id="dmaDevice" label="ID of DMA device"/>
      <string id="cores" label="Subset of cores accessing the DMA MUX; space separated list"/>
      <string id="minChannel" label="Minimal index of DMA connected to DMA MUX"/>
      <string id="maxChannel" label="Maximal index of DMA connected to DMA MUX"/>
    </struct>
  </user_types>
  <definition>
    <array id="dmaMuxInfo" label="Defines mapping from dma device to dmamux" type="dma_mux_info"/>
    <array id="core0" label="DMAMUX requests list" type="dmamux"/>
  </definition>
  <data>
    <array name="dmaMuxInfo">
      <struct name="0">
        <setting name="muxDevice" value="DMAMUX"/>
        <setting name="dmaDevice" value="DMA0"/>
        <setting name="cores" value="core0"/>
        <setting name="minChannel" value="0"/>
        <setting name="maxChannel" value="31"/>
      </struct>
    </array>
    <array name="core0">
      <struct name="0">
        <setting name="requestNumber" value="0"/>
        <setting name="id" value="kDmaRequestMuxFlexIO1Request0Request1"/>
        <setting name="label" value="FlexIO1 Request0 and Request1"/>
        <setting name="dmamux_dev" value="DMAMUX"/>
        <array name="devices">
          <struct name="0">
            <setting name="device" value="FLEXIO1"/>
            <setting name="function" value="FLEXIO"/>
            <setting name="channel" value="0"/>
          </struct>
          <struct name="1">
            <setting name="device" value="FLEXIO1"/>
            <setting name="function" value="FLEXIO"/>
            <setting name="channel" value="1"/>
          </struct>
        </array>
      </struct>
      <struct name="1">
        <setting name="requestNumber" value="1"/>
        <setting name="id" value="kDmaRequestMuxFlexIO1Request4Request5"/>
        <setting name="label" value="FlexIO1 Request4 and Request5"/>
        <setting name="dmamux_dev" value="DMAMUX"/>
        <array name="devices">
          <struct name="0">
            <setting name="device" value="FLEXIO1"/>
            <setting name="function" value="FLEXIO"/>
            <setting name="channel" value="4"/>
          </struct>
          <struct name="1">
            <setting name="device" value="FLEXIO1"/>
            <setting name="function" value="FLEXIO"/>
            <setting name="channel" value="5"/>
          </struct>
        </array>
      </struct>
      <struct name="2">
        <setting name="requestNumber" value="2"/>
        <setting name="id" value="kDmaRequestMuxLPUART1Tx"/>
        <setting name="label" value="LPUART1 Transmit"/>
        <setting name="dmamux_dev" value="DMAMUX"/>
        <array name="devices">
          <struct name="0">
            <setting name="device" value="LPUART1"/>
            <setting name="function" value="TX"/>
          </struct>
        </array>
      </struct>
      <struct name="3">
        <setting name="requestNumber" value="3"/>
        <setting name="id" value="kDmaRequestMuxLPUART1Rx"/>
        <setting name="label" value="LPUART1 Receive"/>
        <setting name="dmamux_dev" value="DMAMUX"/>
        <array name="devices">
          <struct name="0">
            <setting name="device" value="LPUART1"/>
            <setting name="function" value="RX"/>
          </struct>
        </array>
      </struct>
      <struct name="4">
        <setting name="requestNumber" value="4"/>
        <setting name="id" value="kDmaRequestMuxLPUART3Tx"/>
        <setting name="label" value="LPUART3 Transmit"/>
        <setting name="dmamux_dev" value="DMAMUX"/>
        <array name="devices">
          <struct name="0">
            <setting name="device" value="LPUART3"/>
            <setting name="function" value="TX"/>
          </struct>
        </array>
      </struct>
      <struct name="5">
        <setting name="requestNumber" value="5"/>
        <setting name="id" value="kDmaRequestMuxLPUART3Rx"/>
        <setting name="label" value="LPUART3 Receive"/>
        <setting name="dmamux_dev" value="DMAMUX"/>
        <array name="devices">
          <struct name="0">
            <setting name="device" value="LPUART3"/>
            <setting name="function" value="RX"/>
          </struct>
        </array>
      </struct>
      <struct name="6">
        <setting name="requestNumber" value="6"/>
        <setting name="id" value="kDmaRequestMuxLPUART5Tx"/>
        <setting name="label" value="LPUART5 Transmit"/>
        <setting name="dmamux_dev" value="DMAMUX"/>
        <array name="devices">
          <struct name="0">
            <setting name="device" value="LPUART5"/>
            <setting name="function" value="TX"/>
          </struct>
        </array>
      </struct>
      <struct name="7">
        <setting name="requestNumber" value="7"/>
        <setting name="id" value="kDmaRequestMuxLPUART5Rx"/>
        <setting name="label" value="LPUART5 Receive"/>
        <setting name="dmamux_dev" value="DMAMUX"/>
        <array name="devices">
          <struct name="0">
            <setting name="device" value="LPUART5"/>
            <setting name="function" value="RX"/>
          </struct>
        </array>
      </struct>
      <struct name="8">
        <setting name="requestNumber" value="8"/>
        <setting name="id" value="kDmaRequestMuxLPUART7Tx"/>
        <setting name="label" value="LPUART7 Transmit"/>
        <setting name="dmamux_dev" value="DMAMUX"/>
        <array name="devices">
          <struct name="0">
            <setting name="device" value="LPUART7"/>
            <setting name="function" value="TX"/>
          </struct>
        </array>
      </struct>
      <struct name="9">
        <setting name="requestNumber" value="9"/>
        <setting name="id" value="kDmaRequestMuxLPUART7Rx"/>
        <setting name="label" value="LPUART7 Receive"/>
        <setting name="dmamux_dev" value="DMAMUX"/>
        <array name="devices">
          <struct name="0">
            <setting name="device" value="LPUART7"/>
            <setting name="function" value="RX"/>
          </struct>
        </array>
      </struct>
      <struct name="10">
        <setting name="requestNumber" value="13"/>
        <setting name="id" value="kDmaRequestMuxLPSPI1Rx"/>
        <setting name="label" value="LPSPI1 Receive"/>
        <setting name="dmamux_dev" value="DMAMUX"/>
        <array name="devices">
          <struct name="0">
            <setting name="device" value="LPSPI1"/>
            <setting name="function" value="RX"/>
          </struct>
        </array>
      </struct>
      <struct name="11">
        <setting name="requestNumber" value="14"/>
        <setting name="id" value="kDmaRequestMuxLPSPI1Tx"/>
        <setting name="label" value="LPSPI1 Transmit"/>
        <setting name="dmamux_dev" value="DMAMUX"/>
        <array name="devices">
          <struct name="0">
            <setting name="device" value="LPSPI1"/>
            <setting name="function" value="TX"/>
          </struct>
        </array>
      </struct>
      <struct name="12">
        <setting name="requestNumber" value="15"/>
        <setting name="id" value="kDmaRequestMuxLPSPI3Rx"/>
        <setting name="label" value="LPSPI3 Receive"/>
        <setting name="dmamux_dev" value="DMAMUX"/>
        <array name="devices">
          <struct name="0">
            <setting name="device" value="LPSPI3"/>
            <setting name="function" value="RX"/>
          </struct>
        </array>
      </struct>
      <struct name="13">
        <setting name="requestNumber" value="16"/>
        <setting name="id" value="kDmaRequestMuxLPSPI3Tx"/>
        <setting name="label" value="LPSPI3 Transmit"/>
        <setting name="dmamux_dev" value="DMAMUX"/>
        <array name="devices">
          <struct name="0">
            <setting name="device" value="LPSPI3"/>
            <setting name="function" value="TX"/>
          </struct>
        </array>
      </struct>
      <struct name="14">
        <setting name="requestNumber" value="17"/>
        <setting name="id" value="kDmaRequestMuxLPI2C1"/>
        <setting name="label" value="LPI2C1"/>
        <setting name="dmamux_dev" value="DMAMUX"/>
        <array name="devices">
          <struct name="0">
            <setting name="device" value="LPI2C1"/>
            <setting name="function" value="LPI2C"/>
          </struct>
        </array>
      </struct>
      <struct name="15">
        <setting name="requestNumber" value="18"/>
        <setting name="id" value="kDmaRequestMuxLPI2C3"/>
        <setting name="label" value="LPI2C3"/>
        <setting name="dmamux_dev" value="DMAMUX"/>
        <array name="devices">
          <struct name="0">
            <setting name="device" value="LPI2C3"/>
            <setting name="function" value="LPI2C"/>
          </struct>
        </array>
      </struct>
      <struct name="16">
        <setting name="requestNumber" value="19"/>
        <setting name="id" value="kDmaRequestMuxSai1Rx"/>
        <setting name="label" value="SAI1 Receive"/>
        <setting name="dmamux_dev" value="DMAMUX"/>
        <array name="devices">
          <struct name="0">
            <setting name="device" value="SAI1"/>
            <setting name="function" value="RX"/>
          </struct>
        </array>
      </struct>
      <struct name="17">
        <setting name="requestNumber" value="20"/>
        <setting name="id" value="kDmaRequestMuxSai1Tx"/>
        <setting name="label" value="SAI1 Transmit"/>
        <setting name="dmamux_dev" value="DMAMUX"/>
        <array name="devices">
          <struct name="0">
            <setting name="device" value="SAI1"/>
            <setting name="function" value="TX"/>
          </struct>
        </array>
      </struct>
      <struct name="18">
        <setting name="requestNumber" value="21"/>
        <setting name="id" value="kDmaRequestMuxSai2Rx"/>
        <setting name="label" value="SAI2 Receive"/>
        <setting name="dmamux_dev" value="DMAMUX"/>
        <array name="devices">
          <struct name="0">
            <setting name="device" value="SAI2"/>
            <setting name="function" value="RX"/>
          </struct>
        </array>
      </struct>
      <struct name="19">
        <setting name="requestNumber" value="22"/>
        <setting name="id" value="kDmaRequestMuxSai2Tx"/>
        <setting name="label" value="SAI2 Transmit"/>
        <setting name="dmamux_dev" value="DMAMUX"/>
        <array name="devices">
          <struct name="0">
            <setting name="device" value="SAI2"/>
            <setting name="function" value="TX"/>
          </struct>
        </array>
      </struct>
      <struct name="20">
        <setting name="requestNumber" value="23"/>
        <setting name="id" value="kDmaRequestMuxADC_ETC"/>
        <setting name="label" value="ADC_ETC"/>
        <setting name="dmamux_dev" value="DMAMUX"/>
        <array name="devices">
          <struct name="0">
            <setting name="device" value="ADC_ETC"/>
            <setting name="function" value="ADC_ETC"/>
          </struct>
        </array>
      </struct>
      <struct name="21">
        <setting name="requestNumber" value="24"/>
        <setting name="id" value="kDmaRequestMuxADC1"/>
        <setting name="label" value="ADC1"/>
        <setting name="dmamux_dev" value="DMAMUX"/>
        <array name="devices">
          <struct name="0">
            <setting name="device" value="ADC1"/>
            <setting name="function" value="ADC"/>
          </struct>
        </array>
      </struct>
      <struct name="22">
        <setting name="requestNumber" value="25"/>
        <setting name="id" value="kDmaRequestMuxACMP1"/>
        <setting name="label" value="ACMP1"/>
        <setting name="dmamux_dev" value="DMAMUX"/>
        <array name="devices">
          <struct name="0">
            <setting name="device" value="CMP1"/>
            <setting name="function" value="ACMP"/>
          </struct>
        </array>
      </struct>
      <struct name="23">
        <setting name="requestNumber" value="26"/>
        <setting name="id" value="kDmaRequestMuxACMP3"/>
        <setting name="label" value="ACMP3"/>
        <setting name="dmamux_dev" value="DMAMUX"/>
        <array name="devices">
          <struct name="0">
            <setting name="device" value="CMP3"/>
            <setting name="function" value="ACMP"/>
          </struct>
        </array>
      </struct>
      <struct name="24">
        <setting name="requestNumber" value="28"/>
        <setting name="id" value="kDmaRequestMuxFlexSPIRx"/>
        <setting name="label" value="FlexSPI Receive"/>
        <setting name="dmamux_dev" value="DMAMUX"/>
        <array name="devices">
          <struct name="0">
            <setting name="device" value="FLEXSPI"/>
            <setting name="function" value="RX"/>
          </struct>
        </array>
      </struct>
      <struct name="25">
        <setting name="requestNumber" value="29"/>
        <setting name="id" value="kDmaRequestMuxFlexSPITx"/>
        <setting name="label" value="FlexSPI Transmit"/>
        <setting name="dmamux_dev" value="DMAMUX"/>
        <array name="devices">
          <struct name="0">
            <setting name="device" value="FLEXSPI"/>
            <setting name="function" value="TX"/>
          </struct>
        </array>
      </struct>
      <struct name="26">
        <setting name="requestNumber" value="30"/>
        <setting name="id" value="kDmaRequestMuxXBAR1Request0"/>
        <setting name="label" value="XBAR1 Request 0"/>
        <setting name="dmamux_dev" value="DMAMUX"/>
        <array name="devices">
          <struct name="0">
            <setting name="device" value="XBARA"/>
            <setting name="function" value="XBAR"/>
            <setting name="channel" value="0"/>
          </struct>
        </array>
      </struct>
      <struct name="27">
        <setting name="requestNumber" value="31"/>
        <setting name="id" value="kDmaRequestMuxXBAR1Request1"/>
        <setting name="label" value="XBAR1 Request 1"/>
        <setting name="dmamux_dev" value="DMAMUX"/>
        <array name="devices">
          <struct name="0">
            <setting name="device" value="XBARA"/>
            <setting name="function" value="XBAR"/>
            <setting name="channel" value="1"/>
          </struct>
        </array>
      </struct>
      <struct name="28">
        <setting name="requestNumber" value="32"/>
        <setting name="id" value="kDmaRequestMuxFlexPWM1CaptureSub0"/>
        <setting name="label" value="FlexPWM1 Capture sub-module0"/>
        <setting name="dmamux_dev" value="DMAMUX"/>
        <array name="devices">
          <struct name="0">
            <setting name="device" value="PWM1"/>
            <setting name="function" value="Capture"/>
            <setting name="channel" value="0"/>
          </struct>
        </array>
      </struct>
      <struct name="29">
        <setting name="requestNumber" value="33"/>
        <setting name="id" value="kDmaRequestMuxFlexPWM1CaptureSub1"/>
        <setting name="label" value="FlexPWM1 Capture sub-module1"/>
        <setting name="dmamux_dev" value="DMAMUX"/>
        <array name="devices">
          <struct name="0">
            <setting name="device" value="PWM1"/>
            <setting name="function" value="Capture"/>
            <setting name="channel" value="1"/>
          </struct>
        </array>
      </struct>
      <struct name="30">
        <setting name="requestNumber" value="34"/>
        <setting name="id" value="kDmaRequestMuxFlexPWM1CaptureSub2"/>
        <setting name="label" value="FlexPWM1 Capture sub-module2"/>
        <setting name="dmamux_dev" value="DMAMUX"/>
        <array name="devices">
          <struct name="0">
            <setting name="device" value="PWM1"/>
            <setting name="function" value="Capture"/>
            <setting name="channel" value="2"/>
          </struct>
        </array>
      </struct>
      <struct name="31">
        <setting name="requestNumber" value="35"/>
        <setting name="id" value="kDmaRequestMuxFlexPWM1CaptureSub3"/>
        <setting name="label" value="FlexPWM1 Capture sub-module3"/>
        <setting name="dmamux_dev" value="DMAMUX"/>
        <array name="devices">
          <struct name="0">
            <setting name="device" value="PWM1"/>
            <setting name="function" value="Capture"/>
            <setting name="channel" value="3"/>
          </struct>
        </array>
      </struct>
      <struct name="32">
        <setting name="requestNumber" value="36"/>
        <setting name="id" value="kDmaRequestMuxFlexPWM1ValueSub0"/>
        <setting name="label" value="FlexPWM1 Value sub-module0"/>
        <setting name="dmamux_dev" value="DMAMUX"/>
        <array name="devices">
          <struct name="0">
            <setting name="device" value="PWM1"/>
            <setting name="function" value="Value"/>
            <setting name="channel" value="0"/>
          </struct>
        </array>
      </struct>
      <struct name="33">
        <setting name="requestNumber" value="37"/>
        <setting name="id" value="kDmaRequestMuxFlexPWM1ValueSub1"/>
        <setting name="label" value="FlexPWM1 Value sub-module1"/>
        <setting name="dmamux_dev" value="DMAMUX"/>
        <array name="devices">
          <struct name="0">
            <setting name="device" value="PWM1"/>
            <setting name="function" value="Value"/>
            <setting name="channel" value="1"/>
          </struct>
        </array>
      </struct>
      <struct name="34">
        <setting name="requestNumber" value="38"/>
        <setting name="id" value="kDmaRequestMuxFlexPWM1ValueSub2"/>
        <setting name="label" value="FlexPWM1 Value sub-module2"/>
        <setting name="dmamux_dev" value="DMAMUX"/>
        <array name="devices">
          <struct name="0">
            <setting name="device" value="PWM1"/>
            <setting name="function" value="Value"/>
            <setting name="channel" value="2"/>
          </struct>
        </array>
      </struct>
      <struct name="35">
        <setting name="requestNumber" value="39"/>
        <setting name="id" value="kDmaRequestMuxFlexPWM1ValueSub3"/>
        <setting name="label" value="FlexPWM1 Value sub-module3"/>
        <setting name="dmamux_dev" value="DMAMUX"/>
        <array name="devices">
          <struct name="0">
            <setting name="device" value="PWM1"/>
            <setting name="function" value="Value"/>
            <setting name="channel" value="3"/>
          </struct>
        </array>
      </struct>
      <struct name="36">
        <setting name="requestNumber" value="48"/>
        <setting name="id" value="kDmaRequestMuxQTIMER1CaptTimer0"/>
        <setting name="label" value="TMR1 Capture timer 0"/>
        <setting name="dmamux_dev" value="DMAMUX"/>
        <array name="devices">
          <struct name="0">
            <setting name="device" value="TMR1"/>
            <setting name="function" value="Capt"/>
            <setting name="channel" value="0"/>
          </struct>
        </array>
      </struct>
      <struct name="37">
        <setting name="requestNumber" value="49"/>
        <setting name="id" value="kDmaRequestMuxQTIMER1CaptTimer1"/>
        <setting name="label" value="TMR1 Capture timer 1"/>
        <setting name="dmamux_dev" value="DMAMUX"/>
        <array name="devices">
          <struct name="0">
            <setting name="device" value="TMR1"/>
            <setting name="function" value="Capt"/>
            <setting name="channel" value="1"/>
          </struct>
        </array>
      </struct>
      <struct name="38">
        <setting name="requestNumber" value="50"/>
        <setting name="id" value="kDmaRequestMuxQTIMER1CaptTimer2"/>
        <setting name="label" value="TMR1 Capture timer 2"/>
        <setting name="dmamux_dev" value="DMAMUX"/>
        <array name="devices">
          <struct name="0">
            <setting name="device" value="TMR1"/>
            <setting name="function" value="Capt"/>
            <setting name="channel" value="2"/>
          </struct>
        </array>
      </struct>
      <struct name="39">
        <setting name="requestNumber" value="51"/>
        <setting name="id" value="kDmaRequestMuxQTIMER1CaptTimer3"/>
        <setting name="label" value="TMR1 Capture timer 3"/>
        <setting name="dmamux_dev" value="DMAMUX"/>
        <array name="devices">
          <struct name="0">
            <setting name="device" value="TMR1"/>
            <setting name="function" value="Capt"/>
            <setting name="channel" value="3"/>
          </struct>
        </array>
      </struct>
      <struct name="40">
        <setting name="requestNumber" value="52"/>
        <setting name="id" value="kDmaRequestMuxQTIMER1Cmpld1Timer0Cmpld2Timer1"/>
        <setting name="label" value="TMR1 cmpld1 in timer 0 or cmpld2 in timer 1"/>
        <setting name="dmamux_dev" value="DMAMUX"/>
        <array name="devices">
          <struct name="0">
            <setting name="device" value="TMR1"/>
            <setting name="function" value="Cmpld1"/>
            <setting name="channel" value="0"/>
          </struct>
          <struct name="1">
            <setting name="device" value="TMR1"/>
            <setting name="function" value="Cmpld2"/>
            <setting name="channel" value="1"/>
          </struct>
        </array>
      </struct>
      <struct name="41">
        <setting name="requestNumber" value="53"/>
        <setting name="id" value="kDmaRequestMuxQTIMER1Cmpld1Timer1Cmpld2Timer0"/>
        <setting name="label" value="TMR1 cmpld1 in timer 1 or cmpld2 in timer 0"/>
        <setting name="dmamux_dev" value="DMAMUX"/>
        <array name="devices">
          <struct name="0">
            <setting name="device" value="TMR1"/>
            <setting name="function" value="Cmpld1"/>
            <setting name="channel" value="1"/>
          </struct>
          <struct name="1">
            <setting name="device" value="TMR1"/>
            <setting name="function" value="Cmpld2"/>
            <setting name="channel" value="0"/>
          </struct>
        </array>
      </struct>
      <struct name="42">
        <setting name="requestNumber" value="54"/>
        <setting name="id" value="kDmaRequestMuxQTIMER1Cmpld1Timer2Cmpld2Timer3"/>
        <setting name="label" value="TMR1 cmpld1 in timer 2 or cmpld2 in timer 3"/>
        <setting name="dmamux_dev" value="DMAMUX"/>
        <array name="devices">
          <struct name="0">
            <setting name="device" value="TMR1"/>
            <setting name="function" value="Cmpld1"/>
            <setting name="channel" value="2"/>
          </struct>
          <struct name="1">
            <setting name="device" value="TMR1"/>
            <setting name="function" value="Cmpld2"/>
            <setting name="channel" value="3"/>
          </struct>
        </array>
      </struct>
      <struct name="43">
        <setting name="requestNumber" value="55"/>
        <setting name="id" value="kDmaRequestMuxQTIMER1Cmpld1Timer3Cmpld2Timer2"/>
        <setting name="label" value="TMR1 cmpld1 in timer 3 or cmpld2 in timer 2"/>
        <setting name="dmamux_dev" value="DMAMUX"/>
        <array name="devices">
          <struct name="0">
            <setting name="device" value="TMR1"/>
            <setting name="function" value="Cmpld1"/>
            <setting name="channel" value="30"/>
          </struct>
          <struct name="1">
            <setting name="device" value="TMR1"/>
            <setting name="function" value="Cmpld2"/>
            <setting name="channel" value="2"/>
          </struct>
        </array>
      </struct>
      <struct name="44">
        <setting name="requestNumber" value="64"/>
        <setting name="id" value="kDmaRequestMuxFlexIO1Request2Request3"/>
        <setting name="label" value="FlexIO1 Request2 and Request3"/>
        <setting name="dmamux_dev" value="DMAMUX"/>
        <array name="devices">
          <struct name="0">
            <setting name="device" value="FLEXIO1"/>
            <setting name="function" value="FLEXIO"/>
            <setting name="channel" value="2"/>
          </struct>
          <struct name="1">
            <setting name="device" value="FLEXIO1"/>
            <setting name="function" value="FLEXIO"/>
            <setting name="channel" value="3"/>
          </struct>
        </array>
      </struct>
      <struct name="45">
        <setting name="requestNumber" value="65"/>
        <setting name="id" value="kDmaRequestMuxFlexIO1Request6Request7"/>
        <setting name="label" value="FlexIO1 Request6 and Request7"/>
        <setting name="dmamux_dev" value="DMAMUX"/>
        <array name="devices">
          <struct name="0">
            <setting name="device" value="FLEXIO1"/>
            <setting name="function" value="FLEXIO"/>
            <setting name="channel" value="6"/>
          </struct>
          <struct name="1">
            <setting name="device" value="FLEXIO1"/>
            <setting name="function" value="FLEXIO"/>
            <setting name="channel" value="7"/>
          </struct>
        </array>
      </struct>
      <struct name="46">
        <setting name="requestNumber" value="66"/>
        <setting name="id" value="kDmaRequestMuxLPUART2Tx"/>
        <setting name="label" value="LPUART2 Transmit"/>
        <setting name="dmamux_dev" value="DMAMUX"/>
        <array name="devices">
          <struct name="0">
            <setting name="device" value="LPUART2"/>
            <setting name="function" value="TX"/>
          </struct>
        </array>
      </struct>
      <struct name="47">
        <setting name="requestNumber" value="67"/>
        <setting name="id" value="kDmaRequestMuxLPUART2Rx"/>
        <setting name="label" value="LPUART2 Receive"/>
        <setting name="dmamux_dev" value="DMAMUX"/>
        <array name="devices">
          <struct name="0">
            <setting name="device" value="LPUART2"/>
            <setting name="function" value="RX"/>
          </struct>
        </array>
      </struct>
      <struct name="48">
        <setting name="requestNumber" value="68"/>
        <setting name="id" value="kDmaRequestMuxLPUART4Tx"/>
        <setting name="label" value="LPUART4 Transmit"/>
        <setting name="dmamux_dev" value="DMAMUX"/>
        <array name="devices">
          <struct name="0">
            <setting name="device" value="LPUART4"/>
            <setting name="function" value="TX"/>
          </struct>
        </array>
      </struct>
      <struct name="49">
        <setting name="requestNumber" value="69"/>
        <setting name="id" value="kDmaRequestMuxLPUART4Rx"/>
        <setting name="label" value="LPUART4 Receive"/>
        <setting name="dmamux_dev" value="DMAMUX"/>
        <array name="devices">
          <struct name="0">
            <setting name="device" value="LPUART4"/>
            <setting name="function" value="RX"/>
          </struct>
        </array>
      </struct>
      <struct name="50">
        <setting name="requestNumber" value="70"/>
        <setting name="id" value="kDmaRequestMuxLPUART6Tx"/>
        <setting name="label" value="LPUART6 Transmit"/>
        <setting name="dmamux_dev" value="DMAMUX"/>
        <array name="devices">
          <struct name="0">
            <setting name="device" value="LPUART6"/>
            <setting name="function" value="TX"/>
          </struct>
        </array>
      </struct>
      <struct name="51">
        <setting name="requestNumber" value="71"/>
        <setting name="id" value="kDmaRequestMuxLPUART6Rx"/>
        <setting name="label" value="LPUART6 Receive"/>
        <setting name="dmamux_dev" value="DMAMUX"/>
        <array name="devices">
          <struct name="0">
            <setting name="device" value="LPUART6"/>
            <setting name="function" value="RX"/>
          </struct>
        </array>
      </struct>
      <struct name="52">
        <setting name="requestNumber" value="72"/>
        <setting name="id" value="kDmaRequestMuxLPUART8Tx"/>
        <setting name="label" value="LPUART8 Transmit"/>
        <setting name="dmamux_dev" value="DMAMUX"/>
        <array name="devices">
          <struct name="0">
            <setting name="device" value="LPUART8"/>
            <setting name="function" value="TX"/>
          </struct>
        </array>
      </struct>
      <struct name="53">
        <setting name="requestNumber" value="73"/>
        <setting name="id" value="kDmaRequestMuxLPUART8Rx"/>
        <setting name="label" value="LPUART8 Receive"/>
        <setting name="dmamux_dev" value="DMAMUX"/>
        <array name="devices">
          <struct name="0">
            <setting name="device" value="LPUART8"/>
            <setting name="function" value="RX"/>
          </struct>
        </array>
      </struct>
      <struct name="54">
        <setting name="requestNumber" value="77"/>
        <setting name="id" value="kDmaRequestMuxLPSPI2Rx"/>
        <setting name="label" value="LPSPI2 Receive"/>
        <setting name="dmamux_dev" value="DMAMUX"/>
        <array name="devices">
          <struct name="0">
            <setting name="device" value="LPSPI2"/>
            <setting name="function" value="RX"/>
          </struct>
        </array>
      </struct>
      <struct name="55">
        <setting name="requestNumber" value="78"/>
        <setting name="id" value="kDmaRequestMuxLPSPI2Tx"/>
        <setting name="label" value="LPSPI2 Transmit"/>
        <setting name="dmamux_dev" value="DMAMUX"/>
        <array name="devices">
          <struct name="0">
            <setting name="device" value="LPSPI2"/>
            <setting name="function" value="TX"/>
          </struct>
        </array>
      </struct>
      <struct name="56">
        <setting name="requestNumber" value="79"/>
        <setting name="id" value="kDmaRequestMuxLPSPI4Rx"/>
        <setting name="label" value="LPSPI4 Receive"/>
        <setting name="dmamux_dev" value="DMAMUX"/>
        <array name="devices">
          <struct name="0">
            <setting name="device" value="LPSPI4"/>
            <setting name="function" value="RX"/>
          </struct>
        </array>
      </struct>
      <struct name="57">
        <setting name="requestNumber" value="80"/>
        <setting name="id" value="kDmaRequestMuxLPSPI4Tx"/>
        <setting name="label" value="LPSPI4 Transmit"/>
        <setting name="dmamux_dev" value="DMAMUX"/>
        <array name="devices">
          <struct name="0">
            <setting name="device" value="LPSPI4"/>
            <setting name="function" value="TX"/>
          </struct>
        </array>
      </struct>
      <struct name="58">
        <setting name="requestNumber" value="81"/>
        <setting name="id" value="kDmaRequestMuxLPI2C2"/>
        <setting name="label" value="LPI2C2"/>
        <setting name="dmamux_dev" value="DMAMUX"/>
        <array name="devices">
          <struct name="0">
            <setting name="device" value="LPI2C2"/>
            <setting name="function" value="LPI2C"/>
          </struct>
        </array>
      </struct>
      <struct name="59">
        <setting name="requestNumber" value="82"/>
        <setting name="id" value="kDmaRequestMuxLPI2C4"/>
        <setting name="label" value="LPI2C4"/>
        <setting name="dmamux_dev" value="DMAMUX"/>
        <array name="devices">
          <struct name="0">
            <setting name="device" value="LPI2C4"/>
            <setting name="function" value="LPI2C"/>
          </struct>
        </array>
      </struct>
      <struct name="60">
        <setting name="requestNumber" value="83"/>
        <setting name="id" value="kDmaRequestMuxSai3Rx"/>
        <setting name="label" value="SAI3 Receive"/>
        <setting name="dmamux_dev" value="DMAMUX"/>
        <array name="devices">
          <struct name="0">
            <setting name="device" value="SAI3"/>
            <setting name="function" value="RX"/>
          </struct>
        </array>
      </struct>
      <struct name="61">
        <setting name="requestNumber" value="84"/>
        <setting name="id" value="kDmaRequestMuxSai3Tx"/>
        <setting name="label" value="SAI3 Transmit"/>
        <setting name="dmamux_dev" value="DMAMUX"/>
        <array name="devices">
          <struct name="0">
            <setting name="device" value="SAI3"/>
            <setting name="function" value="TX"/>
          </struct>
        </array>
      </struct>
      <struct name="62">
        <setting name="requestNumber" value="85"/>
        <setting name="id" value="kDmaRequestMuxSpdifRx"/>
        <setting name="label" value="SPDIF Receive"/>
        <setting name="dmamux_dev" value="DMAMUX"/>
        <array name="devices">
          <struct name="0">
            <setting name="device" value="SPDIF"/>
            <setting name="function" value="RX"/>
          </struct>
        </array>
      </struct>
      <struct name="63">
        <setting name="requestNumber" value="86"/>
        <setting name="id" value="kDmaRequestMuxSpdifTx"/>
        <setting name="label" value="SPDIF Transmit"/>
        <setting name="dmamux_dev" value="DMAMUX"/>
        <array name="devices">
          <struct name="0">
            <setting name="device" value="SPDIF"/>
            <setting name="function" value="TX"/>
          </struct>
        </array>
      </struct>
      <struct name="64">
        <setting name="requestNumber" value="88"/>
        <setting name="id" value="kDmaRequestMuxADC2"/>
        <setting name="label" value="ADC2"/>
        <setting name="dmamux_dev" value="DMAMUX"/>
        <array name="devices">
          <struct name="0">
            <setting name="device" value="ADC2"/>
            <setting name="function" value="ADC"/>
          </struct>
        </array>
      </struct>
      <struct name="65">
        <setting name="requestNumber" value="89"/>
        <setting name="id" value="kDmaRequestMuxACMP2"/>
        <setting name="label" value="ACMP2"/>
        <setting name="dmamux_dev" value="DMAMUX"/>
        <array name="devices">
          <struct name="0">
            <setting name="device" value="CMP2"/>
            <setting name="function" value="ACMP"/>
          </struct>
        </array>
      </struct>
      <struct name="66">
        <setting name="requestNumber" value="90"/>
        <setting name="id" value="kDmaRequestMuxACMP4"/>
        <setting name="label" value="ACMP4"/>
        <setting name="dmamux_dev" value="DMAMUX"/>
        <array name="devices">
          <struct name="0">
            <setting name="device" value="CMP4"/>
            <setting name="function" value="ACMP"/>
          </struct>
        </array>
      </struct>
      <struct name="67">
        <setting name="requestNumber" value="92"/>
        <setting name="id" value="kDmaRequestMuxEnetTimer0"/>
        <setting name="label" value="ENET Timer0"/>
        <setting name="dmamux_dev" value="DMAMUX"/>
        <array name="devices">
          <struct name="0">
            <setting name="device" value="ENET"/>
            <setting name="function" value="Timer0"/>
          </struct>
        </array>
      </struct>
      <struct name="68">
        <setting name="requestNumber" value="93"/>
        <setting name="id" value="kDmaRequestMuxEnetTimer1"/>
        <setting name="label" value="ENET Timer1"/>
        <setting name="dmamux_dev" value="DMAMUX"/>
        <array name="devices">
          <struct name="0">
            <setting name="device" value="ENET"/>
            <setting name="function" value="Timer1"/>
          </struct>
        </array>
      </struct>
      <struct name="69">
        <setting name="requestNumber" value="94"/>
        <setting name="id" value="kDmaRequestMuxXBAR1Request2"/>
        <setting name="label" value="XBAR1 Request 2"/>
        <setting name="dmamux_dev" value="DMAMUX"/>
        <array name="devices">
          <struct name="0">
            <setting name="device" value="XBARA"/>
            <setting name="function" value="XBAR"/>
            <setting name="channel" value="2"/>
          </struct>
        </array>
      </struct>
      <struct name="70">
        <setting name="requestNumber" value="95"/>
        <setting name="id" value="kDmaRequestMuxXBAR1Request3"/>
        <setting name="label" value="XBAR1 Request 3"/>
        <setting name="dmamux_dev" value="DMAMUX"/>
        <array name="devices">
          <struct name="0">
            <setting name="device" value="XBARA"/>
            <setting name="function" value="XBAR"/>
            <setting name="channel" value="3"/>
          </struct>
        </array>
      </struct>
      <struct name="71">
        <setting name="requestNumber" value="96"/>
        <setting name="id" value="kDmaRequestMuxFlexPWM2CaptureSub0"/>
        <setting name="label" value="FlexPWM2 Capture sub-module0"/>
        <setting name="dmamux_dev" value="DMAMUX"/>
        <array name="devices">
          <struct name="0">
            <setting name="device" value="PWM2"/>
            <setting name="function" value="Capture"/>
            <setting name="channel" value="0"/>
          </struct>
        </array>
      </struct>
      <struct name="72">
        <setting name="requestNumber" value="97"/>
        <setting name="id" value="kDmaRequestMuxFlexPWM2CaptureSub1"/>
        <setting name="label" value="FlexPWM2 Capture sub-module1"/>
        <setting name="dmamux_dev" value="DMAMUX"/>
        <array name="devices">
          <struct name="0">
            <setting name="device" value="PWM2"/>
            <setting name="function" value="Capture"/>
            <setting name="channel" value="1"/>
          </struct>
        </array>
      </struct>
      <struct name="73">
        <setting name="requestNumber" value="98"/>
        <setting name="id" value="kDmaRequestMuxFlexPWM2CaptureSub2"/>
        <setting name="label" value="FlexPWM2 Capture sub-module2"/>
        <setting name="dmamux_dev" value="DMAMUX"/>
        <array name="devices">
          <struct name="0">
            <setting name="device" value="PWM2"/>
            <setting name="function" value="Capture"/>
            <setting name="channel" value="2"/>
          </struct>
        </array>
      </struct>
      <struct name="74">
        <setting name="requestNumber" value="99"/>
        <setting name="id" value="kDmaRequestMuxFlexPWM2CaptureSub3"/>
        <setting name="label" value="FlexPWM2 Capture sub-module3"/>
        <setting name="dmamux_dev" value="DMAMUX"/>
        <array name="devices">
          <struct name="0">
            <setting name="device" value="PWM2"/>
            <setting name="function" value="Capture"/>
            <setting name="channel" value="3"/>
          </struct>
        </array>
      </struct>
      <struct name="75">
        <setting name="requestNumber" value="100"/>
        <setting name="id" value="kDmaRequestMuxFlexPWM2ValueSub0"/>
        <setting name="label" value="FlexPWM2 Value sub-module0"/>
        <setting name="dmamux_dev" value="DMAMUX"/>
        <array name="devices">
          <struct name="0">
            <setting name="device" value="PWM2"/>
            <setting name="function" value="Value"/>
            <setting name="channel" value="0"/>
          </struct>
        </array>
      </struct>
      <struct name="76">
        <setting name="requestNumber" value="101"/>
        <setting name="id" value="kDmaRequestMuxFlexPWM2ValueSub1"/>
        <setting name="label" value="FlexPWM2 Value sub-module1"/>
        <setting name="dmamux_dev" value="DMAMUX"/>
        <array name="devices">
          <struct name="0">
            <setting name="device" value="PWM2"/>
            <setting name="function" value="Value"/>
            <setting name="channel" value="1"/>
          </struct>
        </array>
      </struct>
      <struct name="77">
        <setting name="requestNumber" value="102"/>
        <setting name="id" value="kDmaRequestMuxFlexPWM2ValueSub2"/>
        <setting name="label" value="FlexPWM2 Value sub-module2"/>
        <setting name="dmamux_dev" value="DMAMUX"/>
        <array name="devices">
          <struct name="0">
            <setting name="device" value="PWM2"/>
            <setting name="function" value="Value"/>
            <setting name="channel" value="2"/>
          </struct>
        </array>
      </struct>
      <struct name="78">
        <setting name="requestNumber" value="103"/>
        <setting name="id" value="kDmaRequestMuxFlexPWM2ValueSub3"/>
        <setting name="label" value="FlexPWM2 Value sub-module3"/>
        <setting name="dmamux_dev" value="DMAMUX"/>
        <array name="devices">
          <struct name="0">
            <setting name="device" value="PWM2"/>
            <setting name="function" value="Value"/>
            <setting name="channel" value="3"/>
          </struct>
        </array>
      </struct>
      <struct name="79">
        <setting name="requestNumber" value="112"/>
        <setting name="id" value="kDmaRequestMuxQTIMER2CaptTimer0"/>
        <setting name="label" value="TMR2 Capture timer 0"/>
        <setting name="dmamux_dev" value="DMAMUX"/>
        <array name="devices">
          <struct name="0">
            <setting name="device" value="TMR2"/>
            <setting name="function" value="Capt"/>
            <setting name="channel" value="0"/>
          </struct>
        </array>
      </struct>
      <struct name="80">
        <setting name="requestNumber" value="113"/>
        <setting name="id" value="kDmaRequestMuxQTIMER2CaptTimer1"/>
        <setting name="label" value="TMR2 Capture timer 1"/>
        <setting name="dmamux_dev" value="DMAMUX"/>
        <array name="devices">
          <struct name="0">
            <setting name="device" value="TMR2"/>
            <setting name="function" value="Capt"/>
            <setting name="channel" value="1"/>
          </struct>
        </array>
      </struct>
      <struct name="81">
        <setting name="requestNumber" value="114"/>
        <setting name="id" value="kDmaRequestMuxQTIMER2CaptTimer2"/>
        <setting name="label" value="TMR2 Capture timer 2"/>
        <setting name="dmamux_dev" value="DMAMUX"/>
        <array name="devices">
          <struct name="0">
            <setting name="device" value="TMR2"/>
            <setting name="function" value="Capt"/>
            <setting name="channel" value="2"/>
          </struct>
        </array>
      </struct>
      <struct name="82">
        <setting name="requestNumber" value="115"/>
        <setting name="id" value="kDmaRequestMuxQTIMER2CaptTimer3"/>
        <setting name="label" value="TMR2 Capture timer 3"/>
        <setting name="dmamux_dev" value="DMAMUX"/>
        <array name="devices">
          <struct name="0">
            <setting name="device" value="TMR2"/>
            <setting name="function" value="Capt"/>
            <setting name="channel" value="3"/>
          </struct>
        </array>
      </struct>
      <struct name="83">
        <setting name="requestNumber" value="116"/>
        <setting name="id" value="kDmaRequestMuxQTIMER2Cmpld1Timer0Cmpld2Timer1"/>
        <setting name="label" value="TMR2 cmpld1 in timer 0 or cmpld2 in timer 1"/>
        <setting name="dmamux_dev" value="DMAMUX"/>
        <array name="devices">
          <struct name="0">
            <setting name="device" value="TMR2"/>
            <setting name="function" value="Cmpld1"/>
            <setting name="channel" value="0"/>
          </struct>
          <struct name="1">
            <setting name="device" value="TMR2"/>
            <setting name="function" value="Cmpld2"/>
            <setting name="channel" value="1"/>
          </struct>
        </array>
      </struct>
      <struct name="84">
        <setting name="requestNumber" value="117"/>
        <setting name="id" value="kDmaRequestMuxQTIMER2Cmpld1Timer1Cmpld2Timer0"/>
        <setting name="label" value="TMR2 cmpld1 in timer 1 or cmpld2 in timer 0"/>
        <setting name="dmamux_dev" value="DMAMUX"/>
        <array name="devices">
          <struct name="0">
            <setting name="device" value="TMR2"/>
            <setting name="function" value="Cmpld1"/>
            <setting name="channel" value="1"/>
          </struct>
          <struct name="1">
            <setting name="device" value="TMR2"/>
            <setting name="function" value="Cmpld2"/>
            <setting name="channel" value="0"/>
          </struct>
        </array>
      </struct>
      <struct name="85">
        <setting name="requestNumber" value="118"/>
        <setting name="id" value="kDmaRequestMuxQTIMER2Cmpld1Timer2Cmpld2Timer3"/>
        <setting name="label" value="TMR2 cmpld1 in timer 2 or cmpld2 in timer 3"/>
        <setting name="dmamux_dev" value="DMAMUX"/>
        <array name="devices">
          <struct name="0">
            <setting name="device" value="TMR2"/>
            <setting name="function" value="Cmpld1"/>
            <setting name="channel" value="2"/>
          </struct>
          <struct name="1">
            <setting name="device" value="TMR2"/>
            <setting name="function" value="Cmpld2"/>
            <setting name="channel" value="3"/>
          </struct>
        </array>
      </struct>
      <struct name="86">
        <setting name="requestNumber" value="119"/>
        <setting name="id" value="kDmaRequestMuxQTIMER2Cmpld1Timer3Cmpld2Timer2"/>
        <setting name="label" value="TMR2 cmpld1 in timer 3 or cmpld2 in timer 2"/>
        <setting name="dmamux_dev" value="DMAMUX"/>
        <array name="devices">
          <struct name="0">
            <setting name="device" value="TMR2"/>
            <setting name="function" value="Cmpld1"/>
            <setting name="channel" value="3"/>
          </struct>
          <struct name="1">
            <setting name="device" value="TMR2"/>
            <setting name="function" value="Cmpld2"/>
            <setting name="channel" value="2"/>
          </struct>
        </array>
      </struct>
    </array>
  </data>
</resource:resource_table>