<?xml version="1.0"?>
<resource:resource_table xmlns:resource="http://swtools.freescale.net/XSD/resource/1.0" xmlns:xsi="http://www.w3.org/2001/XMLSchema-instance" xsi:schemaLocation="http://swtools.freescale.net/XSD/resource/1.0 http://swtools.freescale.net/XSD/resource/1.0/resource.xsd" id="interrupts">
  <user_types>
    <struct id="irq_dev" label="Device Info">
      <string id="id" label="Device ID"/>
      <string id="function" label="Device Function"/>
      <string id="channel" label="Device channel"/>
    </struct>
    <struct id="irq" label="Interrupt vector">
      <string id="id" label="Vector ID"/>
      <string id="handler_id" label="Interrupt Handler ID"/>
      <array id="devices" label="Devices information" type="irq_dev"/>
    </struct>
  </user_types>
  <definition>
    <array id="core0" label="Interrupt vector list" type="irq"/>
  </definition>
  <data>
    <array name="core0">
      <struct name="0">
        <setting name="id" value="DMA0_DMA16_IRQn"/>
        <setting name="handler_id" value="DMA0_DMA16_IRQHandler"/>
        <array name="devices">
          <struct name="0">
            <setting name="id" value="NVIC"/>
            <setting name="function" value="NVIC"/>
            <setting name="channel" value="0"/>
          </struct>
          <struct name="1">
            <setting name="id" value="DMA0"/>
            <setting name="function" value="DMA_CH_INT_DONE"/>
            <setting name="channel" value="0"/>
          </struct>
          <struct name="2">
            <setting name="id" value="DMA0"/>
            <setting name="function" value="DMA_CH_INT_DONE"/>
            <setting name="channel" value="16"/>
          </struct>
        </array>
      </struct>
      <struct name="1">
        <setting name="id" value="DMA1_DMA17_IRQn"/>
        <setting name="handler_id" value="DMA1_DMA17_IRQHandler"/>
        <array name="devices">
          <struct name="0">
            <setting name="id" value="NVIC"/>
            <setting name="function" value="NVIC"/>
            <setting name="channel" value="1"/>
          </struct>
          <struct name="1">
            <setting name="id" value="DMA0"/>
            <setting name="function" value="DMA_CH_INT_DONE"/>
            <setting name="channel" value="1"/>
          </struct>
          <struct name="2">
            <setting name="id" value="DMA0"/>
            <setting name="function" value="DMA_CH_INT_DONE"/>
            <setting name="channel" value="17"/>
          </struct>
        </array>
      </struct>
      <struct name="2">
        <setting name="id" value="DMA2_DMA18_IRQn"/>
        <setting name="handler_id" value="DMA2_DMA18_IRQHandler"/>
        <array name="devices">
          <struct name="0">
            <setting name="id" value="NVIC"/>
            <setting name="function" value="NVIC"/>
            <setting name="channel" value="2"/>
          </struct>
          <struct name="1">
            <setting name="id" value="DMA0"/>
            <setting name="function" value="DMA_CH_INT_DONE"/>
            <setting name="channel" value="2"/>
          </struct>
          <struct name="2">
            <setting name="id" value="DMA0"/>
            <setting name="function" value="DMA_CH_INT_DONE"/>
            <setting name="channel" value="18"/>
          </struct>
        </array>
      </struct>
      <struct name="3">
        <setting name="id" value="DMA3_DMA19_IRQn"/>
        <setting name="handler_id" value="DMA3_DMA19_IRQHandler"/>
        <array name="devices">
          <struct name="0">
            <setting name="id" value="NVIC"/>
            <setting name="function" value="NVIC"/>
            <setting name="channel" value="3"/>
          </struct>
          <struct name="1">
            <setting name="id" value="DMA0"/>
            <setting name="function" value="DMA_CH_INT_DONE"/>
            <setting name="channel" value="3"/>
          </struct>
          <struct name="2">
            <setting name="id" value="DMA0"/>
            <setting name="function" value="DMA_CH_INT_DONE"/>
            <setting name="channel" value="19"/>
          </struct>
        </array>
      </struct>
      <struct name="4">
        <setting name="id" value="DMA4_DMA20_IRQn"/>
        <setting name="handler_id" value="DMA4_DMA20_IRQHandler"/>
        <array name="devices">
          <struct name="0">
            <setting name="id" value="NVIC"/>
            <setting name="function" value="NVIC"/>
            <setting name="channel" value="4"/>
          </struct>
          <struct name="1">
            <setting name="id" value="DMA0"/>
            <setting name="function" value="DMA_CH_INT_DONE"/>
            <setting name="channel" value="4"/>
          </struct>
          <struct name="2">
            <setting name="id" value="DMA0"/>
            <setting name="function" value="DMA_CH_INT_DONE"/>
            <setting name="channel" value="20"/>
          </struct>
        </array>
      </struct>
      <struct name="5">
        <setting name="id" value="DMA5_DMA21_IRQn"/>
        <setting name="handler_id" value="DMA5_DMA21_IRQHandler"/>
        <array name="devices">
          <struct name="0">
            <setting name="id" value="NVIC"/>
            <setting name="function" value="NVIC"/>
            <setting name="channel" value="5"/>
          </struct>
          <struct name="1">
            <setting name="id" value="DMA0"/>
            <setting name="function" value="DMA_CH_INT_DONE"/>
            <setting name="channel" value="5"/>
          </struct>
          <struct name="2">
            <setting name="id" value="DMA0"/>
            <setting name="function" value="DMA_CH_INT_DONE"/>
            <setting name="channel" value="21"/>
          </struct>
        </array>
      </struct>
      <struct name="6">
        <setting name="id" value="DMA6_DMA22_IRQn"/>
        <setting name="handler_id" value="DMA6_DMA22_IRQHandler"/>
        <array name="devices">
          <struct name="0">
            <setting name="id" value="NVIC"/>
            <setting name="function" value="NVIC"/>
            <setting name="channel" value="6"/>
          </struct>
          <struct name="1">
            <setting name="id" value="DMA0"/>
            <setting name="function" value="DMA_CH_INT_DONE"/>
            <setting name="channel" value="6"/>
          </struct>
          <struct name="2">
            <setting name="id" value="DMA0"/>
            <setting name="function" value="DMA_CH_INT_DONE"/>
            <setting name="channel" value="22"/>
          </struct>
        </array>
      </struct>
      <struct name="7">
        <setting name="id" value="DMA7_DMA23_IRQn"/>
        <setting name="handler_id" value="DMA7_DMA23_IRQHandler"/>
        <array name="devices">
          <struct name="0">
            <setting name="id" value="NVIC"/>
            <setting name="function" value="NVIC"/>
            <setting name="channel" value="7"/>
          </struct>
          <struct name="1">
            <setting name="id" value="DMA0"/>
            <setting name="function" value="DMA_CH_INT_DONE"/>
            <setting name="channel" value="7"/>
          </struct>
          <struct name="2">
            <setting name="id" value="DMA0"/>
            <setting name="function" value="DMA_CH_INT_DONE"/>
            <setting name="channel" value="23"/>
          </struct>
        </array>
      </struct>
      <struct name="8">
        <setting name="id" value="DMA8_DMA24_IRQn"/>
        <setting name="handler_id" value="DMA8_DMA24_IRQHandler"/>
        <array name="devices">
          <struct name="0">
            <setting name="id" value="NVIC"/>
            <setting name="function" value="NVIC"/>
            <setting name="channel" value="8"/>
          </struct>
          <struct name="1">
            <setting name="id" value="DMA0"/>
            <setting name="function" value="DMA_CH_INT_DONE"/>
            <setting name="channel" value="8"/>
          </struct>
          <struct name="2">
            <setting name="id" value="DMA0"/>
            <setting name="function" value="DMA_CH_INT_DONE"/>
            <setting name="channel" value="24"/>
          </struct>
        </array>
      </struct>
      <struct name="9">
        <setting name="id" value="DMA9_DMA25_IRQn"/>
        <setting name="handler_id" value="DMA9_DMA25_IRQHandler"/>
        <array name="devices">
          <struct name="0">
            <setting name="id" value="NVIC"/>
            <setting name="function" value="NVIC"/>
            <setting name="channel" value="9"/>
          </struct>
          <struct name="1">
            <setting name="id" value="DMA0"/>
            <setting name="function" value="DMA_CH_INT_DONE"/>
            <setting name="channel" value="9"/>
          </struct>
          <struct name="2">
            <setting name="id" value="DMA0"/>
            <setting name="function" value="DMA_CH_INT_DONE"/>
            <setting name="channel" value="25"/>
          </struct>
        </array>
      </struct>
      <struct name="10">
        <setting name="id" value="DMA10_DMA26_IRQn"/>
        <setting name="handler_id" value="DMA10_DMA26_IRQHandler"/>
        <array name="devices">
          <struct name="0">
            <setting name="id" value="NVIC"/>
            <setting name="function" value="NVIC"/>
            <setting name="channel" value="10"/>
          </struct>
          <struct name="1">
            <setting name="id" value="DMA0"/>
            <setting name="function" value="DMA_CH_INT_DONE"/>
            <setting name="channel" value="10"/>
          </struct>
          <struct name="2">
            <setting name="id" value="DMA0"/>
            <setting name="function" value="DMA_CH_INT_DONE"/>
            <setting name="channel" value="26"/>
          </struct>
        </array>
      </struct>
      <struct name="11">
        <setting name="id" value="DMA11_DMA27_IRQn"/>
        <setting name="handler_id" value="DMA11_DMA27_IRQHandler"/>
        <array name="devices">
          <struct name="0">
            <setting name="id" value="NVIC"/>
            <setting name="function" value="NVIC"/>
            <setting name="channel" value="11"/>
          </struct>
          <struct name="1">
            <setting name="id" value="DMA0"/>
            <setting name="function" value="DMA_CH_INT_DONE"/>
            <setting name="channel" value="11"/>
          </struct>
          <struct name="2">
            <setting name="id" value="DMA0"/>
            <setting name="function" value="DMA_CH_INT_DONE"/>
            <setting name="channel" value="27"/>
          </struct>
        </array>
      </struct>
      <struct name="12">
        <setting name="id" value="DMA12_DMA28_IRQn"/>
        <setting name="handler_id" value="DMA12_DMA28_IRQHandler"/>
        <array name="devices">
          <struct name="0">
            <setting name="id" value="NVIC"/>
            <setting name="function" value="NVIC"/>
            <setting name="channel" value="12"/>
          </struct>
          <struct name="1">
            <setting name="id" value="DMA0"/>
            <setting name="function" value="DMA_CH_INT_DONE"/>
            <setting name="channel" value="12"/>
          </struct>
          <struct name="2">
            <setting name="id" value="DMA0"/>
            <setting name="function" value="DMA_CH_INT_DONE"/>
            <setting name="channel" value="28"/>
          </struct>
        </array>
      </struct>
      <struct name="13">
        <setting name="id" value="DMA13_DMA29_IRQn"/>
        <setting name="handler_id" value="DMA13_DMA29_IRQHandler"/>
        <array name="devices">
          <struct name="0">
            <setting name="id" value="NVIC"/>
            <setting name="function" value="NVIC"/>
            <setting name="channel" value="13"/>
          </struct>
          <struct name="1">
            <setting name="id" value="DMA0"/>
            <setting name="function" value="DMA_CH_INT_DONE"/>
            <setting name="channel" value="13"/>
          </struct>
          <struct name="2">
            <setting name="id" value="DMA0"/>
            <setting name="function" value="DMA_CH_INT_DONE"/>
            <setting name="channel" value="29"/>
          </struct>
        </array>
      </struct>
      <struct name="14">
        <setting name="id" value="DMA14_DMA30_IRQn"/>
        <setting name="handler_id" value="DMA14_DMA30_IRQHandler"/>
        <array name="devices">
          <struct name="0">
            <setting name="id" value="NVIC"/>
            <setting name="function" value="NVIC"/>
            <setting name="channel" value="14"/>
          </struct>
          <struct name="1">
            <setting name="id" value="DMA0"/>
            <setting name="function" value="DMA_CH_INT_DONE"/>
            <setting name="channel" value="14"/>
          </struct>
          <struct name="2">
            <setting name="id" value="DMA0"/>
            <setting name="function" value="DMA_CH_INT_DONE"/>
            <setting name="channel" value="30"/>
          </struct>
        </array>
      </struct>
      <struct name="15">
        <setting name="id" value="DMA15_DMA31_IRQn"/>
        <setting name="handler_id" value="DMA15_DMA31_IRQHandler"/>
        <array name="devices">
          <struct name="0">
            <setting name="id" value="NVIC"/>
            <setting name="function" value="NVIC"/>
            <setting name="channel" value="15"/>
          </struct>
          <struct name="1">
            <setting name="id" value="DMA0"/>
            <setting name="function" value="DMA_CH_INT_DONE"/>
            <setting name="channel" value="15"/>
          </struct>
          <struct name="2">
            <setting name="id" value="DMA0"/>
            <setting name="function" value="DMA_CH_INT_DONE"/>
            <setting name="channel" value="31"/>
          </struct>
        </array>
      </struct>
      <struct name="16">
        <setting name="id" value="DMA_ERROR_IRQn"/>
        <setting name="handler_id" value="DMA_ERROR_IRQHandler"/>
        <array name="devices">
          <struct name="0">
            <setting name="id" value="NVIC"/>
            <setting name="function" value="NVIC"/>
            <setting name="channel" value="16"/>
          </struct>
          <struct name="1">
            <setting name="id" value="DMA0"/>
            <setting name="function" value="DMA_INT_ERROR"/>
            <setting name="channel" value=""/>
          </struct>
        </array>
      </struct>
      <struct name="17">
        <setting name="id" value="CTI0_ERROR_IRQn"/>
        <setting name="handler_id" value="CTI0_ERROR_IRQHandler"/>
        <array name="devices">
          <struct name="0">
            <setting name="id" value="NVIC"/>
            <setting name="function" value="NVIC"/>
            <setting name="channel" value="17"/>
          </struct>
          <struct name="1">
            <setting name="id" value="CTI"/>
            <setting name="function" value="CTI_INT0"/>
            <setting name="channel" value=""/>
          </struct>
        </array>
      </struct>
      <struct name="18">
        <setting name="id" value="CTI1_ERROR_IRQn"/>
        <setting name="handler_id" value="CTI1_ERROR_IRQHandler"/>
        <array name="devices">
          <struct name="0">
            <setting name="id" value="NVIC"/>
            <setting name="function" value="NVIC"/>
            <setting name="channel" value="18"/>
          </struct>
          <struct name="1">
            <setting name="id" value="CTI"/>
            <setting name="function" value="CTI_INT1"/>
            <setting name="channel" value=""/>
          </struct>
        </array>
      </struct>
      <struct name="19">
        <setting name="id" value="CORE_IRQn"/>
        <setting name="handler_id" value="CORE_IRQHandler"/>
        <array name="devices">
          <struct name="0">
            <setting name="id" value="NVIC"/>
            <setting name="function" value="NVIC"/>
            <setting name="channel" value="19"/>
          </struct>
          <struct name="1">
            <setting name="id" value="CORE"/>
            <setting name="function" value="CORE_EXCEPTION"/>
            <setting name="channel" value=""/>
          </struct>
        </array>
      </struct>
      <struct name="20">
        <setting name="id" value="LPUART1_IRQn"/>
        <setting name="handler_id" value="LPUART1_IRQHandler"/>
        <array name="devices">
          <struct name="0">
            <setting name="id" value="NVIC"/>
            <setting name="function" value="NVIC"/>
            <setting name="channel" value="20"/>
          </struct>
          <struct name="1">
            <setting name="id" value="LPUART1"/>
            <setting name="function" value="serial_rx_tx"/>
            <setting name="channel" value=""/>
          </struct>
          <struct name="2">
            <setting name="id" value="LPUART1"/>
            <setting name="function" value="serial_match"/>
            <setting name="channel" value=""/>
          </struct>
        </array>
      </struct>
      <struct name="21">
        <setting name="id" value="LPUART2_IRQn"/>
        <setting name="handler_id" value="LPUART2_IRQHandler"/>
        <array name="devices">
          <struct name="0">
            <setting name="id" value="NVIC"/>
            <setting name="function" value="NVIC"/>
            <setting name="channel" value="21"/>
          </struct>
          <struct name="1">
            <setting name="id" value="LPUART2"/>
            <setting name="function" value="serial_rx_tx"/>
            <setting name="channel" value=""/>
          </struct>
          <struct name="2">
            <setting name="id" value="LPUART2"/>
            <setting name="function" value="serial_match"/>
            <setting name="channel" value=""/>
          </struct>
        </array>
      </struct>
      <struct name="22">
        <setting name="id" value="LPUART3_IRQn"/>
        <setting name="handler_id" value="LPUART3_IRQHandler"/>
        <array name="devices">
          <struct name="0">
            <setting name="id" value="NVIC"/>
            <setting name="function" value="NVIC"/>
            <setting name="channel" value="22"/>
          </struct>
          <struct name="1">
            <setting name="id" value="LPUART3"/>
            <setting name="function" value="serial_rx_tx"/>
            <setting name="channel" value=""/>
          </struct>
          <struct name="2">
            <setting name="id" value="LPUART3"/>
            <setting name="function" value="serial_match"/>
            <setting name="channel" value=""/>
          </struct>
        </array>
      </struct>
      <struct name="23">
        <setting name="id" value="LPUART4_IRQn"/>
        <setting name="handler_id" value="LPUART4_IRQHandler"/>
        <array name="devices">
          <struct name="0">
            <setting name="id" value="NVIC"/>
            <setting name="function" value="NVIC"/>
            <setting name="channel" value="23"/>
          </struct>
          <struct name="1">
            <setting name="id" value="LPUART4"/>
            <setting name="function" value="serial_rx_tx"/>
            <setting name="channel" value=""/>
          </struct>
          <struct name="2">
            <setting name="id" value="LPUART4"/>
            <setting name="function" value="serial_match"/>
            <setting name="channel" value=""/>
          </struct>
        </array>
      </struct>
      <struct name="24">
        <setting name="id" value="LPUART5_IRQn"/>
        <setting name="handler_id" value="LPUART5_IRQHandler"/>
        <array name="devices">
          <struct name="0">
            <setting name="id" value="NVIC"/>
            <setting name="function" value="NVIC"/>
            <setting name="channel" value="24"/>
          </struct>
          <struct name="1">
            <setting name="id" value="LPUART5"/>
            <setting name="function" value="serial_rx_tx"/>
            <setting name="channel" value=""/>
          </struct>
          <struct name="2">
            <setting name="id" value="LPUART5"/>
            <setting name="function" value="serial_match"/>
            <setting name="channel" value=""/>
          </struct>
        </array>
      </struct>
      <struct name="25">
        <setting name="id" value="LPUART6_IRQn"/>
        <setting name="handler_id" value="LPUART6_IRQHandler"/>
        <array name="devices">
          <struct name="0">
            <setting name="id" value="NVIC"/>
            <setting name="function" value="NVIC"/>
            <setting name="channel" value="25"/>
          </struct>
          <struct name="1">
            <setting name="id" value="LPUART6"/>
            <setting name="function" value="serial_rx_tx"/>
            <setting name="channel" value=""/>
          </struct>
          <struct name="2">
            <setting name="id" value="LPUART6"/>
            <setting name="function" value="serial_match"/>
            <setting name="channel" value=""/>
          </struct>
        </array>
      </struct>
      <struct name="26">
        <setting name="id" value="LPUART7_IRQn"/>
        <setting name="handler_id" value="LPUART7_IRQHandler"/>
        <array name="devices">
          <struct name="0">
            <setting name="id" value="NVIC"/>
            <setting name="function" value="NVIC"/>
            <setting name="channel" value="26"/>
          </struct>
          <struct name="1">
            <setting name="id" value="LPUART7"/>
            <setting name="function" value="serial_rx_tx"/>
            <setting name="channel" value=""/>
          </struct>
          <struct name="2">
            <setting name="id" value="LPUART7"/>
            <setting name="function" value="serial_match"/>
            <setting name="channel" value=""/>
          </struct>
        </array>
      </struct>
      <struct name="27">
        <setting name="id" value="LPUART8_IRQn"/>
        <setting name="handler_id" value="LPUART8_IRQHandler"/>
        <array name="devices">
          <struct name="0">
            <setting name="id" value="NVIC"/>
            <setting name="function" value="NVIC"/>
            <setting name="channel" value="27"/>
          </struct>
          <struct name="1">
            <setting name="id" value="LPUART8"/>
            <setting name="function" value="serial_rx_tx"/>
            <setting name="channel" value=""/>
          </struct>
          <struct name="2">
            <setting name="id" value="LPUART8"/>
            <setting name="function" value="serial_match"/>
            <setting name="channel" value=""/>
          </struct>
        </array>
      </struct>
      <struct name="28">
        <setting name="id" value="LPI2C1_IRQn"/>
        <setting name="handler_id" value="LPI2C1_IRQHandler"/>
        <array name="devices">
          <struct name="0">
            <setting name="id" value="NVIC"/>
            <setting name="function" value="NVIC"/>
            <setting name="channel" value="28"/>
          </struct>
          <struct name="1">
            <setting name="id" value="LPI2C1"/>
            <setting name="function" value="iic"/>
            <setting name="channel" value=""/>
          </struct>
        </array>
      </struct>
      <struct name="29">
        <setting name="id" value="LPI2C2_IRQn"/>
        <setting name="handler_id" value="LPI2C2_IRQHandler"/>
        <array name="devices">
          <struct name="0">
            <setting name="id" value="NVIC"/>
            <setting name="function" value="NVIC"/>
            <setting name="channel" value="29"/>
          </struct>
          <struct name="1">
            <setting name="id" value="LPI2C2"/>
            <setting name="function" value="iic"/>
            <setting name="channel" value=""/>
          </struct>
        </array>
      </struct>
      <struct name="30">
        <setting name="id" value="LPI2C3_IRQn"/>
        <setting name="handler_id" value="LPI2C3_IRQHandler"/>
        <array name="devices">
          <struct name="0">
            <setting name="id" value="NVIC"/>
            <setting name="function" value="NVIC"/>
            <setting name="channel" value="30"/>
          </struct>
          <struct name="1">
            <setting name="id" value="LPI2C3"/>
            <setting name="function" value="iic"/>
            <setting name="channel" value=""/>
          </struct>
        </array>
      </struct>
      <struct name="31">
        <setting name="id" value="LPI2C4_IRQn"/>
        <setting name="handler_id" value="LPI2C4_IRQHandler"/>
        <array name="devices">
          <struct name="0">
            <setting name="id" value="NVIC"/>
            <setting name="function" value="NVIC"/>
            <setting name="channel" value="31"/>
          </struct>
          <struct name="1">
            <setting name="id" value="LPI2C4"/>
            <setting name="function" value="iic"/>
            <setting name="channel" value=""/>
          </struct>
        </array>
      </struct>
      <struct name="32">
        <setting name="id" value="LPSPI1_IRQn"/>
        <setting name="handler_id" value="LPSPI1_IRQHandler"/>
        <array name="devices">
          <struct name="0">
            <setting name="id" value="NVIC"/>
            <setting name="function" value="NVIC"/>
            <setting name="channel" value="32"/>
          </struct>
          <struct name="1">
            <setting name="id" value="LPSPI1"/>
            <setting name="function" value="lpspi"/>
            <setting name="channel" value=""/>
          </struct>
        </array>
      </struct>
      <struct name="33">
        <setting name="id" value="LPSPI2_IRQn"/>
        <setting name="handler_id" value="LPSPI2_IRQHandler"/>
        <array name="devices">
          <struct name="0">
            <setting name="id" value="NVIC"/>
            <setting name="function" value="NVIC"/>
            <setting name="channel" value="33"/>
          </struct>
          <struct name="1">
            <setting name="id" value="LPSPI2"/>
            <setting name="function" value="lpspi"/>
            <setting name="channel" value=""/>
          </struct>
        </array>
      </struct>
      <struct name="34">
        <setting name="id" value="LPSPI3_IRQn"/>
        <setting name="handler_id" value="LPSPI3_IRQHandler"/>
        <array name="devices">
          <struct name="0">
            <setting name="id" value="NVIC"/>
            <setting name="function" value="NVIC"/>
            <setting name="channel" value="34"/>
          </struct>
          <struct name="1">
            <setting name="id" value="LPSPI3"/>
            <setting name="function" value="lpspi"/>
            <setting name="channel" value=""/>
          </struct>
        </array>
      </struct>
      <struct name="35">
        <setting name="id" value="LPSPI4_IRQn"/>
        <setting name="handler_id" value="LPSPI4_IRQHandler"/>
        <array name="devices">
          <struct name="0">
            <setting name="id" value="NVIC"/>
            <setting name="function" value="NVIC"/>
            <setting name="channel" value="35"/>
          </struct>
          <struct name="1">
            <setting name="id" value="LPSPI4"/>
            <setting name="function" value="lpspi"/>
            <setting name="channel" value=""/>
          </struct>
        </array>
      </struct>
      <struct name="36">
        <setting name="id" value="CAN1_IRQn"/>
        <setting name="handler_id" value="CAN1_IRQHandler"/>
        <array name="devices">
          <struct name="0">
            <setting name="id" value="NVIC"/>
            <setting name="function" value="NVIC"/>
            <setting name="channel" value="36"/>
          </struct>
          <struct name="1">
            <setting name="id" value="CAN1"/>
            <setting name="function" value="flexcan"/>
            <setting name="channel" value=""/>
          </struct>
          <struct name="2">
            <setting name="id" value="CAN1"/>
            <setting name="function" value="can_ored_mb"/>
            <setting name="channel" value=""/>
          </struct>
        </array>
      </struct>
      <struct name="37">
        <setting name="id" value="CAN2_IRQn"/>
        <setting name="handler_id" value="CAN2_IRQHandler"/>
        <array name="devices">
          <struct name="0">
            <setting name="id" value="NVIC"/>
            <setting name="function" value="NVIC"/>
            <setting name="channel" value="37"/>
          </struct>
          <struct name="1">
            <setting name="id" value="CAN2"/>
            <setting name="function" value="flexcan"/>
            <setting name="channel" value=""/>
          </struct>
          <struct name="2">
            <setting name="id" value="CAN2"/>
            <setting name="function" value="can_ored_mb"/>
            <setting name="channel" value=""/>
          </struct>
        </array>
      </struct>
      <struct name="38">
        <setting name="id" value="FLEXRAM_IRQn"/>
        <setting name="handler_id" value="FLEXRAM_IRQHandler"/>
        <array name="devices">
          <struct name="0">
            <setting name="id" value="NVIC"/>
            <setting name="function" value="NVIC"/>
            <setting name="channel" value="38"/>
          </struct>
          <struct name="1">
            <setting name="id" value="FLEXRAM"/>
            <setting name="function" value="flexram"/>
            <setting name="channel" value=""/>
          </struct>
        </array>
      </struct>
      <struct name="39">
        <setting name="id" value="KPP_IRQn"/>
        <setting name="handler_id" value="KPP_IRQHandler"/>
        <array name="devices">
          <struct name="0">
            <setting name="id" value="NVIC"/>
            <setting name="function" value="NVIC"/>
            <setting name="channel" value="39"/>
          </struct>
          <struct name="1">
            <setting name="id" value="KPP"/>
            <setting name="function" value="kpp"/>
            <setting name="channel" value=""/>
          </struct>
        </array>
      </struct>
      <struct name="40">
        <setting name="id" value="Reserved56_IRQn"/>
        <setting name="handler_id" value="Reserved56_IRQHandler"/>
        <array name="devices">
          <struct name="0">
            <setting name="id" value="NVIC"/>
            <setting name="function" value="NVIC"/>
            <setting name="channel" value="40"/>
          </struct>
          <struct name="1">
            <setting name="id" value=""/>
            <setting name="function" value="reserved"/>
            <setting name="channel" value=""/>
          </struct>
        </array>
      </struct>
      <struct name="41">
        <setting name="id" value="GPR_IRQ_IRQn"/>
        <setting name="handler_id" value="GPR_IRQ_IRQHandler"/>
        <array name="devices">
          <struct name="0">
            <setting name="id" value="NVIC"/>
            <setting name="function" value="NVIC"/>
            <setting name="channel" value="41"/>
          </struct>
          <struct name="1">
            <setting name="id" value="GPR"/>
            <setting name="function" value="gpr"/>
            <setting name="channel" value=""/>
          </struct>
        </array>
      </struct>
      <struct name="42">
        <setting name="id" value="Reserved58_IRQn"/>
        <setting name="handler_id" value="Reserved58_IRQHandler"/>
        <array name="devices">
          <struct name="0">
            <setting name="id" value="NVIC"/>
            <setting name="function" value="NVIC"/>
            <setting name="channel" value="42"/>
          </struct>
          <struct name="1">
            <setting name="id" value=""/>
            <setting name="function" value="reserved"/>
            <setting name="channel" value=""/>
          </struct>
        </array>
      </struct>
      <struct name="43">
        <setting name="id" value="Reserved59_IRQn"/>
        <setting name="handler_id" value="Reserved59_IRQHandler"/>
        <array name="devices">
          <struct name="0">
            <setting name="id" value="NVIC"/>
            <setting name="function" value="NVIC"/>
            <setting name="channel" value="43"/>
          </struct>
          <struct name="1">
            <setting name="id" value=""/>
            <setting name="function" value="reserved"/>
            <setting name="channel" value=""/>
          </struct>
        </array>
      </struct>
      <struct name="44">
        <setting name="id" value="Reserved60_IRQn"/>
        <setting name="handler_id" value="Reserved60_IRQHandler"/>
        <array name="devices">
          <struct name="0">
            <setting name="id" value="NVIC"/>
            <setting name="function" value="NVIC"/>
            <setting name="channel" value="44"/>
          </struct>
          <struct name="1">
            <setting name="id" value=""/>
            <setting name="function" value="reserved"/>
            <setting name="channel" value=""/>
          </struct>
        </array>
      </struct>
      <struct name="45">
        <setting name="id" value="WDOG2_IRQn"/>
        <setting name="handler_id" value="WDOG2_IRQHandler"/>
        <array name="devices">
          <struct name="0">
            <setting name="id" value="NVIC"/>
            <setting name="function" value="NVIC"/>
            <setting name="channel" value="45"/>
          </struct>
          <struct name="1">
            <setting name="id" value="WDOG2"/>
            <setting name="function" value="wdog"/>
            <setting name="channel" value=""/>
          </struct>
        </array>
      </struct>
      <struct name="46">
        <setting name="id" value="SNVS_HP_WRAPPER_IRQn"/>
        <setting name="handler_id" value="SNVS_HP_WRAPPER_IRQHandler"/>
        <array name="devices">
          <struct name="0">
            <setting name="id" value="NVIC"/>
            <setting name="function" value="NVIC"/>
            <setting name="channel" value="46"/>
          </struct>
          <struct name="1">
            <setting name="id" value="SNVS"/>
            <setting name="function" value="snvs_consolidated"/>
            <setting name="channel" value=""/>
          </struct>
        </array>
      </struct>
      <struct name="47">
        <setting name="id" value="SNVS_HP_WRAPPER_TZ_IRQn"/>
        <setting name="handler_id" value="SNVS_HP_WRAPPER_TZ_IRQHandler"/>
        <array name="devices">
          <struct name="0">
            <setting name="id" value="NVIC"/>
            <setting name="function" value="NVIC"/>
            <setting name="channel" value="47"/>
          </struct>
          <struct name="1">
            <setting name="id" value="SNVS"/>
            <setting name="function" value="snvs_security"/>
            <setting name="channel" value=""/>
          </struct>
        </array>
      </struct>
      <struct name="48">
        <setting name="id" value="SNVS_LP_HP_WRAPPER_IRQn"/>
        <setting name="handler_id" value="SNVS_LP_HP_WRAPPER_IRQHandler"/>
        <array name="devices">
          <struct name="0">
            <setting name="id" value="NVIC"/>
            <setting name="function" value="NVIC"/>
            <setting name="channel" value="48"/>
          </struct>
          <struct name="1">
            <setting name="id" value="SNVS"/>
            <setting name="function" value="snvs"/>
            <setting name="channel" value=""/>
          </struct>
        </array>
      </struct>
      <struct name="49">
        <setting name="id" value="CSU_IRQn"/>
        <setting name="handler_id" value="CSU_IRQHandler"/>
        <array name="devices">
          <struct name="0">
            <setting name="id" value="NVIC"/>
            <setting name="function" value="NVIC"/>
            <setting name="channel" value="49"/>
          </struct>
          <struct name="1">
            <setting name="id" value="CSU"/>
            <setting name="function" value="csu"/>
            <setting name="channel" value=""/>
          </struct>
        </array>
      </struct>
      <struct name="50">
        <setting name="id" value="DCP_IRQn"/>
        <setting name="handler_id" value="DCP_IRQHandler"/>
        <array name="devices">
          <struct name="0">
            <setting name="id" value="NVIC"/>
            <setting name="function" value="NVIC"/>
            <setting name="channel" value="50"/>
          </struct>
          <struct name="1">
            <setting name="id" value="DCP"/>
            <setting name="function" value="dcp"/>
            <setting name="channel" value=""/>
          </struct>
        </array>
      </struct>
      <struct name="51">
        <setting name="id" value="DCP_VMI_IRQn"/>
        <setting name="handler_id" value="DCP_VMI_IRQHandler"/>
        <array name="devices">
          <struct name="0">
            <setting name="id" value="NVIC"/>
            <setting name="function" value="NVIC"/>
            <setting name="channel" value="51"/>
          </struct>
          <struct name="1">
            <setting name="id" value="DCP"/>
            <setting name="function" value="dcp_vmi"/>
            <setting name="channel" value=""/>
          </struct>
        </array>
      </struct>
      <struct name="52">
        <setting name="id" value="Reserved68_IRQn"/>
        <setting name="handler_id" value="Reserved68_IRQHandler"/>
        <array name="devices">
          <struct name="0">
            <setting name="id" value="NVIC"/>
            <setting name="function" value="NVIC"/>
            <setting name="channel" value="52"/>
          </struct>
          <struct name="1">
            <setting name="id" value=""/>
            <setting name="function" value="reserved"/>
            <setting name="channel" value=""/>
          </struct>
        </array>
      </struct>
      <struct name="53">
        <setting name="id" value="TRNG_IRQn"/>
        <setting name="handler_id" value="TRNG_IRQHandler"/>
        <array name="devices">
          <struct name="0">
            <setting name="id" value="NVIC"/>
            <setting name="function" value="NVIC"/>
            <setting name="channel" value="53"/>
          </struct>
          <struct name="1">
            <setting name="id" value="TRNG"/>
            <setting name="function" value="trng"/>
            <setting name="channel" value=""/>
          </struct>
        </array>
      </struct>
      <struct name="54">
        <setting name="id" value="Reserved70_IRQn"/>
        <setting name="handler_id" value="Reserved70_IRQHandler"/>
        <array name="devices"/>
      </struct>
      <struct name="55">
        <setting name="id" value="BEE_IRQn"/>
        <setting name="handler_id" value="BEE_IRQHandler"/>
        <array name="devices">
          <struct name="0">
            <setting name="id" value="NVIC"/>
            <setting name="function" value="NVIC"/>
            <setting name="channel" value="55"/>
          </struct>
          <struct name="1">
            <setting name="id" value="BEE"/>
            <setting name="function" value="bee"/>
            <setting name="channel" value=""/>
          </struct>
        </array>
      </struct>
      <struct name="56">
        <setting name="id" value="SAI1_IRQn"/>
        <setting name="handler_id" value="SAI1_IRQHandler"/>
        <array name="devices">
          <struct name="0">
            <setting name="id" value="NVIC"/>
            <setting name="function" value="NVIC"/>
            <setting name="channel" value="56"/>
          </struct>
          <struct name="1">
            <setting name="id" value="SAI1"/>
            <setting name="function" value="serial_tx"/>
            <setting name="channel" value=""/>
          </struct>
          <struct name="2">
            <setting name="id" value="SAI1"/>
            <setting name="function" value="serial_rx"/>
            <setting name="channel" value=""/>
          </struct>
        </array>
      </struct>
      <struct name="57">
        <setting name="id" value="SAI2_IRQn"/>
        <setting name="handler_id" value="SAI2_IRQHandler"/>
        <array name="devices">
          <struct name="0">
            <setting name="id" value="NVIC"/>
            <setting name="function" value="NVIC"/>
            <setting name="channel" value="57"/>
          </struct>
          <struct name="1">
            <setting name="id" value="SAI2"/>
            <setting name="function" value="serial_tx"/>
            <setting name="channel" value=""/>
          </struct>
          <struct name="2">
            <setting name="id" value="SAI2"/>
            <setting name="function" value="serial_rx"/>
            <setting name="channel" value=""/>
          </struct>
        </array>
      </struct>
      <struct name="58">
        <setting name="id" value="SAI3_RX_IRQn"/>
        <setting name="handler_id" value="SAI3_RX_IRQHandler"/>
        <array name="devices">
          <struct name="0">
            <setting name="id" value="NVIC"/>
            <setting name="function" value="NVIC"/>
            <setting name="channel" value="58"/>
          </struct>
          <struct name="1">
            <setting name="id" value="SAI3"/>
            <setting name="function" value="serial_rx"/>
            <setting name="channel" value=""/>
          </struct>
        </array>
      </struct>
      <struct name="59">
        <setting name="id" value="SAI3_TX_IRQn"/>
        <setting name="handler_id" value="SAI3_TX_IRQHandler"/>
        <array name="devices">
          <struct name="0">
            <setting name="id" value="NVIC"/>
            <setting name="function" value="NVIC"/>
            <setting name="channel" value="59"/>
          </struct>
          <struct name="1">
            <setting name="id" value="SAI3"/>
            <setting name="function" value="serial_tx"/>
            <setting name="channel" value=""/>
          </struct>
        </array>
      </struct>
      <struct name="60">
        <setting name="id" value="SPDIF_IRQn"/>
        <setting name="handler_id" value="SPDIF_IRQHandler"/>
        <array name="devices">
          <struct name="0">
            <setting name="id" value="NVIC"/>
            <setting name="function" value="NVIC"/>
            <setting name="channel" value="60"/>
          </struct>
          <struct name="1">
            <setting name="id" value="SPDIF"/>
            <setting name="function" value="spdif"/>
            <setting name="channel" value=""/>
          </struct>
        </array>
      </struct>
      <struct name="61">
        <setting name="id" value="PMU_IRQn"/>
        <setting name="handler_id" value="PMU_IRQHandler"/>
        <array name="devices">
          <struct name="0">
            <setting name="id" value="NVIC"/>
            <setting name="function" value="NVIC"/>
            <setting name="channel" value="61"/>
          </struct>
          <struct name="1">
            <setting name="id" value="PMU"/>
            <setting name="function" value="pmu"/>
            <setting name="channel" value=""/>
          </struct>
        </array>
      </struct>
      <struct name="62">
        <setting name="id" value="Reserved78_IRQn"/>
        <setting name="handler_id" value="Reserved78_IRQHandler"/>
        <array name="devices">
          <struct name="0">
            <setting name="id" value="NVIC"/>
            <setting name="function" value="NVIC"/>
            <setting name="channel" value="62"/>
          </struct>
          <struct name="1">
            <setting name="id" value=""/>
            <setting name="function" value="reserved"/>
            <setting name="channel" value=""/>
          </struct>
        </array>
      </struct>
      <struct name="63">
        <setting name="id" value="TEMP_LOW_HIGH_IRQn"/>
        <setting name="handler_id" value="TEMP_LOW_HIGH_IRQHandler"/>
        <array name="devices">
          <struct name="0">
            <setting name="id" value="NVIC"/>
            <setting name="function" value="NVIC"/>
            <setting name="channel" value="63"/>
          </struct>
          <struct name="1">
            <setting name="id" value="TEMPMON"/>
            <setting name="function" value="tempmon_low_high"/>
            <setting name="channel" value=""/>
          </struct>
        </array>
      </struct>
      <struct name="64">
        <setting name="id" value="TEMP_PANIC_IRQn"/>
        <setting name="handler_id" value="TEMP_PANIC_IRQHandler"/>
        <array name="devices">
          <struct name="0">
            <setting name="id" value="NVIC"/>
            <setting name="function" value="NVIC"/>
            <setting name="channel" value="64"/>
          </struct>
          <struct name="1">
            <setting name="id" value="TEMPMON"/>
            <setting name="function" value="tempmon_panic"/>
            <setting name="channel" value=""/>
          </struct>
        </array>
      </struct>
      <struct name="65">
        <setting name="id" value="USB_PHY_IRQn"/>
        <setting name="handler_id" value="USB_PHY_IRQHandler"/>
        <array name="devices">
          <struct name="0">
            <setting name="id" value="NVIC"/>
            <setting name="function" value="NVIC"/>
            <setting name="channel" value="65"/>
          </struct>
          <struct name="1">
            <setting name="id" value="USBPHY"/>
            <setting name="function" value="usbphy"/>
            <setting name="channel" value=""/>
          </struct>
        </array>
      </struct>
      <struct name="66">
        <setting name="id" value="Reserved82_IRQn"/>
        <setting name="handler_id" value="Reserved82_IRQHandler"/>
        <array name="devices">
          <struct name="0">
            <setting name="id" value="NVIC"/>
            <setting name="function" value="NVIC"/>
            <setting name="channel" value="66"/>
          </struct>
          <struct name="1">
            <setting name="id" value=""/>
            <setting name="function" value="reserved"/>
            <setting name="channel" value=""/>
          </struct>
        </array>
      </struct>
      <struct name="67">
        <setting name="id" value="ADC1_IRQn"/>
        <setting name="handler_id" value="ADC1_IRQHandler"/>
        <array name="devices">
          <struct name="0">
            <setting name="id" value="NVIC"/>
            <setting name="function" value="NVIC"/>
            <setting name="channel" value="67"/>
          </struct>
          <struct name="1">
            <setting name="id" value="ADC1"/>
            <setting name="function" value="adc"/>
            <setting name="channel" value=""/>
          </struct>
        </array>
      </struct>
      <struct name="68">
        <setting name="id" value="ADC2_IRQn"/>
        <setting name="handler_id" value="ADC2_IRQHandler"/>
        <array name="devices">
          <struct name="0">
            <setting name="id" value="NVIC"/>
            <setting name="function" value="NVIC"/>
            <setting name="channel" value="68"/>
          </struct>
          <struct name="1">
            <setting name="id" value="ADC2"/>
            <setting name="function" value="adc"/>
            <setting name="channel" value=""/>
          </struct>
        </array>
      </struct>
      <struct name="69">
        <setting name="id" value="DCDC_IRQn"/>
        <setting name="handler_id" value="DCDC_IRQHandler"/>
        <array name="devices">
          <struct name="0">
            <setting name="id" value="NVIC"/>
            <setting name="function" value="NVIC"/>
            <setting name="channel" value="69"/>
          </struct>
          <struct name="1">
            <setting name="id" value="DCDC"/>
            <setting name="function" value="dcdc"/>
            <setting name="channel" value=""/>
          </struct>
        </array>
      </struct>
      <struct name="70">
        <setting name="id" value="Reserved86_IRQn"/>
        <setting name="handler_id" value="Reserved86_IRQHandler"/>
        <array name="devices">
          <struct name="0">
            <setting name="id" value="NVIC"/>
            <setting name="function" value="NVIC"/>
            <setting name="channel" value="70"/>
          </struct>
          <struct name="1">
            <setting name="id" value=""/>
            <setting name="function" value="reserved"/>
            <setting name="channel" value=""/>
          </struct>
        </array>
      </struct>
      <struct name="71">
        <setting name="id" value="Reserved87_IRQn"/>
        <setting name="handler_id" value="Reserved87_IRQHandler"/>
        <array name="devices">
          <struct name="0">
            <setting name="id" value="NVIC"/>
            <setting name="function" value="NVIC"/>
            <setting name="channel" value="71"/>
          </struct>
          <struct name="1">
            <setting name="id" value=""/>
            <setting name="function" value="reserved"/>
            <setting name="channel" value=""/>
          </struct>
        </array>
      </struct>
      <struct name="72">
        <setting name="id" value="GPIO1_INT0_IRQn"/>
        <setting name="handler_id" value="GPIO1_INT0_IRQHandler"/>
        <array name="devices">
          <struct name="0">
            <setting name="id" value="NVIC"/>
            <setting name="function" value="NVIC"/>
            <setting name="channel" value="72"/>
          </struct>
          <struct name="1">
            <setting name="id" value="GPIO1"/>
            <setting name="function" value="gpio_int0"/>
            <setting name="channel" value=""/>
          </struct>
        </array>
      </struct>
      <struct name="73">
        <setting name="id" value="GPIO1_INT1_IRQn"/>
        <setting name="handler_id" value="GPIO1_INT1_IRQHandler"/>
        <array name="devices">
          <struct name="0">
            <setting name="id" value="NVIC"/>
            <setting name="function" value="NVIC"/>
            <setting name="channel" value="73"/>
          </struct>
          <struct name="1">
            <setting name="id" value="GPIO1"/>
            <setting name="function" value="gpio_int1"/>
            <setting name="channel" value=""/>
          </struct>
        </array>
      </struct>
      <struct name="74">
        <setting name="id" value="GPIO1_INT2_IRQn"/>
        <setting name="handler_id" value="GPIO1_INT2_IRQHandler"/>
        <array name="devices">
          <struct name="0">
            <setting name="id" value="NVIC"/>
            <setting name="function" value="NVIC"/>
            <setting name="channel" value="74"/>
          </struct>
          <struct name="1">
            <setting name="id" value="GPIO1"/>
            <setting name="function" value="gpio_int2"/>
            <setting name="channel" value=""/>
          </struct>
        </array>
      </struct>
      <struct name="75">
        <setting name="id" value="GPIO1_INT3_IRQn"/>
        <setting name="handler_id" value="GPIO1_INT3_IRQHandler"/>
        <array name="devices">
          <struct name="0">
            <setting name="id" value="NVIC"/>
            <setting name="function" value="NVIC"/>
            <setting name="channel" value="75"/>
          </struct>
          <struct name="1">
            <setting name="id" value="GPIO1"/>
            <setting name="function" value="gpio_int3"/>
            <setting name="channel" value=""/>
          </struct>
        </array>
      </struct>
      <struct name="76">
        <setting name="id" value="GPIO1_INT4_IRQn"/>
        <setting name="handler_id" value="GPIO1_INT4_IRQHandler"/>
        <array name="devices">
          <struct name="0">
            <setting name="id" value="NVIC"/>
            <setting name="function" value="NVIC"/>
            <setting name="channel" value="76"/>
          </struct>
          <struct name="1">
            <setting name="id" value="GPIO1"/>
            <setting name="function" value="gpio_int4"/>
            <setting name="channel" value=""/>
          </struct>
        </array>
      </struct>
      <struct name="77">
        <setting name="id" value="GPIO1_INT5_IRQn"/>
        <setting name="handler_id" value="GPIO1_INT5_IRQHandler"/>
        <array name="devices">
          <struct name="0">
            <setting name="id" value="NVIC"/>
            <setting name="function" value="NVIC"/>
            <setting name="channel" value="77"/>
          </struct>
          <struct name="1">
            <setting name="id" value="GPIO1"/>
            <setting name="function" value="gpio_int5"/>
            <setting name="channel" value=""/>
          </struct>
        </array>
      </struct>
      <struct name="78">
        <setting name="id" value="GPIO1_INT6_IRQn"/>
        <setting name="handler_id" value="GPIO1_INT6_IRQHandler"/>
        <array name="devices">
          <struct name="0">
            <setting name="id" value="NVIC"/>
            <setting name="function" value="NVIC"/>
            <setting name="channel" value="78"/>
          </struct>
          <struct name="1">
            <setting name="id" value="GPIO1"/>
            <setting name="function" value="gpio_int6"/>
            <setting name="channel" value=""/>
          </struct>
        </array>
      </struct>
      <struct name="79">
        <setting name="id" value="GPIO1_INT7_IRQn"/>
        <setting name="handler_id" value="GPIO1_INT7_IRQHandler"/>
        <array name="devices">
          <struct name="0">
            <setting name="id" value="NVIC"/>
            <setting name="function" value="NVIC"/>
            <setting name="channel" value="79"/>
          </struct>
          <struct name="1">
            <setting name="id" value="GPIO1"/>
            <setting name="function" value="gpio_int7"/>
            <setting name="channel" value=""/>
          </struct>
        </array>
      </struct>
      <struct name="80">
        <setting name="id" value="GPIO1_Combined_0_15_IRQn"/>
        <setting name="handler_id" value="GPIO1_Combined_0_15_IRQHandler"/>
        <array name="devices">
          <struct name="0">
            <setting name="id" value="NVIC"/>
            <setting name="function" value="NVIC"/>
            <setting name="channel" value="80"/>
          </struct>
          <struct name="1">
            <setting name="id" value="GPIO1"/>
            <setting name="function" value="gpio_combined_low"/>
            <setting name="channel" value=""/>
          </struct>
        </array>
      </struct>
      <struct name="81">
        <setting name="id" value="GPIO1_Combined_16_31_IRQn"/>
        <setting name="handler_id" value="GPIO1_Combined_16_31_IRQHandler"/>
        <array name="devices">
          <struct name="0">
            <setting name="id" value="NVIC"/>
            <setting name="function" value="NVIC"/>
            <setting name="channel" value="81"/>
          </struct>
          <struct name="1">
            <setting name="id" value="GPIO1"/>
            <setting name="function" value="gpio_combined_high"/>
            <setting name="channel" value=""/>
          </struct>
        </array>
      </struct>
      <struct name="82">
        <setting name="id" value="GPIO2_Combined_0_15_IRQn"/>
        <setting name="handler_id" value="GPIO2_Combined_0_15_IRQHandler"/>
        <array name="devices">
          <struct name="0">
            <setting name="id" value="NVIC"/>
            <setting name="function" value="NVIC"/>
            <setting name="channel" value="82"/>
          </struct>
          <struct name="1">
            <setting name="id" value="GPIO2"/>
            <setting name="function" value="gpio_combined_low"/>
            <setting name="channel" value=""/>
          </struct>
        </array>
      </struct>
      <struct name="83">
        <setting name="id" value="GPIO2_Combined_16_31_IRQn"/>
        <setting name="handler_id" value="GPIO2_Combined_16_31_IRQHandler"/>
        <array name="devices">
          <struct name="0">
            <setting name="id" value="NVIC"/>
            <setting name="function" value="NVIC"/>
            <setting name="channel" value="83"/>
          </struct>
          <struct name="1">
            <setting name="id" value="GPIO2"/>
            <setting name="function" value="gpio_combined_high"/>
            <setting name="channel" value=""/>
          </struct>
        </array>
      </struct>
      <struct name="84">
        <setting name="id" value="GPIO3_Combined_0_15_IRQn"/>
        <setting name="handler_id" value="GPIO3_Combined_0_15_IRQHandler"/>
        <array name="devices">
          <struct name="0">
            <setting name="id" value="NVIC"/>
            <setting name="function" value="NVIC"/>
            <setting name="channel" value="84"/>
          </struct>
          <struct name="1">
            <setting name="id" value="GPIO3"/>
            <setting name="function" value="gpio_combined_low"/>
            <setting name="channel" value=""/>
          </struct>
        </array>
      </struct>
      <struct name="85">
        <setting name="id" value="GPIO3_Combined_16_31_IRQn"/>
        <setting name="handler_id" value="GPIO3_Combined_16_31_IRQHandler"/>
        <array name="devices">
          <struct name="0">
            <setting name="id" value="NVIC"/>
            <setting name="function" value="NVIC"/>
            <setting name="channel" value="85"/>
          </struct>
          <struct name="1">
            <setting name="id" value="GPIO3"/>
            <setting name="function" value="gpio_combined_high"/>
            <setting name="channel" value=""/>
          </struct>
        </array>
      </struct>
      <struct name="86">
        <setting name="id" value="Reserved102_IRQn"/>
        <setting name="handler_id" value="Reserved102_IRQHandler"/>
        <array name="devices">
          <struct name="0">
            <setting name="id" value="NVIC"/>
            <setting name="function" value="NVIC"/>
            <setting name="channel" value="86"/>
          </struct>
          <struct name="1">
            <setting name="id" value=""/>
            <setting name="function" value="reserved"/>
            <setting name="channel" value=""/>
          </struct>
        </array>
      </struct>
      <struct name="87">
        <setting name="id" value="Reserved103_IRQn"/>
        <setting name="handler_id" value="Reserved103_IRQHandler"/>
        <array name="devices">
          <struct name="0">
            <setting name="id" value="NVIC"/>
            <setting name="function" value="NVIC"/>
            <setting name="channel" value="87"/>
          </struct>
          <struct name="1">
            <setting name="id" value=""/>
            <setting name="function" value="reserved"/>
            <setting name="channel" value=""/>
          </struct>
        </array>
      </struct>
      <struct name="88">
        <setting name="id" value="GPIO5_Combined_0_15_IRQn"/>
        <setting name="handler_id" value="GPIO5_Combined_0_15_IRQHandler"/>
        <array name="devices">
          <struct name="0">
            <setting name="id" value="NVIC"/>
            <setting name="function" value="NVIC"/>
            <setting name="channel" value="88"/>
          </struct>
          <struct name="1">
            <setting name="id" value="GPIO5"/>
            <setting name="function" value="gpio_combined_low"/>
            <setting name="channel" value=""/>
          </struct>
        </array>
      </struct>
      <struct name="89">
        <setting name="id" value="GPIO5_Combined_16_31_IRQn"/>
        <setting name="handler_id" value="GPIO5_Combined_16_31_IRQHandler"/>
        <array name="devices">
          <struct name="0">
            <setting name="id" value="NVIC"/>
            <setting name="function" value="NVIC"/>
            <setting name="channel" value="89"/>
          </struct>
          <struct name="1">
            <setting name="id" value="GPIO5"/>
            <setting name="function" value="gpio_combined_high"/>
            <setting name="channel" value=""/>
          </struct>
        </array>
      </struct>
      <struct name="90">
        <setting name="id" value="FLEXIO1_IRQn"/>
        <setting name="handler_id" value="FLEXIO1_IRQHandler"/>
        <array name="devices">
          <struct name="0">
            <setting name="id" value="NVIC"/>
            <setting name="function" value="NVIC"/>
            <setting name="channel" value="90"/>
          </struct>
          <struct name="1">
            <setting name="id" value="FLEXIO1"/>
            <setting name="function" value="flexio"/>
            <setting name="channel" value=""/>
          </struct>
        </array>
      </struct>
      <struct name="91">
        <setting name="id" value="Reserved107_IRQn"/>
        <setting name="handler_id" value="Reserved107_IRQHandler"/>
        <array name="devices">
          <struct name="0">
            <setting name="id" value="NVIC"/>
            <setting name="function" value="NVIC"/>
            <setting name="channel" value="91"/>
          </struct>
          <struct name="1">
            <setting name="id" value=""/>
            <setting name="function" value="reserved"/>
            <setting name="channel" value=""/>
          </struct>
        </array>
      </struct>
      <struct name="92">
        <setting name="id" value="WDOG1_IRQn"/>
        <setting name="handler_id" value="WDOG1_IRQHandler"/>
        <array name="devices">
          <struct name="0">
            <setting name="id" value="NVIC"/>
            <setting name="function" value="NVIC"/>
            <setting name="channel" value="92"/>
          </struct>
          <struct name="1">
            <setting name="id" value="WDOG1"/>
            <setting name="function" value="wdog"/>
            <setting name="channel" value=""/>
          </struct>
        </array>
      </struct>
      <struct name="93">
        <setting name="id" value="RTWDOG_IRQn"/>
        <setting name="handler_id" value="RTWDOG_IRQHandler"/>
        <array name="devices">
          <struct name="0">
            <setting name="id" value="NVIC"/>
            <setting name="function" value="NVIC"/>
            <setting name="channel" value="93"/>
          </struct>
          <struct name="1">
            <setting name="id" value="RTWDOG"/>
            <setting name="function" value="watchdog"/>
            <setting name="channel" value=""/>
          </struct>
        </array>
      </struct>
      <struct name="94">
        <setting name="id" value="EWM_IRQn"/>
        <setting name="handler_id" value="EWM_IRQHandler"/>
        <array name="devices">
          <struct name="0">
            <setting name="id" value="NVIC"/>
            <setting name="function" value="NVIC"/>
            <setting name="channel" value="94"/>
          </struct>
          <struct name="1">
            <setting name="id" value="EWM"/>
            <setting name="function" value="ewm"/>
            <setting name="channel" value=""/>
          </struct>
        </array>
      </struct>
      <struct name="95">
        <setting name="id" value="CCM_1_IRQn"/>
        <setting name="handler_id" value="CCM_1_IRQHandler"/>
        <array name="devices">
          <struct name="0">
            <setting name="id" value="NVIC"/>
            <setting name="function" value="NVIC"/>
            <setting name="channel" value="95"/>
          </struct>
          <struct name="1">
            <setting name="id" value="CCM"/>
            <setting name="function" value="ccm_irq1"/>
            <setting name="channel" value=""/>
          </struct>
        </array>
      </struct>
      <struct name="96">
        <setting name="id" value="CCM_2_IRQn"/>
        <setting name="handler_id" value="CCM_2_IRQHandler"/>
        <array name="devices">
          <struct name="0">
            <setting name="id" value="NVIC"/>
            <setting name="function" value="NVIC"/>
            <setting name="channel" value="96"/>
          </struct>
          <struct name="1">
            <setting name="id" value="CCM"/>
            <setting name="function" value="ccm_irq2"/>
            <setting name="channel" value=""/>
          </struct>
        </array>
      </struct>
      <struct name="97">
        <setting name="id" value="GPC_IRQn"/>
        <setting name="handler_id" value="GPC_IRQHandler"/>
        <array name="devices">
          <struct name="0">
            <setting name="id" value="NVIC"/>
            <setting name="function" value="NVIC"/>
            <setting name="channel" value="97"/>
          </struct>
          <struct name="1">
            <setting name="id" value="GPC"/>
            <setting name="function" value="gpc"/>
            <setting name="channel" value=""/>
          </struct>
        </array>
      </struct>
      <struct name="98">
        <setting name="id" value="SRC_IRQn"/>
        <setting name="handler_id" value="SRC_IRQHandler"/>
        <array name="devices">
          <struct name="0">
            <setting name="id" value="NVIC"/>
            <setting name="function" value="NVIC"/>
            <setting name="channel" value="98"/>
          </struct>
          <struct name="1">
            <setting name="id" value="SRC"/>
            <setting name="function" value="src"/>
            <setting name="channel" value=""/>
          </struct>
        </array>
      </struct>
      <struct name="99">
        <setting name="id" value="Reserved115_IRQn"/>
        <setting name="handler_id" value="Reserved115_IRQHandler"/>
        <array name="devices">
          <struct name="0">
            <setting name="id" value="NVIC"/>
            <setting name="function" value="NVIC"/>
            <setting name="channel" value="99"/>
          </struct>
          <struct name="1">
            <setting name="id" value=""/>
            <setting name="function" value="reserved"/>
            <setting name="channel" value=""/>
          </struct>
        </array>
      </struct>
      <struct name="100">
        <setting name="id" value="GPT1_IRQn"/>
        <setting name="handler_id" value="GPT1_IRQHandler"/>
        <array name="devices">
          <struct name="0">
            <setting name="id" value="NVIC"/>
            <setting name="function" value="NVIC"/>
            <setting name="channel" value="100"/>
          </struct>
          <struct name="1">
            <setting name="id" value="GPT1"/>
            <setting name="function" value="gpt"/>
            <setting name="channel" value=""/>
          </struct>
        </array>
      </struct>
      <struct name="101">
        <setting name="id" value="GPT2_IRQn"/>
        <setting name="handler_id" value="GPT2_IRQHandler"/>
        <array name="devices">
          <struct name="0">
            <setting name="id" value="NVIC"/>
            <setting name="function" value="NVIC"/>
            <setting name="channel" value="101"/>
          </struct>
          <struct name="1">
            <setting name="id" value="GPT2"/>
            <setting name="function" value="gpt"/>
            <setting name="channel" value=""/>
          </struct>
        </array>
      </struct>
      <struct name="102">
        <setting name="id" value="PWM1_0_IRQn"/>
        <setting name="handler_id" value="PWM1_0_IRQHandler"/>
        <array name="devices">
          <struct name="0">
            <setting name="id" value="NVIC"/>
            <setting name="function" value="NVIC"/>
            <setting name="channel" value="102"/>
          </struct>
          <struct name="1">
            <setting name="id" value="PWM1"/>
            <setting name="function" value="Capture"/>
            <setting name="channel" value="0"/>
          </struct>
          <struct name="2">
            <setting name="id" value="PWM1"/>
            <setting name="function" value="Compare"/>
            <setting name="channel" value="0"/>
          </struct>
          <struct name="3">
            <setting name="id" value="PWM1"/>
            <setting name="function" value="Reload"/>
            <setting name="channel" value="0"/>
          </struct>
        </array>
      </struct>
      <struct name="103">
        <setting name="id" value="PWM1_1_IRQn"/>
        <setting name="handler_id" value="PWM1_1_IRQHandler"/>
        <array name="devices">
          <struct name="0">
            <setting name="id" value="NVIC"/>
            <setting name="function" value="NVIC"/>
            <setting name="channel" value="103"/>
          </struct>
          <struct name="1">
            <setting name="id" value="PWM1"/>
            <setting name="function" value="Capture"/>
            <setting name="channel" value="1"/>
          </struct>
          <struct name="2">
            <setting name="id" value="PWM1"/>
            <setting name="function" value="Compare"/>
            <setting name="channel" value="1"/>
          </struct>
          <struct name="3">
            <setting name="id" value="PWM1"/>
            <setting name="function" value="Reload"/>
            <setting name="channel" value="1"/>
          </struct>
        </array>
      </struct>
      <struct name="104">
        <setting name="id" value="PWM1_2_IRQn"/>
        <setting name="handler_id" value="PWM1_2_IRQHandler"/>
        <array name="devices">
          <struct name="0">
            <setting name="id" value="NVIC"/>
            <setting name="function" value="NVIC"/>
            <setting name="channel" value="104"/>
          </struct>
          <struct name="1">
            <setting name="id" value="PWM1"/>
            <setting name="function" value="Capture"/>
            <setting name="channel" value="2"/>
          </struct>
          <struct name="2">
            <setting name="id" value="PWM1"/>
            <setting name="function" value="Compare"/>
            <setting name="channel" value="2"/>
          </struct>
          <struct name="3">
            <setting name="id" value="PWM1"/>
            <setting name="function" value="Reload"/>
            <setting name="channel" value="2"/>
          </struct>
        </array>
      </struct>
      <struct name="105">
        <setting name="id" value="PWM1_3_IRQn"/>
        <setting name="handler_id" value="PWM1_3_IRQHandler"/>
        <array name="devices">
          <struct name="0">
            <setting name="id" value="NVIC"/>
            <setting name="function" value="NVIC"/>
            <setting name="channel" value="105"/>
          </struct>
          <struct name="1">
            <setting name="id" value="PWM1"/>
            <setting name="function" value="Capture"/>
            <setting name="channel" value="3"/>
          </struct>
          <struct name="2">
            <setting name="id" value="PWM1"/>
            <setting name="function" value="Compare"/>
            <setting name="channel" value="3"/>
          </struct>
          <struct name="3">
            <setting name="id" value="PWM1"/>
            <setting name="function" value="Reload"/>
            <setting name="channel" value="3"/>
          </struct>
        </array>
      </struct>
      <struct name="106">
        <setting name="id" value="PWM1_FAULT_IRQn"/>
        <setting name="handler_id" value="PWM1_FAULT_IRQHandler"/>
        <array name="devices">
          <struct name="0">
            <setting name="id" value="NVIC"/>
            <setting name="function" value="NVIC"/>
            <setting name="channel" value="106"/>
          </struct>
          <struct name="1">
            <setting name="id" value="PWM1"/>
            <setting name="function" value="Fault"/>
            <setting name="channel" value=""/>
          </struct>
          <struct name="2">
            <setting name="id" value="PWM1"/>
            <setting name="function" value="Reload_Error"/>
            <setting name="channel" value=""/>
          </struct>
        </array>
      </struct>
      <struct name="107">
        <setting name="id" value="Reserved123_IRQn"/>
        <setting name="handler_id" value="Reserved123_IRQHandler"/>
        <array name="devices">
          <struct name="0">
            <setting name="id" value="NVIC"/>
            <setting name="function" value="NVIC"/>
            <setting name="channel" value="107"/>
          </struct>
          <struct name="1">
            <setting name="id" value=""/>
            <setting name="function" value="reserved"/>
            <setting name="channel" value=""/>
          </struct>
        </array>
      </struct>
      <struct name="108">
        <setting name="id" value="FLEXSPI_IRQn"/>
        <setting name="handler_id" value="FLEXSPI_IRQHandler"/>
        <array name="devices">
          <struct name="0">
            <setting name="id" value="NVIC"/>
            <setting name="function" value="NVIC"/>
            <setting name="channel" value="108"/>
          </struct>
          <struct name="1">
            <setting name="id" value="FLEXSPI"/>
            <setting name="function" value="flexspi"/>
            <setting name="channel" value=""/>
          </struct>
        </array>
      </struct>
      <struct name="109">
        <setting name="id" value="SEMC_IRQn"/>
        <setting name="handler_id" value="SEMC_IRQHandler"/>
        <array name="devices">
          <struct name="0">
            <setting name="id" value="NVIC"/>
            <setting name="function" value="NVIC"/>
            <setting name="channel" value="109"/>
          </struct>
          <struct name="1">
            <setting name="id" value="SEMC"/>
            <setting name="function" value="semc"/>
            <setting name="channel" value=""/>
          </struct>
        </array>
      </struct>
      <struct name="110">
        <setting name="id" value="USDHC1_IRQn"/>
        <setting name="handler_id" value="USDHC1_IRQHandler"/>
        <array name="devices">
          <struct name="0">
            <setting name="id" value="NVIC"/>
            <setting name="function" value="NVIC"/>
            <setting name="channel" value="110"/>
          </struct>
          <struct name="1">
            <setting name="id" value="USDHC1"/>
            <setting name="function" value="usdhc"/>
            <setting name="channel" value=""/>
          </struct>
        </array>
      </struct>
      <struct name="111">
        <setting name="id" value="USDHC2_IRQn"/>
        <setting name="handler_id" value="USDHC2_IRQHandler"/>
        <array name="devices">
          <struct name="0">
            <setting name="id" value="NVIC"/>
            <setting name="function" value="NVIC"/>
            <setting name="channel" value="111"/>
          </struct>
          <struct name="1">
            <setting name="id" value="USDHC2"/>
            <setting name="function" value="usdhc"/>
            <setting name="channel" value=""/>
          </struct>
        </array>
      </struct>
      <struct name="112">
        <setting name="id" value="Reserved128_IRQn"/>
        <setting name="handler_id" value="Reserved128_IRQHandler"/>
        <array name="devices">
          <struct name="0">
            <setting name="id" value="NVIC"/>
            <setting name="function" value="NVIC"/>
            <setting name="channel" value="112"/>
          </struct>
          <struct name="1">
            <setting name="id" value=""/>
            <setting name="function" value="reserved"/>
            <setting name="channel" value=""/>
          </struct>
        </array>
      </struct>
      <struct name="113">
        <setting name="id" value="USB_OTG1_IRQn"/>
        <setting name="handler_id" value="USB_OTG1_IRQHandler"/>
        <array name="devices">
          <struct name="0">
            <setting name="id" value="NVIC"/>
            <setting name="function" value="NVIC"/>
            <setting name="channel" value="113"/>
          </struct>
          <struct name="1">
            <setting name="id" value="USB"/>
            <setting name="function" value="usb"/>
            <setting name="channel" value=""/>
          </struct>
        </array>
      </struct>
      <struct name="114">
        <setting name="id" value="ENET_IRQn"/>
        <setting name="handler_id" value="ENET_IRQHandler"/>
        <array name="devices">
          <struct name="0">
            <setting name="id" value="NVIC"/>
            <setting name="function" value="NVIC"/>
            <setting name="channel" value="114"/>
          </struct>
          <struct name="1">
            <setting name="id" value="ENET"/>
            <setting name="function" value="enet_tx"/>
            <setting name="channel" value=""/>
          </struct>
          <struct name="2">
            <setting name="id" value="ENET"/>
            <setting name="function" value="enet_rx"/>
            <setting name="channel" value=""/>
          </struct>
          <struct name="3">
            <setting name="id" value="ENET"/>
            <setting name="function" value="enet_err"/>
            <setting name="channel" value=""/>
          </struct>
        </array>
      </struct>
      <struct name="115">
        <setting name="id" value="ENET_1588_Timer_IRQn"/>
        <setting name="handler_id" value="ENET_1588_Timer_IRQHandler"/>
        <array name="devices">
          <struct name="0">
            <setting name="id" value="NVIC"/>
            <setting name="function" value="NVIC"/>
            <setting name="channel" value="115"/>
          </struct>
          <struct name="1">
            <setting name="id" value="ENET"/>
            <setting name="function" value="enet_1588"/>
            <setting name="channel" value=""/>
          </struct>
        </array>
      </struct>
      <struct name="116">
        <setting name="id" value="XBAR1_IRQ_0_1_IRQn"/>
        <setting name="handler_id" value="XBAR1_IRQ_0_1_IRQHandler"/>
        <array name="devices">
          <struct name="0">
            <setting name="id" value="NVIC"/>
            <setting name="function" value="NVIC"/>
            <setting name="channel" value="116"/>
          </struct>
          <struct name="1">
            <setting name="id" value="XBAR1"/>
            <setting name="function" value="xbar1"/>
            <setting name="channel" value=""/>
          </struct>
        </array>
      </struct>
      <struct name="117">
        <setting name="id" value="XBAR1_IRQ_2_3_IRQn"/>
        <setting name="handler_id" value="XBAR1_IRQ_2_3_IRQHandler"/>
        <array name="devices">
          <struct name="0">
            <setting name="id" value="NVIC"/>
            <setting name="function" value="NVIC"/>
            <setting name="channel" value="117"/>
          </struct>
          <struct name="1">
            <setting name="id" value="XBAR1"/>
            <setting name="function" value="xbar1"/>
            <setting name="channel" value=""/>
          </struct>
        </array>
      </struct>
      <struct name="118">
        <setting name="id" value="ADC_ETC_IRQ0_IRQn"/>
        <setting name="handler_id" value="ADC_ETC_IRQ0_IRQHandler"/>
        <array name="devices">
          <struct name="0">
            <setting name="id" value="NVIC"/>
            <setting name="function" value="NVIC"/>
            <setting name="channel" value="118"/>
          </struct>
          <struct name="1">
            <setting name="id" value="ADC_ETC"/>
            <setting name="function" value="adc_etc"/>
            <setting name="channel" value="0"/>
          </struct>
        </array>
      </struct>
      <struct name="119">
        <setting name="id" value="ADC_ETC_IRQ1_IRQn"/>
        <setting name="handler_id" value="ADC_ETC_IRQ1_IRQHandler"/>
        <array name="devices">
          <struct name="0">
            <setting name="id" value="NVIC"/>
            <setting name="function" value="NVIC"/>
            <setting name="channel" value="119"/>
          </struct>
          <struct name="1">
            <setting name="id" value="ADC_ETC"/>
            <setting name="function" value="adc_etc"/>
            <setting name="channel" value="1"/>
          </struct>
        </array>
      </struct>
      <struct name="120">
        <setting name="id" value="ADC_ETC_IRQ2_IRQn"/>
        <setting name="handler_id" value="ADC_ETC_IRQ2_IRQHandler"/>
        <array name="devices">
          <struct name="0">
            <setting name="id" value="NVIC"/>
            <setting name="function" value="NVIC"/>
            <setting name="channel" value="120"/>
          </struct>
          <struct name="1">
            <setting name="id" value="ADC_ETC"/>
            <setting name="function" value="adc_etc"/>
            <setting name="channel" value="2"/>
          </struct>
        </array>
      </struct>
      <struct name="121">
        <setting name="id" value="ADC_ETC_ERROR_IRQ_IRQn"/>
        <setting name="handler_id" value="ADC_ETC_ERROR_IRQ_IRQHandler"/>
        <array name="devices">
          <struct name="0">
            <setting name="id" value="NVIC"/>
            <setting name="function" value="NVIC"/>
            <setting name="channel" value="121"/>
          </struct>
          <struct name="1">
            <setting name="id" value="ADC_ETC"/>
            <setting name="function" value="adc_etc_error"/>
            <setting name="channel" value=""/>
          </struct>
        </array>
      </struct>
      <struct name="122">
        <setting name="id" value="PIT_IRQn"/>
        <setting name="handler_id" value="PIT_IRQHandler"/>
        <array name="devices">
          <struct name="0">
            <setting name="id" value="NVIC"/>
            <setting name="function" value="NVIC"/>
            <setting name="channel" value="122"/>
          </struct>
          <struct name="1">
            <setting name="id" value="PIT"/>
            <setting name="function" value="timer_reference"/>
            <setting name="channel" value="0"/>
          </struct>
          <struct name="2">
            <setting name="id" value="PIT"/>
            <setting name="function" value="timer_reference"/>
            <setting name="channel" value="1"/>
          </struct>
          <struct name="3">
            <setting name="id" value="PIT"/>
            <setting name="function" value="timer_reference"/>
            <setting name="channel" value="2"/>
          </struct>
          <struct name="4">
            <setting name="id" value="PIT"/>
            <setting name="function" value="timer_reference"/>
            <setting name="channel" value="3"/>
          </struct>
        </array>
      </struct>
      <struct name="123">
        <setting name="id" value="ACMP1_IRQn"/>
        <setting name="handler_id" value="ACMP1_IRQHandler"/>
        <array name="devices">
          <struct name="0">
            <setting name="id" value="NVIC"/>
            <setting name="function" value="NVIC"/>
            <setting name="channel" value="123"/>
          </struct>
          <struct name="1">
            <setting name="id" value="CMP1"/>
            <setting name="function" value="acmp"/>
            <setting name="channel" value=""/>
          </struct>
        </array>
      </struct>
      <struct name="124">
        <setting name="id" value="ACMP2_IRQn"/>
        <setting name="handler_id" value="ACMP2_IRQHandler"/>
        <array name="devices">
          <struct name="0">
            <setting name="id" value="NVIC"/>
            <setting name="function" value="NVIC"/>
            <setting name="channel" value="124"/>
          </struct>
          <struct name="1">
            <setting name="id" value="CMP2"/>
            <setting name="function" value="acmp"/>
            <setting name="channel" value=""/>
          </struct>
        </array>
      </struct>
      <struct name="125">
        <setting name="id" value="ACMP3_IRQn"/>
        <setting name="handler_id" value="ACMP3_IRQHandler"/>
        <array name="devices">
          <struct name="0">
            <setting name="id" value="NVIC"/>
            <setting name="function" value="NVIC"/>
            <setting name="channel" value="125"/>
          </struct>
          <struct name="1">
            <setting name="id" value="CMP3"/>
            <setting name="function" value="acmp"/>
            <setting name="channel" value=""/>
          </struct>
        </array>
      </struct>
      <struct name="126">
        <setting name="id" value="ACMP4_IRQn"/>
        <setting name="handler_id" value="ACMP4_IRQHandler"/>
        <array name="devices">
          <struct name="0">
            <setting name="id" value="NVIC"/>
            <setting name="function" value="NVIC"/>
            <setting name="channel" value="126"/>
          </struct>
          <struct name="1">
            <setting name="id" value="CMP4"/>
            <setting name="function" value="acmp"/>
            <setting name="channel" value=""/>
          </struct>
        </array>
      </struct>
      <struct name="127">
        <setting name="id" value="Reserved143_IRQn"/>
        <setting name="handler_id" value="Reserved143_IRQHandler"/>
        <array name="devices">
          <struct name="0">
            <setting name="id" value="NVIC"/>
            <setting name="function" value="NVIC"/>
            <setting name="channel" value="127"/>
          </struct>
          <struct name="1">
            <setting name="id" value="RESERVED"/>
            <setting name="function" value="reserved"/>
            <setting name="channel" value=""/>
          </struct>
        </array>
      </struct>
      <struct name="128">
        <setting name="id" value="Reserved144_IRQn"/>
        <setting name="handler_id" value="Reserved144_IRQHandler"/>
        <array name="devices">
          <struct name="0">
            <setting name="id" value="NVIC"/>
            <setting name="function" value="NVIC"/>
            <setting name="channel" value="128"/>
          </struct>
          <struct name="1">
            <setting name="id" value="RESERVED"/>
            <setting name="function" value="reserved"/>
            <setting name="channel" value=""/>
          </struct>
        </array>
      </struct>
      <struct name="129">
        <setting name="id" value="ENC1_IRQn"/>
        <setting name="handler_id" value="ENC1_IRQHandler"/>
        <array name="devices">
          <struct name="0">
            <setting name="id" value="NVIC"/>
            <setting name="function" value="NVIC"/>
            <setting name="channel" value="129"/>
          </struct>
          <struct name="1">
            <setting name="id" value="ENC1"/>
            <setting name="function" value="compare"/>
            <setting name="channel" value=""/>
          </struct>
          <struct name="2">
            <setting name="id" value="ENC1"/>
            <setting name="function" value="home"/>
            <setting name="channel" value=""/>
          </struct>
          <struct name="3">
            <setting name="id" value="ENC1"/>
            <setting name="function" value="watchdog"/>
            <setting name="channel" value=""/>
          </struct>
          <struct name="4">
            <setting name="id" value="ENC1"/>
            <setting name="function" value="index"/>
            <setting name="channel" value=""/>
          </struct>
          <struct name="5">
            <setting name="id" value="ENC1"/>
            <setting name="function" value="input_switch"/>
            <setting name="channel" value=""/>
          </struct>
        </array>
      </struct>
      <struct name="130">
        <setting name="id" value="ENC2_IRQn"/>
        <setting name="handler_id" value="ENC2_IRQHandler"/>
        <array name="devices">
          <struct name="0">
            <setting name="id" value="NVIC"/>
            <setting name="function" value="NVIC"/>
            <setting name="channel" value="130"/>
          </struct>
          <struct name="1">
            <setting name="id" value="ENC2"/>
            <setting name="function" value="compare"/>
            <setting name="channel" value=""/>
          </struct>
          <struct name="2">
            <setting name="id" value="ENC2"/>
            <setting name="function" value="home"/>
            <setting name="channel" value=""/>
          </struct>
          <struct name="3">
            <setting name="id" value="ENC2"/>
            <setting name="function" value="watchdog"/>
            <setting name="channel" value=""/>
          </struct>
          <struct name="4">
            <setting name="id" value="ENC2"/>
            <setting name="function" value="index"/>
            <setting name="channel" value=""/>
          </struct>
          <struct name="5">
            <setting name="id" value="ENC2"/>
            <setting name="function" value="input_switch"/>
            <setting name="channel" value=""/>
          </struct>
        </array>
      </struct>
      <struct name="131">
        <setting name="id" value="Reserved147_IRQn"/>
        <setting name="handler_id" value="Reserved147_IRQHandler"/>
        <array name="devices">
          <struct name="0">
            <setting name="id" value="NVIC"/>
            <setting name="function" value="NVIC"/>
            <setting name="channel" value="131"/>
          </struct>
          <struct name="1">
            <setting name="id" value=""/>
            <setting name="function" value="reserved"/>
            <setting name="channel" value=""/>
          </struct>
        </array>
      </struct>
      <struct name="132">
        <setting name="id" value="Reserved148_IRQn"/>
        <setting name="handler_id" value="Reserved148_IRQHandler"/>
        <array name="devices">
          <struct name="0">
            <setting name="id" value="NVIC"/>
            <setting name="function" value="NVIC"/>
            <setting name="channel" value="132"/>
          </struct>
          <struct name="1">
            <setting name="id" value=""/>
            <setting name="function" value="reserved"/>
            <setting name="channel" value=""/>
          </struct>
        </array>
      </struct>
      <struct name="133">
        <setting name="id" value="TMR1_IRQn"/>
        <setting name="handler_id" value="TMR1_IRQHandler"/>
        <array name="devices">
          <struct name="0">
            <setting name="id" value="NVIC"/>
            <setting name="function" value="NVIC"/>
            <setting name="channel" value="133"/>
          </struct>
          <struct name="1">
            <setting name="id" value="TMR1"/>
            <setting name="function" value="tmr"/>
            <setting name="channel" value=""/>
          </struct>
        </array>
      </struct>
      <struct name="134">
        <setting name="id" value="TMR2_IRQn"/>
        <setting name="handler_id" value="TMR2_IRQHandler"/>
        <array name="devices">
          <struct name="0">
            <setting name="id" value="NVIC"/>
            <setting name="function" value="NVIC"/>
            <setting name="channel" value="134"/>
          </struct>
          <struct name="1">
            <setting name="id" value="TMR2"/>
            <setting name="function" value="tmr"/>
            <setting name="channel" value=""/>
          </struct>
        </array>
      </struct>
      <struct name="135">
        <setting name="id" value="Reserved151_IRQn"/>
        <setting name="handler_id" value="Reserved151_IRQHandler"/>
        <array name="devices">
          <struct name="0">
            <setting name="id" value="NVIC"/>
            <setting name="function" value="NVIC"/>
            <setting name="channel" value="135"/>
          </struct>
          <struct name="1">
            <setting name="id" value=""/>
            <setting name="function" value="reserved"/>
            <setting name="channel" value=""/>
          </struct>
        </array>
      </struct>
      <struct name="136">
        <setting name="id" value="Reserved152_IRQn"/>
        <setting name="handler_id" value="Reserved152_IRQHandler"/>
        <array name="devices">
          <struct name="0">
            <setting name="id" value="NVIC"/>
            <setting name="function" value="NVIC"/>
            <setting name="channel" value="136"/>
          </struct>
          <struct name="1">
            <setting name="id" value=""/>
            <setting name="function" value="reserved"/>
            <setting name="channel" value=""/>
          </struct>
        </array>
      </struct>
      <struct name="137">
        <setting name="id" value="PWM2_0_IRQn"/>
        <setting name="handler_id" value="PWM2_0_IRQHandler"/>
        <array name="devices">
          <struct name="0">
            <setting name="id" value="NVIC"/>
            <setting name="function" value="NVIC"/>
            <setting name="channel" value="137"/>
          </struct>
          <struct name="1">
            <setting name="id" value="PWM2"/>
            <setting name="function" value="Capture"/>
            <setting name="channel" value="0"/>
          </struct>
          <struct name="2">
            <setting name="id" value="PWM2"/>
            <setting name="function" value="Compare"/>
            <setting name="channel" value="0"/>
          </struct>
          <struct name="3">
            <setting name="id" value="PWM2"/>
            <setting name="function" value="Reload"/>
            <setting name="channel" value="0"/>
          </struct>
        </array>
      </struct>
      <struct name="138">
        <setting name="id" value="PWM2_1_IRQn"/>
        <setting name="handler_id" value="PWM2_1_IRQHandler"/>
        <array name="devices">
          <struct name="0">
            <setting name="id" value="NVIC"/>
            <setting name="function" value="NVIC"/>
            <setting name="channel" value="138"/>
          </struct>
          <struct name="1">
            <setting name="id" value="PWM2"/>
            <setting name="function" value="Capture"/>
            <setting name="channel" value="1"/>
          </struct>
          <struct name="2">
            <setting name="id" value="PWM2"/>
            <setting name="function" value="Compare"/>
            <setting name="channel" value="1"/>
          </struct>
          <struct name="3">
            <setting name="id" value="PWM2"/>
            <setting name="function" value="Reload"/>
            <setting name="channel" value="1"/>
          </struct>
        </array>
      </struct>
      <struct name="139">
        <setting name="id" value="PWM2_2_IRQn"/>
        <setting name="handler_id" value="PWM2_2_IRQHandler"/>
        <array name="devices">
          <struct name="0">
            <setting name="id" value="NVIC"/>
            <setting name="function" value="NVIC"/>
            <setting name="channel" value="139"/>
          </struct>
          <struct name="1">
            <setting name="id" value="PWM2"/>
            <setting name="function" value="Capture"/>
            <setting name="channel" value="2"/>
          </struct>
          <struct name="2">
            <setting name="id" value="PWM2"/>
            <setting name="function" value="Compare"/>
            <setting name="channel" value="2"/>
          </struct>
          <struct name="3">
            <setting name="id" value="PWM2"/>
            <setting name="function" value="Reload"/>
            <setting name="channel" value="2"/>
          </struct>
        </array>
      </struct>
      <struct name="140">
        <setting name="id" value="PWM2_3_IRQn"/>
        <setting name="handler_id" value="PWM2_3_IRQHandler"/>
        <array name="devices">
          <struct name="0">
            <setting name="id" value="NVIC"/>
            <setting name="function" value="NVIC"/>
            <setting name="channel" value="140"/>
          </struct>
          <struct name="1">
            <setting name="id" value="PWM2"/>
            <setting name="function" value="Capture"/>
            <setting name="channel" value="3"/>
          </struct>
          <struct name="2">
            <setting name="id" value="PWM2"/>
            <setting name="function" value="Compare"/>
            <setting name="channel" value="3"/>
          </struct>
          <struct name="3">
            <setting name="id" value="PWM2"/>
            <setting name="function" value="Reload"/>
            <setting name="channel" value="3"/>
          </struct>
        </array>
      </struct>
      <struct name="141">
        <setting name="id" value="PWM2_FAULT_IRQn"/>
        <setting name="handler_id" value="PWM2_FAULT_IRQHandler"/>
        <array name="devices">
          <struct name="0">
            <setting name="id" value="NVIC"/>
            <setting name="function" value="NVIC"/>
            <setting name="channel" value="141"/>
          </struct>
          <struct name="1">
            <setting name="id" value="PWM2"/>
            <setting name="function" value="Fault"/>
            <setting name="channel" value=""/>
          </struct>
          <struct name="2">
            <setting name="id" value="PWM2"/>
            <setting name="function" value="Reload_Error"/>
            <setting name="channel" value=""/>
          </struct>
        </array>
      </struct>
    </array>
  </data>
</resource:resource_table>